[Licensing::Module] Trying to connect to existing licensing client channel...
Built from '6000.5/staging' branch; Version is '6000.5.0f1 (88b47c5e7076) revision 8959100'; Using compiler version '194234433'; Build Type 'Release'
[Licensing::IpcConnector] Successfully connected to: "LicenseClient-Nicole-David" at "2026-07-11T18:38:37.6210423Z"
OS: 'Windows 11  (10.0.26200) Professional' Language: 'es' Physical Memory: 7834 MB
BatchMode: 1, IsHumanControllingUs: 0, StartBugReporterOnCrash: 0, Is64bit: 1
System  architecture: x64
Process architecture: x64
Date: 2026-07-11T18:38:37Z

COMMAND LINE ARGUMENTS:
C:\Program Files\Unity\Hub\Editor\6000.5.0f1\Editor\Unity.exe
-adb2
-batchMode
-noUpm
-name
AssetImportWorkerHW1
-projectPath
C:/Users/Nicole-David/scape-from-utp-juego
-logFile
Logs/AssetImportWorkerHW1.log
-srvPort
61785
-parentPid
33712
-analyticsCloudUserId
4674212081259
-analyticsLocalProjectId
8e6b41a4231c5674db186c51b5e323f1
-licensingIpc
LicenseClient-Nicole-David
-noDiagnosticSwitchPersistentStore
-job-worker-count
3
-background-job-worker-count
8
-asset-garbage-collectors
1
-force-d3d12
-name
AssetImport
Successfully changed project path to: C:/Users/Nicole-David/scape-from-utp-juego
C:/Users/Nicole-David/scape-from-utp-juego
[UnityMemory] Configuration Parameters - Can be set up in boot.config
    "memorysetup-temp-allocator-size-gi-baking-worker=262144"
    "memorysetup-temp-allocator-size-gi-baking-worker=262144"
    "memorysetup-temp-allocator-size-gi-baking-worker=262144"
    "memorysetup-temp-allocator-size-gi-baking-worker=262144"
    "memorysetup-temp-allocator-size-gi-baking-worker=262144"
    "memorysetup-temp-allocator-size-nav-mesh-worker=65536"
    "memorysetup-temp-allocator-size-audio-worker=65536"
    "memorysetup-temp-allocator-size-cloud-worker=32768"
    "memorysetup-temp-allocator-size-gfx=262144"
    "memorysetup-temp-allocator-size-preload-manager=33554432"
    "memorysetup-allocator-temp-initial-block-size-main=262144"
    "memorysetup-allocator-temp-initial-block-size-worker=262144"
    "memorysetup-temp-allocator-size-job-worker=262144"
    "memorysetup-temp-allocator-size-background-worker=32768"
    "memorysetup-bucket-allocator-granularity=16"
    "memorysetup-bucket-allocator-bucket-count=8"
    "memorysetup-bucket-allocator-block-size=33554432"
    "memorysetup-bucket-allocator-block-count=8"
    "memorysetup-main-allocator-block-size=16777216"
    "memorysetup-thread-allocator-block-size=16777216"
    "memorysetup-main-allocator-mimalloc-enabled=0"
    "memorysetup-gfx-main-allocator-block-size=16777216"
    "memorysetup-gfx-thread-allocator-block-size=16777216"
    "memorysetup-cache-allocator-block-size=4194304"
    "memorysetup-typetree-allocator-block-size=2097152"
    "memorysetup-profiler-bucket-allocator-granularity=16"
    "memorysetup-profiler-bucket-allocator-bucket-count=8"
    "memorysetup-profiler-bucket-allocator-block-size=33554432"
    "memorysetup-profiler-bucket-allocator-block-count=8"
    "memorysetup-profiler-allocator-block-size=16777216"
    "memorysetup-profiler-editor-allocator-block-size=1048576"
    "memorysetup-temp-allocator-size-main=16777216"
    "memorysetup-job-temp-allocator-block-size=2097152"
    "memorysetup-job-temp-allocator-block-size-background=1048576"
    "memorysetup-job-temp-allocator-reduction-small-platforms=262144"
Player connection [29568]  Target information:

Player connection [29568]  * "[IP] 192.168.40.9 [Port] 0 [Flags] 2 [Guid] 684833305 [EditorId] 684833305 [Version] 1048832 [Id] WindowsEditor(7,DESKTOP-R6TB99D) [Debug] 1 [PackageName] WindowsEditor [ProjectName] Editor" 

Player connection [29568] Host joined multi-casting on [225.0.0.222:54997]...
Player connection [29568] Host joined alternative multi-casting on [225.0.0.222:34997]...
JobSystem: Creating JobQueue using job-worker-count value 3
Input System module state changed to: Initialized.
[Physics::Module] Initialized fallback backend.
[Physics::Module] Id: 0xdecafbad
Library Redirect Path: Library/
[Physics::Module] Selected backend.
[Physics::Module] Name: PhysX
[Physics::Module] Id: 0xf2b8ea05
[Physics::Module] SDK Version: 4.1.2
[Physics::Module] Integration Version: 1.0.0
[Physics::Module] Threading Mode: Multi-Threaded
Initialize engine version: 6000.5.0f1 (88b47c5e7076)
[Subsystems] Discovering subsystems at path C:/Program Files/Unity/Hub/Editor/6000.5.0f1/Editor/Data/Resources/UnitySubsystems
[Subsystems] Discovering subsystems at path C:/Users/Nicole-David/scape-from-utp-juego/Assets
Forcing GfxDevice: Direct3D 12
GfxDevice: creating device client; kGfxThreadingModeNonThreaded
d3d12: failed to query info queue interface (0x80004002).
Direct3D:
    Version:         Direct3D 12 [level 12.1]
    Renderer:        Intel(R) UHD Graphics (ID=0x9a78)
    Vendor:          Intel
    VRAM:            3917 MB
    App VRAM Budget: 3525 MB
    Driver:          31.0.101.5186
    Unified Memory Architecture
    Cache Coherent UMA
Initialize mono
Mono path[0] = 'C:/Program Files/Unity/Hub/Editor/6000.5.0f1/Editor/Data/Managed'
Mono path[1] = 'C:/Program Files/Unity/Hub/Editor/6000.5.0f1/Editor/Data/BCLExtensions/runtime/netstandard2.1'
Mono path[2] = 'C:/Program Files/Unity/Hub/Editor/6000.5.0f1/Editor/Data/MonoBleedingEdge/lib/mono/unityjit-win32'
Mono config path = 'C:/Program Files/Unity/Hub/Editor/6000.5.0f1/Editor/Data/MonoBleedingEdge/etc'
Using monoOptions --debugger-agent=transport=dt_socket,embedding=1,server=y,suspend=n,address=127.0.0.1:56800
CodeReloadManager initialized
Begin MonoManager ReloadAssembly
Registering precompiled unity dll's ...
Register platform support module: C:/Program Files/Unity/Hub/Editor/6000.5.0f1/Editor/Data/PlaybackEngines/WindowsStandaloneSupport/UnityEditor.WindowsStandalone.Extensions.dll
Registered in 0.004295 seconds.
Native extension for WindowsStandalone target not found
Package Manager log level set to [2]
[Package Manager] Failed to launch server process. Reason: Unity was launched with the -noUpm command-line argument
[Package Manager] Unable to send message (not connected to server process).
[Package Manager] Cannot connect to Unity Package Manager local server
[Licensing::Client] Error: HandshakeResponse reported an error:
	ResponseCode: 505
	ResponseStatus: Unsupported protocol version '1.18.1'.
[Licensing::Module] Error: Failed to handshake to channel: "LicenseClient-Nicole-David"
[Licensing::IpcConnector] LicenseClient-Nicole-David channel disconnected successfully.
[Licensing::IpcConnector] Successfully connected to: "LicenseClient-Nicole-David-6000.5.0" at "2026-07-11T18:38:40.5219219Z"
[Licensing::Client] Code 10 while verifying Licensing Client signature (process Id: 13852, path: "C:/Program Files/Unity/Hub/Editor/6000.5.0f1/Editor/Data/Resources/Licensing/Client/Unity.Licensing.Client.exe")
[Licensing::Module] LicensingClient has failed validation; ignoring
[Licensing::Client] Handshaking with LicensingClient:
  Version:                 1.18.1+9fbee8e
  Session Id:              adce70306200405fb3d675c90e2ea2cf
  Correlation Id:          2d83c283efd94190e5ebe3bf2685af52
  External correlation Id: 3677179556624582113
  Machine Id:              oV5BFi75GRZwwaUSEb4xsILxMts=
[Licensing::Module] Successfully connected to LicensingClient on channel: "LicenseClient-Nicole-David-6000.5.0" (connect: 0.00s, validation: 0.00s, handshake: 0.01s)
[Licensing::IpcConnector] Successfully connected to: "LicenseClient-Nicole-David-6000.5.0-notifications" at "2026-07-11T18:38:40.5363949Z"
[Licensing::Module] Licensing Background thread has ended after 2.92s
ScheduleIndexationOnStartup MainProcess:False IndexOnStartup:True
Mono: successfully reloaded assembly
- Finished resetting the current domain, in  0.655 seconds
Domain Reload Profiling: 1975ms
	BeginReloadAssembly (590ms)
	RebuildCommonClasses (16ms)
	RebuildNativeTypeToScriptingClass (45ms)
	initialDomainReloadingComplete (133ms)
	LoadAllAssembliesAndSetupDomain (531ms)
		LoadAssemblies (581ms)
		AnalyzeDomain (395ms)
			TypeCache.Refresh (392ms)
				TypeCache.ScanAssembly (364ms)
	FinalizeReload (661ms)
		SetupLoadedEditorAssemblies (0ms)
			InitializePlatformSupportModulesInManaged (3ms)
			BeforeProcessingInitializeOnLoad (186ms)
			ProcessInitializeOnLoadAttributes (156ms)
			ProcessInitializeOnLoadMethodAttributes (195ms)
Initializing Unity extensions:
[Licensing::Client] Successfully resolved entitlement details
[Licensing::Module] License group:
  Id: 4674212081259-UnityPersXXXX
  Product: Unity Personal
  Type: Assigned
  Expiration: Unlimited
========================================================================
Worker process is ready to serve import requests
Import Worker Mode flag is 0x00
Begin MonoManager ReloadAssembly
Native extension for WindowsStandalone target not found
[Package Manager] Failed to launch server process. Reason: Unity was launched with the -noUpm command-line argument
[Package Manager] Unable to send message (not connected to server process).
[Package Manager] Cannot connect to Unity Package Manager local server
ScheduleIndexationOnStartup MainProcess:False IndexOnStartup:True
Mono: successfully reloaded assembly
- Finished resetting the current domain, in  0.804 seconds
Domain Reload Profiling: 1293ms
	BeginReloadAssembly (249ms)
		DisableScriptedObjects (8ms)
		CreateAndSetChildDomain (40ms)
	RebuildCommonClasses (12ms)
	RebuildNativeTypeToScriptingClass (21ms)
	initialDomainReloadingComplete (50ms)
	LoadAllAssembliesAndSetupDomain (154ms)
		LoadAssemblies (135ms)
		AnalyzeDomain (33ms)
			TypeCache.Refresh (19ms)
				TypeCache.ScanAssembly (11ms)
			BuildScriptInfoCaches (9ms)
	FinalizeReload (807ms)
		SetupLoadedEditorAssemblies (0ms)
			InitializePlatformSupportModulesInManaged (5ms)
			BeforeProcessingInitializeOnLoad (239ms)
			ProcessInitializeOnLoadAttributes (153ms)
			ProcessInitializeOnLoadMethodAttributes (90ms)
			AfterProcessingInitializeOnLoad (6ms)
		AwakeInstancesAfterBackupRestoration (4ms)
AcceleratorClientConnectionCallback - disconnected - :0
Launched and connected shader compiler UnityShaderCompiler.exe after 0.04 seconds
Unloading 0 Unused Serialized files (Serialized files now loaded: 0)
Curl error 3: URL rejected: Malformed input to a URL function
Unloading 488 unused Assets / (176.5 KB). Loaded Objects now: 1109.
Memory consumption went from 159.2 MB to 159.0 MB.
Total: 11.563500 ms (FindLiveObjects: 0.243800 ms CreateObjectMapping: 0.225200 ms MarkObjects: 10.401700 ms  DeleteObjects: 0.686100 ms)

========================================================================
Received Prepare
AcceleratorClientConnectionCallback - disconnected - :0
Begin MonoManager ReloadAssembly
[Licensing::Client] Successfully resolved entitlement details
Native extension for WindowsStandalone target not found
[Package Manager] Failed to launch server process. Reason: Unity was launched with the -noUpm command-line argument
[Package Manager] Unable to send message (not connected to server process).
[Package Manager] Cannot connect to Unity Package Manager local server
ScheduleIndexationOnStartup MainProcess:False IndexOnStartup:True
Mono: successfully reloaded assembly
- Finished resetting the current domain, in  0.614 seconds
Domain Reload Profiling: 1421ms
	BeginReloadAssembly (460ms)
		DisableScriptedObjects (30ms)
		CreateAndSetChildDomain (80ms)
	RebuildCommonClasses (18ms)
	RebuildNativeTypeToScriptingClass (41ms)
	initialDomainReloadingComplete (91ms)
	LoadAllAssembliesAndSetupDomain (195ms)
		LoadAssemblies (208ms)
		AnalyzeDomain (21ms)
			TypeCache.Refresh (10ms)
			ResolveRequiredComponents (3ms)
	FinalizeReload (617ms)
		SetupLoadedEditorAssemblies (0ms)
			InitializePlatformSupportModulesInManaged (3ms)
			BeforeProcessingInitializeOnLoad (136ms)
			ProcessInitializeOnLoadAttributes (137ms)
			ProcessInitializeOnLoadMethodAttributes (111ms)
			AfterProcessingInitializeOnLoad (8ms)
		AwakeInstancesAfterBackupRestoration (5ms)
Unloading 0 Unused Serialized files (Serialized files now loaded: 0)
Unloading 486 unused Assets / (15.5 KB). Loaded Objects now: 1109.
Memory consumption went from 158.5 MB to 158.5 MB.
Total: 9.380700 ms (FindLiveObjects: 0.273900 ms CreateObjectMapping: 0.168800 ms MarkObjects: 8.315500 ms  DeleteObjects: 0.311800 ms)

Prepare: number of updated asset objects reloaded= 0
========================================================================
Received Prepare
AcceleratorClientConnectionCallback - disconnected - :0
Begin MonoManager ReloadAssembly
Native extension for WindowsStandalone target not found
[Package Manager] Failed to launch server process. Reason: Unity was launched with the -noUpm command-line argument
[Package Manager] Unable to send message (not connected to server process).
[Package Manager] Cannot connect to Unity Package Manager local server
ScheduleIndexationOnStartup MainProcess:False IndexOnStartup:True
Mono: successfully reloaded assembly
- Finished resetting the current domain, in  0.681 seconds
Domain Reload Profiling: 1264ms
	BeginReloadAssembly (280ms)
		DisableScriptedObjects (8ms)
		CreateAndSetChildDomain (45ms)
	RebuildCommonClasses (17ms)
	RebuildNativeTypeToScriptingClass (42ms)
	initialDomainReloadingComplete (64ms)
	LoadAllAssembliesAndSetupDomain (175ms)
		LoadAssemblies (151ms)
		AnalyzeDomain (13ms)
			TypeCache.Refresh (7ms)
	FinalizeReload (686ms)
		SetupLoadedEditorAssemblies (0ms)
			InitializePlatformSupportModulesInManaged (3ms)
			BeforeProcessingInitializeOnLoad (163ms)
			ProcessInitializeOnLoadAttributes (148ms)
			ProcessInitializeOnLoadMethodAttributes (108ms)
			AfterProcessingInitializeOnLoad (11ms)
		AwakeInstancesAfterBackupRestoration (6ms)
Unloading 0 Unused Serialized files (Serialized files now loaded: 0)
Unloading 486 unused Assets / (41.9 KB). Loaded Objects now: 1109.
Memory consumption went from 159.3 MB to 159.3 MB.
Total: 6.811600 ms (FindLiveObjects: 0.124900 ms CreateObjectMapping: 0.126600 ms MarkObjects: 6.384400 ms  DeleteObjects: 0.173100 ms)

Prepare: number of updated asset objects reloaded= 0
========================================================================
Received Prepare
AcceleratorClientConnectionCallback - disconnected - :0
Begin MonoManager ReloadAssembly
[Licensing::Client] Successfully resolved entitlement details
Native extension for WindowsStandalone target not found
[Package Manager] Failed to launch server process. Reason: Unity was launched with the -noUpm command-line argument
[Package Manager] Unable to send message (not connected to server process).
[Package Manager] Cannot connect to Unity Package Manager local server
ScheduleIndexationOnStartup MainProcess:False IndexOnStartup:True
Mono: successfully reloaded assembly
- Finished resetting the current domain, in  0.654 seconds
Domain Reload Profiling: 1285ms
	BeginReloadAssembly (315ms)
		DisableScriptedObjects (9ms)
		CreateAndSetChildDomain (54ms)
	RebuildCommonClasses (14ms)
	RebuildNativeTypeToScriptingClass (35ms)
	initialDomainReloadingComplete (78ms)
	LoadAllAssembliesAndSetupDomain (186ms)
		LoadAssemblies (170ms)
		AnalyzeDomain (18ms)
			TypeCache.Refresh (8ms)
			ResolveRequiredComponents (6ms)
	FinalizeReload (657ms)
		SetupLoadedEditorAssemblies (0ms)
			InitializePlatformSupportModulesInManaged (3ms)
			BeforeProcessingInitializeOnLoad (153ms)
			ProcessInitializeOnLoadAttributes (139ms)
			ProcessInitializeOnLoadMethodAttributes (126ms)
			AfterProcessingInitializeOnLoad (9ms)
		AwakeInstancesAfterBackupRestoration (4ms)
Unloading 0 Unused Serialized files (Serialized files now loaded: 0)
Unloading 486 unused Assets / (24.8 KB). Loaded Objects now: 1109.
Memory consumption went from 160.1 MB to 160.0 MB.
Total: 6.370100 ms (FindLiveObjects: 0.123000 ms CreateObjectMapping: 0.105500 ms MarkObjects: 5.987400 ms  DeleteObjects: 0.152100 ms)

Prepare: number of updated asset objects reloaded= 0
========================================================================
Received Prepare
AcceleratorClientConnectionCallback - disconnected - :0
Unloading 0 Unused Serialized files (Serialized files now loaded: 0)
Unloading 0 unused Assets / (0 B). Loaded Objects now: 1109.
Memory consumption went from 160.7 MB to 160.7 MB.
Total: 7.545000 ms (FindLiveObjects: 0.085200 ms CreateObjectMapping: 0.042400 ms MarkObjects: 7.408200 ms  DeleteObjects: 0.007100 ms)

Prepare: number of updated asset objects reloaded= 0
========================================================================
Received Prepare
AcceleratorClientConnectionCallback - disconnected - :0
Unloading 0 Unused Serialized files (Serialized files now loaded: 0)
Unloading 0 unused Assets / (0 B). Loaded Objects now: 1109.
Memory consumption went from 161.5 MB to 161.5 MB.
Total: 12.830900 ms (FindLiveObjects: 0.154300 ms CreateObjectMapping: 0.100100 ms MarkObjects: 12.564600 ms  DeleteObjects: 0.009500 ms)

Prepare: number of updated asset objects reloaded= 0
========================================================================
Received Import Request.
  Time of request: 2026-07-11T19:12:08.0001933Z
  Time since last request: 273405.65949220000766 seconds.
  importAddress: GUID: 14b27b7246eff854dadc2f73a3fbc69a - Path: Assets/Scenes/MenuPrincipal.unity - Importer: ScriptedImporter/UnityEditor.QuickSearchModule:UnityEditor.Search:ASIAI0B
Importing 'GUID: 14b27b7246eff854dadc2f73a3fbc69a - Path: Assets/Scenes/MenuPrincipal.unity - Importer: ScriptedImporter/UnityEditor.QuickSearchModule:UnityEditor.Search:ASIAI0B' with importer (ScriptedImporter : UnityEditor.QuickSearchModule:UnityEditor.Search:ASIAI0B)
Imported 'GUID: 14b27b7246eff854dadc2f73a3fbc69a' -> (Import Result ID: 'b8aa3aad0a14cca70751657cbfdadaf9') in 0.508 seconds [static and dynamic dependencies]. Details - ImportResultOutputID=72774ac6acdf0710e05ff806dfb735c1 DependenciesID=5db2a279c28b22a4a542be0dcce02db2 StaticDependenciesID=a72d8f6e8c89faa635bd6b867957b087 
Number of updated asset objects reloaded before import = 0
Number of asset objects unloaded after import = 1
========================================================================
Received Prepare
AcceleratorClientConnectionCallback - disconnected - :0
Unloading 0 Unused Serialized files (Serialized files now loaded: 0)
Unloading 0 unused Assets / (0 B). Loaded Objects now: 1111.
Memory consumption went from 163.1 MB to 163.1 MB.
Total: 24.033700 ms (FindLiveObjects: 0.748400 ms CreateObjectMapping: 0.075500 ms MarkObjects: 23.194800 ms  DeleteObjects: 0.010900 ms)

Prepare: number of updated asset objects reloaded= 0
========================================================================
Received Import Request.
  Time of request: 2026-07-11T19:27:03.1074353Z
  Time since last request: 894.45690460000003 seconds.
  importAddress: GUID: 3f5b5dff67a942289a9defa416b206f3 - Path: Assets/TextMesh Pro/Resources/TMP Settings.asset - Importer: ScriptedImporter/UnityEditor.QuickSearchModule:UnityEditor.Search:ASIAI0B
Importing 'GUID: 3f5b5dff67a942289a9defa416b206f3 - Path: Assets/TextMesh Pro/Resources/TMP Settings.asset - Importer: ScriptedImporter/UnityEditor.QuickSearchModule:UnityEditor.Search:ASIAI0B' with importer (ScriptedImporter : UnityEditor.QuickSearchModule:UnityEditor.Search:ASIAI0B)
Imported 'GUID: 3f5b5dff67a942289a9defa416b206f3' -> (Import Result ID: '26e80608f9af2b0a24ea7de00409bcd6') in 0.762 seconds [static and dynamic dependencies]. Details - ImportResultOutputID=3b819d0bedbfc5315143be76b130a4bf DependenciesID=63c508749dd6b542d777fcf0e38e80a5 StaticDependenciesID=c3123e3dd4497866d127d530bccbe6cc 
Number of updated asset objects reloaded before import = 14
Number of asset objects unloaded after import = 12
========================================================================
Received Prepare
AcceleratorClientConnectionCallback - disconnected - :0
Begin MonoManager ReloadAssembly
[Licensing::Client] Successfully resolved entitlement details
Native extension for WindowsStandalone target not found
[Package Manager] Failed to launch server process. Reason: Unity was launched with the -noUpm command-line argument
[Package Manager] Unable to send message (not connected to server process).
[Package Manager] Cannot connect to Unity Package Manager local server
ScheduleIndexationOnStartup MainProcess:False IndexOnStartup:True
Mono: successfully reloaded assembly
- Finished resetting the current domain, in  0.711 seconds
Domain Reload Profiling: 1871ms
	BeginReloadAssembly (736ms)
		DisableScriptedObjects (30ms)
		CreateAndSetChildDomain (191ms)
	RebuildCommonClasses (20ms)
	RebuildNativeTypeToScriptingClass (30ms)
	initialDomainReloadingComplete (96ms)
	LoadAllAssembliesAndSetupDomain (274ms)
		LoadAssemblies (374ms)
		AnalyzeDomain (69ms)
			TypeCache.Refresh (31ms)
			BuildScriptInfoCaches (28ms)
			ResolveRequiredComponents (4ms)
	FinalizeReload (716ms)
		SetupLoadedEditorAssemblies (0ms)
			InitializePlatformSupportModulesInManaged (5ms)
			BeforeProcessingInitializeOnLoad (165ms)
			ProcessInitializeOnLoadAttributes (143ms)
			ProcessInitializeOnLoadMethodAttributes (126ms)
			AfterProcessingInitializeOnLoad (10ms)
		AwakeInstancesAfterBackupRestoration (5ms)
Unloading 0 Unused Serialized files (Serialized files now loaded: 0)
Unloading 520 unused Assets / (26.2 KB). Loaded Objects now: 1145.
Memory consumption went from 160.6 MB to 160.5 MB.
Total: 9.236200 ms (FindLiveObjects: 0.284900 ms CreateObjectMapping: 0.152200 ms MarkObjects: 8.509100 ms  DeleteObjects: 0.283800 ms)

Prepare: number of updated asset objects reloaded= 0
========================================================================
Received Prepare
AcceleratorClientConnectionCallback - disconnected - :0
Unloading 0 Unused Serialized files (Serialized files now loaded: 0)
Unloading 0 unused Assets / (0 B). Loaded Objects now: 1145.
Memory consumption went from 161.1 MB to 161.1 MB.
Total: 45.301700 ms (FindLiveObjects: 0.901500 ms CreateObjectMapping: 0.318900 ms MarkObjects: 44.047900 ms  DeleteObjects: 0.030300 ms)

Prepare: number of updated asset objects reloaded= 0
========================================================================
Received Prepare
AcceleratorClientConnectionCallback - disconnected - :0
Begin MonoManager ReloadAssembly
[Licensing::Client] Successfully resolved entitlement details
Native extension for WindowsStandalone target not found
[Package Manager] Failed to launch server process. Reason: Unity was launched with the -noUpm command-line argument
[Package Manager] Unable to send message (not connected to server process).
[Package Manager] Cannot connect to Unity Package Manager local server
ScheduleIndexationOnStartup MainProcess:False IndexOnStartup:True
Mono: successfully reloaded assembly
- Finished resetting the current domain, in  0.672 seconds
Domain Reload Profiling: 1542ms
	BeginReloadAssembly (516ms)
		DisableScriptedObjects (26ms)
		CreateAndSetChildDomain (68ms)
	RebuildCommonClasses (17ms)
	RebuildNativeTypeToScriptingClass (35ms)
	initialDomainReloadingComplete (106ms)
	LoadAllAssembliesAndSetupDomain (192ms)
		LoadAssemblies (307ms)
		AnalyzeDomain (18ms)
			TypeCache.Refresh (10ms)
			ResolveRequiredComponents (3ms)
	FinalizeReload (675ms)
		SetupLoadedEditorAssemblies (0ms)
			InitializePlatformSupportModulesInManaged (3ms)
			BeforeProcessingInitializeOnLoad (146ms)
			ProcessInitializeOnLoadAttributes (148ms)
			ProcessInitializeOnLoadMethodAttributes (141ms)
			AfterProcessingInitializeOnLoad (10ms)
		AwakeInstancesAfterBackupRestoration (4ms)
Unloading 0 Unused Serialized files (Serialized files now loaded: 0)
Unloading 520 unused Assets / (18.1 KB). Loaded Objects now: 1145.
Memory consumption went from 161.8 MB to 161.8 MB.
Total: 7.890900 ms (FindLiveObjects: 0.328200 ms CreateObjectMapping: 0.176700 ms MarkObjects: 7.178300 ms  DeleteObjects: 0.201300 ms)

Prepare: number of updated asset objects reloaded= 0
========================================================================
Received Import Request.
  Time of request: 2026-07-11T19:40:24.9258862Z
  Time since last request: 800.91378129999998 seconds.
  importAddress: GUID: 8878a782f4334ecbbcf683b3ac780966 - Path: Assets/TextMesh Pro/Examples & Extras/Textures/Small Crate_normal.jpg - Importer: ScriptedImporter/UnityEditor.QuickSearchModule:UnityEditor.Search:ASIAI0B
Importing 'GUID: 8878a782f4334ecbbcf683b3ac780966 - Path: Assets/TextMesh Pro/Examples & Extras/Textures/Small Crate_normal.jpg - Importer: ScriptedImporter/UnityEditor.QuickSearchModule:UnityEditor.Search:ASIAI0B' with importer (ScriptedImporter : UnityEditor.QuickSearchModule:UnityEditor.Search:ASIAI0B)
Imported 'GUID: 8878a782f4334ecbbcf683b3ac780966' -> (Import Result ID: '52ed570909ff8e8187d6d7438db08c14') in 0.243 seconds [static and dynamic dependencies]. Details - ImportResultOutputID=47b93948a9f6f6a65fa2ab5307b025e7 DependenciesID=bbf4d326be99e2bfcc769ee1ea8b61c0 StaticDependenciesID=47d6bd37666c2f96364c5a75d39293c3 
Number of updated asset objects reloaded before import = 0
Number of asset objects unloaded after import = 1
========================================================================
Received Import Request.
  Time of request: 2026-07-11T19:40:25.1722566Z
  Time since last request: 0.000561 seconds.
  importAddress: GUID: e32c266ee6204b21a427753cb0694c81 - Path: Assets/TextMesh Pro/Examples & Extras/Scripts/TeleType.cs - Importer: ScriptedImporter/UnityEditor.QuickSearchModule:UnityEditor.Search:ASIAI0B
Importing 'GUID: e32c266ee6204b21a427753cb0694c81 - Path: Assets/TextMesh Pro/Examples & Extras/Scripts/TeleType.cs - Importer: ScriptedImporter/UnityEditor.QuickSearchModule:UnityEditor.Search:ASIAI0B' with importer (ScriptedImporter : UnityEditor.QuickSearchModule:UnityEditor.Search:ASIAI0B)
Imported 'GUID: e32c266ee6204b21a427753cb0694c81' -> (Import Result ID: 'be7c7dee040de2e6e405be4bbe37644b') in 0.019 seconds [static and dynamic dependencies]. Details - ImportResultOutputID=56986f67103057fa08b6d6437077e0ee DependenciesID=7d0a7bfaae0869c042ed25d90b5f9f0a StaticDependenciesID=da666ba1df2ad63d8a140eefa67414eb 
Number of updated asset objects reloaded before import = 0
Number of asset objects unloaded after import = 0
========================================================================
Received Import Request.
  Time of request: 2026-07-11T19:40:25.1919348Z
  Time since last request: 0.0005614 seconds.
  importAddress: GUID: 90722b8bd74d9aa49958562aff7bdf76 - Path: Assets/TextMesh Pro/Examples & Extras/Resources/Fonts & Materials/Roboto-Bold SDF - URP.mat - Importer: ScriptedImporter/UnityEditor.QuickSearchModule:UnityEditor.Search:ASIAI0B
Importing 'GUID: 90722b8bd74d9aa49958562aff7bdf76 - Path: Assets/TextMesh Pro/Examples & Extras/Resources/Fonts & Materials/Roboto-Bold SDF - URP.mat - Importer: ScriptedImporter/UnityEditor.QuickSearchModule:UnityEditor.Search:ASIAI0B' with importer (ScriptedImporter : UnityEditor.QuickSearchModule:UnityEditor.Search:ASIAI0B)
Imported 'GUID: 90722b8bd74d9aa49958562aff7bdf76' -> (Import Result ID: 'a05672d5d5fb660c03a3154f8d5209e9') in 0.021 seconds [static and dynamic dependencies]. Details - ImportResultOutputID=95854e59e736270810005855305e9514 DependenciesID=e87629c4b7f1f2e24b51b0ed2aeeee2e StaticDependenciesID=93f023515b22f9ec383f7cddcb5c46b3 
Number of updated asset objects reloaded before import = 0
Number of asset objects unloaded after import = 1
========================================================================
Received Import Request.
  Time of request: 2026-07-11T19:40:25.2139569Z
  Time since last request: 0.0008498 seconds.
  importAddress: GUID: 0851605490a599b46b6ac5cb681d93ea - Path: Assets/TextMesh Pro/Examples & Extras/Scenes/26 - Dropdown Placeholder Example.unity - Importer: ScriptedImporter/UnityEditor.QuickSearchModule:UnityEditor.Search:ASIAI0B
Importing 'GUID: 0851605490a599b46b6ac5cb681d93ea - Path: Assets/TextMesh Pro/Examples & Extras/Scenes/26 - Dropdown Placeholder Example.unity - Importer: ScriptedImporter/UnityEditor.QuickSearchModule:UnityEditor.Search:ASIAI0B' with importer (ScriptedImporter : UnityEditor.QuickSearchModule:UnityEditor.Search:ASIAI0B)
Imported 'GUID: 0851605490a599b46b6ac5cb681d93ea' -> (Import Result ID: '64a5c3a368236aff835a95e38940687f') in 0.012 seconds [static and dynamic dependencies]. Details - ImportResultOutputID=93dcfa5271ce41c4f5bfeef631004d5d DependenciesID=a58f9d1779f098fdb2674f347413b7c0 StaticDependenciesID=c0f1152d44fcbbc5eb7c554c74601ce8 
Number of updated asset objects reloaded before import = 0
Number of asset objects unloaded after import = 1
========================================================================
Received Import Request.
  Time of request: 2026-07-11T19:40:25.2269836Z
  Time since last request: 0.0005478 seconds.
  importAddress: GUID: b246c4190f4e46ec9352fe15a7b09ce0 - Path: Assets/TextMesh Pro/Examples & Extras/Resources/Fonts & Materials/Roboto-Bold SDF - Drop Shadow.mat - Importer: ScriptedImporter/UnityEditor.QuickSearchModule:UnityEditor.Search:ASIAI0B
Importing 'GUID: b246c4190f4e46ec9352fe15a7b09ce0 - Path: Assets/TextMesh Pro/Examples & Extras/Resources/Fonts & Materials/Roboto-Bold SDF - Drop Shadow.mat - Importer: ScriptedImporter/UnityEditor.QuickSearchModule:UnityEditor.Search:ASIAI0B' with importer (ScriptedImporter : UnityEditor.QuickSearchModule:UnityEditor.Search:ASIAI0B)
Imported 'GUID: b246c4190f4e46ec9352fe15a7b09ce0' -> (Import Result ID: 'ce32d2361b7291425e78fda28ab66c37') in 0.034 seconds [static and dynamic dependencies]. Details - ImportResultOutputID=bf67a0868df95944ad6975a44330993a DependenciesID=87f531ea577e28855c59dd12d4741a0e StaticDependenciesID=f8c7c0bd8bc16120dd7d1c0450e19f91 
Number of updated asset objects reloaded before import = 0
Number of asset objects unloaded after import = 2
========================================================================
Received Import Request.
  Time of request: 2026-07-11T19:40:25.2632872Z
  Time since last request: 0.0007355 seconds.
  importAddress: GUID: 602cb87b6a29443b8636370ea0751574 - Path: Assets/TextMesh Pro/Examples & Extras/Textures/Small Crate_diffuse.jpg - Importer: ScriptedImporter/UnityEditor.QuickSearchModule:UnityEditor.Search:ASIAI0B
Importing 'GUID: 602cb87b6a29443b8636370ea0751574 - Path: Assets/TextMesh Pro/Examples & Extras/Textures/Small Crate_diffuse.jpg - Importer: ScriptedImporter/UnityEditor.QuickSearchModule:UnityEditor.Search:ASIAI0B' with importer (ScriptedImporter : UnityEditor.QuickSearchModule:UnityEditor.Search:ASIAI0B)
Imported 'GUID: 602cb87b6a29443b8636370ea0751574' -> (Import Result ID: 'd1ba54fd2b8dabe292267c42b762289e') in 0.019 seconds [static and dynamic dependencies]. Details - ImportResultOutputID=e5ffe9852274723ed11f4d64e269ebce DependenciesID=69a4356f0fcbc918a3aa3012e258aa13 StaticDependenciesID=fe78ed59441fef6f5b3323b824db79df 
Number of updated asset objects reloaded before import = 0
Number of asset objects unloaded after import = 1
========================================================================
Received Import Request.
  Time of request: 2026-07-11T19:40:25.2833014Z
  Time since last request: 0.0004789 seconds.
  importAddress: GUID: 3e2e4d7b0bed4cf9ab827e9f32448f69 - Path: Assets/TextMesh Pro/Examples & Extras/Scenes/17 - Old Computer Terminal.unity - Importer: ScriptedImporter/UnityEditor.QuickSearchModule:UnityEditor.Search:ASIAI0B
Importing 'GUID: 3e2e4d7b0bed4cf9ab827e9f32448f69 - Path: Assets/TextMesh Pro/Examples & Extras/Scenes/17 - Old Computer Terminal.unity - Importer: ScriptedImporter/UnityEditor.QuickSearchModule:UnityEditor.Search:ASIAI0B' with importer (ScriptedImporter : UnityEditor.QuickSearchModule:UnityEditor.Search:ASIAI0B)
Imported 'GUID: 3e2e4d7b0bed4cf9ab827e9f32448f69' -> (Import Result ID: '9e1a30376c260523db7305846f3be129') in 0.028 seconds [static and dynamic dependencies]. Details - ImportResultOutputID=4d9cd9b414bc60b9a8ec20316b983a97 DependenciesID=065ddf8cfbbb7001df2f97c6f66a9e34 StaticDependenciesID=b70aa7baf635280c2044481614dceed6 
Number of updated asset objects reloaded before import = 0
Number of asset objects unloaded after import = 1
========================================================================
Received Import Request.
  Time of request: 2026-07-11T19:40:25.3121502Z
  Time since last request: 0.0005505 seconds.
  importAddress: GUID: a00013af81304728b2be1f4309ee2433 - Path: Assets/TextMesh Pro/Examples & Extras/Resources/Fonts & Materials/Anton SDF - Outline.mat - Importer: ScriptedImporter/UnityEditor.QuickSearchModule:UnityEditor.Search:ASIAI0B
Importing 'GUID: a00013af81304728b2be1f4309ee2433 - Path: Assets/TextMesh Pro/Examples & Extras/Resources/Fonts & Materials/Anton SDF - Outline.mat - Importer: ScriptedImporter/UnityEditor.QuickSearchModule:UnityEditor.Search:ASIAI0B' with importer (ScriptedImporter : UnityEditor.QuickSearchModule:UnityEditor.Search:ASIAI0B)
Imported 'GUID: a00013af81304728b2be1f4309ee2433' -> (Import Result ID: '46492396aa3d161c2d50c366b4a23657') in 0.022 seconds [static and dynamic dependencies]. Details - ImportResultOutputID=3dde4133c93991c0302365ca1b05373e DependenciesID=93d231e0acec3ddbdee280a5a9804bc2 StaticDependenciesID=fdfa64f99de9d57aee7201d0d5b11fc4 
Number of updated asset objects reloaded before import = 0
Number of asset objects unloaded after import = 2
========================================================================
Received Import Request.
  Time of request: 2026-07-11T19:40:25.3353606Z
  Time since last request: 0.0006466 seconds.
  importAddress: GUID: 686ec78b56aa445795335fbadafcfaa4 - Path: Assets/TextMesh Pro/Examples & Extras/Scripts/TMP_FrameRateCounter.cs - Importer: ScriptedImporter/UnityEditor.QuickSearchModule:UnityEditor.Search:ASIAI0B
Importing 'GUID: 686ec78b56aa445795335fbadafcfaa4 - Path: Assets/TextMesh Pro/Examples & Extras/Scripts/TMP_FrameRateCounter.cs - Importer: ScriptedImporter/UnityEditor.QuickSearchModule:UnityEditor.Search:ASIAI0B' with importer (ScriptedImporter : UnityEditor.QuickSearchModule:UnityEditor.Search:ASIAI0B)
Imported 'GUID: 686ec78b56aa445795335fbadafcfaa4' -> (Import Result ID: '377ab569c38393d440a357f22fb0a845') in 0.008 seconds [static and dynamic dependencies]. Details - ImportResultOutputID=459b5c8c2f44e469adbbf2880949462f DependenciesID=9ad7081d3dfc7ea89dc1d05a50d69c58 StaticDependenciesID=aaad015423e12c38c30ad824cb7a7aa8 
Number of updated asset objects reloaded before import = 0
Number of asset objects unloaded after import = 0
========================================================================
Received Import Request.
  Time of request: 2026-07-11T19:40:25.3450238Z
  Time since last request: 0.000744 seconds.
  importAddress: GUID: 50f52f9274434ecfb34dd87f0836f323 - Path: Assets/TextMesh Pro/Examples & Extras/Scenes/21 - Script Example.unity - Importer: ScriptedImporter/UnityEditor.QuickSearchModule:UnityEditor.Search:ASIAI0B
Importing 'GUID: 50f52f9274434ecfb34dd87f0836f323 - Path: Assets/TextMesh Pro/Examples & Extras/Scenes/21 - Script Example.unity - Importer: ScriptedImporter/UnityEditor.QuickSearchModule:UnityEditor.Search:ASIAI0B' with importer (ScriptedImporter : UnityEditor.QuickSearchModule:UnityEditor.Search:ASIAI0B)
Imported 'GUID: 50f52f9274434ecfb34dd87f0836f323' -> (Import Result ID: 'f5a9f1556fc21ca1a87b8e289f9e39ae') in 0.008 seconds [static and dynamic dependencies]. Details - ImportResultOutputID=5c8bbe51d5fb604a52adb995753be01d DependenciesID=a48366301f32d1adf586869f518bfe13 StaticDependenciesID=0eefe6e17fde8d37e023a275d2e94eaa 
Number of updated asset objects reloaded before import = 0
Number of asset objects unloaded after import = 1
========================================================================
Received Import Request.
  Time of request: 2026-07-11T19:40:25.3549734Z
  Time since last request: 0.0008445 seconds.
  importAddress: GUID: 4ccf43d26c4748c792174516f4a8fcef - Path: Assets/TextMesh Pro/Examples & Extras/Textures/Text Overflow - Linked Text Image 1.png - Importer: ScriptedImporter/UnityEditor.QuickSearchModule:UnityEditor.Search:ASIAI0B
Importing 'GUID: 4ccf43d26c4748c792174516f4a8fcef - Path: Assets/TextMesh Pro/Examples & Extras/Textures/Text Overflow - Linked Text Image 1.png - Importer: ScriptedImporter/UnityEditor.QuickSearchModule:UnityEditor.Search:ASIAI0B' with importer (ScriptedImporter : UnityEditor.QuickSearchModule:UnityEditor.Search:ASIAI0B)
Imported 'GUID: 4ccf43d26c4748c792174516f4a8fcef' -> (Import Result ID: '022076e28acb5cad92d53390e5bb5bb6') in 0.014 seconds [static and dynamic dependencies]. Details - ImportResultOutputID=82c23615be2a3cb520c23efcc3b6e4c9 DependenciesID=3c6b7b457ad23ce17cf2225fddd2e1f6 StaticDependenciesID=46186200da1371250bb772ea7b6f5308 
Number of updated asset objects reloaded before import = 0
Number of asset objects unloaded after import = 1
========================================================================
Received Import Request.
  Time of request: 2026-07-11T19:40:25.3708533Z
  Time since last request: 0.0004032 seconds.
  importAddress: GUID: db1090641b3241f6995b587eb21637bc - Path: Assets/TextMesh Pro/Examples & Extras/Scenes - Importer: ScriptedImporter/UnityEditor.QuickSearchModule:UnityEditor.Search:ASIAI0B
Importing 'GUID: db1090641b3241f6995b587eb21637bc - Path: Assets/TextMesh Pro/Examples & Extras/Scenes - Importer: ScriptedImporter/UnityEditor.QuickSearchModule:UnityEditor.Search:ASIAI0B' with importer (ScriptedImporter : UnityEditor.QuickSearchModule:UnityEditor.Search:ASIAI0B)
Imported 'GUID: db1090641b3241f6995b587eb21637bc' -> (Import Result ID: '4d5811f9b8e535c9d3f18f51e30eb79e') in 0.006 seconds [static and dynamic dependencies]. Details - ImportResultOutputID=34f3216780b10baab2367d882714cc6e DependenciesID=3a7cff3ed7c8ae9acacb0803be0aa848 StaticDependenciesID=1f34fe33838e65db51851a7d0515b058 
Number of updated asset objects reloaded before import = 0
Number of asset objects unloaded after import = 1
========================================================================
Received Import Request.
  Time of request: 2026-07-11T19:40:25.3784327Z
  Time since last request: 0.0006439 seconds.
  importAddress: GUID: f9b4c22e15cff344ba9fc6542a58dd07 - Path: Assets/TextMesh Pro/Examples & Extras/Scenes/25 - Sunny Days Example.unity - Importer: ScriptedImporter/UnityEditor.QuickSearchModule:UnityEditor.Search:ASIAI0B
Importing 'GUID: f9b4c22e15cff344ba9fc6542a58dd07 - Path: Assets/TextMesh Pro/Examples & Extras/Scenes/25 - Sunny Days Example.unity - Importer: ScriptedImporter/UnityEditor.QuickSearchModule:UnityEditor.Search:ASIAI0B' with importer (ScriptedImporter : UnityEditor.QuickSearchModule:UnityEditor.Search:ASIAI0B)
Imported 'GUID: f9b4c22e15cff344ba9fc6542a58dd07' -> (Import Result ID: '9f09bea023a5dc02f8505506a9b36709') in 0.009 seconds [static and dynamic dependencies]. Details - ImportResultOutputID=714cdef5fcf832e900f1915f25dcab61 DependenciesID=30cda591e95326b6e716f75ce897a079 StaticDependenciesID=18ebe198215e5a04cc3e7d9c302986b6 
Number of updated asset objects reloaded before import = 0
Number of asset objects unloaded after import = 1
========================================================================
Received Import Request.
  Time of request: 2026-07-11T19:40:25.3891999Z
  Time since last request: 0.0008084 seconds.
  importAddress: GUID: 85ac55597b97403c82fc6601a93cf241 - Path: Assets/TextMesh Pro/Examples & Extras/Textures/Floor Tiles 1 - diffuse.jpg - Importer: ScriptedImporter/UnityEditor.QuickSearchModule:UnityEditor.Search:ASIAI0B
Importing 'GUID: 85ac55597b97403c82fc6601a93cf241 - Path: Assets/TextMesh Pro/Examples & Extras/Textures/Floor Tiles 1 - diffuse.jpg - Importer: ScriptedImporter/UnityEditor.QuickSearchModule:UnityEditor.Search:ASIAI0B' with importer (ScriptedImporter : UnityEditor.QuickSearchModule:UnityEditor.Search:ASIAI0B)
Imported 'GUID: 85ac55597b97403c82fc6601a93cf241' -> (Import Result ID: '534149a86b63489f9585ceed3d568793') in 0.014 seconds [static and dynamic dependencies]. Details - ImportResultOutputID=1cea4181ca5169d3f1b8c5c535371954 DependenciesID=79da482f75dd1eb28c80e7b81d83e8f4 StaticDependenciesID=f2d2145f2d7808e4fbb8a1ffc35ccbac 
Number of updated asset objects reloaded before import = 0
Number of asset objects unloaded after import = 1
========================================================================
Received Import Request.
  Time of request: 2026-07-11T19:40:25.4045517Z
  Time since last request: 0.0004563 seconds.
  importAddress: GUID: 3b5cc91c3bf8cf74391252247f52fb59 - Path: Assets/TextMesh Pro/Examples & Extras/Materials/Crate - URP.mat - Importer: ScriptedImporter/UnityEditor.QuickSearchModule:UnityEditor.Search:ASIAI0B
Importing 'GUID: 3b5cc91c3bf8cf74391252247f52fb59 - Path: Assets/TextMesh Pro/Examples & Extras/Materials/Crate - URP.mat - Importer: ScriptedImporter/UnityEditor.QuickSearchModule:UnityEditor.Search:ASIAI0B' with importer (ScriptedImporter : UnityEditor.QuickSearchModule:UnityEditor.Search:ASIAI0B)
Imported 'GUID: 3b5cc91c3bf8cf74391252247f52fb59' -> (Import Result ID: 'af84463f8d20a8c430c7d87abbc5f285') in 0.009 seconds [static and dynamic dependencies]. Details - ImportResultOutputID=7c6d37e568b3ba3f424959120d4c841a DependenciesID=5a8c5ad0e864be25f9048c4ada79c84b StaticDependenciesID=3812824dea53e53be8d07e9a640c0e27 
Number of updated asset objects reloaded before import = 0
Number of asset objects unloaded after import = 1
========================================================================
Received Import Request.
  Time of request: 2026-07-11T19:40:25.4151611Z
  Time since last request: 0.0006984 seconds.
  importAddress: GUID: 53d91f98a2664f5cb9af11de72ac54ec - Path: Assets/TextMesh Pro/Examples & Extras/Scripts/ChatController.cs - Importer: ScriptedImporter/UnityEditor.QuickSearchModule:UnityEditor.Search:ASIAI0B
Importing 'GUID: 53d91f98a2664f5cb9af11de72ac54ec - Path: Assets/TextMesh Pro/Examples & Extras/Scripts/ChatController.cs - Importer: ScriptedImporter/UnityEditor.QuickSearchModule:UnityEditor.Search:ASIAI0B' with importer (ScriptedImporter : UnityEditor.QuickSearchModule:UnityEditor.Search:ASIAI0B)
Imported 'GUID: 53d91f98a2664f5cb9af11de72ac54ec' -> (Import Result ID: '10ead5423d4e20d093932cc95ba69af8') in 0.007 seconds [static and dynamic dependencies]. Details - ImportResultOutputID=839fa553b6edfc892eaefc9db9130f39 DependenciesID=118cb1d1009919badcb5c9b8695c8bfd StaticDependenciesID=3339aff85dc2fe0d4dcf9cb692161a95 
Number of updated asset objects reloaded before import = 0
Number of asset objects unloaded after import = 0
========================================================================
Received Import Request.
  Time of request: 2026-07-11T19:40:25.4232745Z
  Time since last request: 0.000653 seconds.
  importAddress: GUID: 0161d805a3764c089bef00bfe00793f5 - Path: Assets/TextMesh Pro/Examples & Extras/Resources/Fonts & Materials/Oswald Bold SDF.asset - Importer: ScriptedImporter/UnityEditor.QuickSearchModule:UnityEditor.Search:ASIAI0B
Importing 'GUID: 0161d805a3764c089bef00bfe00793f5 - Path: Assets/TextMesh Pro/Examples & Extras/Resources/Fonts & Materials/Oswald Bold SDF.asset - Importer: ScriptedImporter/UnityEditor.QuickSearchModule:UnityEditor.Search:ASIAI0B' with importer (ScriptedImporter : UnityEditor.QuickSearchModule:UnityEditor.Search:ASIAI0B)
Imported 'GUID: 0161d805a3764c089bef00bfe00793f5' -> (Import Result ID: '646ed8163949fc23211f4770f8051c76') in 0.082 seconds [static and dynamic dependencies]. Details - ImportResultOutputID=5b40ac7e84daca467fb9931aa231e343 DependenciesID=0669d660491c2bcd394355e6436e0487 StaticDependenciesID=99b3cf7ae1c65162a9e19c2d0b356173 
Number of updated asset objects reloaded before import = 0
Number of asset objects unloaded after import = 5
========================================================================
Received Import Request.
  Time of request: 2026-07-11T19:40:25.5071737Z
  Time since last request: 0.0004941 seconds.
  importAddress: GUID: 5302535af1044152a457ed104f1f4b91 - Path: Assets/TextMesh Pro/Examples & Extras/Resources/Fonts & Materials/Roboto-Bold SDF.asset - Importer: ScriptedImporter/UnityEditor.QuickSearchModule:UnityEditor.Search:ASIAI0B
Importing 'GUID: 5302535af1044152a457ed104f1f4b91 - Path: Assets/TextMesh Pro/Examples & Extras/Resources/Fonts & Materials/Roboto-Bold SDF.asset - Importer: ScriptedImporter/UnityEditor.QuickSearchModule:UnityEditor.Search:ASIAI0B' with importer (ScriptedImporter : UnityEditor.QuickSearchModule:UnityEditor.Search:ASIAI0B)
Imported 'GUID: 5302535af1044152a457ed104f1f4b91' -> (Import Result ID: '76e8b69f8cb4338af9f143f0853004c9') in 0.048 seconds [static and dynamic dependencies]. Details - ImportResultOutputID=a414857fea56d6c1b8c36205609bed6a DependenciesID=c1bd0dcb12fce6d80ecf9a5e585ff7cb StaticDependenciesID=490dcae97b0bc3e0d578f6eddd5a7672 
Number of updated asset objects reloaded before import = 0
Number of asset objects unloaded after import = 5
========================================================================
Received Import Request.
  Time of request: 2026-07-11T19:40:25.5572787Z
  Time since last request: 0.0006826 seconds.
  importAddress: GUID: d75b8f41e959450c84ac6e967084d3e1 - Path: Assets/TextMesh Pro/Examples & Extras/Resources/Fonts & Materials/Bangers SDF Glow.mat - Importer: ScriptedImporter/UnityEditor.QuickSearchModule:UnityEditor.Search:ASIAI0B
Importing 'GUID: d75b8f41e959450c84ac6e967084d3e1 - Path: Assets/TextMesh Pro/Examples & Extras/Resources/Fonts & Materials/Bangers SDF Glow.mat - Importer: ScriptedImporter/UnityEditor.QuickSearchModule:UnityEditor.Search:ASIAI0B' with importer (ScriptedImporter : UnityEditor.QuickSearchModule:UnityEditor.Search:ASIAI0B)
Imported 'GUID: d75b8f41e959450c84ac6e967084d3e1' -> (Import Result ID: '6142448349f1a34d0593167302096701') in 0.031 seconds [static and dynamic dependencies]. Details - ImportResultOutputID=df994502d4367159aa72b657e53bc255 DependenciesID=ac829eb3a69822df64b8555855dfcb88 StaticDependenciesID=a42e468843f2243dcc0af3e8045f0d00 
Number of updated asset objects reloaded before import = 0
Number of asset objects unloaded after import = 3
========================================================================
Received Import Request.
  Time of request: 2026-07-11T19:40:25.5897683Z
  Time since last request: 0.0005402 seconds.
  importAddress: GUID: b06f0e6c1dfa4356ac918da1bb32c603 - Path: Assets/TextMesh Pro/Examples & Extras/Prefabs/Text Popup.prefab - Importer: ScriptedImporter/UnityEditor.QuickSearchModule:UnityEditor.Search:ASIAI0B
Importing 'GUID: b06f0e6c1dfa4356ac918da1bb32c603 - Path: Assets/TextMesh Pro/Examples & Extras/Prefabs/Text Popup.prefab - Importer: ScriptedImporter/UnityEditor.QuickSearchModule:UnityEditor.Search:ASIAI0B' with importer (ScriptedImporter : UnityEditor.QuickSearchModule:UnityEditor.Search:ASIAI0B)
Imported 'GUID: b06f0e6c1dfa4356ac918da1bb32c603' -> (Import Result ID: 'bbded1515a49468995b4bbd9419e14f9') in 0.099 seconds [static and dynamic dependencies]. Details - ImportResultOutputID=3d4b4c9497c1b6e88387b45a2f2fcede DependenciesID=29a1678a53682da63c20d060456bdba3 StaticDependenciesID=023c0513145690ad7a9831a8c7665fc8 
Number of updated asset objects reloaded before import = 0
Number of asset objects unloaded after import = 21
========================================================================
Received Import Request.
  Time of request: 2026-07-11T19:40:25.690363Z
  Time since last request: 0.0002601 seconds.
  importAddress: GUID: 749b9069dc4742c5bfa5c74644049926 - Path: Assets/TextMesh Pro/Examples & Extras/Resources/Fonts & Materials/Anton SDF - Drop Shadow.mat - Importer: ScriptedImporter/UnityEditor.QuickSearchModule:UnityEditor.Search:ASIAI0B
Importing 'GUID: 749b9069dc4742c5bfa5c74644049926 - Path: Assets/TextMesh Pro/Examples & Extras/Resources/Fonts & Materials/Anton SDF - Drop Shadow.mat - Importer: ScriptedImporter/UnityEditor.QuickSearchModule:UnityEditor.Search:ASIAI0B' with importer (ScriptedImporter : UnityEditor.QuickSearchModule:UnityEditor.Search:ASIAI0B)
Imported 'GUID: 749b9069dc4742c5bfa5c74644049926' -> (Import Result ID: '2ce9f4b58a812c9ced753ea9eeb965b2') in 0.027 seconds [static and dynamic dependencies]. Details - ImportResultOutputID=29f40c95a019a71c2b8fe79797004cfe DependenciesID=7a366f3a7dfdab90397f33101426dfbb StaticDependenciesID=c1009a9f7b3530483cc3a06c78c00e4b 
Number of updated asset objects reloaded before import = 0
Number of asset objects unloaded after import = 2
========================================================================
Received Import Request.
  Time of request: 2026-07-11T19:40:25.7193184Z
  Time since last request: 0.0008023 seconds.
  importAddress: GUID: 03f9d74cec8e4b94a29d2dfd177c821b - Path: Assets/TextMesh Pro/Examples & Extras/Scenes/18 - ScrollRect & Masking & Layout.unity - Importer: ScriptedImporter/UnityEditor.QuickSearchModule:UnityEditor.Search:ASIAI0B
Importing 'GUID: 03f9d74cec8e4b94a29d2dfd177c821b - Path: Assets/TextMesh Pro/Examples & Extras/Scenes/18 - ScrollRect & Masking & Layout.unity - Importer: ScriptedImporter/UnityEditor.QuickSearchModule:UnityEditor.Search:ASIAI0B' with importer (ScriptedImporter : UnityEditor.QuickSearchModule:UnityEditor.Search:ASIAI0B)
Imported 'GUID: 03f9d74cec8e4b94a29d2dfd177c821b' -> (Import Result ID: 'e58d0987da50a4e0e8bfaa7523881484') in 0.018 seconds [static and dynamic dependencies]. Details - ImportResultOutputID=7ce470ba5d93bb89efb12811bd5a8f73 DependenciesID=d6170bffd465dc6062f30922db0b6b55 StaticDependenciesID=2400eaca09a7ea9c701253145f3ed6c7 
Number of updated asset objects reloaded before import = 0
Number of asset objects unloaded after import = 1
========================================================================
Received Import Request.
  Time of request: 2026-07-11T19:40:25.7393256Z
  Time since last request: 0.0006765 seconds.
  importAddress: GUID: 43bcd35a1c0c40ccb6d472893fe2093f - Path: Assets/TextMesh Pro/Examples & Extras/Scripts/TextConsoleSimulator.cs - Importer: ScriptedImporter/UnityEditor.QuickSearchModule:UnityEditor.Search:ASIAI0B
Importing 'GUID: 43bcd35a1c0c40ccb6d472893fe2093f - Path: Assets/TextMesh Pro/Examples & Extras/Scripts/TextConsoleSimulator.cs - Importer: ScriptedImporter/UnityEditor.QuickSearchModule:UnityEditor.Search:ASIAI0B' with importer (ScriptedImporter : UnityEditor.QuickSearchModule:UnityEditor.Search:ASIAI0B)
Imported 'GUID: 43bcd35a1c0c40ccb6d472893fe2093f' -> (Import Result ID: 'f33a8f4a2d2b32edf4a9ee12d4bf48d6') in 0.011 seconds [static and dynamic dependencies]. Details - ImportResultOutputID=2a04a6e6085af21a75a21c20a6287df5 DependenciesID=401c9dbf798b5037dd7881d4130bb66c StaticDependenciesID=24ced69c74fcfc8fb52771f5dfacbadc 
Number of updated asset objects reloaded before import = 0
Number of asset objects unloaded after import = 0
========================================================================
Received Import Request.
  Time of request: 2026-07-11T19:40:25.751697Z
  Time since last request: 0.000714 seconds.
  importAddress: GUID: c76d18757a194d618355f05f815cb0a1 - Path: Assets/TextMesh Pro/Examples & Extras/Textures/Text Overflow - Linked Text UI Screenshot.png - Importer: ScriptedImporter/UnityEditor.QuickSearchModule:UnityEditor.Search:ASIAI0B
Importing 'GUID: c76d18757a194d618355f05f815cb0a1 - Path: Assets/TextMesh Pro/Examples & Extras/Textures/Text Overflow - Linked Text UI Screenshot.png - Importer: ScriptedImporter/UnityEditor.QuickSearchModule:UnityEditor.Search:ASIAI0B' with importer (ScriptedImporter : UnityEditor.QuickSearchModule:UnityEditor.Search:ASIAI0B)
Imported 'GUID: c76d18757a194d618355f05f815cb0a1' -> (Import Result ID: 'a7273458d7e334aca450467fbccecf4d') in 0.017 seconds [static and dynamic dependencies]. Details - ImportResultOutputID=899c63f0ccd765c7208ce5ef45c58af8 DependenciesID=76ac4ba3369b72510c874c51f76fb2cb StaticDependenciesID=1a37813645e59e87a741e543c19f8137 
Number of updated asset objects reloaded before import = 0
Number of asset objects unloaded after import = 1
========================================================================
Received Import Request.
  Time of request: 2026-07-11T19:40:25.7698903Z
  Time since last request: 0.0002681 seconds.
  importAddress: GUID: fbef3c704dce48f08a44612d6c856c8d - Path: Assets/TextMesh Pro/Examples & Extras/Resources/Sprite Assets/Default Sprite Asset.asset - Importer: ScriptedImporter/UnityEditor.QuickSearchModule:UnityEditor.Search:ASIAI0B
Importing 'GUID: fbef3c704dce48f08a44612d6c856c8d - Path: Assets/TextMesh Pro/Examples & Extras/Resources/Sprite Assets/Default Sprite Asset.asset - Importer: ScriptedImporter/UnityEditor.QuickSearchModule:UnityEditor.Search:ASIAI0B' with importer (ScriptedImporter : UnityEditor.QuickSearchModule:UnityEditor.Search:ASIAI0B)
Imported 'GUID: fbef3c704dce48f08a44612d6c856c8d' -> (Import Result ID: 'c268415be7994fdc6b15d5c9b5799f96') in 0.018 seconds [static and dynamic dependencies]. Details - ImportResultOutputID=47c3a0c33b6fa79f98f3e104e9f08fb6 DependenciesID=8d7b06b24c850d6e9f0df80f137335ac StaticDependenciesID=37d7ab8adc0fa4bfa687d19c83485001 
Number of updated asset objects reloaded before import = 0
Number of asset objects unloaded after import = 3
========================================================================
Received Import Request.
  Time of request: 2026-07-11T19:40:25.7894771Z
  Time since last request: 0.0006156 seconds.
  importAddress: GUID: 6522f30e342599e4e9dd4cc2cc03c830 - Path: Assets/TextMesh Pro/Examples & Extras/Resources/Fonts & Materials/Anton SDF - Sunny Days.mat - Importer: ScriptedImporter/UnityEditor.QuickSearchModule:UnityEditor.Search:ASIAI0B
Importing 'GUID: 6522f30e342599e4e9dd4cc2cc03c830 - Path: Assets/TextMesh Pro/Examples & Extras/Resources/Fonts & Materials/Anton SDF - Sunny Days.mat - Importer: ScriptedImporter/UnityEditor.QuickSearchModule:UnityEditor.Search:ASIAI0B' with importer (ScriptedImporter : UnityEditor.QuickSearchModule:UnityEditor.Search:ASIAI0B)
Imported 'GUID: 6522f30e342599e4e9dd4cc2cc03c830' -> (Import Result ID: 'e4dec0f0c4ac66932a1defdd55ffc2dc') in 0.033 seconds [static and dynamic dependencies]. Details - ImportResultOutputID=ed6b400c836d62a85ec27721fcf27099 DependenciesID=c9bcefef3c8cbc4fae872e130c0b3003 StaticDependenciesID=425e5f73cb5c6bf9634cc4f70f315245 
Number of updated asset objects reloaded before import = 0
Number of asset objects unloaded after import = 4
========================================================================
Received Import Request.
  Time of request: 2026-07-11T19:40:25.8236959Z
  Time since last request: 0.000426 seconds.
  importAddress: GUID: 967f61bb1e3e28645a39e0cb647cc79e - Path: Assets/TextMesh Pro/Examples & Extras/Resources/Fonts & Materials/Unity SDF - HDRP LIT - Outline.mat - Importer: ScriptedImporter/UnityEditor.QuickSearchModule:UnityEditor.Search:ASIAI0B
Importing 'GUID: 967f61bb1e3e28645a39e0cb647cc79e - Path: Assets/TextMesh Pro/Examples & Extras/Resources/Fonts & Materials/Unity SDF - HDRP LIT - Outline.mat - Importer: ScriptedImporter/UnityEditor.QuickSearchModule:UnityEditor.Search:ASIAI0B' with importer (ScriptedImporter : UnityEditor.QuickSearchModule:UnityEditor.Search:ASIAI0B)
Imported 'GUID: 967f61bb1e3e28645a39e0cb647cc79e' -> (Import Result ID: '442c278cd490cf187fb31c5b23e28c2d') in 0.011 seconds [static and dynamic dependencies]. Details - ImportResultOutputID=6139cb100b6a04ceb78d3345124e3387 DependenciesID=eb5b07d0643853675baecf1ae440836b StaticDependenciesID=50593e8f216146667ab8d619fd2c75a6 
Number of updated asset objects reloaded before import = 0
Number of asset objects unloaded after import = 1
========================================================================
Received Import Request.
  Time of request: 2026-07-11T19:40:25.8361359Z
  Time since last request: 0.0006226 seconds.
  importAddress: GUID: a73109742c8d47ac822895a473300c29 - Path: Assets/TextMesh Pro/Examples & Extras/Scripts/Benchmark03.cs - Importer: ScriptedImporter/UnityEditor.QuickSearchModule:UnityEditor.Search:ASIAI0B
Importing 'GUID: a73109742c8d47ac822895a473300c29 - Path: Assets/TextMesh Pro/Examples & Extras/Scripts/Benchmark03.cs - Importer: ScriptedImporter/UnityEditor.QuickSearchModule:UnityEditor.Search:ASIAI0B' with importer (ScriptedImporter : UnityEditor.QuickSearchModule:UnityEditor.Search:ASIAI0B)
Imported 'GUID: a73109742c8d47ac822895a473300c29' -> (Import Result ID: 'c686b34dfa8fafcad94e4c381000007a') in 0.008 seconds [static and dynamic dependencies]. Details - ImportResultOutputID=c5560b240548c7b92add629ff9a61232 DependenciesID=04334ea04757cf3ce816eefd6a518af7 StaticDependenciesID=53fb3680ddcd6cf38b13250259c6d4f3 
Number of updated asset objects reloaded before import = 0
Number of asset objects unloaded after import = 0
========================================================================
Received Import Request.
  Time of request: 2026-07-11T19:40:25.8464771Z
  Time since last request: 0.0013196 seconds.
  importAddress: GUID: e6b9b44320f4448d9d5e0ee634259966 - Path: Assets/TextMesh Pro/Examples & Extras/Materials/Crate - Surface Shader Scene.mat - Importer: ScriptedImporter/UnityEditor.QuickSearchModule:UnityEditor.Search:ASIAI0B
Importing 'GUID: e6b9b44320f4448d9d5e0ee634259966 - Path: Assets/TextMesh Pro/Examples & Extras/Materials/Crate - Surface Shader Scene.mat - Importer: ScriptedImporter/UnityEditor.QuickSearchModule:UnityEditor.Search:ASIAI0B' with importer (ScriptedImporter : UnityEditor.QuickSearchModule:UnityEditor.Search:ASIAI0B)
Imported 'GUID: e6b9b44320f4448d9d5e0ee634259966' -> (Import Result ID: '70b8575077a25f5bdd40724745826a51') in 0.094 seconds [static and dynamic dependencies]. Details - ImportResultOutputID=86ca4c4fb216e4fd1100b2d8be96ab80 DependenciesID=c1f952b4d99588b914b4dbf440abf78c StaticDependenciesID=30a8f8486ee2889a07830b5f3c29cebe 
Number of updated asset objects reloaded before import = 0
Number of asset objects unloaded after import = 3
========================================================================
Received Import Request.
  Time of request: 2026-07-11T19:40:25.9569802Z
  Time since last request: 0.0154036 seconds.
  importAddress: GUID: 22a2fba786ad4c40ac0ba09f0b933100 - Path: Assets/TextMesh Pro/Examples & Extras/Scenes/14 - Multi Font & Sprites.unity - Importer: ScriptedImporter/UnityEditor.QuickSearchModule:UnityEditor.Search:ASIAI0B
Importing 'GUID: 22a2fba786ad4c40ac0ba09f0b933100 - Path: Assets/TextMesh Pro/Examples & Extras/Scenes/14 - Multi Font & Sprites.unity - Importer: ScriptedImporter/UnityEditor.QuickSearchModule:UnityEditor.Search:ASIAI0B' with importer (ScriptedImporter : UnityEditor.QuickSearchModule:UnityEditor.Search:ASIAI0B)
Imported 'GUID: 22a2fba786ad4c40ac0ba09f0b933100' -> (Import Result ID: '5504a4fb4dffe7ea621229a8e9f4a053') in 0.008 seconds [static and dynamic dependencies]. Details - ImportResultOutputID=2ea3a3c9cd561c81d83f081a59a07c92 DependenciesID=9f0f323fe8c555defede1563da45fca7 StaticDependenciesID=47a9e9787827ee5d18638a6a25676cef 
Number of updated asset objects reloaded before import = 0
Number of asset objects unloaded after import = 1
========================================================================
Received Import Request.
  Time of request: 2026-07-11T19:40:25.9667054Z
  Time since last request: 0.0007239 seconds.
  importAddress: GUID: 6751ce1a4611b3940812c13a6847d94f - Path: Assets/TextMesh Pro/Examples & Extras/Resources/Fonts & Materials/Bangers SDF Logo - URP.mat - Importer: ScriptedImporter/UnityEditor.QuickSearchModule:UnityEditor.Search:ASIAI0B
Importing 'GUID: 6751ce1a4611b3940812c13a6847d94f - Path: Assets/TextMesh Pro/Examples & Extras/Resources/Fonts & Materials/Bangers SDF Logo - URP.mat - Importer: ScriptedImporter/UnityEditor.QuickSearchModule:UnityEditor.Search:ASIAI0B' with importer (ScriptedImporter : UnityEditor.QuickSearchModule:UnityEditor.Search:ASIAI0B)
Imported 'GUID: 6751ce1a4611b3940812c13a6847d94f' -> (Import Result ID: 'c1892bb684f372f53c20c0d31e68bdf7') in 0.010 seconds [static and dynamic dependencies]. Details - ImportResultOutputID=4b6c6cc106998631afa4150d4ede3c71 DependenciesID=f462ddfd6b06db68a7f696b157aab4b7 StaticDependenciesID=47fcb2b5571a967570c20c5db0e0c53e 
Number of updated asset objects reloaded before import = 0
Number of asset objects unloaded after import = 1
========================================================================
Received Import Request.
  Time of request: 2026-07-11T19:40:25.9781503Z
  Time since last request: 0.0005007 seconds.
  importAddress: GUID: ce51c8e33b734b4db6086586558c53a3 - Path: Assets/TextMesh Pro/Examples & Extras - Importer: ScriptedImporter/UnityEditor.QuickSearchModule:UnityEditor.Search:ASIAI0B
Importing 'GUID: ce51c8e33b734b4db6086586558c53a3 - Path: Assets/TextMesh Pro/Examples & Extras - Importer: ScriptedImporter/UnityEditor.QuickSearchModule:UnityEditor.Search:ASIAI0B' with importer (ScriptedImporter : UnityEditor.QuickSearchModule:UnityEditor.Search:ASIAI0B)
Imported 'GUID: ce51c8e33b734b4db6086586558c53a3' -> (Import Result ID: '2c52ee6d2f63ac451b2c7934f7328ace') in 0.007 seconds [static and dynamic dependencies]. Details - ImportResultOutputID=ff867072ef9a962b203e9ebf9c7dfed9 DependenciesID=7fdb2a63fb6a64561b9e9c49d6412272 StaticDependenciesID=041a42073d1864412dab94e1951ccff2 
Number of updated asset objects reloaded before import = 0
Number of asset objects unloaded after import = 1
========================================================================
Received Import Request.
  Time of request: 2026-07-11T19:40:25.9867279Z
  Time since last request: 0.0005535 seconds.
  importAddress: GUID: dc20866c0d5e413ab7559440e15333ae - Path: Assets/TextMesh Pro/Examples & Extras/Scripts/Benchmark04.cs - Importer: ScriptedImporter/UnityEditor.QuickSearchModule:UnityEditor.Search:ASIAI0B
Importing 'GUID: dc20866c0d5e413ab7559440e15333ae - Path: Assets/TextMesh Pro/Examples & Extras/Scripts/Benchmark04.cs - Importer: ScriptedImporter/UnityEditor.QuickSearchModule:UnityEditor.Search:ASIAI0B' with importer (ScriptedImporter : UnityEditor.QuickSearchModule:UnityEditor.Search:ASIAI0B)
Imported 'GUID: dc20866c0d5e413ab7559440e15333ae' -> (Import Result ID: '6fe74934ab9336ba98a3c1f1980f6742') in 0.007 seconds [static and dynamic dependencies]. Details - ImportResultOutputID=d7c86adacf912f3b8ce42935cebbfd15 DependenciesID=440026cf50d30359e7311107d8cc349c StaticDependenciesID=2f6c12992aa9671f682158363dc38cc9 
Number of updated asset objects reloaded before import = 0
Number of asset objects unloaded after import = 0
========================================================================
Received Import Request.
  Time of request: 2026-07-11T19:40:25.9955111Z
  Time since last request: 0.0011096 seconds.
  importAddress: GUID: d736ce056cf444ca96e424f4d9c42b76 - Path: Assets/TextMesh Pro/Examples & Extras/Scripts/TMP_TextEventCheck.cs - Importer: ScriptedImporter/UnityEditor.QuickSearchModule:UnityEditor.Search:ASIAI0B
Importing 'GUID: d736ce056cf444ca96e424f4d9c42b76 - Path: Assets/TextMesh Pro/Examples & Extras/Scripts/TMP_TextEventCheck.cs - Importer: ScriptedImporter/UnityEditor.QuickSearchModule:UnityEditor.Search:ASIAI0B' with importer (ScriptedImporter : UnityEditor.QuickSearchModule:UnityEditor.Search:ASIAI0B)
Imported 'GUID: d736ce056cf444ca96e424f4d9c42b76' -> (Import Result ID: 'c5dd3038dab47cd7384820eb7a3eba3e') in 0.008 seconds [static and dynamic dependencies]. Details - ImportResultOutputID=469198dc7c23666a74a784c5e5dc6177 DependenciesID=2b241358ebaf7398dc0510d4417bb3ed StaticDependenciesID=53d6086aaa7bcde6485cf8be9d0f0ee9 
Number of updated asset objects reloaded before import = 0
Number of asset objects unloaded after import = 0
========================================================================
Received Import Request.
  Time of request: 2026-07-11T19:40:26.0045953Z
  Time since last request: 0.0005345 seconds.
  importAddress: GUID: 2b5e9ae96c5644d8bae932f8b4ca68a2 - Path: Assets/TextMesh Pro/Examples & Extras/Textures/Wipe Pattern - Radial Quad.psd - Importer: ScriptedImporter/UnityEditor.QuickSearchModule:UnityEditor.Search:ASIAI0B
Importing 'GUID: 2b5e9ae96c5644d8bae932f8b4ca68a2 - Path: Assets/TextMesh Pro/Examples & Extras/Textures/Wipe Pattern - Radial Quad.psd - Importer: ScriptedImporter/UnityEditor.QuickSearchModule:UnityEditor.Search:ASIAI0B' with importer (ScriptedImporter : UnityEditor.QuickSearchModule:UnityEditor.Search:ASIAI0B)
Imported 'GUID: 2b5e9ae96c5644d8bae932f8b4ca68a2' -> (Import Result ID: '31384d7d69a47209c42c03fe7b2f647e') in 0.016 seconds [static and dynamic dependencies]. Details - ImportResultOutputID=52d011c8c362f73782e761f5751165f3 DependenciesID=41dc2a5f5c3f2d4f0bbe4e6941cab532 StaticDependenciesID=fd48056417a6a19946155c777834a895 
Number of updated asset objects reloaded before import = 0
Number of asset objects unloaded after import = 1
========================================================================
Received Import Request.
  Time of request: 2026-07-11T19:40:26.0216846Z
  Time since last request: 0.0005469 seconds.
  importAddress: GUID: f28c334d44214474d9702d3ad79ecb0a - Path: Assets/TextMesh Pro/Examples & Extras/Fonts/Roboto-Bold - AFL.txt - Importer: ScriptedImporter/UnityEditor.QuickSearchModule:UnityEditor.Search:ASIAI0B
Importing 'GUID: f28c334d44214474d9702d3ad79ecb0a - Path: Assets/TextMesh Pro/Examples & Extras/Fonts/Roboto-Bold - AFL.txt - Importer: ScriptedImporter/UnityEditor.QuickSearchModule:UnityEditor.Search:ASIAI0B' with importer (ScriptedImporter : UnityEditor.QuickSearchModule:UnityEditor.Search:ASIAI0B)
Imported 'GUID: f28c334d44214474d9702d3ad79ecb0a' -> (Import Result ID: 'bee41508b041f620078f5bd33a6b6bd2') in 0.006 seconds [static and dynamic dependencies]. Details - ImportResultOutputID=f8db7f648b85a7ce84ca301d068e0d41 DependenciesID=9f032fa60ec88da2d7c84be9e50bef44 StaticDependenciesID=f4c2fd769a15f46a4f7f5619285a1586 
Number of updated asset objects reloaded before import = 0
Number of asset objects unloaded after import = 1
========================================================================
Received Import Request.
  Time of request: 2026-07-11T19:40:26.0299326Z
  Time since last request: 0.0016942 seconds.
  importAddress: GUID: 8a2b9e2a607dd2143b58c44bc32410b4 - Path: Assets/TextMesh Pro/Examples & Extras/Fonts/Electronic Highway Sign.TTF - Importer: ScriptedImporter/UnityEditor.QuickSearchModule:UnityEditor.Search:ASIAI0B
Importing 'GUID: 8a2b9e2a607dd2143b58c44bc32410b4 - Path: Assets/TextMesh Pro/Examples & Extras/Fonts/Electronic Highway Sign.TTF - Importer: ScriptedImporter/UnityEditor.QuickSearchModule:UnityEditor.Search:ASIAI0B' with importer (ScriptedImporter : UnityEditor.QuickSearchModule:UnityEditor.Search:ASIAI0B)
Imported 'GUID: 8a2b9e2a607dd2143b58c44bc32410b4' -> (Import Result ID: '3843b2f7ad864711d2d935670aea900d') in 0.024 seconds [static and dynamic dependencies]. Details - ImportResultOutputID=4f4b7ecc02678850e8a4a214c51b8159 DependenciesID=1c36acf037664e46a024b900fd49ce24 StaticDependenciesID=83001b0036e1559e5af66261a46e54b9 
Number of updated asset objects reloaded before import = 0
Number of asset objects unloaded after import = 3
========================================================================
Received Import Request.
  Time of request: 2026-07-11T19:40:26.0738051Z
  Time since last request: 0.0188393 seconds.
  importAddress: GUID: ac1eb05af6d391b4eb0f4c070a99f1d0 - Path: Assets/TextMesh Pro/Examples & Extras/Scripts/DropdownSample.cs - Importer: ScriptedImporter/UnityEditor.QuickSearchModule:UnityEditor.Search:ASIAI0B
Importing 'GUID: ac1eb05af6d391b4eb0f4c070a99f1d0 - Path: Assets/TextMesh Pro/Examples & Extras/Scripts/DropdownSample.cs - Importer: ScriptedImporter/UnityEditor.QuickSearchModule:UnityEditor.Search:ASIAI0B' with importer (ScriptedImporter : UnityEditor.QuickSearchModule:UnityEditor.Search:ASIAI0B)
Imported 'GUID: ac1eb05af6d391b4eb0f4c070a99f1d0' -> (Import Result ID: '753ef80860620db204a6ad44c74ba212') in 0.009 seconds [static and dynamic dependencies]. Details - ImportResultOutputID=e30fedf7ad2d3cd9f1b0d528e3ad1d6e DependenciesID=77299f8a1293150d2facb1d33bd15c84 StaticDependenciesID=60c0960ed1efe47b484c0fb933095817 
Number of updated asset objects reloaded before import = 0
Number of asset objects unloaded after import = 0
========================================================================
Received Import Request.
  Time of request: 2026-07-11T19:40:26.0836519Z
  Time since last request: 0.0005779 seconds.
  importAddress: GUID: a4d4c76e63944cba8c7d00f56334b98c - Path: Assets/TextMesh Pro/Examples & Extras/Scripts/TextMeshProFloatingText.cs - Importer: ScriptedImporter/UnityEditor.QuickSearchModule:UnityEditor.Search:ASIAI0B
Importing 'GUID: a4d4c76e63944cba8c7d00f56334b98c - Path: Assets/TextMesh Pro/Examples & Extras/Scripts/TextMeshProFloatingText.cs - Importer: ScriptedImporter/UnityEditor.QuickSearchModule:UnityEditor.Search:ASIAI0B' with importer (ScriptedImporter : UnityEditor.QuickSearchModule:UnityEditor.Search:ASIAI0B)
Imported 'GUID: a4d4c76e63944cba8c7d00f56334b98c' -> (Import Result ID: 'dd80626cfea73033c2046c3aafd26382') in 0.007 seconds [static and dynamic dependencies]. Details - ImportResultOutputID=a128b8383f885eaad3261a90dd911d0c DependenciesID=6ded2faaeabf1dad9a83efc4e043d919 StaticDependenciesID=b87bb2f4b4616de30cf9ad028c9a2b65 
Number of updated asset objects reloaded before import = 0
Number of asset objects unloaded after import = 0
========================================================================
Received Import Request.
  Time of request: 2026-07-11T19:40:26.092254Z
  Time since last request: 0.0010445 seconds.
  importAddress: GUID: 251716609f634449bfe8ce75c0ed78fe - Path: Assets/TextMesh Pro/Examples & Extras/Scenes/02 - Multi-line TextMesh Pro.unity - Importer: ScriptedImporter/UnityEditor.QuickSearchModule:UnityEditor.Search:ASIAI0B
Importing 'GUID: 251716609f634449bfe8ce75c0ed78fe - Path: Assets/TextMesh Pro/Examples & Extras/Scenes/02 - Multi-line TextMesh Pro.unity - Importer: ScriptedImporter/UnityEditor.QuickSearchModule:UnityEditor.Search:ASIAI0B' with importer (ScriptedImporter : UnityEditor.QuickSearchModule:UnityEditor.Search:ASIAI0B)
Imported 'GUID: 251716609f634449bfe8ce75c0ed78fe' -> (Import Result ID: 'cd62d906879dc198d736dbdac1dbb768') in 0.009 seconds [static and dynamic dependencies]. Details - ImportResultOutputID=dc3fa631c8dcd0fc25eec7c708d4b7f5 DependenciesID=c716343ab742e449338fc86b0daf9ad0 StaticDependenciesID=adced1d230bebea9e5afa60098516d63 
Number of updated asset objects reloaded before import = 0
Number of asset objects unloaded after import = 1
========================================================================
Received Import Request.
  Time of request: 2026-07-11T19:40:26.1029123Z
  Time since last request: 0.0006054 seconds.
  importAddress: GUID: fd09957580ac4326916010f1f260975b - Path: Assets/TextMesh Pro/Examples & Extras/Sprites/DropCap Numbers.psd - Importer: ScriptedImporter/UnityEditor.QuickSearchModule:UnityEditor.Search:ASIAI0B
Importing 'GUID: fd09957580ac4326916010f1f260975b - Path: Assets/TextMesh Pro/Examples & Extras/Sprites/DropCap Numbers.psd - Importer: ScriptedImporter/UnityEditor.QuickSearchModule:UnityEditor.Search:ASIAI0B' with importer (ScriptedImporter : UnityEditor.QuickSearchModule:UnityEditor.Search:ASIAI0B)
Imported 'GUID: fd09957580ac4326916010f1f260975b' -> (Import Result ID: '4740e0424d0e3b3f825b3c1de74cea73') in 0.016 seconds [static and dynamic dependencies]. Details - ImportResultOutputID=2d053e1cac560ba789e03ad822e51f97 DependenciesID=1e030ef8e887a00361c10e571f07c25d StaticDependenciesID=eadab524ef37d08653a2bbdbafd771eb 
Number of updated asset objects reloaded before import = 0
Number of asset objects unloaded after import = 1
========================================================================
Received Import Request.
  Time of request: 2026-07-11T19:40:26.1198908Z
  Time since last request: 0.0005671 seconds.
  importAddress: GUID: f970ea55f9f84bf79b05dab180b8c125 - Path: Assets/TextMesh Pro/Examples & Extras/Scripts/Benchmark01.cs - Importer: ScriptedImporter/UnityEditor.QuickSearchModule:UnityEditor.Search:ASIAI0B
Importing 'GUID: f970ea55f9f84bf79b05dab180b8c125 - Path: Assets/TextMesh Pro/Examples & Extras/Scripts/Benchmark01.cs - Importer: ScriptedImporter/UnityEditor.QuickSearchModule:UnityEditor.Search:ASIAI0B' with importer (ScriptedImporter : UnityEditor.QuickSearchModule:UnityEditor.Search:ASIAI0B)
Imported 'GUID: f970ea55f9f84bf79b05dab180b8c125' -> (Import Result ID: '41dc281445a4c1ebd52e129df4123880') in 0.009 seconds [static and dynamic dependencies]. Details - ImportResultOutputID=7dd048dcffb03f727f679beb06c2eaf3 DependenciesID=6326f2758411a78ea8f6b275dccb7d7f StaticDependenciesID=e215b14fb0f57d03dea54e2269c79149 
Number of updated asset objects reloaded before import = 0
Number of asset objects unloaded after import = 0
========================================================================
Received Import Request.
  Time of request: 2026-07-11T19:40:26.130257Z
  Time since last request: 0.0009511 seconds.
  importAddress: GUID: a7eaeb4188c60454faf0a41c253b505c - Path: Assets/TextMesh Pro/Examples & Extras/Scenes/28 - HDRP Shader Example - Importer: ScriptedImporter/UnityEditor.QuickSearchModule:UnityEditor.Search:ASIAI0B
Importing 'GUID: a7eaeb4188c60454faf0a41c253b505c - Path: Assets/TextMesh Pro/Examples & Extras/Scenes/28 - HDRP Shader Example - Importer: ScriptedImporter/UnityEditor.QuickSearchModule:UnityEditor.Search:ASIAI0B' with importer (ScriptedImporter : UnityEditor.QuickSearchModule:UnityEditor.Search:ASIAI0B)
Imported 'GUID: a7eaeb4188c60454faf0a41c253b505c' -> (Import Result ID: '69ebd3e1e665254885200b907060bf9c') in 0.006 seconds [static and dynamic dependencies]. Details - ImportResultOutputID=db00054967a288142776bd6c4570a3ff DependenciesID=80f14f9cf81c5642e1d9336c4c9de869 StaticDependenciesID=941c5f07c0e1c5068bc5c766c4a6420b 
Number of updated asset objects reloaded before import = 0
Number of asset objects unloaded after import = 1
========================================================================
Received Import Request.
  Time of request: 2026-07-11T19:40:26.1389773Z
  Time since last request: 0.0011935 seconds.
  importAddress: GUID: a6e39ced0ea046bcb636c3f0b2e2a745 - Path: Assets/TextMesh Pro/Examples & Extras/Prefabs/TextMeshPro - Prefab 1.prefab - Importer: ScriptedImporter/UnityEditor.QuickSearchModule:UnityEditor.Search:ASIAI0B
Importing 'GUID: a6e39ced0ea046bcb636c3f0b2e2a745 - Path: Assets/TextMesh Pro/Examples & Extras/Prefabs/TextMeshPro - Prefab 1.prefab - Importer: ScriptedImporter/UnityEditor.QuickSearchModule:UnityEditor.Search:ASIAI0B' with importer (ScriptedImporter : UnityEditor.QuickSearchModule:UnityEditor.Search:ASIAI0B)
Imported 'GUID: a6e39ced0ea046bcb636c3f0b2e2a745' -> (Import Result ID: '9e741fee6bfa33f96089d4513d5f3867') in 0.136 seconds [static and dynamic dependencies]. Details - ImportResultOutputID=de8997796b53ad89631888561b507af1 DependenciesID=0a211713bf980d3ac6e7a55e3a641632 StaticDependenciesID=8794c67d8dd7f58477a685ba2dc3c9eb 
Number of updated asset objects reloaded before import = 0
Number of asset objects unloaded after import = 16
========================================================================
Received Import Request.
  Time of request: 2026-07-11T19:40:26.2765744Z
  Time since last request: 0.0003008 seconds.
  importAddress: GUID: 9abcd5bd764646568a6ea70d00f9264c - Path: Assets/TextMesh Pro/Examples & Extras/Scenes/19 - Masking Texture & Soft Mask.unity - Importer: ScriptedImporter/UnityEditor.QuickSearchModule:UnityEditor.Search:ASIAI0B
Importing 'GUID: 9abcd5bd764646568a6ea70d00f9264c - Path: Assets/TextMesh Pro/Examples & Extras/Scenes/19 - Masking Texture & Soft Mask.unity - Importer: ScriptedImporter/UnityEditor.QuickSearchModule:UnityEditor.Search:ASIAI0B' with importer (ScriptedImporter : UnityEditor.QuickSearchModule:UnityEditor.Search:ASIAI0B)
Imported 'GUID: 9abcd5bd764646568a6ea70d00f9264c' -> (Import Result ID: '093de715d8f1cf0a314f114e3f9e282b') in 0.010 seconds [static and dynamic dependencies]. Details - ImportResultOutputID=41b29af2f57e5e8e627910c6a5b44d7a DependenciesID=f059cb1bffe44bd42d7452302d3ca2be StaticDependenciesID=82071b4cc0ef28a38a068c4d38e36efa 
Number of updated asset objects reloaded before import = 0
Number of asset objects unloaded after import = 1
========================================================================
Received Import Request.
  Time of request: 2026-07-11T19:40:26.2884251Z
  Time since last request: 0.0010077 seconds.
  importAddress: GUID: 16177da2e3254cee91944756d5f8ddd3 - Path: Assets/TextMesh Pro/Examples & Extras/Scenes/Benchmark (Floating Text).unity - Importer: ScriptedImporter/UnityEditor.QuickSearchModule:UnityEditor.Search:ASIAI0B
Importing 'GUID: 16177da2e3254cee91944756d5f8ddd3 - Path: Assets/TextMesh Pro/Examples & Extras/Scenes/Benchmark (Floating Text).unity - Importer: ScriptedImporter/UnityEditor.QuickSearchModule:UnityEditor.Search:ASIAI0B' with importer (ScriptedImporter : UnityEditor.QuickSearchModule:UnityEditor.Search:ASIAI0B)
Imported 'GUID: 16177da2e3254cee91944756d5f8ddd3' -> (Import Result ID: '1f980b6a3fab0e8cdb7b2c15d1614169') in 0.009 seconds [static and dynamic dependencies]. Details - ImportResultOutputID=cdf93d19cf557da112b93d0fca50d4b0 DependenciesID=13f28e6c277839394dd980afbaf5f9fc StaticDependenciesID=919be872fa34cb8e0b2995457c9c89e5 
Number of updated asset objects reloaded before import = 0
Number of asset objects unloaded after import = 1
========================================================================
Received Import Request.
  Time of request: 2026-07-11T19:40:26.2988568Z
  Time since last request: 0.0005492 seconds.
  importAddress: GUID: 8c4969fd8ba94a68b07cf11f3e7a5137 - Path: Assets/TextMesh Pro/Examples & Extras/Scenes/24 - Surface Shader Example.unity - Importer: ScriptedImporter/UnityEditor.QuickSearchModule:UnityEditor.Search:ASIAI0B
Importing 'GUID: 8c4969fd8ba94a68b07cf11f3e7a5137 - Path: Assets/TextMesh Pro/Examples & Extras/Scenes/24 - Surface Shader Example.unity - Importer: ScriptedImporter/UnityEditor.QuickSearchModule:UnityEditor.Search:ASIAI0B' with importer (ScriptedImporter : UnityEditor.QuickSearchModule:UnityEditor.Search:ASIAI0B)
Imported 'GUID: 8c4969fd8ba94a68b07cf11f3e7a5137' -> (Import Result ID: 'cf634fccd35f07f656cda7af5712ddbc') in 0.011 seconds [static and dynamic dependencies]. Details - ImportResultOutputID=822485f766f189936edc1aaf7fd884c7 DependenciesID=ba1512db55856475eab5d830d954d4c8 StaticDependenciesID=8d1bf02fc64b5d1e65b9147ca00ac544 
Number of updated asset objects reloaded before import = 0
Number of asset objects unloaded after import = 1
========================================================================
Received Import Request.
  Time of request: 2026-07-11T19:40:26.3115089Z
  Time since last request: 0.0007238 seconds.
  importAddress: GUID: 6eb184de103d4b3f812b38561065192f - Path: Assets/TextMesh Pro/Examples & Extras/Textures/Gradient Horizontal (Color).jpg - Importer: ScriptedImporter/UnityEditor.QuickSearchModule:UnityEditor.Search:ASIAI0B
Importing 'GUID: 6eb184de103d4b3f812b38561065192f - Path: Assets/TextMesh Pro/Examples & Extras/Textures/Gradient Horizontal (Color).jpg - Importer: ScriptedImporter/UnityEditor.QuickSearchModule:UnityEditor.Search:ASIAI0B' with importer (ScriptedImporter : UnityEditor.QuickSearchModule:UnityEditor.Search:ASIAI0B)
Imported 'GUID: 6eb184de103d4b3f812b38561065192f' -> (Import Result ID: 'a1ba9e2ab8c1003bbaa16ccdc6096979') in 0.013 seconds [static and dynamic dependencies]. Details - ImportResultOutputID=090392c69778a533864fea321fe8ce31 DependenciesID=442ece3e37a70a225d33bc4a3f95360f StaticDependenciesID=8fbb3c8d742edabbcc3142aa4d515531 
Number of updated asset objects reloaded before import = 0
Number of asset objects unloaded after import = 1
========================================================================
Received Import Request.
  Time of request: 2026-07-11T19:40:26.3263016Z
  Time since last request: 0.0006283 seconds.
  importAddress: GUID: 125cb55b44b24c4393181402bc6200e6 - Path: Assets/TextMesh Pro/Examples & Extras/Resources/Fonts & Materials/Bangers SDF.asset - Importer: ScriptedImporter/UnityEditor.QuickSearchModule:UnityEditor.Search:ASIAI0B
Importing 'GUID: 125cb55b44b24c4393181402bc6200e6 - Path: Assets/TextMesh Pro/Examples & Extras/Resources/Fonts & Materials/Bangers SDF.asset - Importer: ScriptedImporter/UnityEditor.QuickSearchModule:UnityEditor.Search:ASIAI0B' with importer (ScriptedImporter : UnityEditor.QuickSearchModule:UnityEditor.Search:ASIAI0B)
Imported 'GUID: 125cb55b44b24c4393181402bc6200e6' -> (Import Result ID: 'f4010a683711826cbd9504216e9d154c') in 0.047 seconds [static and dynamic dependencies]. Details - ImportResultOutputID=3fcb4098b96511d6361f1bb3efe7ca8f DependenciesID=a87336c7a373060fee7432a9ce66edba StaticDependenciesID=86bc555f055f65af9314c19afe4b3843 
Number of updated asset objects reloaded before import = 0
Number of asset objects unloaded after import = 5
========================================================================
Received Import Request.
  Time of request: 2026-07-11T19:40:26.3755234Z
  Time since last request: 0.0006382 seconds.
  importAddress: GUID: 08572ab7713642c8a60789750f0bce5c - Path: Assets/TextMesh Pro/Examples & Extras/Scenes/12a - Text Interactions.unity - Importer: ScriptedImporter/UnityEditor.QuickSearchModule:UnityEditor.Search:ASIAI0B
Importing 'GUID: 08572ab7713642c8a60789750f0bce5c - Path: Assets/TextMesh Pro/Examples & Extras/Scenes/12a - Text Interactions.unity - Importer: ScriptedImporter/UnityEditor.QuickSearchModule:UnityEditor.Search:ASIAI0B' with importer (ScriptedImporter : UnityEditor.QuickSearchModule:UnityEditor.Search:ASIAI0B)
Imported 'GUID: 08572ab7713642c8a60789750f0bce5c' -> (Import Result ID: '470b7ef7effbe645cd5237e0ae90d834') in 0.011 seconds [static and dynamic dependencies]. Details - ImportResultOutputID=3d175846058b4d88124070019d9ecc7b DependenciesID=cc65d9d83d3c99a5a41a26f79e50b268 StaticDependenciesID=6f707c702a807870365d13aeb8fc534f 
Number of updated asset objects reloaded before import = 0
Number of asset objects unloaded after import = 1
========================================================================
Received Import Request.
  Time of request: 2026-07-11T19:40:26.3880506Z
  Time since last request: 0.0005578 seconds.
  importAddress: GUID: 337f92480dd24675aae9e79210fb1ad9 - Path: Assets/TextMesh Pro/Examples & Extras/Scenes/20 - Input Field with Scrollbar.unity - Importer: ScriptedImporter/UnityEditor.QuickSearchModule:UnityEditor.Search:ASIAI0B
Importing 'GUID: 337f92480dd24675aae9e79210fb1ad9 - Path: Assets/TextMesh Pro/Examples & Extras/Scenes/20 - Input Field with Scrollbar.unity - Importer: ScriptedImporter/UnityEditor.QuickSearchModule:UnityEditor.Search:ASIAI0B' with importer (ScriptedImporter : UnityEditor.QuickSearchModule:UnityEditor.Search:ASIAI0B)
Imported 'GUID: 337f92480dd24675aae9e79210fb1ad9' -> (Import Result ID: 'ed80b4d00715b13e807d8d419326f55b') in 0.011 seconds [static and dynamic dependencies]. Details - ImportResultOutputID=6834fd07ebbd0d43b3cec7046ad641e7 DependenciesID=873645eba6dbe7f90262824cdcbcb14e StaticDependenciesID=bf96d0694dbfc7cb529a26233dea3233 
Number of updated asset objects reloaded before import = 0
Number of asset objects unloaded after import = 1
========================================================================
Received Import Request.
  Time of request: 2026-07-11T19:40:26.3998785Z
  Time since last request: 0.0003566 seconds.
  importAddress: GUID: 70615243e2be4a81afaab9bf5d273d65 - Path: Assets/TextMesh Pro/Examples & Extras/Scenes/05 - Style Tags.unity - Importer: ScriptedImporter/UnityEditor.QuickSearchModule:UnityEditor.Search:ASIAI0B
Importing 'GUID: 70615243e2be4a81afaab9bf5d273d65 - Path: Assets/TextMesh Pro/Examples & Extras/Scenes/05 - Style Tags.unity - Importer: ScriptedImporter/UnityEditor.QuickSearchModule:UnityEditor.Search:ASIAI0B' with importer (ScriptedImporter : UnityEditor.QuickSearchModule:UnityEditor.Search:ASIAI0B)
Imported 'GUID: 70615243e2be4a81afaab9bf5d273d65' -> (Import Result ID: '03d4e9dcebe73cb1d38d3a02f1f2d780') in 0.010 seconds [static and dynamic dependencies]. Details - ImportResultOutputID=69b2404cff767fcf43cc9d99b36aa509 DependenciesID=f549b5db5f6bd2002d30e669e109c6ec StaticDependenciesID=f16c32e6792ca09cfee339f2919b0130 
Number of updated asset objects reloaded before import = 0
Number of asset objects unloaded after import = 1
========================================================================
Received Import Request.
  Time of request: 2026-07-11T19:40:26.4109519Z
  Time since last request: 0.0007459 seconds.
  importAddress: GUID: 42df1c7856584b6b8db9a509b6b10074 - Path: Assets/TextMesh Pro/Examples & Extras/Resources/Fonts & Materials/LiberationSans SDF - Soft Mask.mat - Importer: ScriptedImporter/UnityEditor.QuickSearchModule:UnityEditor.Search:ASIAI0B
Importing 'GUID: 42df1c7856584b6b8db9a509b6b10074 - Path: Assets/TextMesh Pro/Examples & Extras/Resources/Fonts & Materials/LiberationSans SDF - Soft Mask.mat - Importer: ScriptedImporter/UnityEditor.QuickSearchModule:UnityEditor.Search:ASIAI0B' with importer (ScriptedImporter : UnityEditor.QuickSearchModule:UnityEditor.Search:ASIAI0B)
Imported 'GUID: 42df1c7856584b6b8db9a509b6b10074' -> (Import Result ID: '373bfb983d890c8df8ba84d699951ead') in 0.026 seconds [static and dynamic dependencies]. Details - ImportResultOutputID=31de3a3b98d60a4e2f3cc7bb9b0a4501 DependenciesID=b287866cd4d193aa96706409081a51c6 StaticDependenciesID=560ef6ba0c43f8637e3bb022f5bc36b8 
Number of updated asset objects reloaded before import = 0
Number of asset objects unloaded after import = 3
========================================================================
Received Import Request.
  Time of request: 2026-07-11T19:40:26.4382268Z
  Time since last request: 0.0005772 seconds.
  importAddress: GUID: 3979ce59e55144c89a2b3b3f8dcf7fd3 - Path: Assets/TextMesh Pro/Examples & Extras/Scripts - Importer: ScriptedImporter/UnityEditor.QuickSearchModule:UnityEditor.Search:ASIAI0B
Importing 'GUID: 3979ce59e55144c89a2b3b3f8dcf7fd3 - Path: Assets/TextMesh Pro/Examples & Extras/Scripts - Importer: ScriptedImporter/UnityEditor.QuickSearchModule:UnityEditor.Search:ASIAI0B' with importer (ScriptedImporter : UnityEditor.QuickSearchModule:UnityEditor.Search:ASIAI0B)
Imported 'GUID: 3979ce59e55144c89a2b3b3f8dcf7fd3' -> (Import Result ID: 'ce9a00227a5355d3b945d4951e45c0eb') in 0.008 seconds [static and dynamic dependencies]. Details - ImportResultOutputID=70d6507ff063632da50d96925fb8c38b DependenciesID=813446012eb49be1af41483fd2a9ab58 StaticDependenciesID=380c2dd89d906d37f4300c6993198e8f 
Number of updated asset objects reloaded before import = 0
Number of asset objects unloaded after import = 1
========================================================================
Received Import Request.
  Time of request: 2026-07-11T19:40:26.4479541Z
  Time since last request: 0.0008426 seconds.
  importAddress: GUID: e76e6c0f81964cbda3fe0b7d26ed8060 - Path: Assets/TextMesh Pro/Examples & Extras/Scenes/15 - Inline Graphics & Sprites.unity - Importer: ScriptedImporter/UnityEditor.QuickSearchModule:UnityEditor.Search:ASIAI0B
Importing 'GUID: e76e6c0f81964cbda3fe0b7d26ed8060 - Path: Assets/TextMesh Pro/Examples & Extras/Scenes/15 - Inline Graphics & Sprites.unity - Importer: ScriptedImporter/UnityEditor.QuickSearchModule:UnityEditor.Search:ASIAI0B' with importer (ScriptedImporter : UnityEditor.QuickSearchModule:UnityEditor.Search:ASIAI0B)
Imported 'GUID: e76e6c0f81964cbda3fe0b7d26ed8060' -> (Import Result ID: '39936c730612295c8390ff8e1a5c2cc3') in 0.008 seconds [static and dynamic dependencies]. Details - ImportResultOutputID=5efe35df6bb09e1b6240bc519f7864ce DependenciesID=4ab366a859ee02fcdd24ecacfa2de134 StaticDependenciesID=14c3bcd36551aebcaeafda732cf142d6 
Number of updated asset objects reloaded before import = 0
Number of asset objects unloaded after import = 1
========================================================================
Received Import Request.
  Time of request: 2026-07-11T19:40:26.4567458Z
  Time since last request: 0.0005417 seconds.
  importAddress: GUID: 8a89fa14b10d46a99122fd4f73fca9a2 - Path: Assets/TextMesh Pro/Examples & Extras/Resources/Fonts & Materials/Anton SDF.asset - Importer: ScriptedImporter/UnityEditor.QuickSearchModule:UnityEditor.Search:ASIAI0B
Importing 'GUID: 8a89fa14b10d46a99122fd4f73fca9a2 - Path: Assets/TextMesh Pro/Examples & Extras/Resources/Fonts & Materials/Anton SDF.asset - Importer: ScriptedImporter/UnityEditor.QuickSearchModule:UnityEditor.Search:ASIAI0B' with importer (ScriptedImporter : UnityEditor.QuickSearchModule:UnityEditor.Search:ASIAI0B)
Imported 'GUID: 8a89fa14b10d46a99122fd4f73fca9a2' -> (Import Result ID: 'a0c5a0e64dd0e812fc62c9525dd7a6dc') in 0.033 seconds [static and dynamic dependencies]. Details - ImportResultOutputID=9a3461034db0bd7588a935b237994c02 DependenciesID=c0992eb9ea6e2749cba473b1c4e1142c StaticDependenciesID=0bdbf2acdf3637e8de2d2daeb64cbb38 
Number of updated asset objects reloaded before import = 0
Number of asset objects unloaded after import = 5
========================================================================
Received Import Request.
  Time of request: 2026-07-11T19:40:26.5021347Z
  Time since last request: 0.0115238 seconds.
  importAddress: GUID: 4beb055f07aaff244873dec698d0363e - Path: Assets/TextMesh Pro/Examples & Extras/Fonts/Roboto-Bold.ttf - Importer: ScriptedImporter/UnityEditor.QuickSearchModule:UnityEditor.Search:ASIAI0B
Importing 'GUID: 4beb055f07aaff244873dec698d0363e - Path: Assets/TextMesh Pro/Examples & Extras/Fonts/Roboto-Bold.ttf - Importer: ScriptedImporter/UnityEditor.QuickSearchModule:UnityEditor.Search:ASIAI0B' with importer (ScriptedImporter : UnityEditor.QuickSearchModule:UnityEditor.Search:ASIAI0B)
Imported 'GUID: 4beb055f07aaff244873dec698d0363e' -> (Import Result ID: 'afa74537c9562dc0a062249e4fd0a643') in 0.010 seconds [static and dynamic dependencies]. Details - ImportResultOutputID=914b380f33652d54f3c83774d4125011 DependenciesID=e72ffa28bcae8ff32bf18953c18d53d7 StaticDependenciesID=64a184b5b44eef4bbf5a8eb5a82af8f1 
Number of updated asset objects reloaded before import = 0
Number of asset objects unloaded after import = 3
========================================================================
Received Import Request.
  Time of request: 2026-07-11T19:40:26.5134716Z
  Time since last request: 0.000562 seconds.
  importAddress: GUID: 71529b88994c1a341b22bc57c038674a - Path: Assets/TextMesh Pro/Examples & Extras/Materials/Ground - URP.mat - Importer: ScriptedImporter/UnityEditor.QuickSearchModule:UnityEditor.Search:ASIAI0B
Importing 'GUID: 71529b88994c1a341b22bc57c038674a - Path: Assets/TextMesh Pro/Examples & Extras/Materials/Ground - URP.mat - Importer: ScriptedImporter/UnityEditor.QuickSearchModule:UnityEditor.Search:ASIAI0B' with importer (ScriptedImporter : UnityEditor.QuickSearchModule:UnityEditor.Search:ASIAI0B)
Imported 'GUID: 71529b88994c1a341b22bc57c038674a' -> (Import Result ID: '9cafd973107796ad346990b78c6572a0') in 0.009 seconds [static and dynamic dependencies]. Details - ImportResultOutputID=45f8a6a18da55e60843ecfb1dbfa68ad DependenciesID=fbfadbf38934c132c3a604d0460832ad StaticDependenciesID=e7325ff64a7d89f05191000bc951aa8e 
Number of updated asset objects reloaded before import = 0
Number of asset objects unloaded after import = 1
========================================================================
Received Import Request.
  Time of request: 2026-07-11T19:40:26.5238764Z
  Time since last request: 0.0005348 seconds.
  importAddress: GUID: 91b8ba3d52e041fab2d0e0f169855539 - Path: Assets/TextMesh Pro/Examples & Extras/Scripts/VertexColorCycler.cs - Importer: ScriptedImporter/UnityEditor.QuickSearchModule:UnityEditor.Search:ASIAI0B
Importing 'GUID: 91b8ba3d52e041fab2d0e0f169855539 - Path: Assets/TextMesh Pro/Examples & Extras/Scripts/VertexColorCycler.cs - Importer: ScriptedImporter/UnityEditor.QuickSearchModule:UnityEditor.Search:ASIAI0B' with importer (ScriptedImporter : UnityEditor.QuickSearchModule:UnityEditor.Search:ASIAI0B)
Imported 'GUID: 91b8ba3d52e041fab2d0e0f169855539' -> (Import Result ID: '184450b17192e94aa8577b423a7536c6') in 0.010 seconds [static and dynamic dependencies]. Details - ImportResultOutputID=107820ddccc84a174dddfd2609c6d859 DependenciesID=c154dbbbae60281d8dd857505846facc StaticDependenciesID=40342356c214748a29167b1dc5cab32d 
Number of updated asset objects reloaded before import = 0
Number of asset objects unloaded after import = 0
========================================================================
Received Import Request.
  Time of request: 2026-07-11T19:40:26.5353231Z
  Time since last request: 0.0005526 seconds.
  importAddress: GUID: 57694ed9d1cd1e340a4924c0f2eac8e3 - Path: Assets/TextMesh Pro/Examples & Extras/Scenes/24 - Surface Shader Example URP.unity - Importer: ScriptedImporter/UnityEditor.QuickSearchModule:UnityEditor.Search:ASIAI0B
Importing 'GUID: 57694ed9d1cd1e340a4924c0f2eac8e3 - Path: Assets/TextMesh Pro/Examples & Extras/Scenes/24 - Surface Shader Example URP.unity - Importer: ScriptedImporter/UnityEditor.QuickSearchModule:UnityEditor.Search:ASIAI0B' with importer (ScriptedImporter : UnityEditor.QuickSearchModule:UnityEditor.Search:ASIAI0B)
Imported 'GUID: 57694ed9d1cd1e340a4924c0f2eac8e3' -> (Import Result ID: 'd84807bab5a388a5b44c96032dc0f940') in 0.014 seconds [static and dynamic dependencies]. Details - ImportResultOutputID=1215894849c6d668ce36ef2415ec91e0 DependenciesID=eb5216fb9a90111292ee1e3db9e824d3 StaticDependenciesID=96479f2507372465ee665ce4cc096658 
Number of updated asset objects reloaded before import = 0
Number of asset objects unloaded after import = 1
========================================================================
Received Import Request.
  Time of request: 2026-07-11T19:40:26.5505016Z
  Time since last request: 0.000909 seconds.
  importAddress: GUID: 2e498d1c8094910479dc3e1b768306a4 - Path: Assets/TextMesh Pro/Resources/Fonts & Materials/LiberationSans SDF - Fallback.asset - Importer: ScriptedImporter/UnityEditor.QuickSearchModule:UnityEditor.Search:ASIAI0B
Importing 'GUID: 2e498d1c8094910479dc3e1b768306a4 - Path: Assets/TextMesh Pro/Resources/Fonts & Materials/LiberationSans SDF - Fallback.asset - Importer: ScriptedImporter/UnityEditor.QuickSearchModule:UnityEditor.Search:ASIAI0B' with importer (ScriptedImporter : UnityEditor.QuickSearchModule:UnityEditor.Search:ASIAI0B)
Imported 'GUID: 2e498d1c8094910479dc3e1b768306a4' -> (Import Result ID: '2f73d8de86b5225f18ad3809b5424fb8') in 0.031 seconds [static and dynamic dependencies]. Details - ImportResultOutputID=9b958ea519bec723bee2035dec70f6c2 DependenciesID=5f766f652fbfd9145f6d85b4d1b27b96 StaticDependenciesID=ea2df800df74e1f7965afaf90d86f90c 
Number of updated asset objects reloaded before import = 0
Number of asset objects unloaded after import = 5
========================================================================
Received Import Request.
  Time of request: 2026-07-11T19:40:26.5827379Z
  Time since last request: 0.0007133 seconds.
  importAddress: GUID: 1312ae25639a4bae8e25ae223209cc50 - Path: Assets/TextMesh Pro/Examples & Extras/Scripts/TMP_TextEventHandler.cs - Importer: ScriptedImporter/UnityEditor.QuickSearchModule:UnityEditor.Search:ASIAI0B
Importing 'GUID: 1312ae25639a4bae8e25ae223209cc50 - Path: Assets/TextMesh Pro/Examples & Extras/Scripts/TMP_TextEventHandler.cs - Importer: ScriptedImporter/UnityEditor.QuickSearchModule:UnityEditor.Search:ASIAI0B' with importer (ScriptedImporter : UnityEditor.QuickSearchModule:UnityEditor.Search:ASIAI0B)
Imported 'GUID: 1312ae25639a4bae8e25ae223209cc50' -> (Import Result ID: '98ce500dc0db07cf4844657c2f0c7214') in 0.010 seconds [static and dynamic dependencies]. Details - ImportResultOutputID=9647575a207ce37ffcc1dafe94a2a399 DependenciesID=db59f13470a0a099c2f4809507302555 StaticDependenciesID=d4abc1c641fbab5a173e23ba42b30b29 
Number of updated asset objects reloaded before import = 0
Number of asset objects unloaded after import = 0
========================================================================
Received Import Request.
  Time of request: 2026-07-11T19:40:26.5954447Z
  Time since last request: 0.0017428 seconds.
  importAddress: GUID: f88677df267a41d6be1e7a6133e7d227 - Path: Assets/TextMesh Pro/Examples & Extras/Textures/Brushed Metal 3.jpg - Importer: ScriptedImporter/UnityEditor.QuickSearchModule:UnityEditor.Search:ASIAI0B
Importing 'GUID: f88677df267a41d6be1e7a6133e7d227 - Path: Assets/TextMesh Pro/Examples & Extras/Textures/Brushed Metal 3.jpg - Importer: ScriptedImporter/UnityEditor.QuickSearchModule:UnityEditor.Search:ASIAI0B' with importer (ScriptedImporter : UnityEditor.QuickSearchModule:UnityEditor.Search:ASIAI0B)
Imported 'GUID: f88677df267a41d6be1e7a6133e7d227' -> (Import Result ID: '52d2d89f166ce96b25f5f5bb42977b77') in 0.022 seconds [static and dynamic dependencies]. Details - ImportResultOutputID=2cac37ea2193667af282f98c452a4756 DependenciesID=2cc53211482aa0024305bf752896075b StaticDependenciesID=2e63b7f3a6223a7256c9dbe91e7ebd84 
Number of updated asset objects reloaded before import = 0
Number of asset objects unloaded after import = 1
========================================================================
Received Import Request.
  Time of request: 2026-07-11T19:40:26.6184851Z
  Time since last request: 0.0006879 seconds.
  importAddress: GUID: dc36b3fdc14f47ebb36fd484a67e268a - Path: Assets/TextMesh Pro/Examples & Extras/Resources/Fonts & Materials/Electronic Highway Sign SDF.asset - Importer: ScriptedImporter/UnityEditor.QuickSearchModule:UnityEditor.Search:ASIAI0B
Importing 'GUID: dc36b3fdc14f47ebb36fd484a67e268a - Path: Assets/TextMesh Pro/Examples & Extras/Resources/Fonts & Materials/Electronic Highway Sign SDF.asset - Importer: ScriptedImporter/UnityEditor.QuickSearchModule:UnityEditor.Search:ASIAI0B' with importer (ScriptedImporter : UnityEditor.QuickSearchModule:UnityEditor.Search:ASIAI0B)
Imported 'GUID: dc36b3fdc14f47ebb36fd484a67e268a' -> (Import Result ID: '15fe983c73d9cfdd7de430863554107f') in 0.060 seconds [static and dynamic dependencies]. Details - ImportResultOutputID=2f4b0120f4b14979bff44f1f5a6a6985 DependenciesID=3ef6ec1122b3bc274bec67994b61a634 StaticDependenciesID=3b743e81f4279ac8e98a07fadd3309b4 
Number of updated asset objects reloaded before import = 0
Number of asset objects unloaded after import = 5
========================================================================
Received Import Request.
  Time of request: 2026-07-11T19:40:26.6810445Z
  Time since last request: 0.0007942 seconds.
  importAddress: GUID: 73a79399807f4e8388c2cbb5494681ca - Path: Assets/TextMesh Pro/Examples & Extras/Fonts/Anton OFL.txt - Importer: ScriptedImporter/UnityEditor.QuickSearchModule:UnityEditor.Search:ASIAI0B
Importing 'GUID: 73a79399807f4e8388c2cbb5494681ca - Path: Assets/TextMesh Pro/Examples & Extras/Fonts/Anton OFL.txt - Importer: ScriptedImporter/UnityEditor.QuickSearchModule:UnityEditor.Search:ASIAI0B' with importer (ScriptedImporter : UnityEditor.QuickSearchModule:UnityEditor.Search:ASIAI0B)
Imported 'GUID: 73a79399807f4e8388c2cbb5494681ca' -> (Import Result ID: '29b26c79313f7068f65124ad592ce27a') in 0.013 seconds [static and dynamic dependencies]. Details - ImportResultOutputID=f8c139df7f21f37bc82e8ebc6b54d787 DependenciesID=5c7a3dcec4185cdcae8404565198a51a StaticDependenciesID=6f75f298a77871dbdb6d0580c0f70b06 
Number of updated asset objects reloaded before import = 0
Number of asset objects unloaded after import = 1
========================================================================
Received Prepare
AcceleratorClientConnectionCallback - disconnected - :0
Unloading 0 Unused Serialized files (Serialized files now loaded: 0)
Unloading 14 unused Assets / (0.7 KB). Loaded Objects now: 1148.
Memory consumption went from 164.2 MB to 164.2 MB.
Total: 7.245800 ms (FindLiveObjects: 0.115900 ms CreateObjectMapping: 0.052400 ms MarkObjects: 7.004400 ms  DeleteObjects: 0.070700 ms)

Prepare: number of updated asset objects reloaded= 0
========================================================================
Received Import Request.
  Time of request: 2026-07-11T19:40:52.1950788Z
  Time since last request: 25.5006821 seconds.
  importAddress: GUID: 5312039f7d992ba45b519fcd6bef2a62 - Path: Assets/Fondos/Nivel 1 No oficial.unity - Importer: PreviewImporter
Importing 'GUID: 5312039f7d992ba45b519fcd6bef2a62 - Path: Assets/Fondos/Nivel 1 No oficial.unity - Importer: PreviewImporter' with importer (PreviewImporter)
Imported 'GUID: 5312039f7d992ba45b519fcd6bef2a62' -> (Import Result ID: 'e05b0a1cb990e4c361e4a19ac1045721') in 0.002 seconds [static and dynamic dependencies]. Details - ImportResultOutputID=f1e949afe9b65fd7fa98a29618043365 DependenciesID=c1407da5f5750257d9471102d0eea438 StaticDependenciesID=3f6a82db323942262635e8ca872b44ee 
Number of updated asset objects reloaded before import = 0
Number of asset objects unloaded after import = 0
========================================================================
Received Prepare
AcceleratorClientConnectionCallback - disconnected - :0
Begin MonoManager ReloadAssembly
[Licensing::Client] Successfully resolved entitlement details
Native extension for WindowsStandalone target not found
[Package Manager] Failed to launch server process. Reason: Unity was launched with the -noUpm command-line argument
[Package Manager] Unable to send message (not connected to server process).
[Package Manager] Cannot connect to Unity Package Manager local server
ScheduleIndexationOnStartup MainProcess:False IndexOnStartup:True
Mono: successfully reloaded assembly
- Finished resetting the current domain, in  0.617 seconds
Domain Reload Profiling: 1271ms
	BeginReloadAssembly (345ms)
		DisableScriptedObjects (15ms)
		CreateAndSetChildDomain (69ms)
	RebuildCommonClasses (15ms)
	RebuildNativeTypeToScriptingClass (36ms)
	initialDomainReloadingComplete (83ms)
	LoadAllAssembliesAndSetupDomain (171ms)
		LoadAssemblies (167ms)
		AnalyzeDomain (13ms)
			TypeCache.Refresh (7ms)
			ResolveRequiredComponents (3ms)
	FinalizeReload (622ms)
		SetupLoadedEditorAssemblies (0ms)
			BeforeProcessingInitializeOnLoad (164ms)
			ProcessInitializeOnLoadAttributes (118ms)
			ProcessInitializeOnLoadMethodAttributes (109ms)
			AfterProcessingInitializeOnLoad (15ms)
		AwakeInstancesAfterBackupRestoration (5ms)
Unloading 0 Unused Serialized files (Serialized files now loaded: 0)
Unloading 520 unused Assets / (56.5 KB). Loaded Objects now: 1148.
Memory consumption went from 164.3 MB to 164.2 MB.
Total: 7.394200 ms (FindLiveObjects: 0.146900 ms CreateObjectMapping: 0.175000 ms MarkObjects: 6.822500 ms  DeleteObjects: 0.248000 ms)

Prepare: number of updated asset objects reloaded= 0
========================================================================
Received Prepare
AcceleratorClientConnectionCallback - disconnected - :0
Unloading 0 Unused Serialized files (Serialized files now loaded: 0)
Unloading 520 unused Assets / (58.2 KB). Loaded Objects now: 1148.
Memory consumption went from 165.1 MB to 165.0 MB.
Total: 7.114800 ms (FindLiveObjects: 0.190400 ms CreateObjectMapping: 0.132400 ms MarkObjects: 6.590600 ms  DeleteObjects: 0.198700 ms)

Prepare: number of updated asset objects reloaded= 0
========================================================================
Received Prepare
AcceleratorClientConnectionCallback - disconnected - :0
Begin MonoManager ReloadAssembly
[Licensing::Client] Successfully resolved entitlement details
Native extension for WindowsStandalone target not found
[Package Manager] Failed to launch server process. Reason: Unity was launched with the -noUpm command-line argument
[Package Manager] Unable to send message (not connected to server process).
[Package Manager] Cannot connect to Unity Package Manager local server
ScheduleIndexationOnStartup MainProcess:False IndexOnStartup:True
Mono: successfully reloaded assembly
- Finished resetting the current domain, in  0.689 seconds
Domain Reload Profiling: 1282ms
	BeginReloadAssembly (284ms)
		DisableScriptedObjects (14ms)
		CreateAndSetChildDomain (46ms)
	RebuildCommonClasses (19ms)
	RebuildNativeTypeToScriptingClass (28ms)
	initialDomainReloadingComplete (70ms)
	LoadAllAssembliesAndSetupDomain (188ms)
		LoadAssemblies (157ms)
		AnalyzeDomain (42ms)
			TypeCache.Refresh (13ms)
			BuildScriptInfoCaches (24ms)
			ResolveRequiredComponents (3ms)
	FinalizeReload (694ms)
		SetupLoadedEditorAssemblies (0ms)
			InitializePlatformSupportModulesInManaged (5ms)
			BeforeProcessingInitializeOnLoad (164ms)
			ProcessInitializeOnLoadAttributes (120ms)
			ProcessInitializeOnLoadMethodAttributes (163ms)
			AfterProcessingInitializeOnLoad (13ms)
		AwakeInstancesAfterBackupRestoration (6ms)
Unloading 0 Unused Serialized files (Serialized files now loaded: 0)
Unloading 520 unused Assets / (61.0 KB). Loaded Objects now: 1148.
Memory consumption went from 165.5 MB to 165.5 MB.
Total: 8.643000 ms (FindLiveObjects: 0.178500 ms CreateObjectMapping: 0.229500 ms MarkObjects: 7.999500 ms  DeleteObjects: 0.232000 ms)

Prepare: number of updated asset objects reloaded= 0
========================================================================
Received Prepare
AcceleratorClientConnectionCallback - disconnected - :0
Unloading 0 Unused Serialized files (Serialized files now loaded: 0)
Unloading 0 unused Assets / (0 B). Loaded Objects now: 1148.
Memory consumption went from 166.0 MB to 166.0 MB.
Total: 229.786200 ms (FindLiveObjects: 2.554700 ms CreateObjectMapping: 0.153000 ms MarkObjects: 226.576000 ms  DeleteObjects: 0.497000 ms)

Prepare: number of updated asset objects reloaded= 0
========================================================================
Received Import Request.
  Time of request: 2026-07-11T19:52:42.1789156Z
  Time since last request: 709.98084719999997 seconds.
  importAddress: GUID: b28199d36e49f2949903d030b102b0ec - Path: Assets/Fondos e iconos - Importer: ScriptedImporter/UnityEditor.QuickSearchModule:UnityEditor.Search:ASIAI0B
Importing 'GUID: b28199d36e49f2949903d030b102b0ec - Path: Assets/Fondos e iconos - Importer: ScriptedImporter/UnityEditor.QuickSearchModule:UnityEditor.Search:ASIAI0B' with importer (ScriptedImporter : UnityEditor.QuickSearchModule:UnityEditor.Search:ASIAI0B)
Imported 'GUID: b28199d36e49f2949903d030b102b0ec' -> (Import Result ID: '3fbda6bb1d6ad1a2e4983f1c40dc832d') in 0.376 seconds [static and dynamic dependencies]. Details - ImportResultOutputID=c7c25f19d21e3814924c20d81a5bad65 DependenciesID=5ce5a006f5287de23670be76ec8a8d99 StaticDependenciesID=b780fcdff11250ccbdd02e32a0c49e9c 
Number of updated asset objects reloaded before import = 0
Number of asset objects unloaded after import = 1
========================================================================
Received Import Request.
  Time of request: 2026-07-11T19:52:42.6345231Z
  Time since last request: 0.0008257 seconds.
  importAddress: GUID: 9f67f780e8948574790976d13afeabaf - Path: Assets/Fondos e iconos/FondoInfinito.prefab - Importer: ScriptedImporter/UnityEditor.QuickSearchModule:UnityEditor.Search:ASIAI0B
Importing 'GUID: 9f67f780e8948574790976d13afeabaf - Path: Assets/Fondos e iconos/FondoInfinito.prefab - Importer: ScriptedImporter/UnityEditor.QuickSearchModule:UnityEditor.Search:ASIAI0B' with importer (ScriptedImporter : UnityEditor.QuickSearchModule:UnityEditor.Search:ASIAI0B)
Imported 'GUID: 9f67f780e8948574790976d13afeabaf' -> (Import Result ID: '32ae25f5555ab4a823403ea5f4ba1f3b') in 0.308 seconds [static and dynamic dependencies]. Details - ImportResultOutputID=e8c1d7d4f3aa6993a871368136a46d57 DependenciesID=a131930dd350bbd77fc4b59a7b36b11a StaticDependenciesID=7f044e3dcd7f98ac26a57670d9b4c086 
Number of updated asset objects reloaded before import = 0
Number of asset objects unloaded after import = 11
========================================================================
Received Import Request.
  Time of request: 2026-07-11T19:53:06.9486957Z
  Time since last request: 24.0051393 seconds.
  importAddress: GUID: 8e6ed6c4e101f3e4c9a57940782b4564 - Path: Assets/Fondos e iconos/sin-sonido.png - Importer: ScriptedImporter/UnityEditor.QuickSearchModule:UnityEditor.Search:ASIAI0B
Importing 'GUID: 8e6ed6c4e101f3e4c9a57940782b4564 - Path: Assets/Fondos e iconos/sin-sonido.png - Importer: ScriptedImporter/UnityEditor.QuickSearchModule:UnityEditor.Search:ASIAI0B' with importer (ScriptedImporter : UnityEditor.QuickSearchModule:UnityEditor.Search:ASIAI0B)
Imported 'GUID: 8e6ed6c4e101f3e4c9a57940782b4564' -> (Import Result ID: '413831d1945cf236e0242a444f9940ed') in 0.113 seconds [static and dynamic dependencies]. Details - ImportResultOutputID=f4f7f038c623106e91e871e1353aabdb DependenciesID=c1a4720f36d93db3db300f05515d882a StaticDependenciesID=cdf833168d6bbc8d65d9d3ec1f6ea56d 
Number of updated asset objects reloaded before import = 0
Number of asset objects unloaded after import = 1
========================================================================
Received Import Request.
  Time of request: 2026-07-11T19:53:07.0641615Z
  Time since last request: 0.0010722 seconds.
  importAddress: GUID: 0cb8d26491647a14eaedd7f96f9f4fab - Path: Assets/Fondos e iconos/sonido.png - Importer: ScriptedImporter/UnityEditor.QuickSearchModule:UnityEditor.Search:ASIAI0B
Importing 'GUID: 0cb8d26491647a14eaedd7f96f9f4fab - Path: Assets/Fondos e iconos/sonido.png - Importer: ScriptedImporter/UnityEditor.QuickSearchModule:UnityEditor.Search:ASIAI0B' with importer (ScriptedImporter : UnityEditor.QuickSearchModule:UnityEditor.Search:ASIAI0B)
Imported 'GUID: 0cb8d26491647a14eaedd7f96f9f4fab' -> (Import Result ID: '4e04be3a35a9c59d063b15bfb8ebcc07') in 0.016 seconds [static and dynamic dependencies]. Details - ImportResultOutputID=dd7110720bd11107754d0ddbeea04d7d DependenciesID=474ae5e47144ee389e7c9719adf8b2df StaticDependenciesID=9e13bbae261816ae5f45b3e9659b7a82 
Number of updated asset objects reloaded before import = 0
Number of asset objects unloaded after import = 1
Editor requested this worker to shutdown with reason: Editor is closing down
AcceleratorClientConnectionCallback - disconnected - :0
AssetImportWorker is now disconnected from the server
Process exiting
Exiting without the bug reporter. Application will terminate with return code 0