[Licensing::Module] Trying to connect to existing licensing client channel...
Built from '6000.5/staging' branch; Version is '6000.5.0f1 (88b47c5e7076) revision 8959100'; Using compiler version '194234433'; Build Type 'Release'
OS: 'Windows 11  (10.0.26200) Core' Language: 'en' Physical Memory: 7975 MB
BatchMode: 1, IsHumanControllingUs: 0, StartBugReporterOnCrash: 0, Is64bit: 1
System  architecture: x64
[Licensing::IpcConnector] Successfully connected to: "LicenseClient-Oswel Cardona" at "2026-07-11T00:50:48.3755051Z"
Process architecture: x64
Date: 2026-07-11T00:50:48Z

COMMAND LINE ARGUMENTS:
C:\Unity Editors\6000.5.0f1\Editor\Unity.exe
-adb2
-batchMode
-noUpm
-name
AssetImportWorkerHW0
-projectPath
C:/Users/Oswel Cardona/OneDrive/Documents/GitHub/scape-from-utp-juego
-logFile
Logs/AssetImportWorkerHW0.log
-srvPort
57779
-parentPid
7600
-analyticsCloudUserId
anonymous
-analyticsLocalProjectId
8e6b41a4231c5674db186c51b5e323f1
-licensingIpc
LicenseClient-Oswel Cardona
-noDiagnosticSwitchPersistentStore
-job-worker-count
3
-background-job-worker-count
8
-asset-garbage-collectors
1
-force-d3d12
-name
AssetImport
Successfully changed project path to: C:/Users/Oswel Cardona/OneDrive/Documents/GitHub/scape-from-utp-juego
C:/Users/Oswel Cardona/OneDrive/Documents/GitHub/scape-from-utp-juego
[UnityMemory] Configuration Parameters - Can be set up in boot.config
    "memorysetup-temp-allocator-size-gi-baking-worker=262144"
    "memorysetup-temp-allocator-size-gi-baking-worker=262144"
    "memorysetup-temp-allocator-size-gi-baking-worker=262144"
    "memorysetup-temp-allocator-size-gi-baking-worker=262144"
    "memorysetup-temp-allocator-size-gi-baking-worker=262144"
    "memorysetup-temp-allocator-size-nav-mesh-worker=65536"
    "memorysetup-temp-allocator-size-audio-worker=65536"
    "memorysetup-temp-allocator-size-cloud-worker=32768"
    "memorysetup-temp-allocator-size-gfx=262144"
    "memorysetup-temp-allocator-size-preload-manager=33554432"
    "memorysetup-allocator-temp-initial-block-size-main=262144"
    "memorysetup-allocator-temp-initial-block-size-worker=262144"
    "memorysetup-temp-allocator-size-job-worker=262144"
    "memorysetup-temp-allocator-size-background-worker=32768"
    "memorysetup-bucket-allocator-granularity=16"
    "memorysetup-bucket-allocator-bucket-count=8"
    "memorysetup-bucket-allocator-block-size=33554432"
    "memorysetup-bucket-allocator-block-count=8"
    "memorysetup-main-allocator-block-size=16777216"
    "memorysetup-thread-allocator-block-size=16777216"
    "memorysetup-main-allocator-mimalloc-enabled=0"
    "memorysetup-gfx-main-allocator-block-size=16777216"
    "memorysetup-gfx-thread-allocator-block-size=16777216"
    "memorysetup-cache-allocator-block-size=4194304"
    "memorysetup-typetree-allocator-block-size=2097152"
    "memorysetup-profiler-bucket-allocator-granularity=16"
    "memorysetup-profiler-bucket-allocator-bucket-count=8"
    "memorysetup-profiler-bucket-allocator-block-size=33554432"
    "memorysetup-profiler-bucket-allocator-block-count=8"
    "memorysetup-profiler-allocator-block-size=16777216"
    "memorysetup-profiler-editor-allocator-block-size=1048576"
    "memorysetup-temp-allocator-size-main=16777216"
    "memorysetup-job-temp-allocator-block-size=2097152"
    "memorysetup-job-temp-allocator-block-size-background=1048576"
    "memorysetup-job-temp-allocator-reduction-small-platforms=262144"
Player connection [30328]  Target information:

Player connection [30328]  * "[IP] 192.168.0.3 [Port] 0 [Flags] 2 [Guid] 3580633440 [EditorId] 3580633440 [Version] 1048832 [Id] WindowsEditor(7,LAPTOP-5D6TS9H6) [Debug] 1 [PackageName] WindowsEditor [ProjectName] Editor" 

Player connection [30328] Host joined multi-casting on [225.0.0.222:54997]...
Player connection [30328] Host joined alternative multi-casting on [225.0.0.222:34997]...
JobSystem: Creating JobQueue using job-worker-count value 3
Input System module state changed to: Initialized.
[Physics::Module] Initialized fallback backend.
[Physics::Module] Id: 0xdecafbad
Library Redirect Path: Library/
[Physics::Module] Selected backend.
[Physics::Module] Name: PhysX
[Physics::Module] Id: 0xf2b8ea05
[Physics::Module] SDK Version: 4.1.2
[Physics::Module] Integration Version: 1.0.0
[Physics::Module] Threading Mode: Multi-Threaded
Initialize engine version: 6000.5.0f1 (88b47c5e7076)
[Subsystems] Discovering subsystems at path C:/Unity Editors/6000.5.0f1/Editor/Data/Resources/UnitySubsystems
[Subsystems] Discovering subsystems at path C:/Users/Oswel Cardona/OneDrive/Documents/GitHub/scape-from-utp-juego/Assets
Forcing GfxDevice: Direct3D 12
GfxDevice: creating device client; kGfxThreadingModeNonThreaded
d3d12: failed to query info queue interface (0x80004002).
Direct3D:
    Version:         Direct3D 12 [level 12.1]
    Renderer:        NVIDIA GeForce GTX 1650 (ID=0x1f9d)
    Vendor:          NVIDIA
    VRAM:            3952 MB
    App VRAM Budget: 3359 MB
    Driver:          31.0.15.2904
Initialize mono
Mono path[0] = 'C:/Unity Editors/6000.5.0f1/Editor/Data/Managed'
Mono path[1] = 'C:/Unity Editors/6000.5.0f1/Editor/Data/BCLExtensions/runtime/netstandard2.1'
Mono path[2] = 'C:/Unity Editors/6000.5.0f1/Editor/Data/MonoBleedingEdge/lib/mono/unityjit-win32'
Mono config path = 'C:/Unity Editors/6000.5.0f1/Editor/Data/MonoBleedingEdge/etc'
Using monoOptions --debugger-agent=transport=dt_socket,embedding=1,server=y,suspend=n,address=127.0.0.1:56500
CodeReloadManager initialized
Begin MonoManager ReloadAssembly
Registering precompiled unity dll's ...
Register platform support module: C:/Unity Editors/6000.5.0f1/Editor/Data/PlaybackEngines/WindowsStandaloneSupport/UnityEditor.WindowsStandalone.Extensions.dll
Registered in 0.003299 seconds.
Native extension for WindowsStandalone target not found
Package Manager log level set to [2]
[Package Manager] Failed to launch server process. Reason: Unity was launched with the -noUpm command-line argument
[Package Manager] Unable to send message (not connected to server process).
[Package Manager] Cannot connect to Unity Package Manager local server
ScheduleIndexationOnStartup MainProcess:False IndexOnStartup:True
Mono: successfully reloaded assembly
- Finished resetting the current domain, in  0.726 seconds
Domain Reload Profiling: 2259ms
	BeginReloadAssembly (273ms)
	RebuildCommonClasses (6ms)
	RebuildNativeTypeToScriptingClass (26ms)
	initialDomainReloadingComplete (118ms)
	LoadAllAssembliesAndSetupDomain (1108ms)
		LoadAssemblies (267ms)
		AnalyzeDomain (774ms)
			TypeCache.Refresh (771ms)
				TypeCache.ScanAssembly (730ms)
	FinalizeReload (730ms)
		SetupLoadedEditorAssemblies (0ms)
			InitializePlatformSupportModulesInManaged (3ms)
			BeforeProcessingInitializeOnLoad (180ms)
			ProcessInitializeOnLoadAttributes (174ms)
			ProcessInitializeOnLoadMethodAttributes (200ms)
Initializing Unity extensions:
[Licensing::Module] Licensing is not yet initialized.
[Licensing::Client] Error: HandshakeResponse reported an error:
	ResponseCode: 505
	ResponseStatus: Unsupported protocol version '1.18.1'.
[Licensing::Module] Error: Failed to handshake to channel: "LicenseClient-Oswel Cardona"
[Licensing::IpcConnector] LicenseClient-Oswel Cardona channel disconnected successfully.
[Licensing::IpcConnector] Successfully connected to: "LicenseClient-Oswel Cardona-6000.5.0" at "2026-07-11T00:50:52.5781601Z"
[Licensing::Client] Code 10 while verifying Licensing Client signature (process Id: 30164, path: "C:/Unity Editors/6000.5.0f1/Editor/Data/Resources/Licensing/Client/Unity.Licensing.Client.exe")
[Licensing::Module] LicensingClient has failed validation; ignoring
[Licensing::Client] Handshaking with LicensingClient:
  Version:                 1.18.1+9fbee8e
  Session Id:              63dda6ede9df4d439e1a49b2dd2ba1cc
  Correlation Id:          d2bbe51dc69251d013f56477d505c10c
  External correlation Id: 3628942963463158046
  Machine Id:              yDNq2MjD93GEw1et6cEFPmy2bPQ=
[Licensing::Module] Successfully connected to LicensingClient on channel: "LicenseClient-Oswel Cardona-6000.5.0" (connect: 0.00s, validation: 0.00s, handshake: 0.02s)
[Licensing::IpcConnector] Successfully connected to: "LicenseClient-Oswel Cardona-6000.5.0-notifications" at "2026-07-11T00:50:52.5975037Z"
[Licensing::Module] Licensing Background thread has ended after 4.22s
[Licensing::Module] Licensing is initialized (took 0.63s).
[Licensing::Client] Successfully resolved entitlement details
[Licensing::Module] License group:
  Id: 4674213237775-UnityPersXXXX
  Product: Unity Personal
  Type: Assigned
  Expiration: Unlimited
========================================================================
Worker process is ready to serve import requests
Import Worker Mode flag is 0x00
Begin MonoManager ReloadAssembly
Native extension for WindowsStandalone target not found
[Package Manager] Failed to launch server process. Reason: Unity was launched with the -noUpm command-line argument
[Package Manager] Unable to send message (not connected to server process).
[Package Manager] Cannot connect to Unity Package Manager local server
ScheduleIndexationOnStartup MainProcess:False IndexOnStartup:True
Mono: successfully reloaded assembly
- Finished resetting the current domain, in  0.593 seconds
Domain Reload Profiling: 1036ms
	BeginReloadAssembly (227ms)
		DisableScriptedObjects (6ms)
		CreateAndSetChildDomain (45ms)
	RebuildCommonClasses (10ms)
	RebuildNativeTypeToScriptingClass (22ms)
	initialDomainReloadingComplete (56ms)
	LoadAllAssembliesAndSetupDomain (125ms)
		LoadAssemblies (120ms)
		AnalyzeDomain (26ms)
			TypeCache.Refresh (15ms)
				TypeCache.ScanAssembly (9ms)
			BuildScriptInfoCaches (7ms)
	FinalizeReload (596ms)
		SetupLoadedEditorAssemblies (0ms)
			BeforeProcessingInitializeOnLoad (136ms)
			ProcessInitializeOnLoadAttributes (154ms)
			ProcessInitializeOnLoadMethodAttributes (128ms)
			AfterProcessingInitializeOnLoad (9ms)
		AwakeInstancesAfterBackupRestoration (8ms)
AcceleratorClientConnectionCallback - disconnected - :0
Launched and connected shader compiler UnityShaderCompiler.exe after 0.03 seconds
Unloading 0 Unused Serialized files (Serialized files now loaded: 0)
Curl error 3: URL rejected: Malformed input to a URL function
Unloading 484 unused Assets / (181.0 KB). Loaded Objects now: 1105.
Memory consumption went from 157.4 MB to 157.2 MB.
Total: 6.898100 ms (FindLiveObjects: 0.141800 ms CreateObjectMapping: 0.122500 ms MarkObjects: 6.052400 ms  DeleteObjects: 0.577500 ms)

========================================================================
Received Import Request.
  Time of request: 2026-07-11T00:50:56.3358266Z
  Time since last request: 974742.03517299995292 seconds.
  importAddress: GUID: 715b0b9b9a7a6c04cb5167d82049df34 - Path: Assets/3 PERSONAJES/Jugador.prefab - Importer: ScriptedImporter/UnityEditor.QuickSearchModule:UnityEditor.Search:ASIAI0B
Importing 'GUID: 715b0b9b9a7a6c04cb5167d82049df34 - Path: Assets/3 PERSONAJES/Jugador.prefab - Importer: ScriptedImporter/UnityEditor.QuickSearchModule:UnityEditor.Search:ASIAI0B' with importer (ScriptedImporter : UnityEditor.QuickSearchModule:UnityEditor.Search:ASIAI0B)
Imported 'GUID: 715b0b9b9a7a6c04cb5167d82049df34' -> (Import Result ID: '71f8f2336d7876be00b486bf26f52702') in 0.288 seconds [static and dynamic dependencies]. Details - ImportResultOutputID=3202ac8b8a991695683956aa5b6c1295 DependenciesID=4e670cc33875ccf3af0cd6dea403d4ef StaticDependenciesID=7c2cce084a1ffca472f2fb9898e96615 
Number of updated asset objects reloaded before import = 0
Number of asset objects unloaded after import = 37
========================================================================
Received Import Request.
  Time of request: 2026-07-11T00:50:56.6332998Z
  Time since last request: 0.0042454 seconds.
  importAddress: GUID: 20994f3f6f51e2e41904279d1cc95b39 - Path: Assets/Obstacle/image-removebg-preview 1.png - Importer: ScriptedImporter/UnityEditor.QuickSearchModule:UnityEditor.Search:ASIAI0B
Importing 'GUID: 20994f3f6f51e2e41904279d1cc95b39 - Path: Assets/Obstacle/image-removebg-preview 1.png - Importer: ScriptedImporter/UnityEditor.QuickSearchModule:UnityEditor.Search:ASIAI0B' with importer (ScriptedImporter : UnityEditor.QuickSearchModule:UnityEditor.Search:ASIAI0B)
Imported 'GUID: 20994f3f6f51e2e41904279d1cc95b39' -> (Import Result ID: '2715fe66767f18916d0076449754553d') in 0.101 seconds [static and dynamic dependencies]. Details - ImportResultOutputID=8a176bf61e2c90ed34bb829c19ae713f DependenciesID=46900b3e7d38a617638daa7906d304fe StaticDependenciesID=2aa2c0474212c3c3ee607a859d07d04f 
Number of updated asset objects reloaded before import = 0
Number of asset objects unloaded after import = 3
========================================================================
Received Import Request.
  Time of request: 2026-07-11T00:50:56.7377418Z
  Time since last request: 0.0029399 seconds.
  importAddress: GUID: f7ceb58bcc3ba6147a9291c5e4b20c19 - Path: Assets/Obstacle/troncopuas.png - Importer: ScriptedImporter/UnityEditor.QuickSearchModule:UnityEditor.Search:ASIAI0B
Importing 'GUID: f7ceb58bcc3ba6147a9291c5e4b20c19 - Path: Assets/Obstacle/troncopuas.png - Importer: ScriptedImporter/UnityEditor.QuickSearchModule:UnityEditor.Search:ASIAI0B' with importer (ScriptedImporter : UnityEditor.QuickSearchModule:UnityEditor.Search:ASIAI0B)
Imported 'GUID: f7ceb58bcc3ba6147a9291c5e4b20c19' -> (Import Result ID: '1b31c018090fc79aa3e9a91052a32d2b') in 0.068 seconds [static and dynamic dependencies]. Details - ImportResultOutputID=559904363614e76ce1589050aea42390 DependenciesID=9f0b383283b0b832a64529e908c69ecc StaticDependenciesID=1ec0bac778803fc0f9b98e704cdd6fda 
Number of updated asset objects reloaded before import = 0
Number of asset objects unloaded after import = 3
========================================================================
Received Import Request.
  Time of request: 2026-07-11T00:50:56.8091713Z
  Time since last request: 0.0023126 seconds.
  importAddress: GUID: 003952e0612f8f4438a39635645d0af8 - Path: Assets/Scripts/SaludJugador.cs - Importer: ScriptedImporter/UnityEditor.QuickSearchModule:UnityEditor.Search:ASIAI0B
Importing 'GUID: 003952e0612f8f4438a39635645d0af8 - Path: Assets/Scripts/SaludJugador.cs - Importer: ScriptedImporter/UnityEditor.QuickSearchModule:UnityEditor.Search:ASIAI0B' with importer (ScriptedImporter : UnityEditor.QuickSearchModule:UnityEditor.Search:ASIAI0B)
Imported 'GUID: 003952e0612f8f4438a39635645d0af8' -> (Import Result ID: '8de05675b2c8331cf499a61d09fe133c') in 0.022 seconds [static and dynamic dependencies]. Details - ImportResultOutputID=60d24ef6e7569b45dff506355120813f DependenciesID=611cf73395db1048c1a935e99f9d35a1 StaticDependenciesID=a4d3bc09e81c66942d7f954b48074461 
Number of updated asset objects reloaded before import = 0
Number of asset objects unloaded after import = 0
========================================================================
Received Import Request.
  Time of request: 2026-07-11T00:50:56.8361844Z
  Time since last request: 0.002497 seconds.
  importAddress: GUID: 4aae5b6916695f043a5d1e091eb793fb - Path: Assets/PrefabsObstaculos/Tronco_0.prefab - Importer: ScriptedImporter/UnityEditor.QuickSearchModule:UnityEditor.Search:ASIAI0B
Importing 'GUID: 4aae5b6916695f043a5d1e091eb793fb - Path: Assets/PrefabsObstaculos/Tronco_0.prefab - Importer: ScriptedImporter/UnityEditor.QuickSearchModule:UnityEditor.Search:ASIAI0B' with importer (ScriptedImporter : UnityEditor.QuickSearchModule:UnityEditor.Search:ASIAI0B)
Imported 'GUID: 4aae5b6916695f043a5d1e091eb793fb' -> (Import Result ID: 'd05493b52d3b01215d06cf8deb2a9c73') in 0.083 seconds [static and dynamic dependencies]. Details - ImportResultOutputID=261c61472e9d730bc2649982699ea418 DependenciesID=659ddac87da9b3c82245f2d1603e3eea StaticDependenciesID=29cdde95f0f1d61e16d139ad355a7548 
Number of updated asset objects reloaded before import = 0
Number of asset objects unloaded after import = 10
========================================================================
Received Import Request.
  Time of request: 2026-07-11T00:50:56.9254622Z
  Time since last request: 0.0053568 seconds.
  importAddress: GUID: 2749e00524edd9d43a0961654955b704 - Path: Assets/PrefabsObstaculos/puas_0.prefab - Importer: ScriptedImporter/UnityEditor.QuickSearchModule:UnityEditor.Search:ASIAI0B
Importing 'GUID: 2749e00524edd9d43a0961654955b704 - Path: Assets/PrefabsObstaculos/puas_0.prefab - Importer: ScriptedImporter/UnityEditor.QuickSearchModule:UnityEditor.Search:ASIAI0B' with importer (ScriptedImporter : UnityEditor.QuickSearchModule:UnityEditor.Search:ASIAI0B)
Imported 'GUID: 2749e00524edd9d43a0961654955b704' -> (Import Result ID: '9fc10dff8553a6be374dab15ade4f2fe') in 0.066 seconds [static and dynamic dependencies]. Details - ImportResultOutputID=23c5fb085fbdaaff08bc54d605516a11 DependenciesID=abd8a579cd10c8dda2d9a10e4c79f621 StaticDependenciesID=f55b9799159793c8cfa26b6475b0f351 
Number of updated asset objects reloaded before import = 0
Number of asset objects unloaded after import = 11
========================================================================
Received Import Request.
  Time of request: 2026-07-11T00:50:56.996878Z
  Time since last request: 0.0045502 seconds.
  importAddress: GUID: dc69cc8fa8bdd1245a22b84a69563fc4 - Path: Assets/PrefabsObstaculos - Importer: ScriptedImporter/UnityEditor.QuickSearchModule:UnityEditor.Search:ASIAI0B
Importing 'GUID: dc69cc8fa8bdd1245a22b84a69563fc4 - Path: Assets/PrefabsObstaculos - Importer: ScriptedImporter/UnityEditor.QuickSearchModule:UnityEditor.Search:ASIAI0B' with importer (ScriptedImporter : UnityEditor.QuickSearchModule:UnityEditor.Search:ASIAI0B)
Imported 'GUID: dc69cc8fa8bdd1245a22b84a69563fc4' -> (Import Result ID: '3bbbd7e9049872a54e77b115ff7c1dc1') in 0.008 seconds [static and dynamic dependencies]. Details - ImportResultOutputID=5041871f39ab89c78d29b46fe49dd68b DependenciesID=4e0ad40862b60131358b83e057a26c35 StaticDependenciesID=f4e47f901d5b53149e84ea482a74a1d8 
Number of updated asset objects reloaded before import = 0
Number of asset objects unloaded after import = 1
========================================================================
Received Import Request.
  Time of request: 2026-07-11T00:50:57.0121036Z
  Time since last request: 0.0070179 seconds.
  importAddress: GUID: 6967c4aef5b01b64794d0716efa1d81c - Path: Assets/Scripts/ObstaculoDanino.cs - Importer: ScriptedImporter/UnityEditor.QuickSearchModule:UnityEditor.Search:ASIAI0B
Importing 'GUID: 6967c4aef5b01b64794d0716efa1d81c - Path: Assets/Scripts/ObstaculoDanino.cs - Importer: ScriptedImporter/UnityEditor.QuickSearchModule:UnityEditor.Search:ASIAI0B' with importer (ScriptedImporter : UnityEditor.QuickSearchModule:UnityEditor.Search:ASIAI0B)
Imported 'GUID: 6967c4aef5b01b64794d0716efa1d81c' -> (Import Result ID: '972f6852755f1cae59e3e9847d22cf98') in 0.006 seconds [static and dynamic dependencies]. Details - ImportResultOutputID=93d1b7c69487fe42356b1a17e36e0460 DependenciesID=0664ea1d6fb40b7bf7b72831af5ff6d3 StaticDependenciesID=7b1f742d4d16150ea2a4a15faf72f156 
Number of updated asset objects reloaded before import = 0
Number of asset objects unloaded after import = 0
========================================================================
Received Import Request.
  Time of request: 2026-07-11T00:50:57.0410894Z
  Time since last request: 0.0223635 seconds.
  importAddress: GUID: cf64f34d3fcb83840b260dbe95bcc1f5 - Path: Assets/PrefabsObstaculos/troncopuas_0.prefab - Importer: ScriptedImporter/UnityEditor.QuickSearchModule:UnityEditor.Search:ASIAI0B
Importing 'GUID: cf64f34d3fcb83840b260dbe95bcc1f5 - Path: Assets/PrefabsObstaculos/troncopuas_0.prefab - Importer: ScriptedImporter/UnityEditor.QuickSearchModule:UnityEditor.Search:ASIAI0B' with importer (ScriptedImporter : UnityEditor.QuickSearchModule:UnityEditor.Search:ASIAI0B)
Imported 'GUID: cf64f34d3fcb83840b260dbe95bcc1f5' -> (Import Result ID: '61c25d5af8232839191c017a79ae3fdc') in 0.056 seconds [static and dynamic dependencies]. Details - ImportResultOutputID=589d828f60ee65c23d8d7fb264815fde DependenciesID=f6cf4982b4d9196598126ccc0df4ed79 StaticDependenciesID=bad319129743f46e1cb46b26ba72cee8 
Number of updated asset objects reloaded before import = 0
Number of asset objects unloaded after import = 11
========================================================================
Received Import Request.
  Time of request: 2026-07-11T00:50:57.1055012Z
  Time since last request: 0.0077734 seconds.
  importAddress: GUID: 3d59ad6cc35022341ba44ddb16c28116 - Path: Assets/Personaje 1/spritesheet - P1 Jorge +_0 1.controller - Importer: ScriptedImporter/UnityEditor.QuickSearchModule:UnityEditor.Search:ASIAI0B
Importing 'GUID: 3d59ad6cc35022341ba44ddb16c28116 - Path: Assets/Personaje 1/spritesheet - P1 Jorge +_0 1.controller - Importer: ScriptedImporter/UnityEditor.QuickSearchModule:UnityEditor.Search:ASIAI0B' with importer (ScriptedImporter : UnityEditor.QuickSearchModule:UnityEditor.Search:ASIAI0B)
Imported 'GUID: 3d59ad6cc35022341ba44ddb16c28116' -> (Import Result ID: 'b84bfa6108e311710ccff9657b6f5b5d') in 0.024 seconds [static and dynamic dependencies]. Details - ImportResultOutputID=50dae07f0515bee86b9abee7a73f26ac DependenciesID=3818d57d7f1af8362b8e6eec4103913f StaticDependenciesID=5ddadea057c68a06e97e4f666c3f9c7a 
Number of updated asset objects reloaded before import = 0
Number of asset objects unloaded after import = 25
========================================================================
Received Import Request.
  Time of request: 2026-07-11T00:50:57.1363627Z
  Time since last request: 0.0050396 seconds.
  importAddress: GUID: 2e498d1c8094910479dc3e1b768306a4 - Path: Assets/TextMesh Pro/Resources/Fonts & Materials/LiberationSans SDF - Fallback.asset - Importer: ScriptedImporter/UnityEditor.QuickSearchModule:UnityEditor.Search:ASIAI0B
Importing 'GUID: 2e498d1c8094910479dc3e1b768306a4 - Path: Assets/TextMesh Pro/Resources/Fonts & Materials/LiberationSans SDF - Fallback.asset - Importer: ScriptedImporter/UnityEditor.QuickSearchModule:UnityEditor.Search:ASIAI0B' with importer (ScriptedImporter : UnityEditor.QuickSearchModule:UnityEditor.Search:ASIAI0B)
Imported 'GUID: 2e498d1c8094910479dc3e1b768306a4' -> (Import Result ID: 'ce87f76bd2a42fc4ee2f0693aa4b2d1c') in 0.058 seconds [static and dynamic dependencies]. Details - ImportResultOutputID=b23aa2c1bf48a1a858f886cfddc853ed DependenciesID=6b53503e7cab2358ab31941785c7a395 StaticDependenciesID=4975972c078d005ecce9f75d66d08005 
Number of updated asset objects reloaded before import = 0
Number of asset objects unloaded after import = 5
========================================================================
Received Import Request.
  Time of request: 2026-07-11T00:50:57.1995502Z
  Time since last request: 0.0041477 seconds.
  importAddress: GUID: 491ee04b31539c54083c58a263d76539 - Path: Assets/Obstacle/Tronco.png - Importer: ScriptedImporter/UnityEditor.QuickSearchModule:UnityEditor.Search:ASIAI0B
Importing 'GUID: 491ee04b31539c54083c58a263d76539 - Path: Assets/Obstacle/Tronco.png - Importer: ScriptedImporter/UnityEditor.QuickSearchModule:UnityEditor.Search:ASIAI0B' with importer (ScriptedImporter : UnityEditor.QuickSearchModule:UnityEditor.Search:ASIAI0B)
Imported 'GUID: 491ee04b31539c54083c58a263d76539' -> (Import Result ID: '8ab5db2898f342619a25ebd13f1f4d42') in 0.016 seconds [static and dynamic dependencies]. Details - ImportResultOutputID=18f180770441a3558b2550f91cd83ccb DependenciesID=0d6dfa5fd23976ee799bffc275ec38d8 StaticDependenciesID=593726fd3c81e7d162a4282433ba6119 
Number of updated asset objects reloaded before import = 0
Number of asset objects unloaded after import = 3
========================================================================
Received Import Request.
  Time of request: 2026-07-11T00:50:57.2195894Z
  Time since last request: 0.0028727 seconds.
  importAddress: GUID: 0e926f2630ac17c43895448aa5e819af - Path: Assets/Obstacle/puas.png - Importer: ScriptedImporter/UnityEditor.QuickSearchModule:UnityEditor.Search:ASIAI0B
Importing 'GUID: 0e926f2630ac17c43895448aa5e819af - Path: Assets/Obstacle/puas.png - Importer: ScriptedImporter/UnityEditor.QuickSearchModule:UnityEditor.Search:ASIAI0B' with importer (ScriptedImporter : UnityEditor.QuickSearchModule:UnityEditor.Search:ASIAI0B)
Imported 'GUID: 0e926f2630ac17c43895448aa5e819af' -> (Import Result ID: 'e4e2823729da872fb30068a0e7a5b400') in 0.021 seconds [static and dynamic dependencies]. Details - ImportResultOutputID=3add6a88baa7e75969853f147e970c68 DependenciesID=f2d0074cc4397dede98fbf6da8e83733 StaticDependenciesID=4a5d1af753a9abfc9dfcd9643f4a0a66 
Number of updated asset objects reloaded before import = 0
Number of asset objects unloaded after import = 3
========================================================================
Received Import Request.
  Time of request: 2026-07-11T00:50:57.2456421Z
  Time since last request: 0.003736 seconds.
  importAddress: GUID: b7e3268df6e39e646adb7c9f802267df - Path: Assets/PrefabsObstaculos/HachaGiratoria.prefab - Importer: ScriptedImporter/UnityEditor.QuickSearchModule:UnityEditor.Search:ASIAI0B
Importing 'GUID: b7e3268df6e39e646adb7c9f802267df - Path: Assets/PrefabsObstaculos/HachaGiratoria.prefab - Importer: ScriptedImporter/UnityEditor.QuickSearchModule:UnityEditor.Search:ASIAI0B' with importer (ScriptedImporter : UnityEditor.QuickSearchModule:UnityEditor.Search:ASIAI0B)
Imported 'GUID: b7e3268df6e39e646adb7c9f802267df' -> (Import Result ID: 'f3298d66be2685723b6393b10a0aa055') in 0.041 seconds [static and dynamic dependencies]. Details - ImportResultOutputID=a7af2cae3824017a5bc5ae3762ad975d DependenciesID=2f0b54fbf99cc1dc937ae045fd4b62e5 StaticDependenciesID=fcb355de9d8bb27b8a0f1a3ab6e42425 
Number of updated asset objects reloaded before import = 0
Number of asset objects unloaded after import = 11
========================================================================
Received Import Request.
  Time of request: 2026-07-11T00:50:57.2931884Z
  Time since last request: 0.0055658 seconds.
  importAddress: GUID: a16a58de9f219c2469fcb05759bbb4df - Path: Assets/PrefabsObstaculos/sierra_0.prefab - Importer: ScriptedImporter/UnityEditor.QuickSearchModule:UnityEditor.Search:ASIAI0B
Importing 'GUID: a16a58de9f219c2469fcb05759bbb4df - Path: Assets/PrefabsObstaculos/sierra_0.prefab - Importer: ScriptedImporter/UnityEditor.QuickSearchModule:UnityEditor.Search:ASIAI0B' with importer (ScriptedImporter : UnityEditor.QuickSearchModule:UnityEditor.Search:ASIAI0B)
Imported 'GUID: a16a58de9f219c2469fcb05759bbb4df' -> (Import Result ID: '2b8a8d19dce2aa92a3279cfed9dfc4c8') in 0.064 seconds [static and dynamic dependencies]. Details - ImportResultOutputID=75c2af0d67e2930757869fbe62e019b3 DependenciesID=dba36830892ffdf3c45795380cde4d89 StaticDependenciesID=ea36a49eb746880cd4399d704c80485d 
Number of updated asset objects reloaded before import = 0
Number of asset objects unloaded after import = 11
========================================================================
Received Import Request.
  Time of request: 2026-07-11T00:50:57.3830755Z
  Time since last request: 0.0248812 seconds.
  importAddress: GUID: 537401119a536b54a8ee311ef2428ac8 - Path: Assets/Obstacle/sierra.png - Importer: ScriptedImporter/UnityEditor.QuickSearchModule:UnityEditor.Search:ASIAI0B
Importing 'GUID: 537401119a536b54a8ee311ef2428ac8 - Path: Assets/Obstacle/sierra.png - Importer: ScriptedImporter/UnityEditor.QuickSearchModule:UnityEditor.Search:ASIAI0B' with importer (ScriptedImporter : UnityEditor.QuickSearchModule:UnityEditor.Search:ASIAI0B)
Imported 'GUID: 537401119a536b54a8ee311ef2428ac8' -> (Import Result ID: '9217011d3eed62b820962fbee5fe47c4') in 0.027 seconds [static and dynamic dependencies]. Details - ImportResultOutputID=8eebdf118787aa52d26319f05a547922 DependenciesID=d285b74d337bdb7e75add2003c371a17 StaticDependenciesID=577be33605eaad52d8c3393eeb72a388 
Number of updated asset objects reloaded before import = 0
Number of asset objects unloaded after import = 3
========================================================================
Received Import Request.
  Time of request: 2026-07-11T00:50:57.4178392Z
  Time since last request: 0.005488 seconds.
  importAddress: GUID: 6d80ddc6e593cd64db0ab2136b82fe05 - Path: Assets/Nivel 1.unity - Importer: ScriptedImporter/UnityEditor.QuickSearchModule:UnityEditor.Search:ASIAI0B
Importing 'GUID: 6d80ddc6e593cd64db0ab2136b82fe05 - Path: Assets/Nivel 1.unity - Importer: ScriptedImporter/UnityEditor.QuickSearchModule:UnityEditor.Search:ASIAI0B' with importer (ScriptedImporter : UnityEditor.QuickSearchModule:UnityEditor.Search:ASIAI0B)
Imported 'GUID: 6d80ddc6e593cd64db0ab2136b82fe05' -> (Import Result ID: '727d70bad766cbb86bceb6e63dec9c44') in 0.017 seconds [static and dynamic dependencies]. Details - ImportResultOutputID=c6bc6d8be5e30c854469acd1f5df4969 DependenciesID=dbacfb57c5c3f0ff0cb2571df79ec0b0 StaticDependenciesID=724675aadf4e935dfb01c338ce65dad3 
Number of updated asset objects reloaded before import = 0
Number of asset objects unloaded after import = 1
========================================================================
Received Import Request.
  Time of request: 2026-07-11T00:50:57.439261Z
  Time since last request: 0.0036428 seconds.
  importAddress: GUID: b9fe26ed8fbda6749ad18eda195e1cc9 - Path: Assets/Obstacle - Importer: ScriptedImporter/UnityEditor.QuickSearchModule:UnityEditor.Search:ASIAI0B
Importing 'GUID: b9fe26ed8fbda6749ad18eda195e1cc9 - Path: Assets/Obstacle - Importer: ScriptedImporter/UnityEditor.QuickSearchModule:UnityEditor.Search:ASIAI0B' with importer (ScriptedImporter : UnityEditor.QuickSearchModule:UnityEditor.Search:ASIAI0B)
Imported 'GUID: b9fe26ed8fbda6749ad18eda195e1cc9' -> (Import Result ID: 'a183b5fddd67578b72c3b274cb962eda') in 0.007 seconds [static and dynamic dependencies]. Details - ImportResultOutputID=c4081d25c55d4ffd2cde43677efaac0b DependenciesID=d29ca42dd40b5ea8cb303460f9c02dce StaticDependenciesID=af8a8709d6a13653f2fb6076b3da3819 
Number of updated asset objects reloaded before import = 0
Number of asset objects unloaded after import = 1
========================================================================
Received Import Request.
  Time of request: 2026-07-11T00:51:11.8855216Z
  Time since last request: 14.4330075 seconds.
  importAddress: GUID: 3d59ad6cc35022341ba44ddb16c28116 - Path: Assets/Personaje 1/spritesheet - P1 Jorge +_0 1.controller - Importer: PreviewImporter
Importing 'GUID: 3d59ad6cc35022341ba44ddb16c28116 - Path: Assets/Personaje 1/spritesheet - P1 Jorge +_0 1.controller - Importer: PreviewImporter' with importer (PreviewImporter)
Imported 'GUID: 3d59ad6cc35022341ba44ddb16c28116' -> (Import Result ID: 'd019c4f94c50471cf50f9280a8c0d350') in 0.024 seconds [static and dynamic dependencies]. Details - ImportResultOutputID=47501f4f6122c5753ddb635477a64379 DependenciesID=a045cfb616987b4f81825f71229353bb StaticDependenciesID=45e6eb67ac501acd08d414359b099541 
Number of updated asset objects reloaded before import = 0
Number of asset objects unloaded after import = 25
========================================================================
Received Import Request.
  Time of request: 2026-07-11T00:51:54.5124536Z
  Time since last request: 42.6020762 seconds.
  importAddress: GUID: 715b0b9b9a7a6c04cb5167d82049df34 - Path: Assets/3 PERSONAJES/Jugador.prefab - Importer: PreviewImporter
Importing 'GUID: 715b0b9b9a7a6c04cb5167d82049df34 - Path: Assets/3 PERSONAJES/Jugador.prefab - Importer: PreviewImporter' with importer (PreviewImporter)
Imported 'GUID: 715b0b9b9a7a6c04cb5167d82049df34' -> (Import Result ID: '17523a7549d3d74fa928e71d7a473258') in 0.258 seconds [static and dynamic dependencies]. Details - ImportResultOutputID=687575f3bd8348e27e2fd5689d77b15f DependenciesID=dc51e199369b82c57baf6b6fb5ad85b0 StaticDependenciesID=d3240a10b7f7df8296a0bdd0c82b07f5 
Number of updated asset objects reloaded before import = 0
Number of asset objects unloaded after import = 51
========================================================================
Received Import Request.
  Time of request: 2026-07-11T00:53:17.9484823Z
  Time since last request: 83.17318179999999 seconds.
  importAddress: GUID: efa662eba1e078542bf5764d9eef915b - Path: Assets/3 PERSONAJES/Personaje - Jorge/PREFABS - Importer: PreviewImporter
Importing 'GUID: efa662eba1e078542bf5764d9eef915b - Path: Assets/3 PERSONAJES/Personaje - Jorge/PREFABS - Importer: PreviewImporter' with importer (PreviewImporter)
Imported 'GUID: efa662eba1e078542bf5764d9eef915b' -> (Import Result ID: '6e1e339c9cd0359e22e5774684ad6d82') in 0.137 seconds [static and dynamic dependencies]. Details - ImportResultOutputID=7c90be27766e7e4c860953fed2e4df7f DependenciesID=7b69f6d8ca104a9e69a9162952fc8489 StaticDependenciesID=e45724e50b42e7d841a9dddac06d0e53 
Number of updated asset objects reloaded before import = 0
Number of asset objects unloaded after import = 0
========================================================================
Received Import Request.
  Time of request: 2026-07-11T00:53:48.4993763Z
  Time since last request: 30.4105376 seconds.
  importAddress: GUID: e380d460a6826434db0aee0e06ee9eb8 - Path: Assets/3 PERSONAJES - Importer: PreviewImporter
Importing 'GUID: e380d460a6826434db0aee0e06ee9eb8 - Path: Assets/3 PERSONAJES - Importer: PreviewImporter' with importer (PreviewImporter)
Imported 'GUID: e380d460a6826434db0aee0e06ee9eb8' -> (Import Result ID: '57d04bd3a05e6a760889defd6926e2c8') in 0.002 seconds [static and dynamic dependencies]. Details - ImportResultOutputID=8b06141f9b915978318385eac0a5b344 DependenciesID=5b04cf596caca7248e8ba4773f98b367 StaticDependenciesID=ed0613cb4ab3826ec251e3c645c7cc67 
Number of updated asset objects reloaded before import = 0
Number of asset objects unloaded after import = 0
========================================================================
Received Import Request.
  Time of request: 2026-07-11T01:00:49.1225324Z
  Time since last request: 420.6200116 seconds.
  importAddress: GUID: e96f653752f66994ba06b6f071d3588c - Path: Assets/3 PERSONAJES/Personaje - Jorge - Importer: PreviewImporter
Importing 'GUID: e96f653752f66994ba06b6f071d3588c - Path: Assets/3 PERSONAJES/Personaje - Jorge - Importer: PreviewImporter' with importer (PreviewImporter)
Imported 'GUID: e96f653752f66994ba06b6f071d3588c' -> (Import Result ID: 'ad349f9256b87f22e7c78188256982db') in 0.057 seconds [static and dynamic dependencies]. Details - ImportResultOutputID=50e5e49c18a4343da9ab1635ae1d6437 DependenciesID=819e9cbcc93d8abda058a2b85a04b59d StaticDependenciesID=1b8dab7cf6907c64c176375ac79bfaf1 
Number of updated asset objects reloaded before import = 0
Number of asset objects unloaded after import = 0
========================================================================
Received Prepare
AcceleratorClientConnectionCallback - disconnected - :0
Unloading 0 Unused Serialized files (Serialized files now loaded: 0)
Unloading 2 unused Assets / (0 B). Loaded Objects now: 1115.
Memory consumption went from 159.0 MB to 159.0 MB.
Total: 166.242200 ms (FindLiveObjects: 6.098200 ms CreateObjectMapping: 0.182500 ms MarkObjects: 159.661900 ms  DeleteObjects: 0.294700 ms)

Prepare: number of updated asset objects reloaded= 0
========================================================================
Received Import Request.
  Time of request: 2026-07-11T01:07:43.3866215Z
  Time since last request: 414.18812329999997 seconds.
  importAddress: GUID: 715b0b9b9a7a6c04cb5167d82049df34 - Path: Assets/3 PERSONAJES/Jugador.prefab - Importer: ScriptedImporter/UnityEditor.QuickSearchModule:UnityEditor.Search:ASIAI0B
Importing 'GUID: 715b0b9b9a7a6c04cb5167d82049df34 - Path: Assets/3 PERSONAJES/Jugador.prefab - Importer: ScriptedImporter/UnityEditor.QuickSearchModule:UnityEditor.Search:ASIAI0B' with importer (ScriptedImporter : UnityEditor.QuickSearchModule:UnityEditor.Search:ASIAI0B)
Imported 'GUID: 715b0b9b9a7a6c04cb5167d82049df34' -> (Import Result ID: '107bc79b35780ca8bbe887ae5b3970ea') in 0.284 seconds [static and dynamic dependencies]. Details - ImportResultOutputID=ed6648eb211cf75abe063f8e3dd3a186 DependenciesID=569e34c1c07e643e06fa3fb9cfc96007 StaticDependenciesID=d02a299957dd3aeab7499a9fa124a10a 
Number of updated asset objects reloaded before import = 0
Number of asset objects unloaded after import = 37
========================================================================
Received Import Request.
  Time of request: 2026-07-11T01:10:49.9238316Z
  Time since last request: 186.25019760000001 seconds.
  importAddress: GUID: 2f1f4ef4a5fad114c89c4563459e77f3 - Path: Assets/3 PERSONAJES/Personaje - Ariel/PREFABS/idle_ariel.prefab - Importer: PreviewImporter
Importing 'GUID: 2f1f4ef4a5fad114c89c4563459e77f3 - Path: Assets/3 PERSONAJES/Personaje - Ariel/PREFABS/idle_ariel.prefab - Importer: PreviewImporter' with importer (PreviewImporter)
Imported 'GUID: 2f1f4ef4a5fad114c89c4563459e77f3' -> (Import Result ID: '3511f2f0628a6feb059018b41b4de979') in 0.309 seconds [static and dynamic dependencies]. Details - ImportResultOutputID=e6c851b271c345bca3e9b0c558a97737 DependenciesID=e402269c93c52e84b42928c4affbb961 StaticDependenciesID=1667e25cb3acf52df8401b9205e11a66 
Number of updated asset objects reloaded before import = 0
Number of asset objects unloaded after import = 1
========================================================================
Received Prepare
AcceleratorClientConnectionCallback - disconnected - :0
Unloading 0 Unused Serialized files (Serialized files now loaded: 0)
Unloading 483 unused Assets / (31.8 KB). Loaded Objects now: 1116.
Memory consumption went from 159.3 MB to 159.3 MB.
Total: 166.524000 ms (FindLiveObjects: 3.303900 ms CreateObjectMapping: 0.134900 ms MarkObjects: 161.875700 ms  DeleteObjects: 1.205800 ms)

Prepare: number of updated asset objects reloaded= 0
========================================================================
Received Import Request.
  Time of request: 2026-07-11T01:43:46.8789695Z
  Time since last request: 1976.60333839999998 seconds.
  importAddress: GUID: 51949bb2a36f79847bd94838d7b74ee1 - Path: Assets/Scripts/NewEmptyCSharpScript.cs - Importer: ScriptedImporter/UnityEditor.QuickSearchModule:UnityEditor.Search:ASIAI0B
Importing 'GUID: 51949bb2a36f79847bd94838d7b74ee1 - Path: Assets/Scripts/NewEmptyCSharpScript.cs - Importer: ScriptedImporter/UnityEditor.QuickSearchModule:UnityEditor.Search:ASIAI0B' with importer (ScriptedImporter : UnityEditor.QuickSearchModule:UnityEditor.Search:ASIAI0B)
Imported 'GUID: 51949bb2a36f79847bd94838d7b74ee1' -> (Import Result ID: '9fe8c739d0091b527b2f2a47058262dc') in 0.143 seconds [static and dynamic dependencies]. Details - ImportResultOutputID=457c83d0d0cf25f964fa9c6c21419855 DependenciesID=05fd24201300e1a132d8f72672d822bc StaticDependenciesID=82c8183d114fc1cfae2275868aab0215 
Number of updated asset objects reloaded before import = 0
Number of asset objects unloaded after import = 0
========================================================================
Received Import Request.
  Time of request: 2026-07-11T01:43:47.0559613Z
  Time since last request: 0.025216 seconds.
  importAddress: GUID: 51949bb2a36f79847bd94838d7b74ee1 - Path: Assets/Scripts/NewEmptyCSharpScript.cs - Importer: PreviewImporter
Importing 'GUID: 51949bb2a36f79847bd94838d7b74ee1 - Path: Assets/Scripts/NewEmptyCSharpScript.cs - Importer: PreviewImporter' with importer (PreviewImporter)
Imported 'GUID: 51949bb2a36f79847bd94838d7b74ee1' -> (Import Result ID: '363e18fbc345b03c6d64e1cfbd618795') in 0.006 seconds [static and dynamic dependencies]. Details - ImportResultOutputID=0c4e18e9b4d1c945fdfdbd1398e00520 DependenciesID=ee6e2fab84a3cbbc64e4518532bd5ef5 StaticDependenciesID=a0fdda61f3c85fa5fb65b930ad210b92 
Number of updated asset objects reloaded before import = 0
Number of asset objects unloaded after import = 0
========================================================================
Received Prepare
AcceleratorClientConnectionCallback - disconnected - :0
Begin MonoManager ReloadAssembly
[Licensing::Client] Successfully resolved entitlement details
Native extension for WindowsStandalone target not found
[Package Manager] Failed to launch server process. Reason: Unity was launched with the -noUpm command-line argument
[Package Manager] Unable to send message (not connected to server process).
[Package Manager] Cannot connect to Unity Package Manager local server
ScheduleIndexationOnStartup MainProcess:False IndexOnStartup:True
Mono: successfully reloaded assembly
- Finished resetting the current domain, in  1.355 seconds
Domain Reload Profiling: 3626ms
	BeginReloadAssembly (1593ms)
		DisableScriptedObjects (352ms)
		ReleaseScriptingObjects (3ms)
		CreateAndSetChildDomain (321ms)
	RebuildCommonClasses (16ms)
	RebuildNativeTypeToScriptingClass (210ms)
	initialDomainReloadingComplete (124ms)
	LoadAllAssembliesAndSetupDomain (322ms)
		LoadAssemblies (463ms)
		AnalyzeDomain (105ms)
			TypeCache.Refresh (52ms)
			BuildScriptInfoCaches (33ms)
			ResolveRequiredComponents (3ms)
	FinalizeReload (1360ms)
		SetupLoadedEditorAssemblies (0ms)
			InitializePlatformSupportModulesInManaged (10ms)
			BeforeProcessingInitializeOnLoad (289ms)
			ProcessInitializeOnLoadAttributes (405ms)
			ProcessInitializeOnLoadMethodAttributes (323ms)
			AfterProcessingInitializeOnLoad (11ms)
		AwakeInstancesAfterBackupRestoration (8ms)
Unloading 0 Unused Serialized files (Serialized files now loaded: 0)
Unloading 483 unused Assets / (54.4 KB). Loaded Objects now: 1115.
Memory consumption went from 160.2 MB to 160.1 MB.
Total: 7.880300 ms (FindLiveObjects: 0.323200 ms CreateObjectMapping: 0.181300 ms MarkObjects: 6.647000 ms  DeleteObjects: 0.723400 ms)

Prepare: number of updated asset objects reloaded= 0
========================================================================
Received Prepare
AcceleratorClientConnectionCallback - disconnected - :0
Unloading 0 Unused Serialized files (Serialized files now loaded: 0)
Unloading 483 unused Assets / (46.4 KB). Loaded Objects now: 1115.
Memory consumption went from 161.1 MB to 161.1 MB.
Total: 6.235500 ms (FindLiveObjects: 0.241200 ms CreateObjectMapping: 0.106200 ms MarkObjects: 5.591800 ms  DeleteObjects: 0.293500 ms)

Prepare: number of updated asset objects reloaded= 0
========================================================================
Received Import Request.
  Time of request: 2026-07-11T01:44:24.0613538Z
  Time since last request: 36.998443 seconds.
  importAddress: GUID: 51949bb2a36f79847bd94838d7b74ee1 - Path: Assets/Scripts/SueloInfinito.cs - Importer: PreviewImporter
Importing 'GUID: 51949bb2a36f79847bd94838d7b74ee1 - Path: Assets/Scripts/SueloInfinito.cs - Importer: PreviewImporter' with importer (PreviewImporter)
Imported 'GUID: 51949bb2a36f79847bd94838d7b74ee1' -> (Import Result ID: '4dcc12cc1b0e890a9a8d375868a9583b') in 0.004 seconds [static and dynamic dependencies]. Details - ImportResultOutputID=0c4e18e9b4d1c945fdfdbd1398e00520 DependenciesID=d62517f0b8cd1471ae69bea2be1e7700 StaticDependenciesID=e4776d84f9668d394c2ab047ca835de8 
Number of updated asset objects reloaded before import = 0
Number of asset objects unloaded after import = 0
========================================================================
Received Import Request.
  Time of request: 2026-07-11T01:44:24.0997707Z
  Time since last request: 0.0300102 seconds.
  importAddress: GUID: 51949bb2a36f79847bd94838d7b74ee1 - Path: Assets/Scripts/SueloInfinito.cs - Importer: PreviewImporter
Importing 'GUID: 51949bb2a36f79847bd94838d7b74ee1 - Path: Assets/Scripts/SueloInfinito.cs - Importer: PreviewImporter' with importer (PreviewImporter)
Imported 'GUID: 51949bb2a36f79847bd94838d7b74ee1' -> (Import Result ID: '4dcc12cc1b0e890a9a8d375868a9583b') in 0.002 seconds [static and dynamic dependencies]. Details - ImportResultOutputID=0c4e18e9b4d1c945fdfdbd1398e00520 DependenciesID=d62517f0b8cd1471ae69bea2be1e7700 StaticDependenciesID=e4776d84f9668d394c2ab047ca835de8 
Number of updated asset objects reloaded before import = 0
Number of asset objects unloaded after import = 0
========================================================================
Received Import Request.
  Time of request: 2026-07-11T01:44:24.1160317Z
  Time since last request: 0.0134795 seconds.
  importAddress: GUID: 51949bb2a36f79847bd94838d7b74ee1 - Path: Assets/Scripts/SueloInfinito.cs - Importer: PreviewImporter
Importing 'GUID: 51949bb2a36f79847bd94838d7b74ee1 - Path: Assets/Scripts/SueloInfinito.cs - Importer: PreviewImporter' with importer (PreviewImporter)
Imported 'GUID: 51949bb2a36f79847bd94838d7b74ee1' -> (Import Result ID: '4dcc12cc1b0e890a9a8d375868a9583b') in 0.006 seconds [static and dynamic dependencies]. Details - ImportResultOutputID=0c4e18e9b4d1c945fdfdbd1398e00520 DependenciesID=d62517f0b8cd1471ae69bea2be1e7700 StaticDependenciesID=e4776d84f9668d394c2ab047ca835de8 
Number of updated asset objects reloaded before import = 0
Number of asset objects unloaded after import = 0
========================================================================
Received Import Request.
  Time of request: 2026-07-11T01:44:24.1406035Z
  Time since last request: 0.0169593 seconds.
  importAddress: GUID: 51949bb2a36f79847bd94838d7b74ee1 - Path: Assets/Scripts/SueloInfinito.cs - Importer: PreviewImporter
Importing 'GUID: 51949bb2a36f79847bd94838d7b74ee1 - Path: Assets/Scripts/SueloInfinito.cs - Importer: PreviewImporter' with importer (PreviewImporter)
Imported 'GUID: 51949bb2a36f79847bd94838d7b74ee1' -> (Import Result ID: '4dcc12cc1b0e890a9a8d375868a9583b') in 0.001 seconds [static and dynamic dependencies]. Details - ImportResultOutputID=0c4e18e9b4d1c945fdfdbd1398e00520 DependenciesID=d62517f0b8cd1471ae69bea2be1e7700 StaticDependenciesID=e4776d84f9668d394c2ab047ca835de8 
Number of updated asset objects reloaded before import = 0
Number of asset objects unloaded after import = 0
========================================================================
Received Import Request.
  Time of request: 2026-07-11T01:44:24.1655439Z
  Time since last request: 0.0233885 seconds.
  importAddress: GUID: 51949bb2a36f79847bd94838d7b74ee1 - Path: Assets/Scripts/SueloInfinito.cs - Importer: PreviewImporter
Importing 'GUID: 51949bb2a36f79847bd94838d7b74ee1 - Path: Assets/Scripts/SueloInfinito.cs - Importer: PreviewImporter' with importer (PreviewImporter)
Imported 'GUID: 51949bb2a36f79847bd94838d7b74ee1' -> (Import Result ID: '4dcc12cc1b0e890a9a8d375868a9583b') in 0.001 seconds [static and dynamic dependencies]. Details - ImportResultOutputID=0c4e18e9b4d1c945fdfdbd1398e00520 DependenciesID=d62517f0b8cd1471ae69bea2be1e7700 StaticDependenciesID=e4776d84f9668d394c2ab047ca835de8 
Number of updated asset objects reloaded before import = 0
Number of asset objects unloaded after import = 0
========================================================================
Received Import Request.
  Time of request: 2026-07-11T01:44:24.1908617Z
  Time since last request: 0.024198 seconds.
  importAddress: GUID: 51949bb2a36f79847bd94838d7b74ee1 - Path: Assets/Scripts/SueloInfinito.cs - Importer: PreviewImporter
Importing 'GUID: 51949bb2a36f79847bd94838d7b74ee1 - Path: Assets/Scripts/SueloInfinito.cs - Importer: PreviewImporter' with importer (PreviewImporter)
Imported 'GUID: 51949bb2a36f79847bd94838d7b74ee1' -> (Import Result ID: '4dcc12cc1b0e890a9a8d375868a9583b') in 0.001 seconds [static and dynamic dependencies]. Details - ImportResultOutputID=0c4e18e9b4d1c945fdfdbd1398e00520 DependenciesID=d62517f0b8cd1471ae69bea2be1e7700 StaticDependenciesID=e4776d84f9668d394c2ab047ca835de8 
Number of updated asset objects reloaded before import = 0
Number of asset objects unloaded after import = 0
========================================================================
Received Import Request.
  Time of request: 2026-07-11T01:44:24.2152475Z
  Time since last request: 0.0228371 seconds.
  importAddress: GUID: 51949bb2a36f79847bd94838d7b74ee1 - Path: Assets/Scripts/SueloInfinito.cs - Importer: PreviewImporter
Importing 'GUID: 51949bb2a36f79847bd94838d7b74ee1 - Path: Assets/Scripts/SueloInfinito.cs - Importer: PreviewImporter' with importer (PreviewImporter)
Imported 'GUID: 51949bb2a36f79847bd94838d7b74ee1' -> (Import Result ID: '4dcc12cc1b0e890a9a8d375868a9583b') in 0.001 seconds [static and dynamic dependencies]. Details - ImportResultOutputID=0c4e18e9b4d1c945fdfdbd1398e00520 DependenciesID=d62517f0b8cd1471ae69bea2be1e7700 StaticDependenciesID=e4776d84f9668d394c2ab047ca835de8 
Number of updated asset objects reloaded before import = 0
Number of asset objects unloaded after import = 0
========================================================================
Received Import Request.
  Time of request: 2026-07-11T01:44:24.2386667Z
  Time since last request: 0.020639 seconds.
  importAddress: GUID: 51949bb2a36f79847bd94838d7b74ee1 - Path: Assets/Scripts/SueloInfinito.cs - Importer: PreviewImporter
Importing 'GUID: 51949bb2a36f79847bd94838d7b74ee1 - Path: Assets/Scripts/SueloInfinito.cs - Importer: PreviewImporter' with importer (PreviewImporter)
Imported 'GUID: 51949bb2a36f79847bd94838d7b74ee1' -> (Import Result ID: '4dcc12cc1b0e890a9a8d375868a9583b') in 0.001 seconds [static and dynamic dependencies]. Details - ImportResultOutputID=0c4e18e9b4d1c945fdfdbd1398e00520 DependenciesID=d62517f0b8cd1471ae69bea2be1e7700 StaticDependenciesID=e4776d84f9668d394c2ab047ca835de8 
Number of updated asset objects reloaded before import = 0
Number of asset objects unloaded after import = 0
========================================================================
Received Import Request.
  Time of request: 2026-07-11T01:44:24.2664255Z
  Time since last request: 0.0265062 seconds.
  importAddress: GUID: 51949bb2a36f79847bd94838d7b74ee1 - Path: Assets/Scripts/SueloInfinito.cs - Importer: PreviewImporter
Importing 'GUID: 51949bb2a36f79847bd94838d7b74ee1 - Path: Assets/Scripts/SueloInfinito.cs - Importer: PreviewImporter' with importer (PreviewImporter)
Imported 'GUID: 51949bb2a36f79847bd94838d7b74ee1' -> (Import Result ID: '4dcc12cc1b0e890a9a8d375868a9583b') in 0.001 seconds [static and dynamic dependencies]. Details - ImportResultOutputID=0c4e18e9b4d1c945fdfdbd1398e00520 DependenciesID=d62517f0b8cd1471ae69bea2be1e7700 StaticDependenciesID=e4776d84f9668d394c2ab047ca835de8 
Number of updated asset objects reloaded before import = 0
Number of asset objects unloaded after import = 0
========================================================================
Received Import Request.
  Time of request: 2026-07-11T01:44:24.2965897Z
  Time since last request: 0.0286342 seconds.
  importAddress: GUID: 51949bb2a36f79847bd94838d7b74ee1 - Path: Assets/Scripts/SueloInfinito.cs - Importer: ScriptedImporter/UnityEditor.QuickSearchModule:UnityEditor.Search:ASIAI0B
Importing 'GUID: 51949bb2a36f79847bd94838d7b74ee1 - Path: Assets/Scripts/SueloInfinito.cs - Importer: ScriptedImporter/UnityEditor.QuickSearchModule:UnityEditor.Search:ASIAI0B' with importer (ScriptedImporter : UnityEditor.QuickSearchModule:UnityEditor.Search:ASIAI0B)
Imported 'GUID: 51949bb2a36f79847bd94838d7b74ee1' -> (Import Result ID: 'a56aa0beb307ca492d7baa58e1269cbe') in 0.709 seconds [static and dynamic dependencies]. Details - ImportResultOutputID=dc01fa37ba28deaeee03c3f48f95d189 DependenciesID=165f97c0bebeb8b2fe057e96358da503 StaticDependenciesID=927f421562a712a8e8cb6461cf5f0f88 
Number of updated asset objects reloaded before import = 0
Number of asset objects unloaded after import = 0
========================================================================
Received Import Request.
  Time of request: 2026-07-11T01:44:25.0242437Z
  Time since last request: 0.0176227 seconds.
  importAddress: GUID: 51949bb2a36f79847bd94838d7b74ee1 - Path: Assets/Scripts/SueloInfinito.cs - Importer: PreviewImporter
Importing 'GUID: 51949bb2a36f79847bd94838d7b74ee1 - Path: Assets/Scripts/SueloInfinito.cs - Importer: PreviewImporter' with importer (PreviewImporter)
Imported 'GUID: 51949bb2a36f79847bd94838d7b74ee1' -> (Import Result ID: '4dcc12cc1b0e890a9a8d375868a9583b') in 0.002 seconds [static and dynamic dependencies]. Details - ImportResultOutputID=0c4e18e9b4d1c945fdfdbd1398e00520 DependenciesID=d62517f0b8cd1471ae69bea2be1e7700 StaticDependenciesID=e4776d84f9668d394c2ab047ca835de8 
Number of updated asset objects reloaded before import = 0
Number of asset objects unloaded after import = 0
========================================================================
Received Import Request.
  Time of request: 2026-07-11T01:44:25.0521048Z
  Time since last request: 0.0225795 seconds.
  importAddress: GUID: 51949bb2a36f79847bd94838d7b74ee1 - Path: Assets/Scripts/SueloInfinito.cs - Importer: PreviewImporter
Importing 'GUID: 51949bb2a36f79847bd94838d7b74ee1 - Path: Assets/Scripts/SueloInfinito.cs - Importer: PreviewImporter' with importer (PreviewImporter)
Imported 'GUID: 51949bb2a36f79847bd94838d7b74ee1' -> (Import Result ID: '4dcc12cc1b0e890a9a8d375868a9583b') in 0.001 seconds [static and dynamic dependencies]. Details - ImportResultOutputID=0c4e18e9b4d1c945fdfdbd1398e00520 DependenciesID=d62517f0b8cd1471ae69bea2be1e7700 StaticDependenciesID=e4776d84f9668d394c2ab047ca835de8 
Number of updated asset objects reloaded before import = 0
Number of asset objects unloaded after import = 0
========================================================================
Received Import Request.
  Time of request: 2026-07-11T01:44:25.2329648Z
  Time since last request: 0.1762439 seconds.
  importAddress: GUID: 51949bb2a36f79847bd94838d7b74ee1 - Path: Assets/Scripts/SueloInfinito.cs - Importer: PreviewImporter
Importing 'GUID: 51949bb2a36f79847bd94838d7b74ee1 - Path: Assets/Scripts/SueloInfinito.cs - Importer: PreviewImporter' with importer (PreviewImporter)
Imported 'GUID: 51949bb2a36f79847bd94838d7b74ee1' -> (Import Result ID: '4dcc12cc1b0e890a9a8d375868a9583b') in 0.003 seconds [static and dynamic dependencies]. Details - ImportResultOutputID=0c4e18e9b4d1c945fdfdbd1398e00520 DependenciesID=d62517f0b8cd1471ae69bea2be1e7700 StaticDependenciesID=e4776d84f9668d394c2ab047ca835de8 
Number of updated asset objects reloaded before import = 0
Number of asset objects unloaded after import = 0
========================================================================
Received Import Request.
  Time of request: 2026-07-11T01:44:25.2554175Z
  Time since last request: 0.0093625 seconds.
  importAddress: GUID: 51949bb2a36f79847bd94838d7b74ee1 - Path: Assets/Scripts/SueloInfinito.cs - Importer: PreviewImporter
Importing 'GUID: 51949bb2a36f79847bd94838d7b74ee1 - Path: Assets/Scripts/SueloInfinito.cs - Importer: PreviewImporter' with importer (PreviewImporter)
Imported 'GUID: 51949bb2a36f79847bd94838d7b74ee1' -> (Import Result ID: '4dcc12cc1b0e890a9a8d375868a9583b') in 0.001 seconds [static and dynamic dependencies]. Details - ImportResultOutputID=0c4e18e9b4d1c945fdfdbd1398e00520 DependenciesID=d62517f0b8cd1471ae69bea2be1e7700 StaticDependenciesID=e4776d84f9668d394c2ab047ca835de8 
Number of updated asset objects reloaded before import = 0
Number of asset objects unloaded after import = 0
========================================================================
Received Import Request.
  Time of request: 2026-07-11T01:44:25.2785678Z
  Time since last request: 0.0216431 seconds.
  importAddress: GUID: 51949bb2a36f79847bd94838d7b74ee1 - Path: Assets/Scripts/SueloInfinito.cs - Importer: PreviewImporter
Importing 'GUID: 51949bb2a36f79847bd94838d7b74ee1 - Path: Assets/Scripts/SueloInfinito.cs - Importer: PreviewImporter' with importer (PreviewImporter)
Imported 'GUID: 51949bb2a36f79847bd94838d7b74ee1' -> (Import Result ID: '4dcc12cc1b0e890a9a8d375868a9583b') in 0.018 seconds [static and dynamic dependencies]. Details - ImportResultOutputID=0c4e18e9b4d1c945fdfdbd1398e00520 DependenciesID=d62517f0b8cd1471ae69bea2be1e7700 StaticDependenciesID=e4776d84f9668d394c2ab047ca835de8 
Number of updated asset objects reloaded before import = 0
Number of asset objects unloaded after import = 0
========================================================================
Received Import Request.
  Time of request: 2026-07-11T01:44:25.301021Z
  Time since last request: 0.0032112 seconds.
  importAddress: GUID: 51949bb2a36f79847bd94838d7b74ee1 - Path: Assets/Scripts/SueloInfinito.cs - Importer: PreviewImporter
Importing 'GUID: 51949bb2a36f79847bd94838d7b74ee1 - Path: Assets/Scripts/SueloInfinito.cs - Importer: PreviewImporter' with importer (PreviewImporter)
Imported 'GUID: 51949bb2a36f79847bd94838d7b74ee1' -> (Import Result ID: '4dcc12cc1b0e890a9a8d375868a9583b') in 0.001 seconds [static and dynamic dependencies]. Details - ImportResultOutputID=0c4e18e9b4d1c945fdfdbd1398e00520 DependenciesID=d62517f0b8cd1471ae69bea2be1e7700 StaticDependenciesID=e4776d84f9668d394c2ab047ca835de8 
Number of updated asset objects reloaded before import = 0
Number of asset objects unloaded after import = 0
========================================================================
Received Import Request.
  Time of request: 2026-07-11T01:44:25.3077074Z
  Time since last request: 0.002609 seconds.
  importAddress: GUID: 51949bb2a36f79847bd94838d7b74ee1 - Path: Assets/Scripts/SueloInfinito.cs - Importer: PreviewImporter
Importing 'GUID: 51949bb2a36f79847bd94838d7b74ee1 - Path: Assets/Scripts/SueloInfinito.cs - Importer: PreviewImporter' with importer (PreviewImporter)
Imported 'GUID: 51949bb2a36f79847bd94838d7b74ee1' -> (Import Result ID: '4dcc12cc1b0e890a9a8d375868a9583b') in 0.001 seconds [static and dynamic dependencies]. Details - ImportResultOutputID=0c4e18e9b4d1c945fdfdbd1398e00520 DependenciesID=d62517f0b8cd1471ae69bea2be1e7700 StaticDependenciesID=e4776d84f9668d394c2ab047ca835de8 
Number of updated asset objects reloaded before import = 0
Number of asset objects unloaded after import = 0
========================================================================
Received Import Request.
  Time of request: 2026-07-11T01:44:25.3273353Z
  Time since last request: 0.0168063 seconds.
  importAddress: GUID: 51949bb2a36f79847bd94838d7b74ee1 - Path: Assets/Scripts/SueloInfinito.cs - Importer: PreviewImporter
Importing 'GUID: 51949bb2a36f79847bd94838d7b74ee1 - Path: Assets/Scripts/SueloInfinito.cs - Importer: PreviewImporter' with importer (PreviewImporter)
Imported 'GUID: 51949bb2a36f79847bd94838d7b74ee1' -> (Import Result ID: '4dcc12cc1b0e890a9a8d375868a9583b') in 0.001 seconds [static and dynamic dependencies]. Details - ImportResultOutputID=0c4e18e9b4d1c945fdfdbd1398e00520 DependenciesID=d62517f0b8cd1471ae69bea2be1e7700 StaticDependenciesID=e4776d84f9668d394c2ab047ca835de8 
Number of updated asset objects reloaded before import = 0
Number of asset objects unloaded after import = 0
========================================================================
Received Import Request.
  Time of request: 2026-07-11T01:44:25.3460067Z
  Time since last request: 0.0173692 seconds.
  importAddress: GUID: 51949bb2a36f79847bd94838d7b74ee1 - Path: Assets/Scripts/SueloInfinito.cs - Importer: PreviewImporter
Importing 'GUID: 51949bb2a36f79847bd94838d7b74ee1 - Path: Assets/Scripts/SueloInfinito.cs - Importer: PreviewImporter' with importer (PreviewImporter)
Imported 'GUID: 51949bb2a36f79847bd94838d7b74ee1' -> (Import Result ID: '4dcc12cc1b0e890a9a8d375868a9583b') in 0.001 seconds [static and dynamic dependencies]. Details - ImportResultOutputID=0c4e18e9b4d1c945fdfdbd1398e00520 DependenciesID=d62517f0b8cd1471ae69bea2be1e7700 StaticDependenciesID=e4776d84f9668d394c2ab047ca835de8 
Number of updated asset objects reloaded before import = 0
Number of asset objects unloaded after import = 0
========================================================================
Received Import Request.
  Time of request: 2026-07-11T01:44:25.3673547Z
  Time since last request: 0.0202742 seconds.
  importAddress: GUID: 51949bb2a36f79847bd94838d7b74ee1 - Path: Assets/Scripts/SueloInfinito.cs - Importer: PreviewImporter
Importing 'GUID: 51949bb2a36f79847bd94838d7b74ee1 - Path: Assets/Scripts/SueloInfinito.cs - Importer: PreviewImporter' with importer (PreviewImporter)
Imported 'GUID: 51949bb2a36f79847bd94838d7b74ee1' -> (Import Result ID: '4dcc12cc1b0e890a9a8d375868a9583b') in 0.007 seconds [static and dynamic dependencies]. Details - ImportResultOutputID=0c4e18e9b4d1c945fdfdbd1398e00520 DependenciesID=d62517f0b8cd1471ae69bea2be1e7700 StaticDependenciesID=e4776d84f9668d394c2ab047ca835de8 
Number of updated asset objects reloaded before import = 0
Number of asset objects unloaded after import = 0
========================================================================
Received Import Request.
  Time of request: 2026-07-11T01:44:25.3899989Z
  Time since last request: 0.0139519 seconds.
  importAddress: GUID: 51949bb2a36f79847bd94838d7b74ee1 - Path: Assets/Scripts/SueloInfinito.cs - Importer: PreviewImporter
Importing 'GUID: 51949bb2a36f79847bd94838d7b74ee1 - Path: Assets/Scripts/SueloInfinito.cs - Importer: PreviewImporter' with importer (PreviewImporter)
Imported 'GUID: 51949bb2a36f79847bd94838d7b74ee1' -> (Import Result ID: '4dcc12cc1b0e890a9a8d375868a9583b') in 0.003 seconds [static and dynamic dependencies]. Details - ImportResultOutputID=0c4e18e9b4d1c945fdfdbd1398e00520 DependenciesID=d62517f0b8cd1471ae69bea2be1e7700 StaticDependenciesID=e4776d84f9668d394c2ab047ca835de8 
Number of updated asset objects reloaded before import = 0
Number of asset objects unloaded after import = 0
========================================================================
Received Import Request.
  Time of request: 2026-07-11T01:44:25.4116514Z
  Time since last request: 0.0161891 seconds.
  importAddress: GUID: 51949bb2a36f79847bd94838d7b74ee1 - Path: Assets/Scripts/SueloInfinito.cs - Importer: PreviewImporter
Importing 'GUID: 51949bb2a36f79847bd94838d7b74ee1 - Path: Assets/Scripts/SueloInfinito.cs - Importer: PreviewImporter' with importer (PreviewImporter)
Imported 'GUID: 51949bb2a36f79847bd94838d7b74ee1' -> (Import Result ID: '4dcc12cc1b0e890a9a8d375868a9583b') in 0.017 seconds [static and dynamic dependencies]. Details - ImportResultOutputID=0c4e18e9b4d1c945fdfdbd1398e00520 DependenciesID=d62517f0b8cd1471ae69bea2be1e7700 StaticDependenciesID=e4776d84f9668d394c2ab047ca835de8 
Number of updated asset objects reloaded before import = 0
Number of asset objects unloaded after import = 0
========================================================================
Received Import Request.
  Time of request: 2026-07-11T01:44:25.4639571Z
  Time since last request: 0.0328883 seconds.
  importAddress: GUID: 51949bb2a36f79847bd94838d7b74ee1 - Path: Assets/Scripts/SueloInfinito.cs - Importer: PreviewImporter
Importing 'GUID: 51949bb2a36f79847bd94838d7b74ee1 - Path: Assets/Scripts/SueloInfinito.cs - Importer: PreviewImporter' with importer (PreviewImporter)
Imported 'GUID: 51949bb2a36f79847bd94838d7b74ee1' -> (Import Result ID: '4dcc12cc1b0e890a9a8d375868a9583b') in 0.003 seconds [static and dynamic dependencies]. Details - ImportResultOutputID=0c4e18e9b4d1c945fdfdbd1398e00520 DependenciesID=d62517f0b8cd1471ae69bea2be1e7700 StaticDependenciesID=e4776d84f9668d394c2ab047ca835de8 
Number of updated asset objects reloaded before import = 0
Number of asset objects unloaded after import = 0
========================================================================
Received Import Request.
  Time of request: 2026-07-11T01:44:25.472732Z
  Time since last request: 0.0011808 seconds.
  importAddress: GUID: 51949bb2a36f79847bd94838d7b74ee1 - Path: Assets/Scripts/SueloInfinito.cs - Importer: PreviewImporter
Importing 'GUID: 51949bb2a36f79847bd94838d7b74ee1 - Path: Assets/Scripts/SueloInfinito.cs - Importer: PreviewImporter' with importer (PreviewImporter)
Imported 'GUID: 51949bb2a36f79847bd94838d7b74ee1' -> (Import Result ID: '4dcc12cc1b0e890a9a8d375868a9583b') in 0.001 seconds [static and dynamic dependencies]. Details - ImportResultOutputID=0c4e18e9b4d1c945fdfdbd1398e00520 DependenciesID=d62517f0b8cd1471ae69bea2be1e7700 StaticDependenciesID=e4776d84f9668d394c2ab047ca835de8 
Number of updated asset objects reloaded before import = 0
Number of asset objects unloaded after import = 0
========================================================================
Received Import Request.
  Time of request: 2026-07-11T01:44:25.4829017Z
  Time since last request: 0.0079265 seconds.
  importAddress: GUID: 51949bb2a36f79847bd94838d7b74ee1 - Path: Assets/Scripts/SueloInfinito.cs - Importer: PreviewImporter
Importing 'GUID: 51949bb2a36f79847bd94838d7b74ee1 - Path: Assets/Scripts/SueloInfinito.cs - Importer: PreviewImporter' with importer (PreviewImporter)
Imported 'GUID: 51949bb2a36f79847bd94838d7b74ee1' -> (Import Result ID: '4dcc12cc1b0e890a9a8d375868a9583b') in 0.002 seconds [static and dynamic dependencies]. Details - ImportResultOutputID=0c4e18e9b4d1c945fdfdbd1398e00520 DependenciesID=d62517f0b8cd1471ae69bea2be1e7700 StaticDependenciesID=e4776d84f9668d394c2ab047ca835de8 
Number of updated asset objects reloaded before import = 0
Number of asset objects unloaded after import = 0
========================================================================
Received Import Request.
  Time of request: 2026-07-11T01:44:25.5026781Z
  Time since last request: 0.0160708 seconds.
  importAddress: GUID: 51949bb2a36f79847bd94838d7b74ee1 - Path: Assets/Scripts/SueloInfinito.cs - Importer: PreviewImporter
Importing 'GUID: 51949bb2a36f79847bd94838d7b74ee1 - Path: Assets/Scripts/SueloInfinito.cs - Importer: PreviewImporter' with importer (PreviewImporter)
Imported 'GUID: 51949bb2a36f79847bd94838d7b74ee1' -> (Import Result ID: '4dcc12cc1b0e890a9a8d375868a9583b') in 0.001 seconds [static and dynamic dependencies]. Details - ImportResultOutputID=0c4e18e9b4d1c945fdfdbd1398e00520 DependenciesID=d62517f0b8cd1471ae69bea2be1e7700 StaticDependenciesID=e4776d84f9668d394c2ab047ca835de8 
Number of updated asset objects reloaded before import = 0
Number of asset objects unloaded after import = 0
========================================================================
Received Import Request.
  Time of request: 2026-07-11T01:44:25.5265017Z
  Time since last request: 0.022579 seconds.
  importAddress: GUID: 51949bb2a36f79847bd94838d7b74ee1 - Path: Assets/Scripts/SueloInfinito.cs - Importer: PreviewImporter
Importing 'GUID: 51949bb2a36f79847bd94838d7b74ee1 - Path: Assets/Scripts/SueloInfinito.cs - Importer: PreviewImporter' with importer (PreviewImporter)
Imported 'GUID: 51949bb2a36f79847bd94838d7b74ee1' -> (Import Result ID: '4dcc12cc1b0e890a9a8d375868a9583b') in 0.041 seconds [static and dynamic dependencies]. Details - ImportResultOutputID=0c4e18e9b4d1c945fdfdbd1398e00520 DependenciesID=d62517f0b8cd1471ae69bea2be1e7700 StaticDependenciesID=e4776d84f9668d394c2ab047ca835de8 
Number of updated asset objects reloaded before import = 0
Number of asset objects unloaded after import = 0
========================================================================
Received Import Request.
  Time of request: 2026-07-11T01:44:25.5712337Z
  Time since last request: 0.0032401 seconds.
  importAddress: GUID: 51949bb2a36f79847bd94838d7b74ee1 - Path: Assets/Scripts/SueloInfinito.cs - Importer: PreviewImporter
Importing 'GUID: 51949bb2a36f79847bd94838d7b74ee1 - Path: Assets/Scripts/SueloInfinito.cs - Importer: PreviewImporter' with importer (PreviewImporter)
Imported 'GUID: 51949bb2a36f79847bd94838d7b74ee1' -> (Import Result ID: '4dcc12cc1b0e890a9a8d375868a9583b') in 0.001 seconds [static and dynamic dependencies]. Details - ImportResultOutputID=0c4e18e9b4d1c945fdfdbd1398e00520 DependenciesID=d62517f0b8cd1471ae69bea2be1e7700 StaticDependenciesID=e4776d84f9668d394c2ab047ca835de8 
Number of updated asset objects reloaded before import = 0
Number of asset objects unloaded after import = 0
========================================================================
Received Import Request.
  Time of request: 2026-07-11T01:44:25.5918135Z
  Time since last request: 0.0189802 seconds.
  importAddress: GUID: 51949bb2a36f79847bd94838d7b74ee1 - Path: Assets/Scripts/SueloInfinito.cs - Importer: PreviewImporter
Importing 'GUID: 51949bb2a36f79847bd94838d7b74ee1 - Path: Assets/Scripts/SueloInfinito.cs - Importer: PreviewImporter' with importer (PreviewImporter)
Imported 'GUID: 51949bb2a36f79847bd94838d7b74ee1' -> (Import Result ID: '4dcc12cc1b0e890a9a8d375868a9583b') in 0.001 seconds [static and dynamic dependencies]. Details - ImportResultOutputID=0c4e18e9b4d1c945fdfdbd1398e00520 DependenciesID=d62517f0b8cd1471ae69bea2be1e7700 StaticDependenciesID=e4776d84f9668d394c2ab047ca835de8 
Number of updated asset objects reloaded before import = 0
Number of asset objects unloaded after import = 0
========================================================================
Received Import Request.
  Time of request: 2026-07-11T01:44:25.6086893Z
  Time since last request: 0.0149733 seconds.
  importAddress: GUID: 51949bb2a36f79847bd94838d7b74ee1 - Path: Assets/Scripts/SueloInfinito.cs - Importer: PreviewImporter
Importing 'GUID: 51949bb2a36f79847bd94838d7b74ee1 - Path: Assets/Scripts/SueloInfinito.cs - Importer: PreviewImporter' with importer (PreviewImporter)
Imported 'GUID: 51949bb2a36f79847bd94838d7b74ee1' -> (Import Result ID: '4dcc12cc1b0e890a9a8d375868a9583b') in 0.001 seconds [static and dynamic dependencies]. Details - ImportResultOutputID=0c4e18e9b4d1c945fdfdbd1398e00520 DependenciesID=d62517f0b8cd1471ae69bea2be1e7700 StaticDependenciesID=e4776d84f9668d394c2ab047ca835de8 
Number of updated asset objects reloaded before import = 0
Number of asset objects unloaded after import = 0
========================================================================
Received Import Request.
  Time of request: 2026-07-11T01:44:25.6277258Z
  Time since last request: 0.0171206 seconds.
  importAddress: GUID: 51949bb2a36f79847bd94838d7b74ee1 - Path: Assets/Scripts/SueloInfinito.cs - Importer: PreviewImporter
Importing 'GUID: 51949bb2a36f79847bd94838d7b74ee1 - Path: Assets/Scripts/SueloInfinito.cs - Importer: PreviewImporter' with importer (PreviewImporter)
Imported 'GUID: 51949bb2a36f79847bd94838d7b74ee1' -> (Import Result ID: '4dcc12cc1b0e890a9a8d375868a9583b') in 0.001 seconds [static and dynamic dependencies]. Details - ImportResultOutputID=0c4e18e9b4d1c945fdfdbd1398e00520 DependenciesID=d62517f0b8cd1471ae69bea2be1e7700 StaticDependenciesID=e4776d84f9668d394c2ab047ca835de8 
Number of updated asset objects reloaded before import = 0
Number of asset objects unloaded after import = 0
========================================================================
Received Import Request.
  Time of request: 2026-07-11T01:44:25.6318463Z
  Time since last request: 0.0025553 seconds.
  importAddress: GUID: 51949bb2a36f79847bd94838d7b74ee1 - Path: Assets/Scripts/SueloInfinito.cs - Importer: PreviewImporter
Importing 'GUID: 51949bb2a36f79847bd94838d7b74ee1 - Path: Assets/Scripts/SueloInfinito.cs - Importer: PreviewImporter' with importer (PreviewImporter)
Imported 'GUID: 51949bb2a36f79847bd94838d7b74ee1' -> (Import Result ID: '4dcc12cc1b0e890a9a8d375868a9583b') in 0.002 seconds [static and dynamic dependencies]. Details - ImportResultOutputID=0c4e18e9b4d1c945fdfdbd1398e00520 DependenciesID=d62517f0b8cd1471ae69bea2be1e7700 StaticDependenciesID=e4776d84f9668d394c2ab047ca835de8 
Number of updated asset objects reloaded before import = 0
Number of asset objects unloaded after import = 0
========================================================================
Received Import Request.
  Time of request: 2026-07-11T01:44:25.6557024Z
  Time since last request: 0.0213009 seconds.
  importAddress: GUID: 51949bb2a36f79847bd94838d7b74ee1 - Path: Assets/Scripts/SueloInfinito.cs - Importer: PreviewImporter
Importing 'GUID: 51949bb2a36f79847bd94838d7b74ee1 - Path: Assets/Scripts/SueloInfinito.cs - Importer: PreviewImporter' with importer (PreviewImporter)
Imported 'GUID: 51949bb2a36f79847bd94838d7b74ee1' -> (Import Result ID: '4dcc12cc1b0e890a9a8d375868a9583b') in 0.003 seconds [static and dynamic dependencies]. Details - ImportResultOutputID=0c4e18e9b4d1c945fdfdbd1398e00520 DependenciesID=d62517f0b8cd1471ae69bea2be1e7700 StaticDependenciesID=e4776d84f9668d394c2ab047ca835de8 
Number of updated asset objects reloaded before import = 0
Number of asset objects unloaded after import = 0
========================================================================
Received Import Request.
  Time of request: 2026-07-11T01:44:25.6771362Z
  Time since last request: 0.0170566 seconds.
  importAddress: GUID: 51949bb2a36f79847bd94838d7b74ee1 - Path: Assets/Scripts/SueloInfinito.cs - Importer: PreviewImporter
Importing 'GUID: 51949bb2a36f79847bd94838d7b74ee1 - Path: Assets/Scripts/SueloInfinito.cs - Importer: PreviewImporter' with importer (PreviewImporter)
Imported 'GUID: 51949bb2a36f79847bd94838d7b74ee1' -> (Import Result ID: '4dcc12cc1b0e890a9a8d375868a9583b') in 0.001 seconds [static and dynamic dependencies]. Details - ImportResultOutputID=0c4e18e9b4d1c945fdfdbd1398e00520 DependenciesID=d62517f0b8cd1471ae69bea2be1e7700 StaticDependenciesID=e4776d84f9668d394c2ab047ca835de8 
Number of updated asset objects reloaded before import = 0
Number of asset objects unloaded after import = 0
========================================================================
Received Import Request.
  Time of request: 2026-07-11T01:44:25.6965172Z
  Time since last request: 0.0184536 seconds.
  importAddress: GUID: 51949bb2a36f79847bd94838d7b74ee1 - Path: Assets/Scripts/SueloInfinito.cs - Importer: PreviewImporter
Importing 'GUID: 51949bb2a36f79847bd94838d7b74ee1 - Path: Assets/Scripts/SueloInfinito.cs - Importer: PreviewImporter' with importer (PreviewImporter)
Imported 'GUID: 51949bb2a36f79847bd94838d7b74ee1' -> (Import Result ID: '4dcc12cc1b0e890a9a8d375868a9583b') in 0.005 seconds [static and dynamic dependencies]. Details - ImportResultOutputID=0c4e18e9b4d1c945fdfdbd1398e00520 DependenciesID=d62517f0b8cd1471ae69bea2be1e7700 StaticDependenciesID=e4776d84f9668d394c2ab047ca835de8 
Number of updated asset objects reloaded before import = 0
Number of asset objects unloaded after import = 0
========================================================================
Received Import Request.
  Time of request: 2026-07-11T01:44:25.7201369Z
  Time since last request: 0.0169701 seconds.
  importAddress: GUID: 51949bb2a36f79847bd94838d7b74ee1 - Path: Assets/Scripts/SueloInfinito.cs - Importer: PreviewImporter
Importing 'GUID: 51949bb2a36f79847bd94838d7b74ee1 - Path: Assets/Scripts/SueloInfinito.cs - Importer: PreviewImporter' with importer (PreviewImporter)
Imported 'GUID: 51949bb2a36f79847bd94838d7b74ee1' -> (Import Result ID: '4dcc12cc1b0e890a9a8d375868a9583b') in 0.001 seconds [static and dynamic dependencies]. Details - ImportResultOutputID=0c4e18e9b4d1c945fdfdbd1398e00520 DependenciesID=d62517f0b8cd1471ae69bea2be1e7700 StaticDependenciesID=e4776d84f9668d394c2ab047ca835de8 
Number of updated asset objects reloaded before import = 0
Number of asset objects unloaded after import = 0
========================================================================
Received Import Request.
  Time of request: 2026-07-11T01:44:25.7372795Z
  Time since last request: 0.0161298 seconds.
  importAddress: GUID: 51949bb2a36f79847bd94838d7b74ee1 - Path: Assets/Scripts/SueloInfinito.cs - Importer: PreviewImporter
Importing 'GUID: 51949bb2a36f79847bd94838d7b74ee1 - Path: Assets/Scripts/SueloInfinito.cs - Importer: PreviewImporter' with importer (PreviewImporter)
Imported 'GUID: 51949bb2a36f79847bd94838d7b74ee1' -> (Import Result ID: '4dcc12cc1b0e890a9a8d375868a9583b') in 0.001 seconds [static and dynamic dependencies]. Details - ImportResultOutputID=0c4e18e9b4d1c945fdfdbd1398e00520 DependenciesID=d62517f0b8cd1471ae69bea2be1e7700 StaticDependenciesID=e4776d84f9668d394c2ab047ca835de8 
Number of updated asset objects reloaded before import = 0
Number of asset objects unloaded after import = 0
========================================================================
Received Import Request.
  Time of request: 2026-07-11T01:44:25.7535951Z
  Time since last request: 0.0149544 seconds.
  importAddress: GUID: 51949bb2a36f79847bd94838d7b74ee1 - Path: Assets/Scripts/SueloInfinito.cs - Importer: PreviewImporter
Importing 'GUID: 51949bb2a36f79847bd94838d7b74ee1 - Path: Assets/Scripts/SueloInfinito.cs - Importer: PreviewImporter' with importer (PreviewImporter)
Imported 'GUID: 51949bb2a36f79847bd94838d7b74ee1' -> (Import Result ID: '4dcc12cc1b0e890a9a8d375868a9583b') in 0.001 seconds [static and dynamic dependencies]. Details - ImportResultOutputID=0c4e18e9b4d1c945fdfdbd1398e00520 DependenciesID=d62517f0b8cd1471ae69bea2be1e7700 StaticDependenciesID=e4776d84f9668d394c2ab047ca835de8 
Number of updated asset objects reloaded before import = 0
Number of asset objects unloaded after import = 0
========================================================================
Received Import Request.
  Time of request: 2026-07-11T01:44:25.7712851Z
  Time since last request: 0.0163087 seconds.
  importAddress: GUID: 51949bb2a36f79847bd94838d7b74ee1 - Path: Assets/Scripts/SueloInfinito.cs - Importer: PreviewImporter
Importing 'GUID: 51949bb2a36f79847bd94838d7b74ee1 - Path: Assets/Scripts/SueloInfinito.cs - Importer: PreviewImporter' with importer (PreviewImporter)
Imported 'GUID: 51949bb2a36f79847bd94838d7b74ee1' -> (Import Result ID: '4dcc12cc1b0e890a9a8d375868a9583b') in 0.001 seconds [static and dynamic dependencies]. Details - ImportResultOutputID=0c4e18e9b4d1c945fdfdbd1398e00520 DependenciesID=d62517f0b8cd1471ae69bea2be1e7700 StaticDependenciesID=e4776d84f9668d394c2ab047ca835de8 
Number of updated asset objects reloaded before import = 0
Number of asset objects unloaded after import = 0
========================================================================
Received Import Request.
  Time of request: 2026-07-11T01:44:25.7899596Z
  Time since last request: 0.0175177 seconds.
  importAddress: GUID: 51949bb2a36f79847bd94838d7b74ee1 - Path: Assets/Scripts/SueloInfinito.cs - Importer: PreviewImporter
Importing 'GUID: 51949bb2a36f79847bd94838d7b74ee1 - Path: Assets/Scripts/SueloInfinito.cs - Importer: PreviewImporter' with importer (PreviewImporter)
Imported 'GUID: 51949bb2a36f79847bd94838d7b74ee1' -> (Import Result ID: '4dcc12cc1b0e890a9a8d375868a9583b') in 0.001 seconds [static and dynamic dependencies]. Details - ImportResultOutputID=0c4e18e9b4d1c945fdfdbd1398e00520 DependenciesID=d62517f0b8cd1471ae69bea2be1e7700 StaticDependenciesID=e4776d84f9668d394c2ab047ca835de8 
Number of updated asset objects reloaded before import = 0
Number of asset objects unloaded after import = 0
========================================================================
Received Import Request.
  Time of request: 2026-07-11T01:44:25.81466Z
  Time since last request: 0.0000723 seconds.
  importAddress: GUID: 51949bb2a36f79847bd94838d7b74ee1 - Path: Assets/Scripts/SueloInfinito.cs - Importer: PreviewImporter
Importing 'GUID: 51949bb2a36f79847bd94838d7b74ee1 - Path: Assets/Scripts/SueloInfinito.cs - Importer: PreviewImporter' with importer (PreviewImporter)
Imported 'GUID: 51949bb2a36f79847bd94838d7b74ee1' -> (Import Result ID: '4dcc12cc1b0e890a9a8d375868a9583b') in 0.001 seconds [static and dynamic dependencies]. Details - ImportResultOutputID=0c4e18e9b4d1c945fdfdbd1398e00520 DependenciesID=d62517f0b8cd1471ae69bea2be1e7700 StaticDependenciesID=e4776d84f9668d394c2ab047ca835de8 
Number of updated asset objects reloaded before import = 0
Number of asset objects unloaded after import = 0
========================================================================
Received Import Request.
  Time of request: 2026-07-11T01:44:25.8297702Z
  Time since last request: 0.0117051 seconds.
  importAddress: GUID: 51949bb2a36f79847bd94838d7b74ee1 - Path: Assets/Scripts/SueloInfinito.cs - Importer: PreviewImporter
Importing 'GUID: 51949bb2a36f79847bd94838d7b74ee1 - Path: Assets/Scripts/SueloInfinito.cs - Importer: PreviewImporter' with importer (PreviewImporter)
Imported 'GUID: 51949bb2a36f79847bd94838d7b74ee1' -> (Import Result ID: '4dcc12cc1b0e890a9a8d375868a9583b') in 0.008 seconds [static and dynamic dependencies]. Details - ImportResultOutputID=0c4e18e9b4d1c945fdfdbd1398e00520 DependenciesID=d62517f0b8cd1471ae69bea2be1e7700 StaticDependenciesID=e4776d84f9668d394c2ab047ca835de8 
Number of updated asset objects reloaded before import = 0
Number of asset objects unloaded after import = 0
========================================================================
Received Import Request.
  Time of request: 2026-07-11T01:44:25.8510919Z
  Time since last request: 0.0125197 seconds.
  importAddress: GUID: 51949bb2a36f79847bd94838d7b74ee1 - Path: Assets/Scripts/SueloInfinito.cs - Importer: PreviewImporter
Importing 'GUID: 51949bb2a36f79847bd94838d7b74ee1 - Path: Assets/Scripts/SueloInfinito.cs - Importer: PreviewImporter' with importer (PreviewImporter)
Imported 'GUID: 51949bb2a36f79847bd94838d7b74ee1' -> (Import Result ID: '4dcc12cc1b0e890a9a8d375868a9583b') in 0.001 seconds [static and dynamic dependencies]. Details - ImportResultOutputID=0c4e18e9b4d1c945fdfdbd1398e00520 DependenciesID=d62517f0b8cd1471ae69bea2be1e7700 StaticDependenciesID=e4776d84f9668d394c2ab047ca835de8 
Number of updated asset objects reloaded before import = 0
Number of asset objects unloaded after import = 0
========================================================================
Received Import Request.
  Time of request: 2026-07-11T01:44:25.8709791Z
  Time since last request: 0.0178896 seconds.
  importAddress: GUID: 51949bb2a36f79847bd94838d7b74ee1 - Path: Assets/Scripts/SueloInfinito.cs - Importer: PreviewImporter
Importing 'GUID: 51949bb2a36f79847bd94838d7b74ee1 - Path: Assets/Scripts/SueloInfinito.cs - Importer: PreviewImporter' with importer (PreviewImporter)
Imported 'GUID: 51949bb2a36f79847bd94838d7b74ee1' -> (Import Result ID: '4dcc12cc1b0e890a9a8d375868a9583b') in 0.009 seconds [static and dynamic dependencies]. Details - ImportResultOutputID=0c4e18e9b4d1c945fdfdbd1398e00520 DependenciesID=d62517f0b8cd1471ae69bea2be1e7700 StaticDependenciesID=e4776d84f9668d394c2ab047ca835de8 
Number of updated asset objects reloaded before import = 0
Number of asset objects unloaded after import = 0
========================================================================
Received Import Request.
  Time of request: 2026-07-11T01:44:25.9000259Z
  Time since last request: 0.0188638 seconds.
  importAddress: GUID: 51949bb2a36f79847bd94838d7b74ee1 - Path: Assets/Scripts/SueloInfinito.cs - Importer: PreviewImporter
Importing 'GUID: 51949bb2a36f79847bd94838d7b74ee1 - Path: Assets/Scripts/SueloInfinito.cs - Importer: PreviewImporter' with importer (PreviewImporter)
Imported 'GUID: 51949bb2a36f79847bd94838d7b74ee1' -> (Import Result ID: '4dcc12cc1b0e890a9a8d375868a9583b') in 0.001 seconds [static and dynamic dependencies]. Details - ImportResultOutputID=0c4e18e9b4d1c945fdfdbd1398e00520 DependenciesID=d62517f0b8cd1471ae69bea2be1e7700 StaticDependenciesID=e4776d84f9668d394c2ab047ca835de8 
Number of updated asset objects reloaded before import = 0
Number of asset objects unloaded after import = 0
========================================================================
Received Import Request.
  Time of request: 2026-07-11T01:44:25.9398209Z
  Time since last request: 0.0049161 seconds.
  importAddress: GUID: 51949bb2a36f79847bd94838d7b74ee1 - Path: Assets/Scripts/SueloInfinito.cs - Importer: PreviewImporter
Importing 'GUID: 51949bb2a36f79847bd94838d7b74ee1 - Path: Assets/Scripts/SueloInfinito.cs - Importer: PreviewImporter' with importer (PreviewImporter)
Imported 'GUID: 51949bb2a36f79847bd94838d7b74ee1' -> (Import Result ID: '4dcc12cc1b0e890a9a8d375868a9583b') in 0.002 seconds [static and dynamic dependencies]. Details - ImportResultOutputID=0c4e18e9b4d1c945fdfdbd1398e00520 DependenciesID=d62517f0b8cd1471ae69bea2be1e7700 StaticDependenciesID=e4776d84f9668d394c2ab047ca835de8 
Number of updated asset objects reloaded before import = 0
Number of asset objects unloaded after import = 0
========================================================================
Received Import Request.
  Time of request: 2026-07-11T01:44:25.9455046Z
  Time since last request: 0.0019807 seconds.
  importAddress: GUID: 51949bb2a36f79847bd94838d7b74ee1 - Path: Assets/Scripts/SueloInfinito.cs - Importer: PreviewImporter
Importing 'GUID: 51949bb2a36f79847bd94838d7b74ee1 - Path: Assets/Scripts/SueloInfinito.cs - Importer: PreviewImporter' with importer (PreviewImporter)
Imported 'GUID: 51949bb2a36f79847bd94838d7b74ee1' -> (Import Result ID: '4dcc12cc1b0e890a9a8d375868a9583b') in 0.001 seconds [static and dynamic dependencies]. Details - ImportResultOutputID=0c4e18e9b4d1c945fdfdbd1398e00520 DependenciesID=d62517f0b8cd1471ae69bea2be1e7700 StaticDependenciesID=e4776d84f9668d394c2ab047ca835de8 
Number of updated asset objects reloaded before import = 0
Number of asset objects unloaded after import = 0
========================================================================
Received Import Request.
  Time of request: 2026-07-11T01:44:25.9705567Z
  Time since last request: 0.0237277 seconds.
  importAddress: GUID: 51949bb2a36f79847bd94838d7b74ee1 - Path: Assets/Scripts/SueloInfinito.cs - Importer: PreviewImporter
Importing 'GUID: 51949bb2a36f79847bd94838d7b74ee1 - Path: Assets/Scripts/SueloInfinito.cs - Importer: PreviewImporter' with importer (PreviewImporter)
Imported 'GUID: 51949bb2a36f79847bd94838d7b74ee1' -> (Import Result ID: '4dcc12cc1b0e890a9a8d375868a9583b') in 0.001 seconds [static and dynamic dependencies]. Details - ImportResultOutputID=0c4e18e9b4d1c945fdfdbd1398e00520 DependenciesID=d62517f0b8cd1471ae69bea2be1e7700 StaticDependenciesID=e4776d84f9668d394c2ab047ca835de8 
Number of updated asset objects reloaded before import = 0
Number of asset objects unloaded after import = 0
========================================================================
Received Import Request.
  Time of request: 2026-07-11T01:44:26.0196751Z
  Time since last request: 0.0480206 seconds.
  importAddress: GUID: 51949bb2a36f79847bd94838d7b74ee1 - Path: Assets/Scripts/SueloInfinito.cs - Importer: PreviewImporter
Importing 'GUID: 51949bb2a36f79847bd94838d7b74ee1 - Path: Assets/Scripts/SueloInfinito.cs - Importer: PreviewImporter' with importer (PreviewImporter)
Imported 'GUID: 51949bb2a36f79847bd94838d7b74ee1' -> (Import Result ID: '4dcc12cc1b0e890a9a8d375868a9583b') in 0.003 seconds [static and dynamic dependencies]. Details - ImportResultOutputID=0c4e18e9b4d1c945fdfdbd1398e00520 DependenciesID=d62517f0b8cd1471ae69bea2be1e7700 StaticDependenciesID=e4776d84f9668d394c2ab047ca835de8 
Number of updated asset objects reloaded before import = 0
Number of asset objects unloaded after import = 0
========================================================================
Received Import Request.
  Time of request: 2026-07-11T01:44:26.0528959Z
  Time since last request: 0.008016 seconds.
  importAddress: GUID: 51949bb2a36f79847bd94838d7b74ee1 - Path: Assets/Scripts/SueloInfinito.cs - Importer: PreviewImporter
Importing 'GUID: 51949bb2a36f79847bd94838d7b74ee1 - Path: Assets/Scripts/SueloInfinito.cs - Importer: PreviewImporter' with importer (PreviewImporter)
Imported 'GUID: 51949bb2a36f79847bd94838d7b74ee1' -> (Import Result ID: '4dcc12cc1b0e890a9a8d375868a9583b') in 0.005 seconds [static and dynamic dependencies]. Details - ImportResultOutputID=0c4e18e9b4d1c945fdfdbd1398e00520 DependenciesID=d62517f0b8cd1471ae69bea2be1e7700 StaticDependenciesID=e4776d84f9668d394c2ab047ca835de8 
Number of updated asset objects reloaded before import = 0
Number of asset objects unloaded after import = 0
========================================================================
Received Import Request.
  Time of request: 2026-07-11T01:44:26.0729361Z
  Time since last request: 0.0129336 seconds.
  importAddress: GUID: 51949bb2a36f79847bd94838d7b74ee1 - Path: Assets/Scripts/SueloInfinito.cs - Importer: PreviewImporter
Importing 'GUID: 51949bb2a36f79847bd94838d7b74ee1 - Path: Assets/Scripts/SueloInfinito.cs - Importer: PreviewImporter' with importer (PreviewImporter)
Imported 'GUID: 51949bb2a36f79847bd94838d7b74ee1' -> (Import Result ID: '4dcc12cc1b0e890a9a8d375868a9583b') in 0.001 seconds [static and dynamic dependencies]. Details - ImportResultOutputID=0c4e18e9b4d1c945fdfdbd1398e00520 DependenciesID=d62517f0b8cd1471ae69bea2be1e7700 StaticDependenciesID=e4776d84f9668d394c2ab047ca835de8 
Number of updated asset objects reloaded before import = 0
Number of asset objects unloaded after import = 0
========================================================================
Received Import Request.
  Time of request: 2026-07-11T01:44:26.0885966Z
  Time since last request: 0.0129451 seconds.
  importAddress: GUID: 51949bb2a36f79847bd94838d7b74ee1 - Path: Assets/Scripts/SueloInfinito.cs - Importer: PreviewImporter
Importing 'GUID: 51949bb2a36f79847bd94838d7b74ee1 - Path: Assets/Scripts/SueloInfinito.cs - Importer: PreviewImporter' with importer (PreviewImporter)
Imported 'GUID: 51949bb2a36f79847bd94838d7b74ee1' -> (Import Result ID: '4dcc12cc1b0e890a9a8d375868a9583b') in 0.003 seconds [static and dynamic dependencies]. Details - ImportResultOutputID=0c4e18e9b4d1c945fdfdbd1398e00520 DependenciesID=d62517f0b8cd1471ae69bea2be1e7700 StaticDependenciesID=e4776d84f9668d394c2ab047ca835de8 
Number of updated asset objects reloaded before import = 0
Number of asset objects unloaded after import = 0
========================================================================
Received Prepare
AcceleratorClientConnectionCallback - disconnected - :0
Begin MonoManager ReloadAssembly
Native extension for WindowsStandalone target not found
[Package Manager] Failed to launch server process. Reason: Unity was launched with the -noUpm command-line argument
[Package Manager] Unable to send message (not connected to server process).
[Package Manager] Cannot connect to Unity Package Manager local server
ScheduleIndexationOnStartup MainProcess:False IndexOnStartup:True
Mono: successfully reloaded assembly
- Finished resetting the current domain, in  0.564 seconds
Domain Reload Profiling: 1112ms
	BeginReloadAssembly (314ms)
		DisableScriptedObjects (6ms)
		CreateAndSetChildDomain (61ms)
	RebuildCommonClasses (11ms)
	RebuildNativeTypeToScriptingClass (19ms)
	initialDomainReloadingComplete (68ms)
	LoadAllAssembliesAndSetupDomain (134ms)
		LoadAssemblies (183ms)
		AnalyzeDomain (28ms)
			TypeCache.Refresh (9ms)
			BuildScriptInfoCaches (16ms)
	FinalizeReload (566ms)
		SetupLoadedEditorAssemblies (0ms)
			InitializePlatformSupportModulesInManaged (3ms)
			BeforeProcessingInitializeOnLoad (118ms)
			ProcessInitializeOnLoadAttributes (109ms)
			ProcessInitializeOnLoadMethodAttributes (144ms)
			AfterProcessingInitializeOnLoad (10ms)
		AwakeInstancesAfterBackupRestoration (5ms)
Unloading 0 Unused Serialized files (Serialized files now loaded: 0)
Unloading 483 unused Assets / (48.0 KB). Loaded Objects now: 1115.
Memory consumption went from 160.2 MB to 160.1 MB.
Total: 5.564300 ms (FindLiveObjects: 0.136900 ms CreateObjectMapping: 0.096700 ms MarkObjects: 5.097600 ms  DeleteObjects: 0.230800 ms)

Prepare: number of updated asset objects reloaded= 0
========================================================================
Received Import Request.
  Time of request: 2026-07-11T01:44:30.0026628Z
  Time since last request: 3.9109677 seconds.
  importAddress: GUID: 51949bb2a36f79847bd94838d7b74ee1 - Path: Assets/Scripts/SueloInfinito.cs - Importer: PreviewImporter
Importing 'GUID: 51949bb2a36f79847bd94838d7b74ee1 - Path: Assets/Scripts/SueloInfinito.cs - Importer: PreviewImporter' with importer (PreviewImporter)
Imported 'GUID: 51949bb2a36f79847bd94838d7b74ee1' -> (Import Result ID: '16ff0b0556a83ac2018be6ac92b45800') in 0.002 seconds [static and dynamic dependencies]. Details - ImportResultOutputID=0c4e18e9b4d1c945fdfdbd1398e00520 DependenciesID=2ada7d362d3e59da9e5056704ecfc91a StaticDependenciesID=e4776d84f9668d394c2ab047ca835de8 
Number of updated asset objects reloaded before import = 0
Number of asset objects unloaded after import = 0
========================================================================
Received Prepare
AcceleratorClientConnectionCallback - disconnected - :0
Begin MonoManager ReloadAssembly
[Licensing::Client] Successfully resolved entitlement details
Native extension for WindowsStandalone target not found
[Package Manager] Failed to launch server process. Reason: Unity was launched with the -noUpm command-line argument
[Package Manager] Unable to send message (not connected to server process).
[Package Manager] Cannot connect to Unity Package Manager local server
ScheduleIndexationOnStartup MainProcess:False IndexOnStartup:True
Mono: successfully reloaded assembly
- Finished resetting the current domain, in  0.837 seconds
Domain Reload Profiling: 2039ms
	BeginReloadAssembly (787ms)
		DisableScriptedObjects (66ms)
		CreateAndSetChildDomain (223ms)
	RebuildCommonClasses (21ms)
	RebuildNativeTypeToScriptingClass (42ms)
	initialDomainReloadingComplete (74ms)
	LoadAllAssembliesAndSetupDomain (276ms)
		LoadAssemblies (307ms)
		AnalyzeDomain (80ms)
			TypeCache.Refresh (34ms)
			BuildScriptInfoCaches (34ms)
			ResolveRequiredComponents (4ms)
	FinalizeReload (840ms)
		SetupLoadedEditorAssemblies (0ms)
			InitializePlatformSupportModulesInManaged (5ms)
			BeforeProcessingInitializeOnLoad (177ms)
			ProcessInitializeOnLoadAttributes (172ms)
			ProcessInitializeOnLoadMethodAttributes (165ms)
			AfterProcessingInitializeOnLoad (10ms)
		AwakeInstancesAfterBackupRestoration (6ms)
Unloading 0 Unused Serialized files (Serialized files now loaded: 0)
Unloading 483 unused Assets / (15.4 KB). Loaded Objects now: 1115.
Memory consumption went from 160.9 MB to 160.9 MB.
Total: 6.884200 ms (FindLiveObjects: 0.310900 ms CreateObjectMapping: 0.141600 ms MarkObjects: 6.035500 ms  DeleteObjects: 0.392000 ms)

Prepare: number of updated asset objects reloaded= 0
========================================================================
Received Import Request.
  Time of request: 2026-07-11T01:50:31.4470424Z
  Time since last request: 361.43967450000002 seconds.
  importAddress: GUID: 51949bb2a36f79847bd94838d7b74ee1 - Path: Assets/Scripts/SueloInfinito.cs - Importer: ScriptedImporter/UnityEditor.QuickSearchModule:UnityEditor.Search:ASIAI0B
Importing 'GUID: 51949bb2a36f79847bd94838d7b74ee1 - Path: Assets/Scripts/SueloInfinito.cs - Importer: ScriptedImporter/UnityEditor.QuickSearchModule:UnityEditor.Search:ASIAI0B' with importer (ScriptedImporter : UnityEditor.QuickSearchModule:UnityEditor.Search:ASIAI0B)
Imported 'GUID: 51949bb2a36f79847bd94838d7b74ee1' -> (Import Result ID: 'c48d2eb069413fc8bd30b480fe0c6d66') in 0.588 seconds [static and dynamic dependencies]. Details - ImportResultOutputID=23f5065d42520b0b709380d552399207 DependenciesID=c91d6a4bd7918459ad34fe1d8e0fd965 StaticDependenciesID=285e6d7fe462bdb0e177acf3ac508082 
Number of updated asset objects reloaded before import = 0
Number of asset objects unloaded after import = 0
========================================================================
Received Prepare
AcceleratorClientConnectionCallback - disconnected - :0
Unloading 0 Unused Serialized files (Serialized files now loaded: 0)
Unloading 484 unused Assets / (24.1 KB). Loaded Objects now: 1116.
Memory consumption went from 161.4 MB to 161.4 MB.
Total: 22.009500 ms (FindLiveObjects: 0.499300 ms CreateObjectMapping: 0.124300 ms MarkObjects: 21.135500 ms  DeleteObjects: 0.247000 ms)

Prepare: number of updated asset objects reloaded= 0
========================================================================
Received Import Request.
  Time of request: 2026-07-11T01:50:42.8468032Z
  Time since last request: 10.6573994 seconds.
  importAddress: GUID: 02420ba012d5b6b4a919aa96d8b800ed - Path: Assets/Scripts/MovimientoCamara.cs - Importer: ScriptedImporter/UnityEditor.QuickSearchModule:UnityEditor.Search:ASIAI0B
Importing 'GUID: 02420ba012d5b6b4a919aa96d8b800ed - Path: Assets/Scripts/MovimientoCamara.cs - Importer: ScriptedImporter/UnityEditor.QuickSearchModule:UnityEditor.Search:ASIAI0B' with importer (ScriptedImporter : UnityEditor.QuickSearchModule:UnityEditor.Search:ASIAI0B)
Imported 'GUID: 02420ba012d5b6b4a919aa96d8b800ed' -> (Import Result ID: '98d7a58e878b2a5863ca236358095706') in 0.054 seconds [static and dynamic dependencies]. Details - ImportResultOutputID=36341f4502517967744b8892dc60eb9c DependenciesID=31ae7ecdc2a8d7c3b124d343c2d584b3 StaticDependenciesID=732c1b623f6bca76d91f384ceeb41ea7 
Number of updated asset objects reloaded before import = 0
Number of asset objects unloaded after import = 0
========================================================================
Received Import Request.
  Time of request: 2026-07-11T01:50:42.9758004Z
  Time since last request: 0.0737162 seconds.
  importAddress: GUID: 02420ba012d5b6b4a919aa96d8b800ed - Path: Assets/Scripts/MovimientoCamara.cs - Importer: PreviewImporter
Importing 'GUID: 02420ba012d5b6b4a919aa96d8b800ed - Path: Assets/Scripts/MovimientoCamara.cs - Importer: PreviewImporter' with importer (PreviewImporter)
Imported 'GUID: 02420ba012d5b6b4a919aa96d8b800ed' -> (Import Result ID: 'd4228185c5b24c5bd3e5b03b885e78a7') in 0.001 seconds [static and dynamic dependencies]. Details - ImportResultOutputID=1a586a14276079179f0b90bec3261a0f DependenciesID=0120cdd1bcf3a16bdbd2a7571ab6b4d6 StaticDependenciesID=44cdc3f6cfa2c106c3381e61a2922f0b 
Number of updated asset objects reloaded before import = 0
Number of asset objects unloaded after import = 0
========================================================================
Received Prepare
AcceleratorClientConnectionCallback - disconnected - :0
Begin MonoManager ReloadAssembly
[Licensing::Client] Successfully resolved entitlement details
Native extension for WindowsStandalone target not found
[Package Manager] Failed to launch server process. Reason: Unity was launched with the -noUpm command-line argument
[Package Manager] Unable to send message (not connected to server process).
[Package Manager] Cannot connect to Unity Package Manager local server
ScheduleIndexationOnStartup MainProcess:False IndexOnStartup:True
Mono: successfully reloaded assembly
- Finished resetting the current domain, in  0.960 seconds
Domain Reload Profiling: 2055ms
	BeginReloadAssembly (622ms)
		DisableScriptedObjects (39ms)
		CreateAndSetChildDomain (121ms)
	RebuildCommonClasses (16ms)
	RebuildNativeTypeToScriptingClass (30ms)
	initialDomainReloadingComplete (132ms)
	LoadAllAssembliesAndSetupDomain (291ms)
		LoadAssemblies (324ms)
		AnalyzeDomain (79ms)
			TypeCache.Refresh (35ms)
			BuildScriptInfoCaches (27ms)
			ResolveRequiredComponents (4ms)
	FinalizeReload (964ms)
		SetupLoadedEditorAssemblies (0ms)
			InitializePlatformSupportModulesInManaged (4ms)
			BeforeProcessingInitializeOnLoad (165ms)
			ProcessInitializeOnLoadAttributes (154ms)
			ProcessInitializeOnLoadMethodAttributes (138ms)
			AfterProcessingInitializeOnLoad (11ms)
		AwakeInstancesAfterBackupRestoration (5ms)
Unloading 0 Unused Serialized files (Serialized files now loaded: 0)
Unloading 484 unused Assets / (54.0 KB). Loaded Objects now: 1116.
Memory consumption went from 160.4 MB to 160.3 MB.
Total: 7.548000 ms (FindLiveObjects: 0.311600 ms CreateObjectMapping: 0.160700 ms MarkObjects: 6.863100 ms  DeleteObjects: 0.209900 ms)

Prepare: number of updated asset objects reloaded= 0
========================================================================
Received Import Request.
  Time of request: 2026-07-11T01:50:50.6156376Z
  Time since last request: 7.6378925 seconds.
  importAddress: GUID: 02420ba012d5b6b4a919aa96d8b800ed - Path: Assets/Scripts/MovimientoCamara.cs - Importer: PreviewImporter
Importing 'GUID: 02420ba012d5b6b4a919aa96d8b800ed - Path: Assets/Scripts/MovimientoCamara.cs - Importer: PreviewImporter' with importer (PreviewImporter)
Imported 'GUID: 02420ba012d5b6b4a919aa96d8b800ed' -> (Import Result ID: 'a5bfa19d9f502da7d9d41f0b7394e6a3') in 0.002 seconds [static and dynamic dependencies]. Details - ImportResultOutputID=1a586a14276079179f0b90bec3261a0f DependenciesID=50b92079177393554a9b27e753069fce StaticDependenciesID=44cdc3f6cfa2c106c3381e61a2922f0b 
Number of updated asset objects reloaded before import = 0
Number of asset objects unloaded after import = 0
========================================================================
Received Prepare
AcceleratorClientConnectionCallback - disconnected - :0
Begin MonoManager ReloadAssembly
[Licensing::Client] Successfully resolved entitlement details
Native extension for WindowsStandalone target not found
[Package Manager] Failed to launch server process. Reason: Unity was launched with the -noUpm command-line argument
[Package Manager] Unable to send message (not connected to server process).
[Package Manager] Cannot connect to Unity Package Manager local server
ScheduleIndexationOnStartup MainProcess:False IndexOnStartup:True
Mono: successfully reloaded assembly
- Finished resetting the current domain, in  1.026 seconds
Domain Reload Profiling: 2286ms
	BeginReloadAssembly (828ms)
		DisableScriptedObjects (76ms)
		CreateAndSetChildDomain (133ms)
	RebuildCommonClasses (15ms)
	RebuildNativeTypeToScriptingClass (30ms)
	initialDomainReloadingComplete (84ms)
	LoadAllAssembliesAndSetupDomain (288ms)
		LoadAssemblies (364ms)
		AnalyzeDomain (80ms)
			TypeCache.Refresh (30ms)
			BuildScriptInfoCaches (33ms)
			ResolveRequiredComponents (3ms)
	FinalizeReload (1041ms)
		SetupLoadedEditorAssemblies (0ms)
			InitializePlatformSupportModulesInManaged (5ms)
			BeforeProcessingInitializeOnLoad (242ms)
			ProcessInitializeOnLoadAttributes (235ms)
			ProcessInitializeOnLoadMethodAttributes (198ms)
			AfterProcessingInitializeOnLoad (13ms)
		AwakeInstancesAfterBackupRestoration (8ms)
Unloading 0 Unused Serialized files (Serialized files now loaded: 0)
Unloading 484 unused Assets / (15.4 KB). Loaded Objects now: 1116.
Memory consumption went from 161.4 MB to 161.3 MB.
Total: 32.268800 ms (FindLiveObjects: 0.566400 ms CreateObjectMapping: 0.252500 ms MarkObjects: 30.298500 ms  DeleteObjects: 0.853600 ms)

Prepare: number of updated asset objects reloaded= 0
========================================================================
Received Import Request.
  Time of request: 2026-07-11T01:52:13.7593913Z
  Time since last request: 83.1401295 seconds.
  importAddress: GUID: 02420ba012d5b6b4a919aa96d8b800ed - Path: Assets/Scripts/MovimientoCamara.cs - Importer: PreviewImporter
Importing 'GUID: 02420ba012d5b6b4a919aa96d8b800ed - Path: Assets/Scripts/MovimientoCamara.cs - Importer: PreviewImporter' with importer (PreviewImporter)
Imported 'GUID: 02420ba012d5b6b4a919aa96d8b800ed' -> (Import Result ID: 'e31c2290ade2f3fd9ef94b52f2c49a8f') in 0.009 seconds [static and dynamic dependencies]. Details - ImportResultOutputID=1a586a14276079179f0b90bec3261a0f DependenciesID=e4d97546db5e0c96e6f4f62cb56545dd StaticDependenciesID=32a6481382690d3308a7aaa4dbe8d50d 
Number of updated asset objects reloaded before import = 0
Number of asset objects unloaded after import = 0
========================================================================
Received Prepare
AcceleratorClientConnectionCallback - disconnected - :0
Begin MonoManager ReloadAssembly
[Licensing::Client] Successfully resolved entitlement details
Native extension for WindowsStandalone target not found
[Package Manager] Failed to launch server process. Reason: Unity was launched with the -noUpm command-line argument
[Package Manager] Unable to send message (not connected to server process).
[Package Manager] Cannot connect to Unity Package Manager local server
ScheduleIndexationOnStartup MainProcess:False IndexOnStartup:True
Mono: successfully reloaded assembly
- Finished resetting the current domain, in  0.585 seconds
Domain Reload Profiling: 1653ms
	BeginReloadAssembly (654ms)
		DisableScriptedObjects (43ms)
		CreateAndSetChildDomain (125ms)
	RebuildCommonClasses (15ms)
	RebuildNativeTypeToScriptingClass (25ms)
	initialDomainReloadingComplete (114ms)
	LoadAllAssembliesAndSetupDomain (257ms)
		LoadAssemblies (289ms)
		AnalyzeDomain (48ms)
			TypeCache.Refresh (17ms)
			BuildScriptInfoCaches (19ms)
			ResolveRequiredComponents (3ms)
	FinalizeReload (588ms)
		SetupLoadedEditorAssemblies (0ms)
			InitializePlatformSupportModulesInManaged (3ms)
			BeforeProcessingInitializeOnLoad (163ms)
			ProcessInitializeOnLoadAttributes (111ms)
			ProcessInitializeOnLoadMethodAttributes (86ms)
			AfterProcessingInitializeOnLoad (7ms)
		AwakeInstancesAfterBackupRestoration (3ms)
Unloading 0 Unused Serialized files (Serialized files now loaded: 0)
Unloading 484 unused Assets / (27.9 KB). Loaded Objects now: 1116.
Memory consumption went from 161.8 MB to 161.8 MB.
Total: 8.179900 ms (FindLiveObjects: 0.364200 ms CreateObjectMapping: 0.122400 ms MarkObjects: 7.415100 ms  DeleteObjects: 0.218800 ms)

Prepare: number of updated asset objects reloaded= 0
========================================================================
Received Import Request.
  Time of request: 2026-07-11T01:54:26.6035942Z
  Time since last request: 132.83264270000001 seconds.
  importAddress: GUID: 003952e0612f8f4438a39635645d0af8 - Path: Assets/Scripts/SaludJugador.cs - Importer: PreviewImporter
Importing 'GUID: 003952e0612f8f4438a39635645d0af8 - Path: Assets/Scripts/SaludJugador.cs - Importer: PreviewImporter' with importer (PreviewImporter)
Imported 'GUID: 003952e0612f8f4438a39635645d0af8' -> (Import Result ID: 'ef6c12af35767d0f8f3f833b2d113735') in 0.005 seconds [static and dynamic dependencies]. Details - ImportResultOutputID=6277e701c570c2e6349291acdde24c8b DependenciesID=cae55d55916f20967c216c2a9a6297c0 StaticDependenciesID=1b9433807ecc6456ca833e9d90694c4b 
Number of updated asset objects reloaded before import = 0
Number of asset objects unloaded after import = 0
========================================================================
Received Prepare
AcceleratorClientConnectionCallback - disconnected - :0
Begin MonoManager ReloadAssembly
[Licensing::Client] Successfully resolved entitlement details
Native extension for WindowsStandalone target not found
[Package Manager] Failed to launch server process. Reason: Unity was launched with the -noUpm command-line argument
[Package Manager] Unable to send message (not connected to server process).
[Package Manager] Cannot connect to Unity Package Manager local server
ScheduleIndexationOnStartup MainProcess:False IndexOnStartup:True
Mono: successfully reloaded assembly
- Finished resetting the current domain, in  0.727 seconds
Domain Reload Profiling: 1692ms
	BeginReloadAssembly (611ms)
		DisableScriptedObjects (56ms)
		CreateAndSetChildDomain (97ms)
	RebuildCommonClasses (12ms)
	RebuildNativeTypeToScriptingClass (24ms)
	initialDomainReloadingComplete (75ms)
	LoadAllAssembliesAndSetupDomain (240ms)
		LoadAssemblies (305ms)
		AnalyzeDomain (61ms)
			TypeCache.Refresh (25ms)
			BuildScriptInfoCaches (26ms)
	FinalizeReload (730ms)
		SetupLoadedEditorAssemblies (0ms)
			InitializePlatformSupportModulesInManaged (3ms)
			BeforeProcessingInitializeOnLoad (188ms)
			ProcessInitializeOnLoadAttributes (137ms)
			ProcessInitializeOnLoadMethodAttributes (128ms)
			AfterProcessingInitializeOnLoad (7ms)
		AwakeInstancesAfterBackupRestoration (4ms)
Unloading 0 Unused Serialized files (Serialized files now loaded: 0)
Unloading 484 unused Assets / (15.5 KB). Loaded Objects now: 1116.
Memory consumption went from 162.4 MB to 162.4 MB.
Total: 8.416800 ms (FindLiveObjects: 0.127700 ms CreateObjectMapping: 0.099000 ms MarkObjects: 7.551900 ms  DeleteObjects: 0.631300 ms)

Prepare: number of updated asset objects reloaded= 0
========================================================================
Received Prepare
AcceleratorClientConnectionCallback - disconnected - :0
Begin MonoManager ReloadAssembly
Native extension for WindowsStandalone target not found
[Package Manager] Failed to launch server process. Reason: Unity was launched with the -noUpm command-line argument
[Package Manager] Unable to send message (not connected to server process).
[Package Manager] Cannot connect to Unity Package Manager local server
ScheduleIndexationOnStartup MainProcess:False IndexOnStartup:True
Mono: successfully reloaded assembly
- Finished resetting the current domain, in  1.524 seconds
Domain Reload Profiling: 2432ms
	BeginReloadAssembly (543ms)
		DisableScriptedObjects (28ms)
		CreateAndSetChildDomain (117ms)
	RebuildCommonClasses (20ms)
	RebuildNativeTypeToScriptingClass (43ms)
	initialDomainReloadingComplete (80ms)
	LoadAllAssembliesAndSetupDomain (214ms)
		LoadAssemblies (272ms)
		AnalyzeDomain (16ms)
			TypeCache.Refresh (7ms)
			ResolveRequiredComponents (3ms)
	FinalizeReload (1531ms)
		SetupLoadedEditorAssemblies (0ms)
			InitializePlatformSupportModulesInManaged (8ms)
			BeforeProcessingInitializeOnLoad (551ms)
			ProcessInitializeOnLoadAttributes (304ms)
			ProcessInitializeOnLoadMethodAttributes (203ms)
			AfterProcessingInitializeOnLoad (20ms)
		AwakeInstancesAfterBackupRestoration (8ms)
Unloading 0 Unused Serialized files (Serialized files now loaded: 0)
Unloading 484 unused Assets / (48.0 KB). Loaded Objects now: 1116.
Memory consumption went from 164.0 MB to 164.0 MB.
Total: 8.684600 ms (FindLiveObjects: 0.493300 ms CreateObjectMapping: 0.266500 ms MarkObjects: 7.333400 ms  DeleteObjects: 0.585300 ms)

Prepare: number of updated asset objects reloaded= 0
========================================================================
Received Prepare
AcceleratorClientConnectionCallback - disconnected - :0
Unloading 0 Unused Serialized files (Serialized files now loaded: 0)
Unloading 0 unused Assets / (0 B). Loaded Objects now: 1116.
Memory consumption went from 164.7 MB to 164.7 MB.
Total: 6.029000 ms (FindLiveObjects: 0.160400 ms CreateObjectMapping: 0.057700 ms MarkObjects: 5.730300 ms  DeleteObjects: 0.077100 ms)

Prepare: number of updated asset objects reloaded= 0
========================================================================
Received Prepare
AcceleratorClientConnectionCallback - disconnected - :0
Unloading 0 Unused Serialized files (Serialized files now loaded: 0)
Unloading 0 unused Assets / (0 B). Loaded Objects now: 1116.
Memory consumption went from 165.5 MB to 165.5 MB.
Total: 5.589000 ms (FindLiveObjects: 0.145400 ms CreateObjectMapping: 0.088300 ms MarkObjects: 5.336900 ms  DeleteObjects: 0.016400 ms)

Prepare: number of updated asset objects reloaded= 0
========================================================================
Received Prepare
AcceleratorClientConnectionCallback - disconnected - :0
Begin MonoManager ReloadAssembly
[Licensing::Client] Successfully resolved entitlement details
Native extension for WindowsStandalone target not found
[Package Manager] Failed to launch server process. Reason: Unity was launched with the -noUpm command-line argument
[Package Manager] Unable to send message (not connected to server process).
[Package Manager] Cannot connect to Unity Package Manager local server
ScheduleIndexationOnStartup MainProcess:False IndexOnStartup:True
Mono: successfully reloaded assembly
- Finished resetting the current domain, in  0.536 seconds
Domain Reload Profiling: 1147ms
	BeginReloadAssembly (366ms)
		DisableScriptedObjects (30ms)
		CreateAndSetChildDomain (62ms)
	RebuildCommonClasses (11ms)
	RebuildNativeTypeToScriptingClass (22ms)
	initialDomainReloadingComplete (61ms)
	LoadAllAssembliesAndSetupDomain (147ms)
		LoadAssemblies (159ms)
		AnalyzeDomain (16ms)
			TypeCache.Refresh (7ms)
			ResolveRequiredComponents (4ms)
	FinalizeReload (540ms)
		SetupLoadedEditorAssemblies (0ms)
			InitializePlatformSupportModulesInManaged (3ms)
			BeforeProcessingInitializeOnLoad (146ms)
			ProcessInitializeOnLoadAttributes (100ms)
			ProcessInitializeOnLoadMethodAttributes (92ms)
			AfterProcessingInitializeOnLoad (7ms)
		AwakeInstancesAfterBackupRestoration (5ms)
Unloading 0 Unused Serialized files (Serialized files now loaded: 0)
Unloading 484 unused Assets / (15.5 KB). Loaded Objects now: 1116.
Memory consumption went from 166.7 MB to 166.7 MB.
Total: 5.768200 ms (FindLiveObjects: 0.218200 ms CreateObjectMapping: 0.106800 ms MarkObjects: 5.273000 ms  DeleteObjects: 0.166400 ms)

Prepare: number of updated asset objects reloaded= 0
========================================================================
Received Prepare
AcceleratorClientConnectionCallback - disconnected - :0
Begin MonoManager ReloadAssembly
Native extension for WindowsStandalone target not found
[Package Manager] Failed to launch server process. Reason: Unity was launched with the -noUpm command-line argument
[Package Manager] Unable to send message (not connected to server process).
[Package Manager] Cannot connect to Unity Package Manager local server
ScheduleIndexationOnStartup MainProcess:False IndexOnStartup:True
Mono: successfully reloaded assembly
- Finished resetting the current domain, in  0.498 seconds
Domain Reload Profiling: 995ms
	BeginReloadAssembly (290ms)
		DisableScriptedObjects (7ms)
		CreateAndSetChildDomain (71ms)
	RebuildCommonClasses (10ms)
	RebuildNativeTypeToScriptingClass (22ms)
	initialDomainReloadingComplete (53ms)
	LoadAllAssembliesAndSetupDomain (119ms)
		LoadAssemblies (129ms)
		AnalyzeDomain (9ms)
			TypeCache.Refresh (6ms)
	FinalizeReload (501ms)
		SetupLoadedEditorAssemblies (0ms)
			BeforeProcessingInitializeOnLoad (125ms)
			ProcessInitializeOnLoadAttributes (102ms)
			ProcessInitializeOnLoadMethodAttributes (94ms)
			AfterProcessingInitializeOnLoad (8ms)
		AwakeInstancesAfterBackupRestoration (3ms)
Unloading 0 Unused Serialized files (Serialized files now loaded: 0)
Unloading 484 unused Assets / (54.0 KB). Loaded Objects now: 1116.
Memory consumption went from 168.1 MB to 168.0 MB.
Total: 4.717400 ms (FindLiveObjects: 0.123600 ms CreateObjectMapping: 0.093200 ms MarkObjects: 4.357900 ms  DeleteObjects: 0.141300 ms)

Prepare: number of updated asset objects reloaded= 0
========================================================================
Received Prepare
AcceleratorClientConnectionCallback - disconnected - :0
Unloading 0 Unused Serialized files (Serialized files now loaded: 0)
Unloading 0 unused Assets / (0 B). Loaded Objects now: 1116.
Memory consumption went from 168.7 MB to 168.7 MB.
Total: 261.583700 ms (FindLiveObjects: 4.181200 ms CreateObjectMapping: 0.388300 ms MarkObjects: 256.385800 ms  DeleteObjects: 0.622700 ms)

Prepare: number of updated asset objects reloaded= 0
========================================================================
Received Import Request.
  Time of request: 2026-07-11T02:03:34.2686427Z
  Time since last request: 547.65783969999995 seconds.
  importAddress: GUID: 311925a002f4447b3a28927169b83ea6 - Path: Packages/com.unity.2d.sprite/Editor/ObjectMenuCreation/DefaultAssets/Textures/v2/Square.png - Importer: PreviewImporter
Importing 'GUID: 311925a002f4447b3a28927169b83ea6 - Path: Packages/com.unity.2d.sprite/Editor/ObjectMenuCreation/DefaultAssets/Textures/v2/Square.png - Importer: PreviewImporter' with importer (PreviewImporter)
Imported 'GUID: 311925a002f4447b3a28927169b83ea6' -> (Import Result ID: '719f574e5ff4aba6b02b9faf809467c1') in 0.604 seconds [static and dynamic dependencies]. Details - ImportResultOutputID=1c1da05b7d621f739545de63286cc42c DependenciesID=b0b328567b9c93d8a3a5a5b75286f608 StaticDependenciesID=19824f015ffabdc24b1dee08978cfc76 
Number of updated asset objects reloaded before import = 0
Number of asset objects unloaded after import = 3
========================================================================
Received Prepare
AcceleratorClientConnectionCallback - disconnected - :0
Begin MonoManager ReloadAssembly
[Licensing::Client] Successfully resolved entitlement details
Native extension for WindowsStandalone target not found
[Package Manager] Failed to launch server process. Reason: Unity was launched with the -noUpm command-line argument
[Package Manager] Unable to send message (not connected to server process).
[Package Manager] Cannot connect to Unity Package Manager local server
ScheduleIndexationOnStartup MainProcess:False IndexOnStartup:True
Mono: successfully reloaded assembly
- Finished resetting the current domain, in  1.141 seconds
Domain Reload Profiling: 4170ms
	BeginReloadAssembly (2368ms)
		DisableScriptedObjects (155ms)
		ReleaseScriptingObjects (3ms)
		CreateAndSetChildDomain (600ms)
	RebuildCommonClasses (33ms)
	RebuildNativeTypeToScriptingClass (64ms)
	initialDomainReloadingComplete (245ms)
	LoadAllAssembliesAndSetupDomain (314ms)
		LoadAssemblies (1193ms)
		AnalyzeDomain (48ms)
			TypeCache.Refresh (26ms)
			ResolveRequiredComponents (4ms)
	FinalizeReload (1145ms)
		SetupLoadedEditorAssemblies (0ms)
			InitializePlatformSupportModulesInManaged (5ms)
			BeforeProcessingInitializeOnLoad (305ms)
			ProcessInitializeOnLoadAttributes (294ms)
			ProcessInitializeOnLoadMethodAttributes (182ms)
			AfterProcessingInitializeOnLoad (11ms)
		AwakeInstancesAfterBackupRestoration (6ms)
Unloading 0 Unused Serialized files (Serialized files now loaded: 0)
Unloading 484 unused Assets / (15.5 KB). Loaded Objects now: 1118.
Memory consumption went from 165.4 MB to 165.4 MB.
Total: 15.331600 ms (FindLiveObjects: 0.553600 ms CreateObjectMapping: 0.209700 ms MarkObjects: 13.938900 ms  DeleteObjects: 0.336600 ms)

Prepare: number of updated asset objects reloaded= 0
========================================================================
Received Prepare
AcceleratorClientConnectionCallback - disconnected - :0
Begin MonoManager ReloadAssembly
Native extension for WindowsStandalone target not found
[Package Manager] Failed to launch server process. Reason: Unity was launched with the -noUpm command-line argument
[Package Manager] Unable to send message (not connected to server process).
[Package Manager] Cannot connect to Unity Package Manager local server
ScheduleIndexationOnStartup MainProcess:False IndexOnStartup:True
Mono: successfully reloaded assembly
- Finished resetting the current domain, in  0.757 seconds
Domain Reload Profiling: 1363ms
	BeginReloadAssembly (275ms)
		DisableScriptedObjects (10ms)
		CreateAndSetChildDomain (52ms)
	RebuildCommonClasses (16ms)
	RebuildNativeTypeToScriptingClass (21ms)
	initialDomainReloadingComplete (85ms)
	LoadAllAssembliesAndSetupDomain (202ms)
		LoadAssemblies (165ms)
		AnalyzeDomain (24ms)
			TypeCache.Refresh (16ms)
			ResolveRequiredComponents (4ms)
	FinalizeReload (764ms)
		SetupLoadedEditorAssemblies (0ms)
			InitializePlatformSupportModulesInManaged (3ms)
			BeforeProcessingInitializeOnLoad (136ms)
			ProcessInitializeOnLoadAttributes (162ms)
			ProcessInitializeOnLoadMethodAttributes (198ms)
			AfterProcessingInitializeOnLoad (20ms)
		AwakeInstancesAfterBackupRestoration (12ms)
Unloading 0 Unused Serialized files (Serialized files now loaded: 0)
Unloading 484 unused Assets / (35.6 KB). Loaded Objects now: 1118.
Memory consumption went from 166.2 MB to 166.2 MB.
Total: 9.874100 ms (FindLiveObjects: 0.209900 ms CreateObjectMapping: 0.289100 ms MarkObjects: 9.007600 ms  DeleteObjects: 0.365000 ms)

Prepare: number of updated asset objects reloaded= 0
========================================================================
Received Prepare
AcceleratorClientConnectionCallback - disconnected - :0
Begin MonoManager ReloadAssembly
[Licensing::Client] Successfully resolved entitlement details
Native extension for WindowsStandalone target not found
[Package Manager] Failed to launch server process. Reason: Unity was launched with the -noUpm command-line argument
[Package Manager] Unable to send message (not connected to server process).
[Package Manager] Cannot connect to Unity Package Manager local server
ScheduleIndexationOnStartup MainProcess:False IndexOnStartup:True
Mono: successfully reloaded assembly
- Finished resetting the current domain, in  0.784 seconds
Domain Reload Profiling: 1449ms
	BeginReloadAssembly (422ms)
		DisableScriptedObjects (24ms)
		CreateAndSetChildDomain (89ms)
	RebuildCommonClasses (11ms)
	RebuildNativeTypeToScriptingClass (25ms)
	initialDomainReloadingComplete (69ms)
	LoadAllAssembliesAndSetupDomain (131ms)
		LoadAssemblies (198ms)
		AnalyzeDomain (15ms)
			TypeCache.Refresh (8ms)
			ResolveRequiredComponents (3ms)
	FinalizeReload (791ms)
		SetupLoadedEditorAssemblies (0ms)
			InitializePlatformSupportModulesInManaged (3ms)
			BeforeProcessingInitializeOnLoad (157ms)
			ProcessInitializeOnLoadAttributes (198ms)
			ProcessInitializeOnLoadMethodAttributes (197ms)
			AfterProcessingInitializeOnLoad (14ms)
		AwakeInstancesAfterBackupRestoration (6ms)
Unloading 0 Unused Serialized files (Serialized files now loaded: 0)
Unloading 484 unused Assets / (269.9 KB). Loaded Objects now: 1118.
Memory consumption went from 167.2 MB to 167.0 MB.
Total: 8.107100 ms (FindLiveObjects: 0.207300 ms CreateObjectMapping: 0.153500 ms MarkObjects: 7.152200 ms  DeleteObjects: 0.589600 ms)

Prepare: number of updated asset objects reloaded= 0
========================================================================
Received Prepare
AcceleratorClientConnectionCallback - disconnected - :0
Begin MonoManager ReloadAssembly
[Licensing::Client] Successfully resolved entitlement details
Native extension for WindowsStandalone target not found
[Package Manager] Failed to launch server process. Reason: Unity was launched with the -noUpm command-line argument
[Package Manager] Unable to send message (not connected to server process).
[Package Manager] Cannot connect to Unity Package Manager local server
ScheduleIndexationOnStartup MainProcess:False IndexOnStartup:True
Mono: successfully reloaded assembly
- Finished resetting the current domain, in  0.927 seconds
Domain Reload Profiling: 4472ms
	BeginReloadAssembly (2754ms)
		DisableScriptedObjects (221ms)
		ReleaseScriptingObjects (4ms)
		CreateAndSetChildDomain (633ms)
	RebuildCommonClasses (25ms)
	RebuildNativeTypeToScriptingClass (53ms)
	initialDomainReloadingComplete (191ms)
	LoadAllAssembliesAndSetupDomain (519ms)
		LoadAssemblies (1358ms)
		AnalyzeDomain (142ms)
			TypeCache.Refresh (84ms)
			BuildScriptInfoCaches (37ms)
			ResolveRequiredComponents (4ms)
	FinalizeReload (930ms)
		SetupLoadedEditorAssemblies (0ms)
			InitializePlatformSupportModulesInManaged (11ms)
			BeforeProcessingInitializeOnLoad (251ms)
			ProcessInitializeOnLoadAttributes (174ms)
			ProcessInitializeOnLoadMethodAttributes (184ms)
			AfterProcessingInitializeOnLoad (10ms)
		AwakeInstancesAfterBackupRestoration (5ms)
Unloading 0 Unused Serialized files (Serialized files now loaded: 0)
Unloading 484 unused Assets / (39.0 KB). Loaded Objects now: 1118.
Memory consumption went from 168.4 MB to 168.4 MB.
Total: 10.381500 ms (FindLiveObjects: 0.397500 ms CreateObjectMapping: 0.242300 ms MarkObjects: 8.576700 ms  DeleteObjects: 1.159900 ms)

Prepare: number of updated asset objects reloaded= 0
========================================================================
Received Prepare
AcceleratorClientConnectionCallback - disconnected - :0
Begin MonoManager ReloadAssembly
Native extension for WindowsStandalone target not found
[Package Manager] Failed to launch server process. Reason: Unity was launched with the -noUpm command-line argument
[Package Manager] Unable to send message (not connected to server process).
[Package Manager] Cannot connect to Unity Package Manager local server
ScheduleIndexationOnStartup MainProcess:False IndexOnStartup:True
Mono: successfully reloaded assembly
- Finished resetting the current domain, in  0.686 seconds
Domain Reload Profiling: 1251ms
	BeginReloadAssembly (304ms)
		DisableScriptedObjects (9ms)
		CreateAndSetChildDomain (57ms)
	RebuildCommonClasses (12ms)
	RebuildNativeTypeToScriptingClass (22ms)
	initialDomainReloadingComplete (79ms)
	LoadAllAssembliesAndSetupDomain (145ms)
		LoadAssemblies (170ms)
		AnalyzeDomain (13ms)
			TypeCache.Refresh (9ms)
	FinalizeReload (689ms)
		SetupLoadedEditorAssemblies (0ms)
			BeforeProcessingInitializeOnLoad (137ms)
			ProcessInitializeOnLoadAttributes (153ms)
			ProcessInitializeOnLoadMethodAttributes (140ms)
			AfterProcessingInitializeOnLoad (12ms)
		AwakeInstancesAfterBackupRestoration (10ms)
Unloading 0 Unused Serialized files (Serialized files now loaded: 0)
Unloading 484 unused Assets / (15.4 KB). Loaded Objects now: 1118.
Memory consumption went from 169.5 MB to 169.5 MB.
Total: 9.877800 ms (FindLiveObjects: 0.344900 ms CreateObjectMapping: 0.167600 ms MarkObjects: 8.416500 ms  DeleteObjects: 0.944100 ms)

Prepare: number of updated asset objects reloaded= 0
========================================================================
Received Import Request.
  Time of request: 2026-07-11T02:38:18.8647219Z
  Time since last request: 2083.93950919999997 seconds.
  importAddress: GUID: 51949bb2a36f79847bd94838d7b74ee1 - Path: Assets/Scripts/SueloInfinito.cs - Importer: PreviewImporter
Importing 'GUID: 51949bb2a36f79847bd94838d7b74ee1 - Path: Assets/Scripts/SueloInfinito.cs - Importer: PreviewImporter' with importer (PreviewImporter)
Imported 'GUID: 51949bb2a36f79847bd94838d7b74ee1' -> (Import Result ID: 'd3e40e647ded4988c106c108ac35e380') in 0.026 seconds [static and dynamic dependencies]. Details - ImportResultOutputID=0c4e18e9b4d1c945fdfdbd1398e00520 DependenciesID=6cbc21900145ed3ac990f749c9c44a6a StaticDependenciesID=5b80dc3c7c095884cb2877b90f1bf735 
Number of updated asset objects reloaded before import = 0
Number of asset objects unloaded after import = 0
========================================================================
Received Prepare
AcceleratorClientConnectionCallback - disconnected - :0
Begin MonoManager ReloadAssembly
Native extension for WindowsStandalone target not found
[Package Manager] Failed to launch server process. Reason: Unity was launched with the -noUpm command-line argument
[Package Manager] Unable to send message (not connected to server process).
[Package Manager] Cannot connect to Unity Package Manager local server
ScheduleIndexationOnStartup MainProcess:False IndexOnStartup:True
Mono: successfully reloaded assembly
- Finished resetting the current domain, in  1.072 seconds
Domain Reload Profiling: 4843ms
	BeginReloadAssembly (1877ms)
		DisableScriptedObjects (116ms)
		ReleaseScriptingObjects (8ms)
		CreateAndSetChildDomain (301ms)
	RebuildCommonClasses (45ms)
	RebuildNativeTypeToScriptingClass (106ms)
	initialDomainReloadingComplete (222ms)
	LoadAllAssembliesAndSetupDomain (1517ms)
		LoadAssemblies (1061ms)
		AnalyzeDomain (191ms)
			TypeCache.Refresh (102ms)
			BuildScriptInfoCaches (59ms)
			ResolveRequiredComponents (5ms)
	FinalizeReload (1076ms)
		SetupLoadedEditorAssemblies (0ms)
			InitializePlatformSupportModulesInManaged (8ms)
			BeforeProcessingInitializeOnLoad (293ms)
			ProcessInitializeOnLoadAttributes (179ms)
			ProcessInitializeOnLoadMethodAttributes (219ms)
			AfterProcessingInitializeOnLoad (12ms)
		AwakeInstancesAfterBackupRestoration (7ms)
Unloading 0 Unused Serialized files (Serialized files now loaded: 0)
Unloading 484 unused Assets / (49.3 KB). Loaded Objects now: 1118.
Memory consumption went from 170.6 MB to 170.6 MB.
Total: 11.012200 ms (FindLiveObjects: 0.394000 ms CreateObjectMapping: 0.159600 ms MarkObjects: 9.591400 ms  DeleteObjects: 0.640200 ms)

Prepare: number of updated asset objects reloaded= 0
========================================================================
Received Import Request.
  Time of request: 2026-07-11T02:39:08.0611596Z
  Time since last request: 49.1650307 seconds.
  importAddress: GUID: 51949bb2a36f79847bd94838d7b74ee1 - Path: Assets/Scripts/SueloInfinito.cs - Importer: PreviewImporter
Importing 'GUID: 51949bb2a36f79847bd94838d7b74ee1 - Path: Assets/Scripts/SueloInfinito.cs - Importer: PreviewImporter' with importer (PreviewImporter)
Imported 'GUID: 51949bb2a36f79847bd94838d7b74ee1' -> (Import Result ID: '177ddf6285cb5fe8c8691afd25fb2ca6') in 0.021 seconds [static and dynamic dependencies]. Details - ImportResultOutputID=0c4e18e9b4d1c945fdfdbd1398e00520 DependenciesID=4a7f629ca4718efdaa7b3b11b874f1d9 StaticDependenciesID=6659b786337fcd3c98571449075c32e6 
Number of updated asset objects reloaded before import = 0
Number of asset objects unloaded after import = 0
========================================================================
Received Prepare
AcceleratorClientConnectionCallback - disconnected - :0
Begin MonoManager ReloadAssembly
[Licensing::Client] Successfully resolved entitlement details
Native extension for WindowsStandalone target not found
[Package Manager] Failed to launch server process. Reason: Unity was launched with the -noUpm command-line argument
[Package Manager] Unable to send message (not connected to server process).
[Package Manager] Cannot connect to Unity Package Manager local server
ScheduleIndexationOnStartup MainProcess:False IndexOnStartup:True
Mono: successfully reloaded assembly
- Finished resetting the current domain, in  0.735 seconds
Domain Reload Profiling: 1480ms
	BeginReloadAssembly (407ms)
		DisableScriptedObjects (15ms)
		CreateAndSetChildDomain (69ms)
	RebuildCommonClasses (18ms)
	RebuildNativeTypeToScriptingClass (34ms)
	initialDomainReloadingComplete (69ms)
	LoadAllAssembliesAndSetupDomain (213ms)
		LoadAssemblies (233ms)
		AnalyzeDomain (24ms)
			TypeCache.Refresh (10ms)
			ResolveRequiredComponents (5ms)
	FinalizeReload (738ms)
		SetupLoadedEditorAssemblies (0ms)
			InitializePlatformSupportModulesInManaged (5ms)
			BeforeProcessingInitializeOnLoad (181ms)
			ProcessInitializeOnLoadAttributes (114ms)
			ProcessInitializeOnLoadMethodAttributes (104ms)
			AfterProcessingInitializeOnLoad (10ms)
		AwakeInstancesAfterBackupRestoration (3ms)
Unloading 0 Unused Serialized files (Serialized files now loaded: 0)
Unloading 484 unused Assets / (41.0 KB). Loaded Objects now: 1118.
Memory consumption went from 167.9 MB to 167.9 MB.
Total: 5.610100 ms (FindLiveObjects: 0.272600 ms CreateObjectMapping: 0.151500 ms MarkObjects: 5.062200 ms  DeleteObjects: 0.121000 ms)

Prepare: number of updated asset objects reloaded= 0
========================================================================
Received Prepare
AcceleratorClientConnectionCallback - disconnected - :0
Begin MonoManager ReloadAssembly
Native extension for WindowsStandalone target not found
[Package Manager] Failed to launch server process. Reason: Unity was launched with the -noUpm command-line argument
[Package Manager] Unable to send message (not connected to server process).
[Package Manager] Cannot connect to Unity Package Manager local server
ScheduleIndexationOnStartup MainProcess:False IndexOnStartup:True
Mono: successfully reloaded assembly
- Finished resetting the current domain, in  0.827 seconds
Domain Reload Profiling: 2072ms
	BeginReloadAssembly (697ms)
		DisableScriptedObjects (54ms)
		CreateAndSetChildDomain (116ms)
	RebuildCommonClasses (23ms)
	RebuildNativeTypeToScriptingClass (31ms)
	initialDomainReloadingComplete (102ms)
	LoadAllAssembliesAndSetupDomain (389ms)
		LoadAssemblies (336ms)
		AnalyzeDomain (103ms)
			TypeCache.Refresh (45ms)
			BuildScriptInfoCaches (38ms)
			ResolveRequiredComponents (4ms)
	FinalizeReload (831ms)
		SetupLoadedEditorAssemblies (0ms)
			InitializePlatformSupportModulesInManaged (6ms)
			BeforeProcessingInitializeOnLoad (206ms)
			ProcessInitializeOnLoadAttributes (187ms)
			ProcessInitializeOnLoadMethodAttributes (138ms)
			AfterProcessingInitializeOnLoad (11ms)
		AwakeInstancesAfterBackupRestoration (6ms)
Unloading 0 Unused Serialized files (Serialized files now loaded: 0)
Unloading 484 unused Assets / (15.5 KB). Loaded Objects now: 1118.
Memory consumption went from 169.2 MB to 169.2 MB.
Total: 9.846200 ms (FindLiveObjects: 0.348000 ms CreateObjectMapping: 0.135500 ms MarkObjects: 8.344200 ms  DeleteObjects: 0.777000 ms)

Prepare: number of updated asset objects reloaded= 0
========================================================================
Received Import Request.
  Time of request: 2026-07-11T02:39:56.7603891Z
  Time since last request: 48.6741155 seconds.
  importAddress: GUID: 51949bb2a36f79847bd94838d7b74ee1 - Path: Assets/Scripts/SueloInfinito.cs - Importer: PreviewImporter
Importing 'GUID: 51949bb2a36f79847bd94838d7b74ee1 - Path: Assets/Scripts/SueloInfinito.cs - Importer: PreviewImporter' with importer (PreviewImporter)
Imported 'GUID: 51949bb2a36f79847bd94838d7b74ee1' -> (Import Result ID: '295da9b5df309d7008b839a104b3e95d') in 0.008 seconds [static and dynamic dependencies]. Details - ImportResultOutputID=0c4e18e9b4d1c945fdfdbd1398e00520 DependenciesID=7e0049b6713c4f79fb1db2318b94e5b6 StaticDependenciesID=60f49995b2e2f764ff248e7f9136c1d1 
Number of updated asset objects reloaded before import = 0
Number of asset objects unloaded after import = 0
========================================================================
Received Prepare
AcceleratorClientConnectionCallback - disconnected - :0
Begin MonoManager ReloadAssembly
Native extension for WindowsStandalone target not found
[Package Manager] Failed to launch server process. Reason: Unity was launched with the -noUpm command-line argument
[Package Manager] Unable to send message (not connected to server process).
[Package Manager] Cannot connect to Unity Package Manager local server
ScheduleIndexationOnStartup MainProcess:False IndexOnStartup:True
Mono: successfully reloaded assembly
- Finished resetting the current domain, in  0.630 seconds
Domain Reload Profiling: 1184ms
	BeginReloadAssembly (297ms)
		DisableScriptedObjects (11ms)
		CreateAndSetChildDomain (50ms)
	RebuildCommonClasses (12ms)
	RebuildNativeTypeToScriptingClass (23ms)
	initialDomainReloadingComplete (64ms)
	LoadAllAssembliesAndSetupDomain (157ms)
		LoadAssemblies (155ms)
		AnalyzeDomain (12ms)
			TypeCache.Refresh (8ms)
	FinalizeReload (632ms)
		SetupLoadedEditorAssemblies (0ms)
			InitializePlatformSupportModulesInManaged (9ms)
			BeforeProcessingInitializeOnLoad (138ms)
			ProcessInitializeOnLoadAttributes (116ms)
			ProcessInitializeOnLoadMethodAttributes (92ms)
			AfterProcessingInitializeOnLoad (7ms)
		AwakeInstancesAfterBackupRestoration (4ms)
Unloading 0 Unused Serialized files (Serialized files now loaded: 0)
Unloading 484 unused Assets / (50.0 KB). Loaded Objects now: 1118.
Memory consumption went from 169.6 MB to 169.5 MB.
Total: 6.281300 ms (FindLiveObjects: 0.158300 ms CreateObjectMapping: 0.165100 ms MarkObjects: 5.778100 ms  DeleteObjects: 0.177400 ms)

Prepare: number of updated asset objects reloaded= 0
========================================================================
Received Prepare
AcceleratorClientConnectionCallback - disconnected - :0
Begin MonoManager ReloadAssembly
[Licensing::Client] Successfully resolved entitlement details
Native extension for WindowsStandalone target not found
[Package Manager] Failed to launch server process. Reason: Unity was launched with the -noUpm command-line argument
[Package Manager] Unable to send message (not connected to server process).
[Package Manager] Cannot connect to Unity Package Manager local server
ScheduleIndexationOnStartup MainProcess:False IndexOnStartup:True
Mono: successfully reloaded assembly
- Finished resetting the current domain, in  0.552 seconds
Domain Reload Profiling: 1108ms
	BeginReloadAssembly (334ms)
		DisableScriptedObjects (15ms)
		CreateAndSetChildDomain (69ms)
	RebuildCommonClasses (12ms)
	RebuildNativeTypeToScriptingClass (24ms)
	initialDomainReloadingComplete (53ms)
	LoadAllAssembliesAndSetupDomain (131ms)
		LoadAssemblies (159ms)
		AnalyzeDomain (10ms)
			TypeCache.Refresh (5ms)
	FinalizeReload (555ms)
		SetupLoadedEditorAssemblies (0ms)
			InitializePlatformSupportModulesInManaged (3ms)
			BeforeProcessingInitializeOnLoad (128ms)
			ProcessInitializeOnLoadAttributes (104ms)
			ProcessInitializeOnLoadMethodAttributes (100ms)
			AfterProcessingInitializeOnLoad (9ms)
		AwakeInstancesAfterBackupRestoration (5ms)
Unloading 0 Unused Serialized files (Serialized files now loaded: 0)
Unloading 484 unused Assets / (75.2 KB). Loaded Objects now: 1118.
Memory consumption went from 170.4 MB to 170.4 MB.
Total: 6.462100 ms (FindLiveObjects: 0.201000 ms CreateObjectMapping: 0.128800 ms MarkObjects: 5.850300 ms  DeleteObjects: 0.278800 ms)

Prepare: number of updated asset objects reloaded= 0
========================================================================
Received Prepare
AcceleratorClientConnectionCallback - disconnected - :0
Begin MonoManager ReloadAssembly
Native extension for WindowsStandalone target not found
[Package Manager] Failed to launch server process. Reason: Unity was launched with the -noUpm command-line argument
[Package Manager] Unable to send message (not connected to server process).
[Package Manager] Cannot connect to Unity Package Manager local server
ScheduleIndexationOnStartup MainProcess:False IndexOnStartup:True
Mono: successfully reloaded assembly
- Finished resetting the current domain, in  1.048 seconds
Domain Reload Profiling: 2342ms
	BeginReloadAssembly (864ms)
		DisableScriptedObjects (66ms)
		CreateAndSetChildDomain (131ms)
	RebuildCommonClasses (14ms)
	RebuildNativeTypeToScriptingClass (21ms)
	initialDomainReloadingComplete (138ms)
	LoadAllAssembliesAndSetupDomain (253ms)
		LoadAssemblies (366ms)
		AnalyzeDomain (71ms)
			TypeCache.Refresh (36ms)
			BuildScriptInfoCaches (26ms)
			ResolveRequiredComponents (3ms)
	FinalizeReload (1052ms)
		SetupLoadedEditorAssemblies (0ms)
			InitializePlatformSupportModulesInManaged (4ms)
			BeforeProcessingInitializeOnLoad (280ms)
			ProcessInitializeOnLoadAttributes (187ms)
			ProcessInitializeOnLoadMethodAttributes (256ms)
			AfterProcessingInitializeOnLoad (17ms)
		AwakeInstancesAfterBackupRestoration (11ms)
Unloading 0 Unused Serialized files (Serialized files now loaded: 0)
Unloading 484 unused Assets / (15.5 KB). Loaded Objects now: 1118.
Memory consumption went from 171.7 MB to 171.7 MB.
Total: 30.805500 ms (FindLiveObjects: 0.381100 ms CreateObjectMapping: 0.266800 ms MarkObjects: 28.944900 ms  DeleteObjects: 0.916200 ms)

Prepare: number of updated asset objects reloaded= 0
========================================================================
Received Prepare
AcceleratorClientConnectionCallback - disconnected - :0
Begin MonoManager ReloadAssembly
Native extension for WindowsStandalone target not found
[Package Manager] Failed to launch server process. Reason: Unity was launched with the -noUpm command-line argument
[Package Manager] Unable to send message (not connected to server process).
[Package Manager] Cannot connect to Unity Package Manager local server
ScheduleIndexationOnStartup MainProcess:False IndexOnStartup:True
Mono: successfully reloaded assembly
- Finished resetting the current domain, in  0.491 seconds
Domain Reload Profiling: 986ms
	BeginReloadAssembly (251ms)
		DisableScriptedObjects (9ms)
		CreateAndSetChildDomain (44ms)
	RebuildCommonClasses (14ms)
	RebuildNativeTypeToScriptingClass (21ms)
	initialDomainReloadingComplete (74ms)
	LoadAllAssembliesAndSetupDomain (132ms)
		LoadAssemblies (147ms)
		AnalyzeDomain (10ms)
			TypeCache.Refresh (5ms)
	FinalizeReload (495ms)
		SetupLoadedEditorAssemblies (0ms)
			BeforeProcessingInitializeOnLoad (122ms)
			ProcessInitializeOnLoadAttributes (109ms)
			ProcessInitializeOnLoadMethodAttributes (91ms)
			AfterProcessingInitializeOnLoad (7ms)
		AwakeInstancesAfterBackupRestoration (3ms)
Unloading 0 Unused Serialized files (Serialized files now loaded: 0)
Unloading 484 unused Assets / (51.2 KB). Loaded Objects now: 1118.
Memory consumption went from 172.6 MB to 172.6 MB.
Total: 4.384900 ms (FindLiveObjects: 0.149400 ms CreateObjectMapping: 0.110600 ms MarkObjects: 3.978200 ms  DeleteObjects: 0.145100 ms)

Prepare: number of updated asset objects reloaded= 0
========================================================================
Received Prepare
AcceleratorClientConnectionCallback - disconnected - :0
Begin MonoManager ReloadAssembly
[Licensing::Client] Successfully resolved entitlement details
Native extension for WindowsStandalone target not found
[Package Manager] Failed to launch server process. Reason: Unity was launched with the -noUpm command-line argument
[Package Manager] Unable to send message (not connected to server process).
[Package Manager] Cannot connect to Unity Package Manager local server
ScheduleIndexationOnStartup MainProcess:False IndexOnStartup:True
Mono: successfully reloaded assembly
- Finished resetting the current domain, in  0.566 seconds
Domain Reload Profiling: 1113ms
	BeginReloadAssembly (297ms)
		DisableScriptedObjects (18ms)
		CreateAndSetChildDomain (40ms)
	RebuildCommonClasses (21ms)
	RebuildNativeTypeToScriptingClass (21ms)
	initialDomainReloadingComplete (64ms)
	LoadAllAssembliesAndSetupDomain (140ms)
		LoadAssemblies (159ms)
		AnalyzeDomain (11ms)
			TypeCache.Refresh (6ms)
			ResolveRequiredComponents (3ms)
	FinalizeReload (571ms)
		SetupLoadedEditorAssemblies (0ms)
			InitializePlatformSupportModulesInManaged (3ms)
			BeforeProcessingInitializeOnLoad (126ms)
			ProcessInitializeOnLoadAttributes (111ms)
			ProcessInitializeOnLoadMethodAttributes (104ms)
			AfterProcessingInitializeOnLoad (7ms)
		AwakeInstancesAfterBackupRestoration (5ms)
Unloading 0 Unused Serialized files (Serialized files now loaded: 0)
Unloading 484 unused Assets / (15.5 KB). Loaded Objects now: 1118.
Memory consumption went from 173.9 MB to 173.9 MB.
Total: 5.141500 ms (FindLiveObjects: 0.165900 ms CreateObjectMapping: 0.121200 ms MarkObjects: 4.715600 ms  DeleteObjects: 0.134600 ms)

Prepare: number of updated asset objects reloaded= 0
========================================================================
Received Prepare
AcceleratorClientConnectionCallback - disconnected - :0
Begin MonoManager ReloadAssembly
Native extension for WindowsStandalone target not found
[Package Manager] Failed to launch server process. Reason: Unity was launched with the -noUpm command-line argument
[Package Manager] Unable to send message (not connected to server process).
[Package Manager] Cannot connect to Unity Package Manager local server
ScheduleIndexationOnStartup MainProcess:False IndexOnStartup:True
Mono: successfully reloaded assembly
- Finished resetting the current domain, in  0.520 seconds
Domain Reload Profiling: 1280ms
	BeginReloadAssembly (498ms)
		DisableScriptedObjects (21ms)
		CreateAndSetChildDomain (79ms)
	RebuildCommonClasses (14ms)
	RebuildNativeTypeToScriptingClass (21ms)
	initialDomainReloadingComplete (58ms)
	LoadAllAssembliesAndSetupDomain (165ms)
		LoadAssemblies (297ms)
		AnalyzeDomain (39ms)
			TypeCache.Refresh (13ms)
			BuildScriptInfoCaches (20ms)
			ResolveRequiredComponents (3ms)
	FinalizeReload (524ms)
		SetupLoadedEditorAssemblies (0ms)
			InitializePlatformSupportModulesInManaged (3ms)
			BeforeProcessingInitializeOnLoad (122ms)
			ProcessInitializeOnLoadAttributes (112ms)
			ProcessInitializeOnLoadMethodAttributes (105ms)
			AfterProcessingInitializeOnLoad (7ms)
		AwakeInstancesAfterBackupRestoration (5ms)
Unloading 0 Unused Serialized files (Serialized files now loaded: 0)
Unloading 484 unused Assets / (19.8 KB). Loaded Objects now: 1118.
Memory consumption went from 175.1 MB to 175.1 MB.
Total: 6.715200 ms (FindLiveObjects: 0.319700 ms CreateObjectMapping: 0.117900 ms MarkObjects: 6.066300 ms  DeleteObjects: 0.207400 ms)

Prepare: number of updated asset objects reloaded= 0
========================================================================
Received Prepare
AcceleratorClientConnectionCallback - disconnected - :0
Begin MonoManager ReloadAssembly
Native extension for WindowsStandalone target not found
[Package Manager] Failed to launch server process. Reason: Unity was launched with the -noUpm command-line argument
[Package Manager] Unable to send message (not connected to server process).
[Package Manager] Cannot connect to Unity Package Manager local server
ScheduleIndexationOnStartup MainProcess:False IndexOnStartup:True
Mono: successfully reloaded assembly
- Finished resetting the current domain, in  0.473 seconds
Domain Reload Profiling: 946ms
	BeginReloadAssembly (255ms)
		DisableScriptedObjects (10ms)
		CreateAndSetChildDomain (41ms)
	RebuildCommonClasses (17ms)
	RebuildNativeTypeToScriptingClass (26ms)
	initialDomainReloadingComplete (51ms)
	LoadAllAssembliesAndSetupDomain (122ms)
		LoadAssemblies (139ms)
		AnalyzeDomain (10ms)
			TypeCache.Refresh (5ms)
	FinalizeReload (476ms)
		SetupLoadedEditorAssemblies (0ms)
			BeforeProcessingInitializeOnLoad (112ms)
			ProcessInitializeOnLoadAttributes (104ms)
			ProcessInitializeOnLoadMethodAttributes (86ms)
			AfterProcessingInitializeOnLoad (7ms)
		AwakeInstancesAfterBackupRestoration (3ms)
Unloading 0 Unused Serialized files (Serialized files now loaded: 0)
Unloading 484 unused Assets / (52.1 KB). Loaded Objects now: 1118.
Memory consumption went from 176.6 MB to 176.5 MB.
Total: 4.659700 ms (FindLiveObjects: 0.112500 ms CreateObjectMapping: 0.092000 ms MarkObjects: 4.322300 ms  DeleteObjects: 0.131200 ms)

Prepare: number of updated asset objects reloaded= 0
========================================================================
Received Prepare
AcceleratorClientConnectionCallback - disconnected - :0
Begin MonoManager ReloadAssembly
[Licensing::Client] Successfully resolved entitlement details
Native extension for WindowsStandalone target not found
[Package Manager] Failed to launch server process. Reason: Unity was launched with the -noUpm command-line argument
[Package Manager] Unable to send message (not connected to server process).
[Package Manager] Cannot connect to Unity Package Manager local server
ScheduleIndexationOnStartup MainProcess:False IndexOnStartup:True
Mono: successfully reloaded assembly
- Finished resetting the current domain, in  0.956 seconds
Domain Reload Profiling: 3522ms
	BeginReloadAssembly (1702ms)
		DisableScriptedObjects (212ms)
		CreateAndSetChildDomain (251ms)
	RebuildCommonClasses (26ms)
	RebuildNativeTypeToScriptingClass (41ms)
	initialDomainReloadingComplete (187ms)
	LoadAllAssembliesAndSetupDomain (606ms)
		LoadAssemblies (908ms)
		AnalyzeDomain (122ms)
			TypeCache.Refresh (69ms)
			ResolveRequiredComponents (4ms)
	FinalizeReload (960ms)
		SetupLoadedEditorAssemblies (0ms)
			InitializePlatformSupportModulesInManaged (5ms)
			BeforeProcessingInitializeOnLoad (246ms)
			ProcessInitializeOnLoadAttributes (210ms)
			ProcessInitializeOnLoadMethodAttributes (177ms)
			AfterProcessingInitializeOnLoad (12ms)
		AwakeInstancesAfterBackupRestoration (6ms)
Unloading 0 Unused Serialized files (Serialized files now loaded: 0)
Unloading 484 unused Assets / (270.3 KB). Loaded Objects now: 1118.
Memory consumption went from 177.4 MB to 177.2 MB.
Total: 12.410700 ms (FindLiveObjects: 0.186800 ms CreateObjectMapping: 0.348000 ms MarkObjects: 10.115900 ms  DeleteObjects: 1.755700 ms)

Prepare: number of updated asset objects reloaded= 0
========================================================================
Received Import Request.
  Time of request: 2026-07-11T03:03:40.1314875Z
  Time since last request: 1423.36102589999996 seconds.
  importAddress: GUID: 51949bb2a36f79847bd94838d7b74ee1 - Path: Assets/Scripts/SueloInfinito.cs - Importer: PreviewImporter
Importing 'GUID: 51949bb2a36f79847bd94838d7b74ee1 - Path: Assets/Scripts/SueloInfinito.cs - Importer: PreviewImporter' with importer (PreviewImporter)
Imported 'GUID: 51949bb2a36f79847bd94838d7b74ee1' -> (Import Result ID: '659abeb8cddfec959558c140d9d6afc2') in 0.028 seconds [static and dynamic dependencies]. Details - ImportResultOutputID=0c4e18e9b4d1c945fdfdbd1398e00520 DependenciesID=5ae856cdb6b4fe22e541f955bd38de04 StaticDependenciesID=09f931942c4e74ac748f165d21777d59 
Number of updated asset objects reloaded before import = 0
Number of asset objects unloaded after import = 0
========================================================================
Received Import Request.
  Time of request: 2026-07-11T03:04:13.3618959Z
  Time since last request: 33.1991271 seconds.
  importAddress: GUID: 02420ba012d5b6b4a919aa96d8b800ed - Path: Assets/Scripts/MovimientoCamara.cs - Importer: ScriptedImporter/UnityEditor.QuickSearchModule:UnityEditor.Search:ASIAI0B
Importing 'GUID: 02420ba012d5b6b4a919aa96d8b800ed - Path: Assets/Scripts/MovimientoCamara.cs - Importer: ScriptedImporter/UnityEditor.QuickSearchModule:UnityEditor.Search:ASIAI0B' with importer (ScriptedImporter : UnityEditor.QuickSearchModule:UnityEditor.Search:ASIAI0B)
Imported 'GUID: 02420ba012d5b6b4a919aa96d8b800ed' -> (Import Result ID: 'a96f6f94c389b8ea24ef0b004e53f9bd') in 0.148 seconds [static and dynamic dependencies]. Details - ImportResultOutputID=ef507333882e2d7971c1e39e9b0243e9 DependenciesID=6a07332080e4e5fc94f2564ad9eec1c4 StaticDependenciesID=bf4914eb1c6ca07216c87c0f4c7e135c 
Number of updated asset objects reloaded before import = 0
Number of asset objects unloaded after import = 0
========================================================================
Received Import Request.
  Time of request: 2026-07-11T03:04:13.5144806Z
  Time since last request: 0.0038734 seconds.
  importAddress: GUID: 003952e0612f8f4438a39635645d0af8 - Path: Assets/Scripts/SaludJugador.cs - Importer: ScriptedImporter/UnityEditor.QuickSearchModule:UnityEditor.Search:ASIAI0B
Importing 'GUID: 003952e0612f8f4438a39635645d0af8 - Path: Assets/Scripts/SaludJugador.cs - Importer: ScriptedImporter/UnityEditor.QuickSearchModule:UnityEditor.Search:ASIAI0B' with importer (ScriptedImporter : UnityEditor.QuickSearchModule:UnityEditor.Search:ASIAI0B)
Imported 'GUID: 003952e0612f8f4438a39635645d0af8' -> (Import Result ID: '019b2d3f6c374c6ac5c8865bbb92f18b') in 0.008 seconds [static and dynamic dependencies]. Details - ImportResultOutputID=ad079265b33934343e16d6ffe728d23a DependenciesID=c84aa9aa7bc9d51a4bf19b97d6764924 StaticDependenciesID=f1c7370ad2f0803af937c52618631c31 
Number of updated asset objects reloaded before import = 0
Number of asset objects unloaded after import = 0
========================================================================
Received Import Request.
  Time of request: 2026-07-11T03:04:13.5267165Z
  Time since last request: 0.0033543 seconds.
  importAddress: GUID: f6bb27aaeed6e7c4f85cb651d51e4b8c - Path: Assets/Fondos/FondoBiblioteca.jpeg - Importer: ScriptedImporter/UnityEditor.QuickSearchModule:UnityEditor.Search:ASIAI0B
Importing 'GUID: f6bb27aaeed6e7c4f85cb651d51e4b8c - Path: Assets/Fondos/FondoBiblioteca.jpeg - Importer: ScriptedImporter/UnityEditor.QuickSearchModule:UnityEditor.Search:ASIAI0B' with importer (ScriptedImporter : UnityEditor.QuickSearchModule:UnityEditor.Search:ASIAI0B)
Imported 'GUID: f6bb27aaeed6e7c4f85cb651d51e4b8c' -> (Import Result ID: 'b1f145c314c549b700ae1c6212f65ddb') in 0.138 seconds [static and dynamic dependencies]. Details - ImportResultOutputID=1ea5a30ceee52e0eed05705621f1e9b2 DependenciesID=8bd916df2a3a799c0b2b44e8cc2f3b92 StaticDependenciesID=0ec377ae16c94ca8dd912398579ab838 
Number of updated asset objects reloaded before import = 0
Number of asset objects unloaded after import = 3
========================================================================
Received Import Request.
  Time of request: 2026-07-11T03:04:13.6676868Z
  Time since last request: 0.0023041 seconds.
  importAddress: GUID: 51949bb2a36f79847bd94838d7b74ee1 - Path: Assets/Scripts/SueloInfinito.cs - Importer: ScriptedImporter/UnityEditor.QuickSearchModule:UnityEditor.Search:ASIAI0B
Importing 'GUID: 51949bb2a36f79847bd94838d7b74ee1 - Path: Assets/Scripts/SueloInfinito.cs - Importer: ScriptedImporter/UnityEditor.QuickSearchModule:UnityEditor.Search:ASIAI0B' with importer (ScriptedImporter : UnityEditor.QuickSearchModule:UnityEditor.Search:ASIAI0B)
Imported 'GUID: 51949bb2a36f79847bd94838d7b74ee1' -> (Import Result ID: '28c25ec94722a6530570fe1f1ebed3a3') in 0.010 seconds [static and dynamic dependencies]. Details - ImportResultOutputID=e148eb9ea6e62a8c23bb500d30674096 DependenciesID=790289a2a0617ace42fb64622ea5b67f StaticDependenciesID=0efe28ea777db546086b56d31275bdb3 
Number of updated asset objects reloaded before import = 0
Number of asset objects unloaded after import = 0
========================================================================
Received Prepare
AcceleratorClientConnectionCallback - disconnected - :0
Unloading 0 Unused Serialized files (Serialized files now loaded: 0)
Unloading 485 unused Assets / (24.1 KB). Loaded Objects now: 1119.
Memory consumption went from 172.4 MB to 172.4 MB.
Total: 42.270300 ms (FindLiveObjects: 1.416200 ms CreateObjectMapping: 0.847400 ms MarkObjects: 39.734500 ms  DeleteObjects: 0.265500 ms)

Prepare: number of updated asset objects reloaded= 0
========================================================================
Received Import Request.
  Time of request: 2026-07-11T03:05:52.9003235Z
  Time since last request: 99.2224234 seconds.
  importAddress: GUID: 487d36d77a736414e9af150d7e7eb369 - Path: Assets/Scripts/FondoInfinito.cs - Importer: PreviewImporter
Importing 'GUID: 487d36d77a736414e9af150d7e7eb369 - Path: Assets/Scripts/FondoInfinito.cs - Importer: PreviewImporter' with importer (PreviewImporter)
Imported 'GUID: 487d36d77a736414e9af150d7e7eb369' -> (Import Result ID: '6c4287a82702cc1313ddfbe0c83218e4') in 0.003 seconds [static and dynamic dependencies]. Details - ImportResultOutputID=7de5ecdf9ea8dc8b6b09668347d23ba9 DependenciesID=f2491fd0525592645583d0f716b9eb0a StaticDependenciesID=71075076b64359456bca211fb1c45b90 
Number of updated asset objects reloaded before import = 0
Number of asset objects unloaded after import = 0
========================================================================
Received Import Request.
  Time of request: 2026-07-11T03:05:54.8159568Z
  Time since last request: 1.912187 seconds.
  importAddress: GUID: 487d36d77a736414e9af150d7e7eb369 - Path: Assets/Scripts/FondoInfinito.cs - Importer: ScriptedImporter/UnityEditor.QuickSearchModule:UnityEditor.Search:ASIAI0B
Importing 'GUID: 487d36d77a736414e9af150d7e7eb369 - Path: Assets/Scripts/FondoInfinito.cs - Importer: ScriptedImporter/UnityEditor.QuickSearchModule:UnityEditor.Search:ASIAI0B' with importer (ScriptedImporter : UnityEditor.QuickSearchModule:UnityEditor.Search:ASIAI0B)
Imported 'GUID: 487d36d77a736414e9af150d7e7eb369' -> (Import Result ID: '4c961438fdbb40307b52494acc6dc746') in 0.046 seconds [static and dynamic dependencies]. Details - ImportResultOutputID=7e96c98a9b4c2573bb99724292a64f0f DependenciesID=71dc8017e69d32c18e30e0746584cf7d StaticDependenciesID=d3ad0f3b93e4d2d1931b5a57191e677f 
Number of updated asset objects reloaded before import = 0
Number of asset objects unloaded after import = 0
========================================================================
Received Prepare
AcceleratorClientConnectionCallback - disconnected - :0
Begin MonoManager ReloadAssembly
[Licensing::Client] Successfully resolved entitlement details
Native extension for WindowsStandalone target not found
[Package Manager] Failed to launch server process. Reason: Unity was launched with the -noUpm command-line argument
[Package Manager] Unable to send message (not connected to server process).
[Package Manager] Cannot connect to Unity Package Manager local server
ScheduleIndexationOnStartup MainProcess:False IndexOnStartup:True
Mono: successfully reloaded assembly
- Finished resetting the current domain, in  0.955 seconds
Domain Reload Profiling: 4860ms
	BeginReloadAssembly (3340ms)
		DisableScriptedObjects (406ms)
		ReleaseScriptingObjects (16ms)
		CreateAndSetChildDomain (714ms)
	RebuildCommonClasses (44ms)
	RebuildNativeTypeToScriptingClass (50ms)
	initialDomainReloadingComplete (163ms)
	LoadAllAssembliesAndSetupDomain (304ms)
		LoadAssemblies (1234ms)
		AnalyzeDomain (74ms)
			TypeCache.Refresh (32ms)
			BuildScriptInfoCaches (28ms)
			ResolveRequiredComponents (4ms)
	FinalizeReload (958ms)
		SetupLoadedEditorAssemblies (0ms)
			InitializePlatformSupportModulesInManaged (6ms)
			BeforeProcessingInitializeOnLoad (344ms)
			ProcessInitializeOnLoadAttributes (156ms)
			ProcessInitializeOnLoadMethodAttributes (161ms)
			AfterProcessingInitializeOnLoad (10ms)
		AwakeInstancesAfterBackupRestoration (6ms)
Unloading 0 Unused Serialized files (Serialized files now loaded: 0)
Unloading 485 unused Assets / (51.4 KB). Loaded Objects now: 1119.
Memory consumption went from 172.4 MB to 172.3 MB.
Total: 8.045300 ms (FindLiveObjects: 0.230700 ms CreateObjectMapping: 0.115000 ms MarkObjects: 7.380900 ms  DeleteObjects: 0.314800 ms)

Prepare: number of updated asset objects reloaded= 0
========================================================================
Received Prepare
AcceleratorClientConnectionCallback - disconnected - :0
Unloading 0 Unused Serialized files (Serialized files now loaded: 0)
Unloading 485 unused Assets / (65.3 KB). Loaded Objects now: 1119.
Memory consumption went from 173.4 MB to 173.3 MB.
Total: 388.318700 ms (FindLiveObjects: 3.650700 ms CreateObjectMapping: 0.623100 ms MarkObjects: 381.524900 ms  DeleteObjects: 2.247700 ms)

Prepare: number of updated asset objects reloaded= 0
========================================================================
Received Import Request.
  Time of request: 2026-07-11T03:07:48.704628Z
  Time since last request: 113.81083870000001 seconds.
  importAddress: GUID: 487d36d77a736414e9af150d7e7eb369 - Path: Assets/Scripts/FondoInfinito.cs - Importer: PreviewImporter
Importing 'GUID: 487d36d77a736414e9af150d7e7eb369 - Path: Assets/Scripts/FondoInfinito.cs - Importer: PreviewImporter' with importer (PreviewImporter)
Imported 'GUID: 487d36d77a736414e9af150d7e7eb369' -> (Import Result ID: 'a511775cf25edc28e3c235a9f2833897') in 0.046 seconds [static and dynamic dependencies]. Details - ImportResultOutputID=7de5ecdf9ea8dc8b6b09668347d23ba9 DependenciesID=deebff598b2e43648ef1ef02d75c576d StaticDependenciesID=e504d1ab217c202a52cae8b899c95871 
Number of updated asset objects reloaded before import = 0
Number of asset objects unloaded after import = 0
========================================================================
Received Prepare
AcceleratorClientConnectionCallback - disconnected - :0
Unloading 0 Unused Serialized files (Serialized files now loaded: 0)
Unloading 485 unused Assets / (15.5 KB). Loaded Objects now: 1119.
Memory consumption went from 174.1 MB to 174.1 MB.
Total: 39.565200 ms (FindLiveObjects: 0.584200 ms CreateObjectMapping: 0.126900 ms MarkObjects: 38.219500 ms  DeleteObjects: 0.631000 ms)

Prepare: number of updated asset objects reloaded= 0
========================================================================
Received Import Request.
  Time of request: 2026-07-11T03:09:15.6892032Z
  Time since last request: 86.8533509 seconds.
  importAddress: GUID: ee82384af2bf5fb4792d71539549d94f - Path: Assets/Sistema de puntuacion/ScoreManager.cs - Importer: PreviewImporter
Importing 'GUID: ee82384af2bf5fb4792d71539549d94f - Path: Assets/Sistema de puntuacion/ScoreManager.cs - Importer: PreviewImporter' with importer (PreviewImporter)
Imported 'GUID: ee82384af2bf5fb4792d71539549d94f' -> (Import Result ID: '0c0ba2bb5b6b8ffdd8fddd3be5027e85') in 0.056 seconds [static and dynamic dependencies]. Details - ImportResultOutputID=60d01d39356e668bbdf1263a61b1993e DependenciesID=72cdcaed485ac7b445bead0dab257ee8 StaticDependenciesID=4706bcf6427455b170b975f1b9958087 
Number of updated asset objects reloaded before import = 0
Number of asset objects unloaded after import = 0
========================================================================
Received Prepare
AcceleratorClientConnectionCallback - disconnected - :0
Begin MonoManager ReloadAssembly
[Licensing::Client] Successfully resolved entitlement details
Native extension for WindowsStandalone target not found
[Package Manager] Failed to launch server process. Reason: Unity was launched with the -noUpm command-line argument
[Package Manager] Unable to send message (not connected to server process).
[Package Manager] Cannot connect to Unity Package Manager local server
ScheduleIndexationOnStartup MainProcess:False IndexOnStartup:True
Mono: successfully reloaded assembly
- Finished resetting the current domain, in  0.858 seconds
Domain Reload Profiling: 2633ms
	BeginReloadAssembly (1137ms)
		DisableScriptedObjects (78ms)
		CreateAndSetChildDomain (254ms)
	RebuildCommonClasses (12ms)
	RebuildNativeTypeToScriptingClass (44ms)
	initialDomainReloadingComplete (142ms)
	LoadAllAssembliesAndSetupDomain (438ms)
		LoadAssemblies (514ms)
		AnalyzeDomain (102ms)
			TypeCache.Refresh (50ms)
			BuildScriptInfoCaches (39ms)
	FinalizeReload (861ms)
		SetupLoadedEditorAssemblies (0ms)
			InitializePlatformSupportModulesInManaged (5ms)
			BeforeProcessingInitializeOnLoad (242ms)
			ProcessInitializeOnLoadAttributes (185ms)
			ProcessInitializeOnLoadMethodAttributes (121ms)
			AfterProcessingInitializeOnLoad (8ms)
		AwakeInstancesAfterBackupRestoration (5ms)
Unloading 0 Unused Serialized files (Serialized files now loaded: 0)
Unloading 485 unused Assets / (39.2 KB). Loaded Objects now: 1119.
Memory consumption went from 173.2 MB to 173.1 MB.
Total: 9.193600 ms (FindLiveObjects: 0.231000 ms CreateObjectMapping: 0.124500 ms MarkObjects: 8.196900 ms  DeleteObjects: 0.638400 ms)

Prepare: number of updated asset objects reloaded= 0
========================================================================
Received Import Request.
  Time of request: 2026-07-11T03:10:44.0303456Z
  Time since last request: 88.282634 seconds.
  importAddress: GUID: a6ceef44ff97b074e9be789ef54db1c7 - Path: Assets/Sistema de puntuacion/ScorePorTiempo.cs - Importer: PreviewImporter
Importing 'GUID: a6ceef44ff97b074e9be789ef54db1c7 - Path: Assets/Sistema de puntuacion/ScorePorTiempo.cs - Importer: PreviewImporter' with importer (PreviewImporter)
Imported 'GUID: a6ceef44ff97b074e9be789ef54db1c7' -> (Import Result ID: '2e9d23d404e4023182e6b26de2944d83') in 0.006 seconds [static and dynamic dependencies]. Details - ImportResultOutputID=b7847d075223f89c89a4a077accb458d DependenciesID=a79ef05698059b6fd48d9b1785738148 StaticDependenciesID=757e39cfac8c464fbbb0efe3d36d620f 
Number of updated asset objects reloaded before import = 0
Number of asset objects unloaded after import = 0
========================================================================
Received Prepare
AcceleratorClientConnectionCallback - disconnected - :0
Begin MonoManager ReloadAssembly
Native extension for WindowsStandalone target not found
[Package Manager] Failed to launch server process. Reason: Unity was launched with the -noUpm command-line argument
[Package Manager] Unable to send message (not connected to server process).
[Package Manager] Cannot connect to Unity Package Manager local server
ScheduleIndexationOnStartup MainProcess:False IndexOnStartup:True
Mono: successfully reloaded assembly
- Finished resetting the current domain, in  0.611 seconds
Domain Reload Profiling: 1120ms
	BeginReloadAssembly (277ms)
		DisableScriptedObjects (22ms)
		CreateAndSetChildDomain (42ms)
	RebuildCommonClasses (11ms)
	RebuildNativeTypeToScriptingClass (20ms)
	initialDomainReloadingComplete (61ms)
	LoadAllAssembliesAndSetupDomain (137ms)
		LoadAssemblies (140ms)
		AnalyzeDomain (15ms)
			TypeCache.Refresh (10ms)
	FinalizeReload (614ms)
		SetupLoadedEditorAssemblies (0ms)
			BeforeProcessingInitializeOnLoad (145ms)
			ProcessInitializeOnLoadAttributes (123ms)
			ProcessInitializeOnLoadMethodAttributes (132ms)
			AfterProcessingInitializeOnLoad (8ms)
		AwakeInstancesAfterBackupRestoration (6ms)
Unloading 0 Unused Serialized files (Serialized files now loaded: 0)
Unloading 485 unused Assets / (49.0 KB). Loaded Objects now: 1119.
Memory consumption went from 173.4 MB to 173.4 MB.
Total: 5.531500 ms (FindLiveObjects: 0.182600 ms CreateObjectMapping: 0.144100 ms MarkObjects: 5.021200 ms  DeleteObjects: 0.181300 ms)

Prepare: number of updated asset objects reloaded= 0
========================================================================
Received Prepare
AcceleratorClientConnectionCallback - disconnected - :0
Begin MonoManager ReloadAssembly
[Licensing::Client] Successfully resolved entitlement details
Native extension for WindowsStandalone target not found
[Package Manager] Failed to launch server process. Reason: Unity was launched with the -noUpm command-line argument
[Package Manager] Unable to send message (not connected to server process).
[Package Manager] Cannot connect to Unity Package Manager local server
ScheduleIndexationOnStartup MainProcess:False IndexOnStartup:True
Mono: successfully reloaded assembly
- Finished resetting the current domain, in  0.992 seconds
Domain Reload Profiling: 2343ms
	BeginReloadAssembly (858ms)
		DisableScriptedObjects (107ms)
		CreateAndSetChildDomain (155ms)
	RebuildCommonClasses (19ms)
	RebuildNativeTypeToScriptingClass (41ms)
	initialDomainReloadingComplete (151ms)
	LoadAllAssembliesAndSetupDomain (277ms)
		LoadAssemblies (324ms)
		AnalyzeDomain (30ms)
			TypeCache.Refresh (19ms)
			ResolveRequiredComponents (4ms)
	FinalizeReload (997ms)
		SetupLoadedEditorAssemblies (0ms)
			InitializePlatformSupportModulesInManaged (5ms)
			BeforeProcessingInitializeOnLoad (255ms)
			ProcessInitializeOnLoadAttributes (198ms)
			ProcessInitializeOnLoadMethodAttributes (172ms)
			AfterProcessingInitializeOnLoad (11ms)
		AwakeInstancesAfterBackupRestoration (5ms)
Unloading 0 Unused Serialized files (Serialized files now loaded: 0)
Unloading 485 unused Assets / (55.7 KB). Loaded Objects now: 1119.
Memory consumption went from 174.3 MB to 174.2 MB.
Total: 9.978500 ms (FindLiveObjects: 0.340300 ms CreateObjectMapping: 0.165800 ms MarkObjects: 8.346000 ms  DeleteObjects: 1.119900 ms)

Prepare: number of updated asset objects reloaded= 0
========================================================================
Received Prepare
AcceleratorClientConnectionCallback - disconnected - :0
Begin MonoManager ReloadAssembly
[Licensing::Client] Successfully resolved entitlement details
Native extension for WindowsStandalone target not found
[Package Manager] Failed to launch server process. Reason: Unity was launched with the -noUpm command-line argument
[Package Manager] Unable to send message (not connected to server process).
[Package Manager] Cannot connect to Unity Package Manager local server
ScheduleIndexationOnStartup MainProcess:False IndexOnStartup:True
Mono: successfully reloaded assembly
- Finished resetting the current domain, in  1.411 seconds
Domain Reload Profiling: 2313ms
	BeginReloadAssembly (599ms)
		DisableScriptedObjects (54ms)
		CreateAndSetChildDomain (98ms)
	RebuildCommonClasses (15ms)
	RebuildNativeTypeToScriptingClass (29ms)
	initialDomainReloadingComplete (89ms)
	LoadAllAssembliesAndSetupDomain (163ms)
		LoadAssemblies (277ms)
		AnalyzeDomain (18ms)
			TypeCache.Refresh (10ms)
	FinalizeReload (1418ms)
		SetupLoadedEditorAssemblies (0ms)
			InitializePlatformSupportModulesInManaged (3ms)
			BeforeProcessingInitializeOnLoad (430ms)
			ProcessInitializeOnLoadAttributes (436ms)
			ProcessInitializeOnLoadMethodAttributes (214ms)
			AfterProcessingInitializeOnLoad (20ms)
		AwakeInstancesAfterBackupRestoration (11ms)
Unloading 0 Unused Serialized files (Serialized files now loaded: 0)
Unloading 485 unused Assets / (15.5 KB). Loaded Objects now: 1119.
Memory consumption went from 175.4 MB to 175.4 MB.
Total: 17.122000 ms (FindLiveObjects: 0.882700 ms CreateObjectMapping: 0.355500 ms MarkObjects: 14.823200 ms  DeleteObjects: 0.742900 ms)

Prepare: number of updated asset objects reloaded= 0
========================================================================
Received Import Request.
  Time of request: 2026-07-11T03:21:25.378591Z
  Time since last request: 641.3402572 seconds.
  importAddress: GUID: 2749e00524edd9d43a0961654955b704 - Path: Assets/PrefabsObstaculos/puas_0.prefab - Importer: PreviewImporter
Importing 'GUID: 2749e00524edd9d43a0961654955b704 - Path: Assets/PrefabsObstaculos/puas_0.prefab - Importer: PreviewImporter' with importer (PreviewImporter)
Imported 'GUID: 2749e00524edd9d43a0961654955b704' -> (Import Result ID: 'ff64555c33a69a523db3a12e24f2aa5a') in 0.655 seconds [static and dynamic dependencies]. Details - ImportResultOutputID=92fb2d76dfc504b675282e4d6c7faedd DependenciesID=293734595d9fdd5fcdd242d666d9b72e StaticDependenciesID=ecc115284ccdcb272136d7f4b5d203e4 
Number of updated asset objects reloaded before import = 0
Number of asset objects unloaded after import = 11
========================================================================
Received Import Request.
  Time of request: 2026-07-11T03:21:42.0748184Z
  Time since last request: 15.8990717 seconds.
  importAddress: GUID: 4aae5b6916695f043a5d1e091eb793fb - Path: Assets/PrefabsObstaculos/Tronco_0.prefab - Importer: PreviewImporter
Importing 'GUID: 4aae5b6916695f043a5d1e091eb793fb - Path: Assets/PrefabsObstaculos/Tronco_0.prefab - Importer: PreviewImporter' with importer (PreviewImporter)
Imported 'GUID: 4aae5b6916695f043a5d1e091eb793fb' -> (Import Result ID: '2af09194980f1c7cb55fe986fef858a1') in 0.033 seconds [static and dynamic dependencies]. Details - ImportResultOutputID=52056fc1c6dc8d6670c79af6bee234ce DependenciesID=0c9d10022e6a9af47a5aa1ec1c6792fd StaticDependenciesID=9e99fc937c9cdc0065a8470ceee1bdf3 
Number of updated asset objects reloaded before import = 0
Number of asset objects unloaded after import = 10
========================================================================
Received Prepare
AcceleratorClientConnectionCallback - disconnected - :0
Unloading 0 Unused Serialized files (Serialized files now loaded: 0)
Unloading 0 unused Assets / (0 B). Loaded Objects now: 1120.
Memory consumption went from 174.0 MB to 174.0 MB.
Total: 148.466200 ms (FindLiveObjects: 2.144300 ms CreateObjectMapping: 0.083300 ms MarkObjects: 145.726200 ms  DeleteObjects: 0.506000 ms)

Prepare: number of updated asset objects reloaded= 0
========================================================================
Received Import Request.
  Time of request: 2026-07-11T03:33:12.9189511Z
  Time since last request: 690.8077849 seconds.
  importAddress: GUID: 4aae5b6916695f043a5d1e091eb793fb - Path: Assets/PrefabsObstaculos/Tronco_0.prefab - Importer: PreviewImporter
Importing 'GUID: 4aae5b6916695f043a5d1e091eb793fb - Path: Assets/PrefabsObstaculos/Tronco_0.prefab - Importer: PreviewImporter' with importer (PreviewImporter)
Imported 'GUID: 4aae5b6916695f043a5d1e091eb793fb' -> (Import Result ID: '2a3678d87c60d1445db322af1ab2ecfb') in 0.188 seconds [static and dynamic dependencies]. Details - ImportResultOutputID=e56ec358bc5793049b8096566344fd26 DependenciesID=f7b8ece3dac700cad35903b41b6786ae StaticDependenciesID=5af4392ad876743ca7d5c43937a49435 
Number of updated asset objects reloaded before import = 0
Number of asset objects unloaded after import = 10
========================================================================
Received Import Request.
  Time of request: 2026-07-11T03:33:15.7037074Z
  Time since last request: 2.5590971 seconds.
  importAddress: GUID: a16a58de9f219c2469fcb05759bbb4df - Path: Assets/PrefabsObstaculos/sierra_0.prefab - Importer: PreviewImporter
Importing 'GUID: a16a58de9f219c2469fcb05759bbb4df - Path: Assets/PrefabsObstaculos/sierra_0.prefab - Importer: PreviewImporter' with importer (PreviewImporter)
Imported 'GUID: a16a58de9f219c2469fcb05759bbb4df' -> (Import Result ID: 'bbece8ede9e1b290cfc3e7ec3a395ed0') in 0.029 seconds [static and dynamic dependencies]. Details - ImportResultOutputID=eb05e3132bb138b4b9a9ee8543734117 DependenciesID=d2717d7e69d63eff09a6dec5f6e384a1 StaticDependenciesID=40d83ad49c6ce30d01666af75d69e6a8 
Number of updated asset objects reloaded before import = 0
Number of asset objects unloaded after import = 11
========================================================================
Received Import Request.
  Time of request: 2026-07-11T03:33:16.9145299Z
  Time since last request: 1.1781383 seconds.
  importAddress: GUID: 2749e00524edd9d43a0961654955b704 - Path: Assets/PrefabsObstaculos/puas_0.prefab - Importer: PreviewImporter
Importing 'GUID: 2749e00524edd9d43a0961654955b704 - Path: Assets/PrefabsObstaculos/puas_0.prefab - Importer: PreviewImporter' with importer (PreviewImporter)
Imported 'GUID: 2749e00524edd9d43a0961654955b704' -> (Import Result ID: '3a955977491e6ab791c6e6a1bca66e88') in 0.035 seconds [static and dynamic dependencies]. Details - ImportResultOutputID=5af606619d2fe2e92ac7da3318631cf9 DependenciesID=87ddabe603424e94657dce1eb944b37b StaticDependenciesID=36d7d22536efa26a1a6692a96d293314 
Number of updated asset objects reloaded before import = 0
Number of asset objects unloaded after import = 11
========================================================================
Received Import Request.
  Time of request: 2026-07-11T03:33:17.9624595Z
  Time since last request: 1.011594 seconds.
  importAddress: GUID: b7e3268df6e39e646adb7c9f802267df - Path: Assets/PrefabsObstaculos/HachaGiratoria.prefab - Importer: PreviewImporter
Importing 'GUID: b7e3268df6e39e646adb7c9f802267df - Path: Assets/PrefabsObstaculos/HachaGiratoria.prefab - Importer: PreviewImporter' with importer (PreviewImporter)
Imported 'GUID: b7e3268df6e39e646adb7c9f802267df' -> (Import Result ID: '11ed223c6a86348befb30c2f3ac3373c') in 0.021 seconds [static and dynamic dependencies]. Details - ImportResultOutputID=ced93db43d85950f3dfb2786cd5d4a46 DependenciesID=de83760d83e388f6b8b928d50b25b2d3 StaticDependenciesID=5f18e601b861974170e23cf99fd02647 
Number of updated asset objects reloaded before import = 0
Number of asset objects unloaded after import = 11
========================================================================
Received Import Request.
  Time of request: 2026-07-11T03:33:19.2587746Z
  Time since last request: 1.2745311 seconds.
  importAddress: GUID: cf64f34d3fcb83840b260dbe95bcc1f5 - Path: Assets/PrefabsObstaculos/troncopuas_0.prefab - Importer: PreviewImporter
Importing 'GUID: cf64f34d3fcb83840b260dbe95bcc1f5 - Path: Assets/PrefabsObstaculos/troncopuas_0.prefab - Importer: PreviewImporter' with importer (PreviewImporter)
Imported 'GUID: cf64f34d3fcb83840b260dbe95bcc1f5' -> (Import Result ID: 'b4b229322f73e75e38123332ec27c23a') in 0.024 seconds [static and dynamic dependencies]. Details - ImportResultOutputID=4306e44e07591c170d6ad4751e55e655 DependenciesID=ef24a841515c62d1fa38d1828e826a52 StaticDependenciesID=c9c2b4d1f48e2c4e980b73050b5cfd50 
Number of updated asset objects reloaded before import = 0
Number of asset objects unloaded after import = 11
========================================================================
Received Import Request.
  Time of request: 2026-07-11T03:34:45.7334683Z
  Time since last request: 86.449977 seconds.
  importAddress: GUID: 715b0b9b9a7a6c04cb5167d82049df34 - Path: Assets/3 PERSONAJES/Jugador.prefab - Importer: ScriptedImporter/UnityEditor.QuickSearchModule:UnityEditor.Search:ASIAI0B
Importing 'GUID: 715b0b9b9a7a6c04cb5167d82049df34 - Path: Assets/3 PERSONAJES/Jugador.prefab - Importer: ScriptedImporter/UnityEditor.QuickSearchModule:UnityEditor.Search:ASIAI0B' with importer (ScriptedImporter : UnityEditor.QuickSearchModule:UnityEditor.Search:ASIAI0B)
Imported 'GUID: 715b0b9b9a7a6c04cb5167d82049df34' -> (Import Result ID: '7a239377ed74caf6d52331c3df0b9bd0') in 1.073 seconds [static and dynamic dependencies]. Details - ImportResultOutputID=d27f3aa1558d78f0c1c6a80d44f0fd88 DependenciesID=30194a2429d5ac1e4850301a6c600d12 StaticDependenciesID=2eb2fbc8798af7bb59779069fab093db 
Number of updated asset objects reloaded before import = 0
Number of asset objects unloaded after import = 37
========================================================================
Received Import Request.
  Time of request: 2026-07-11T03:34:46.8180144Z
  Time since last request: 0.0037033 seconds.
  importAddress: GUID: 487d36d77a736414e9af150d7e7eb369 - Path: Assets/Scripts/FondoInfinito.cs - Importer: ScriptedImporter/UnityEditor.QuickSearchModule:UnityEditor.Search:ASIAI0B
Importing 'GUID: 487d36d77a736414e9af150d7e7eb369 - Path: Assets/Scripts/FondoInfinito.cs - Importer: ScriptedImporter/UnityEditor.QuickSearchModule:UnityEditor.Search:ASIAI0B' with importer (ScriptedImporter : UnityEditor.QuickSearchModule:UnityEditor.Search:ASIAI0B)
Imported 'GUID: 487d36d77a736414e9af150d7e7eb369' -> (Import Result ID: '81d180b7ba20a1a5d7310ea610026e72') in 0.014 seconds [static and dynamic dependencies]. Details - ImportResultOutputID=d623ac88a205d1b6823d7d241c32f6d0 DependenciesID=805914026f7fb3d0821e52b50d9c7883 StaticDependenciesID=6848a36879234fedb3e9005f89e938a9 
Number of updated asset objects reloaded before import = 0
Number of asset objects unloaded after import = 0
========================================================================
Received Import Request.
  Time of request: 2026-07-11T03:34:46.8392273Z
  Time since last request: 0.0065076 seconds.
  importAddress: GUID: 4aae5b6916695f043a5d1e091eb793fb - Path: Assets/PrefabsObstaculos/Tronco_0.prefab - Importer: ScriptedImporter/UnityEditor.QuickSearchModule:UnityEditor.Search:ASIAI0B
Importing 'GUID: 4aae5b6916695f043a5d1e091eb793fb - Path: Assets/PrefabsObstaculos/Tronco_0.prefab - Importer: ScriptedImporter/UnityEditor.QuickSearchModule:UnityEditor.Search:ASIAI0B' with importer (ScriptedImporter : UnityEditor.QuickSearchModule:UnityEditor.Search:ASIAI0B)
Imported 'GUID: 4aae5b6916695f043a5d1e091eb793fb' -> (Import Result ID: '475047014efed6cf91c5a814f76137d1') in 0.041 seconds [static and dynamic dependencies]. Details - ImportResultOutputID=98de36ff720961345ef20b883bdb7b22 DependenciesID=ba1134adc69669d88a35add1f08e73e6 StaticDependenciesID=5197aa368bdbb567cbc8cca4f8fa2d16 
Number of updated asset objects reloaded before import = 0
Number of asset objects unloaded after import = 10
========================================================================
Received Import Request.
  Time of request: 2026-07-11T03:34:46.8845813Z
  Time since last request: 0.003189 seconds.
  importAddress: GUID: 2749e00524edd9d43a0961654955b704 - Path: Assets/PrefabsObstaculos/puas_0.prefab - Importer: ScriptedImporter/UnityEditor.QuickSearchModule:UnityEditor.Search:ASIAI0B
Importing 'GUID: 2749e00524edd9d43a0961654955b704 - Path: Assets/PrefabsObstaculos/puas_0.prefab - Importer: ScriptedImporter/UnityEditor.QuickSearchModule:UnityEditor.Search:ASIAI0B' with importer (ScriptedImporter : UnityEditor.QuickSearchModule:UnityEditor.Search:ASIAI0B)
Imported 'GUID: 2749e00524edd9d43a0961654955b704' -> (Import Result ID: '86c8751ea0659691350b602500d3c29e') in 0.051 seconds [static and dynamic dependencies]. Details - ImportResultOutputID=eac1e748e774948de749f301d09cde8c DependenciesID=861758d4e5f1aa2b988d8856bd99dca3 StaticDependenciesID=944eda0278fb41a711c832efc7ce645b 
Number of updated asset objects reloaded before import = 0
Number of asset objects unloaded after import = 11
========================================================================
Received Import Request.
  Time of request: 2026-07-11T03:34:46.9404025Z
  Time since last request: 0.0038975 seconds.
  importAddress: GUID: cf64f34d3fcb83840b260dbe95bcc1f5 - Path: Assets/PrefabsObstaculos/troncopuas_0.prefab - Importer: ScriptedImporter/UnityEditor.QuickSearchModule:UnityEditor.Search:ASIAI0B
Importing 'GUID: cf64f34d3fcb83840b260dbe95bcc1f5 - Path: Assets/PrefabsObstaculos/troncopuas_0.prefab - Importer: ScriptedImporter/UnityEditor.QuickSearchModule:UnityEditor.Search:ASIAI0B' with importer (ScriptedImporter : UnityEditor.QuickSearchModule:UnityEditor.Search:ASIAI0B)
Imported 'GUID: cf64f34d3fcb83840b260dbe95bcc1f5' -> (Import Result ID: 'ac603a9074934cc92c9838496d3d30ee') in 0.031 seconds [static and dynamic dependencies]. Details - ImportResultOutputID=8864f1db423b97154552386af73c50c8 DependenciesID=b94c472754851ad48743e62ee73a6bb8 StaticDependenciesID=4cfa8d73cd2df1feb92c4e7313e923fe 
Number of updated asset objects reloaded before import = 0
Number of asset objects unloaded after import = 11
========================================================================
Received Import Request.
  Time of request: 2026-07-11T03:34:46.9850467Z
  Time since last request: 0.0130709 seconds.
  importAddress: GUID: ee82384af2bf5fb4792d71539549d94f - Path: Assets/Sistema de puntuacion/ScoreManager.cs - Importer: ScriptedImporter/UnityEditor.QuickSearchModule:UnityEditor.Search:ASIAI0B
Importing 'GUID: ee82384af2bf5fb4792d71539549d94f - Path: Assets/Sistema de puntuacion/ScoreManager.cs - Importer: ScriptedImporter/UnityEditor.QuickSearchModule:UnityEditor.Search:ASIAI0B' with importer (ScriptedImporter : UnityEditor.QuickSearchModule:UnityEditor.Search:ASIAI0B)
Imported 'GUID: ee82384af2bf5fb4792d71539549d94f' -> (Import Result ID: '2e6afb0fae6b5285d5d5ab46eb00ea4e') in 0.010 seconds [static and dynamic dependencies]. Details - ImportResultOutputID=c1abaf0c48a1d6b55f072cddba3f26e1 DependenciesID=a5313757e0ff7502ab838871f6c48e46 StaticDependenciesID=e26b8f20dcee67a7303534d29d6cf507 
Number of updated asset objects reloaded before import = 0
Number of asset objects unloaded after import = 0
========================================================================
Received Import Request.
  Time of request: 2026-07-11T03:34:47.0014435Z
  Time since last request: 0.0053967 seconds.
  importAddress: GUID: b7e3268df6e39e646adb7c9f802267df - Path: Assets/PrefabsObstaculos/HachaGiratoria.prefab - Importer: ScriptedImporter/UnityEditor.QuickSearchModule:UnityEditor.Search:ASIAI0B
Importing 'GUID: b7e3268df6e39e646adb7c9f802267df - Path: Assets/PrefabsObstaculos/HachaGiratoria.prefab - Importer: ScriptedImporter/UnityEditor.QuickSearchModule:UnityEditor.Search:ASIAI0B' with importer (ScriptedImporter : UnityEditor.QuickSearchModule:UnityEditor.Search:ASIAI0B)
Imported 'GUID: b7e3268df6e39e646adb7c9f802267df' -> (Import Result ID: 'd080740773e3a87af591138892059106') in 0.029 seconds [static and dynamic dependencies]. Details - ImportResultOutputID=292ebe9d1cf2db61f7cd4aafcf563ad7 DependenciesID=b7dcc840be3b7373b193c8202945b642 StaticDependenciesID=f7e056c4770deb6c648e101115271203 
Number of updated asset objects reloaded before import = 0
Number of asset objects unloaded after import = 11
========================================================================
Received Import Request.
  Time of request: 2026-07-11T03:34:47.0389214Z
  Time since last request: 0.0077808 seconds.
  importAddress: GUID: a16a58de9f219c2469fcb05759bbb4df - Path: Assets/PrefabsObstaculos/sierra_0.prefab - Importer: ScriptedImporter/UnityEditor.QuickSearchModule:UnityEditor.Search:ASIAI0B
Importing 'GUID: a16a58de9f219c2469fcb05759bbb4df - Path: Assets/PrefabsObstaculos/sierra_0.prefab - Importer: ScriptedImporter/UnityEditor.QuickSearchModule:UnityEditor.Search:ASIAI0B' with importer (ScriptedImporter : UnityEditor.QuickSearchModule:UnityEditor.Search:ASIAI0B)
Imported 'GUID: a16a58de9f219c2469fcb05759bbb4df' -> (Import Result ID: '61161fb7f5d0548761b611a6b5b9985a') in 0.044 seconds [static and dynamic dependencies]. Details - ImportResultOutputID=e57cfad08336e0c4387ba2e666a09ba3 DependenciesID=bc069bfb7ec0abf793a9f92e4d9f9798 StaticDependenciesID=62bbd37d1793f1e2895dff6e00948979 
Number of updated asset objects reloaded before import = 0
Number of asset objects unloaded after import = 11
========================================================================
Received Prepare
AcceleratorClientConnectionCallback - disconnected - :0
Unloading 0 Unused Serialized files (Serialized files now loaded: 0)
Unloading 486 unused Assets / (51.2 KB). Loaded Objects now: 1121.
Memory consumption went from 176.7 MB to 176.6 MB.
Total: 17.617500 ms (FindLiveObjects: 0.582600 ms CreateObjectMapping: 0.124600 ms MarkObjects: 16.305900 ms  DeleteObjects: 0.286200 ms)

Prepare: number of updated asset objects reloaded= 0
========================================================================
Received Import Request.
  Time of request: 2026-07-11T03:34:55.1174466Z
  Time since last request: 8.0337946 seconds.
  importAddress: GUID: 542b4bcf67ed5fa47b00ecf40d015ed8 - Path: Assets/Scripts/GeneradorObstaculos.cs - Importer: ScriptedImporter/UnityEditor.QuickSearchModule:UnityEditor.Search:ASIAI0B
Importing 'GUID: 542b4bcf67ed5fa47b00ecf40d015ed8 - Path: Assets/Scripts/GeneradorObstaculos.cs - Importer: ScriptedImporter/UnityEditor.QuickSearchModule:UnityEditor.Search:ASIAI0B' with importer (ScriptedImporter : UnityEditor.QuickSearchModule:UnityEditor.Search:ASIAI0B)
Imported 'GUID: 542b4bcf67ed5fa47b00ecf40d015ed8' -> (Import Result ID: 'b60643d8ab8a6680f650766c0afad84b') in 0.025 seconds [static and dynamic dependencies]. Details - ImportResultOutputID=2cecc372325fdefbe25a1ee85c83898f DependenciesID=0a5c8c11e38fc62b6006062f89d038ab StaticDependenciesID=ca1cba5b2f6d21992c16ae5c9abb2322 
Number of updated asset objects reloaded before import = 0
Number of asset objects unloaded after import = 0
========================================================================
Received Import Request.
  Time of request: 2026-07-11T03:34:55.2646499Z
  Time since last request: 0.106095 seconds.
  importAddress: GUID: 542b4bcf67ed5fa47b00ecf40d015ed8 - Path: Assets/Scripts/GeneradorObstaculos.cs - Importer: PreviewImporter
Importing 'GUID: 542b4bcf67ed5fa47b00ecf40d015ed8 - Path: Assets/Scripts/GeneradorObstaculos.cs - Importer: PreviewImporter' with importer (PreviewImporter)
Imported 'GUID: 542b4bcf67ed5fa47b00ecf40d015ed8' -> (Import Result ID: '6146ce11732d9326819d43e0c00e378c') in 0.002 seconds [static and dynamic dependencies]. Details - ImportResultOutputID=9cf4de41e68458904992891b0117bd42 DependenciesID=c661fe7feaec70ee0cbc48f952278e40 StaticDependenciesID=ac04947d7edff0f13e0a80971a65d48a 
Number of updated asset objects reloaded before import = 0
Number of asset objects unloaded after import = 0
========================================================================
Received Prepare
AcceleratorClientConnectionCallback - disconnected - :0
Begin MonoManager ReloadAssembly
[Licensing::Client] Successfully resolved entitlement details
Native extension for WindowsStandalone target not found
[Package Manager] Failed to launch server process. Reason: Unity was launched with the -noUpm command-line argument
[Package Manager] Unable to send message (not connected to server process).
[Package Manager] Cannot connect to Unity Package Manager local server
ScheduleIndexationOnStartup MainProcess:False IndexOnStartup:True
Mono: successfully reloaded assembly
- Finished resetting the current domain, in  0.944 seconds
Domain Reload Profiling: 6025ms
	BeginReloadAssembly (4297ms)
		DisableScriptedObjects (391ms)
		ReleaseScriptingObjects (5ms)
		CreateAndSetChildDomain (965ms)
	RebuildCommonClasses (24ms)
	RebuildNativeTypeToScriptingClass (41ms)
	initialDomainReloadingComplete (184ms)
	LoadAllAssembliesAndSetupDomain (532ms)
		LoadAssemblies (908ms)
		AnalyzeDomain (161ms)
			TypeCache.Refresh (58ms)
			BuildScriptInfoCaches (77ms)
			ResolveRequiredComponents (5ms)
	FinalizeReload (948ms)
		SetupLoadedEditorAssemblies (0ms)
			InitializePlatformSupportModulesInManaged (7ms)
			BeforeProcessingInitializeOnLoad (252ms)
			ProcessInitializeOnLoadAttributes (208ms)
			ProcessInitializeOnLoadMethodAttributes (142ms)
			AfterProcessingInitializeOnLoad (9ms)
		AwakeInstancesAfterBackupRestoration (8ms)
Unloading 0 Unused Serialized files (Serialized files now loaded: 0)
Unloading 486 unused Assets / (15.5 KB). Loaded Objects now: 1120.
Memory consumption went from 175.9 MB to 175.9 MB.
Total: 10.461000 ms (FindLiveObjects: 0.139800 ms CreateObjectMapping: 0.104400 ms MarkObjects: 9.967700 ms  DeleteObjects: 0.246300 ms)

Prepare: number of updated asset objects reloaded= 0
========================================================================
Received Prepare
AcceleratorClientConnectionCallback - disconnected - :0
Begin MonoManager ReloadAssembly
Native extension for WindowsStandalone target not found
[Package Manager] Failed to launch server process. Reason: Unity was launched with the -noUpm command-line argument
[Package Manager] Unable to send message (not connected to server process).
[Package Manager] Cannot connect to Unity Package Manager local server
ScheduleIndexationOnStartup MainProcess:False IndexOnStartup:True
Mono: successfully reloaded assembly
- Finished resetting the current domain, in  0.987 seconds
Domain Reload Profiling: 1858ms
	BeginReloadAssembly (547ms)
		DisableScriptedObjects (64ms)
		CreateAndSetChildDomain (90ms)
	RebuildCommonClasses (16ms)
	RebuildNativeTypeToScriptingClass (24ms)
	initialDomainReloadingComplete (74ms)
	LoadAllAssembliesAndSetupDomain (204ms)
		LoadAssemblies (210ms)
		AnalyzeDomain (60ms)
			TypeCache.Refresh (20ms)
			BuildScriptInfoCaches (29ms)
			ResolveRequiredComponents (3ms)
	FinalizeReload (993ms)
		SetupLoadedEditorAssemblies (0ms)
			InitializePlatformSupportModulesInManaged (4ms)
			BeforeProcessingInitializeOnLoad (222ms)
			ProcessInitializeOnLoadAttributes (210ms)
			ProcessInitializeOnLoadMethodAttributes (274ms)
			AfterProcessingInitializeOnLoad (14ms)
		AwakeInstancesAfterBackupRestoration (6ms)
Unloading 0 Unused Serialized files (Serialized files now loaded: 0)
Unloading 486 unused Assets / (19.0 KB). Loaded Objects now: 1120.
Memory consumption went from 176.7 MB to 176.7 MB.
Total: 9.618200 ms (FindLiveObjects: 0.347300 ms CreateObjectMapping: 0.238500 ms MarkObjects: 8.366400 ms  DeleteObjects: 0.381600 ms)

Prepare: number of updated asset objects reloaded= 0
========================================================================
Received Import Request.
  Time of request: 2026-07-11T03:36:00.3558821Z
  Time since last request: 65.08860559999999 seconds.
  importAddress: GUID: 542b4bcf67ed5fa47b00ecf40d015ed8 - Path: Assets/Scripts/GeneradorObstaculos.cs - Importer: PreviewImporter
Importing 'GUID: 542b4bcf67ed5fa47b00ecf40d015ed8 - Path: Assets/Scripts/GeneradorObstaculos.cs - Importer: PreviewImporter' with importer (PreviewImporter)
Imported 'GUID: 542b4bcf67ed5fa47b00ecf40d015ed8' -> (Import Result ID: '869a0fadca675944c40b010033586e2e') in 0.031 seconds [static and dynamic dependencies]. Details - ImportResultOutputID=9cf4de41e68458904992891b0117bd42 DependenciesID=c88517bcf0a7a66e804d93dedb2d4602 StaticDependenciesID=5327644f184ffb0267681c58f9e411d6 
Number of updated asset objects reloaded before import = 0
Number of asset objects unloaded after import = 0
========================================================================
Received Prepare
AcceleratorClientConnectionCallback - disconnected - :0
Begin MonoManager ReloadAssembly
[Licensing::Client] Successfully resolved entitlement details
Native extension for WindowsStandalone target not found
[Package Manager] Failed to launch server process. Reason: Unity was launched with the -noUpm command-line argument
[Package Manager] Unable to send message (not connected to server process).
[Package Manager] Cannot connect to Unity Package Manager local server
ScheduleIndexationOnStartup MainProcess:False IndexOnStartup:True
Mono: successfully reloaded assembly
- Finished resetting the current domain, in  1.325 seconds
Domain Reload Profiling: 3560ms
	BeginReloadAssembly (1732ms)
		DisableScriptedObjects (161ms)
		CreateAndSetChildDomain (264ms)
	RebuildCommonClasses (42ms)
	RebuildNativeTypeToScriptingClass (47ms)
	initialDomainReloadingComplete (131ms)
	LoadAllAssembliesAndSetupDomain (278ms)
		LoadAssemblies (866ms)
		AnalyzeDomain (28ms)
			TypeCache.Refresh (15ms)
			ResolveRequiredComponents (3ms)
	FinalizeReload (1330ms)
		SetupLoadedEditorAssemblies (0ms)
			InitializePlatformSupportModulesInManaged (5ms)
			BeforeProcessingInitializeOnLoad (304ms)
			ProcessInitializeOnLoadAttributes (318ms)
			ProcessInitializeOnLoadMethodAttributes (295ms)
			AfterProcessingInitializeOnLoad (15ms)
		AwakeInstancesAfterBackupRestoration (6ms)
Unloading 0 Unused Serialized files (Serialized files now loaded: 0)
Unloading 486 unused Assets / (15.5 KB). Loaded Objects now: 1120.
Memory consumption went from 177.5 MB to 177.5 MB.
Total: 9.468200 ms (FindLiveObjects: 0.488500 ms CreateObjectMapping: 0.160000 ms MarkObjects: 8.324000 ms  DeleteObjects: 0.234100 ms)

Prepare: number of updated asset objects reloaded= 0
========================================================================
Received Prepare
AcceleratorClientConnectionCallback - disconnected - :0
Begin MonoManager ReloadAssembly
Native extension for WindowsStandalone target not found
[Package Manager] Failed to launch server process. Reason: Unity was launched with the -noUpm command-line argument
[Package Manager] Unable to send message (not connected to server process).
[Package Manager] Cannot connect to Unity Package Manager local server
ScheduleIndexationOnStartup MainProcess:False IndexOnStartup:True
Mono: successfully reloaded assembly
- Finished resetting the current domain, in  0.553 seconds
Domain Reload Profiling: 1076ms
	BeginReloadAssembly (277ms)
		DisableScriptedObjects (21ms)
		CreateAndSetChildDomain (47ms)
	RebuildCommonClasses (15ms)
	RebuildNativeTypeToScriptingClass (24ms)
	initialDomainReloadingComplete (61ms)
	LoadAllAssembliesAndSetupDomain (145ms)
		LoadAssemblies (144ms)
		AnalyzeDomain (15ms)
			TypeCache.Refresh (9ms)
	FinalizeReload (556ms)
		SetupLoadedEditorAssemblies (0ms)
			InitializePlatformSupportModulesInManaged (4ms)
			BeforeProcessingInitializeOnLoad (133ms)
			ProcessInitializeOnLoadAttributes (111ms)
			ProcessInitializeOnLoadMethodAttributes (101ms)
			AfterProcessingInitializeOnLoad (7ms)
		AwakeInstancesAfterBackupRestoration (5ms)
Unloading 0 Unused Serialized files (Serialized files now loaded: 0)
Unloading 486 unused Assets / (44.9 KB). Loaded Objects now: 1120.
Memory consumption went from 178.3 MB to 178.2 MB.
Total: 4.984300 ms (FindLiveObjects: 0.243700 ms CreateObjectMapping: 0.106500 ms MarkObjects: 4.491700 ms  DeleteObjects: 0.140700 ms)

Prepare: number of updated asset objects reloaded= 0
========================================================================
Received Import Request.
  Time of request: 2026-07-11T03:40:11.4873049Z
  Time since last request: 251.09339650000001 seconds.
  importAddress: GUID: 715b0b9b9a7a6c04cb5167d82049df34 - Path: Assets/3 PERSONAJES/Jugador.prefab - Importer: PreviewImporter
Importing 'GUID: 715b0b9b9a7a6c04cb5167d82049df34 - Path: Assets/3 PERSONAJES/Jugador.prefab - Importer: PreviewImporter' with importer (PreviewImporter)
Imported 'GUID: 715b0b9b9a7a6c04cb5167d82049df34' -> (Import Result ID: 'a344705d1d71c9a3c35dd2956381e9f9') in 0.260 seconds [static and dynamic dependencies]. Details - ImportResultOutputID=687575f3bd8348e27e2fd5689d77b15f DependenciesID=2b65c5a61c794840922db32a166dfdbd StaticDependenciesID=831d4b4b674e9daf463413aab8eecd04 
Number of updated asset objects reloaded before import = 0
Number of asset objects unloaded after import = 51
========================================================================
Received Prepare
AcceleratorClientConnectionCallback - disconnected - :0
Begin MonoManager ReloadAssembly
[Licensing::Client] Successfully resolved entitlement details
Native extension for WindowsStandalone target not found
[Package Manager] Failed to launch server process. Reason: Unity was launched with the -noUpm command-line argument
[Package Manager] Unable to send message (not connected to server process).
[Package Manager] Cannot connect to Unity Package Manager local server
ScheduleIndexationOnStartup MainProcess:False IndexOnStartup:True
Mono: successfully reloaded assembly
- Finished resetting the current domain, in  0.497 seconds
Domain Reload Profiling: 1016ms
	BeginReloadAssembly (290ms)
		DisableScriptedObjects (10ms)
		CreateAndSetChildDomain (54ms)
	RebuildCommonClasses (11ms)
	RebuildNativeTypeToScriptingClass (20ms)
	initialDomainReloadingComplete (58ms)
	LoadAllAssembliesAndSetupDomain (137ms)
		LoadAssemblies (148ms)
		AnalyzeDomain (9ms)
			TypeCache.Refresh (5ms)
	FinalizeReload (499ms)
		SetupLoadedEditorAssemblies (0ms)
			BeforeProcessingInitializeOnLoad (111ms)
			ProcessInitializeOnLoadAttributes (111ms)
			ProcessInitializeOnLoadMethodAttributes (102ms)
			AfterProcessingInitializeOnLoad (8ms)
		AwakeInstancesAfterBackupRestoration (3ms)
Unloading 0 Unused Serialized files (Serialized files now loaded: 0)
Unloading 486 unused Assets / (47.0 KB). Loaded Objects now: 1120.
Memory consumption went from 176.7 MB to 176.7 MB.
Total: 7.239400 ms (FindLiveObjects: 0.124900 ms CreateObjectMapping: 0.092200 ms MarkObjects: 6.825000 ms  DeleteObjects: 0.195400 ms)

Prepare: number of updated asset objects reloaded= 0
========================================================================
Received Prepare
AcceleratorClientConnectionCallback - disconnected - :0
Begin MonoManager ReloadAssembly
Native extension for WindowsStandalone target not found
[Package Manager] Failed to launch server process. Reason: Unity was launched with the -noUpm command-line argument
[Package Manager] Unable to send message (not connected to server process).
[Package Manager] Cannot connect to Unity Package Manager local server
ScheduleIndexationOnStartup MainProcess:False IndexOnStartup:True
Mono: successfully reloaded assembly
- Finished resetting the current domain, in  1.061 seconds
Domain Reload Profiling: 2355ms
	BeginReloadAssembly (821ms)
		DisableScriptedObjects (60ms)
		CreateAndSetChildDomain (168ms)
	RebuildCommonClasses (15ms)
	RebuildNativeTypeToScriptingClass (27ms)
	initialDomainReloadingComplete (93ms)
	LoadAllAssembliesAndSetupDomain (332ms)
		LoadAssemblies (416ms)
		AnalyzeDomain (60ms)
			TypeCache.Refresh (27ms)
			ResolveRequiredComponents (3ms)
	FinalizeReload (1067ms)
		SetupLoadedEditorAssemblies (0ms)
			InitializePlatformSupportModulesInManaged (3ms)
			BeforeProcessingInitializeOnLoad (215ms)
			ProcessInitializeOnLoadAttributes (247ms)
			ProcessInitializeOnLoadMethodAttributes (192ms)
			AfterProcessingInitializeOnLoad (11ms)
		AwakeInstancesAfterBackupRestoration (8ms)
Unloading 0 Unused Serialized files (Serialized files now loaded: 0)
Unloading 486 unused Assets / (15.4 KB). Loaded Objects now: 1120.
Memory consumption went from 177.5 MB to 177.5 MB.
Total: 13.420800 ms (FindLiveObjects: 0.488300 ms CreateObjectMapping: 0.891600 ms MarkObjects: 11.301700 ms  DeleteObjects: 0.365900 ms)

Prepare: number of updated asset objects reloaded= 0
========================================================================
Received Prepare
AcceleratorClientConnectionCallback - disconnected - :0
Begin MonoManager ReloadAssembly
[Licensing::Client] Successfully resolved entitlement details
Native extension for WindowsStandalone target not found
[Package Manager] Failed to launch server process. Reason: Unity was launched with the -noUpm command-line argument
[Package Manager] Unable to send message (not connected to server process).
[Package Manager] Cannot connect to Unity Package Manager local server
ScheduleIndexationOnStartup MainProcess:False IndexOnStartup:True
Mono: successfully reloaded assembly
- Finished resetting the current domain, in  0.571 seconds
Domain Reload Profiling: 1188ms
	BeginReloadAssembly (385ms)
		DisableScriptedObjects (29ms)
		CreateAndSetChildDomain (61ms)
	RebuildCommonClasses (17ms)
	RebuildNativeTypeToScriptingClass (26ms)
	initialDomainReloadingComplete (51ms)
	LoadAllAssembliesAndSetupDomain (135ms)
		LoadAssemblies (166ms)
		AnalyzeDomain (14ms)
			TypeCache.Refresh (8ms)
	FinalizeReload (574ms)
		SetupLoadedEditorAssemblies (0ms)
			InitializePlatformSupportModulesInManaged (3ms)
			BeforeProcessingInitializeOnLoad (140ms)
			ProcessInitializeOnLoadAttributes (124ms)
			ProcessInitializeOnLoadMethodAttributes (111ms)
			AfterProcessingInitializeOnLoad (6ms)
		AwakeInstancesAfterBackupRestoration (3ms)
Unloading 0 Unused Serialized files (Serialized files now loaded: 0)
Unloading 486 unused Assets / (23.1 KB). Loaded Objects now: 1120.
Memory consumption went from 178.3 MB to 178.3 MB.
Total: 4.835300 ms (FindLiveObjects: 0.279600 ms CreateObjectMapping: 0.146400 ms MarkObjects: 4.241500 ms  DeleteObjects: 0.164400 ms)

Prepare: number of updated asset objects reloaded= 0
========================================================================
Received Prepare
AcceleratorClientConnectionCallback - disconnected - :0
Begin MonoManager ReloadAssembly
Native extension for WindowsStandalone target not found
[Package Manager] Failed to launch server process. Reason: Unity was launched with the -noUpm command-line argument
[Package Manager] Unable to send message (not connected to server process).
[Package Manager] Cannot connect to Unity Package Manager local server
ScheduleIndexationOnStartup MainProcess:False IndexOnStartup:True
Mono: successfully reloaded assembly
- Finished resetting the current domain, in  0.500 seconds
Domain Reload Profiling: 1003ms
	BeginReloadAssembly (280ms)
		DisableScriptedObjects (9ms)
		CreateAndSetChildDomain (51ms)
	RebuildCommonClasses (10ms)
	RebuildNativeTypeToScriptingClass (21ms)
	initialDomainReloadingComplete (58ms)
	LoadAllAssembliesAndSetupDomain (130ms)
		LoadAssemblies (150ms)
		AnalyzeDomain (10ms)
			TypeCache.Refresh (5ms)
			ResolveRequiredComponents (3ms)
	FinalizeReload (504ms)
		SetupLoadedEditorAssemblies (0ms)
			BeforeProcessingInitializeOnLoad (111ms)
			ProcessInitializeOnLoadAttributes (115ms)
			ProcessInitializeOnLoadMethodAttributes (91ms)
			AfterProcessingInitializeOnLoad (7ms)
		AwakeInstancesAfterBackupRestoration (4ms)
Unloading 0 Unused Serialized files (Serialized files now loaded: 0)
Unloading 486 unused Assets / (101.5 KB). Loaded Objects now: 1120.
Memory consumption went from 179.2 MB to 179.1 MB.
Total: 6.285600 ms (FindLiveObjects: 0.186300 ms CreateObjectMapping: 0.149200 ms MarkObjects: 5.604900 ms  DeleteObjects: 0.343500 ms)

Prepare: number of updated asset objects reloaded= 0
========================================================================
Received Prepare
AcceleratorClientConnectionCallback - disconnected - :0
Begin MonoManager ReloadAssembly
[Licensing::Client] Successfully resolved entitlement details
Native extension for WindowsStandalone target not found
[Package Manager] Failed to launch server process. Reason: Unity was launched with the -noUpm command-line argument
[Package Manager] Unable to send message (not connected to server process).
[Package Manager] Cannot connect to Unity Package Manager local server
ScheduleIndexationOnStartup MainProcess:False IndexOnStartup:True
Mono: successfully reloaded assembly
- Finished resetting the current domain, in  0.867 seconds
Domain Reload Profiling: 2205ms
	BeginReloadAssembly (970ms)
		DisableScriptedObjects (143ms)
		CreateAndSetChildDomain (143ms)
	RebuildCommonClasses (16ms)
	RebuildNativeTypeToScriptingClass (23ms)
	initialDomainReloadingComplete (88ms)
	LoadAllAssembliesAndSetupDomain (236ms)
		LoadAssemblies (323ms)
		AnalyzeDomain (20ms)
			TypeCache.Refresh (12ms)
			ResolveRequiredComponents (3ms)
	FinalizeReload (872ms)
		SetupLoadedEditorAssemblies (0ms)
			InitializePlatformSupportModulesInManaged (6ms)
			BeforeProcessingInitializeOnLoad (208ms)
			ProcessInitializeOnLoadAttributes (214ms)
			ProcessInitializeOnLoadMethodAttributes (162ms)
			AfterProcessingInitializeOnLoad (11ms)
		AwakeInstancesAfterBackupRestoration (5ms)
Unloading 0 Unused Serialized files (Serialized files now loaded: 0)
Unloading 486 unused Assets / (270.0 KB). Loaded Objects now: 1120.
Memory consumption went from 180.2 MB to 180.0 MB.
Total: 8.132200 ms (FindLiveObjects: 0.234400 ms CreateObjectMapping: 0.131500 ms MarkObjects: 6.600500 ms  DeleteObjects: 1.161400 ms)

Prepare: number of updated asset objects reloaded= 0
========================================================================
Received Prepare
AcceleratorClientConnectionCallback - disconnected - :0
Begin MonoManager ReloadAssembly
Native extension for WindowsStandalone target not found
[Package Manager] Failed to launch server process. Reason: Unity was launched with the -noUpm command-line argument
[Package Manager] Unable to send message (not connected to server process).
[Package Manager] Cannot connect to Unity Package Manager local server
ScheduleIndexationOnStartup MainProcess:False IndexOnStartup:True
Mono: successfully reloaded assembly
- Finished resetting the current domain, in  0.524 seconds
Domain Reload Profiling: 1083ms
	BeginReloadAssembly (323ms)
		DisableScriptedObjects (15ms)
		CreateAndSetChildDomain (71ms)
	RebuildCommonClasses (11ms)
	RebuildNativeTypeToScriptingClass (20ms)
	initialDomainReloadingComplete (65ms)
	LoadAllAssembliesAndSetupDomain (136ms)
		LoadAssemblies (174ms)
		AnalyzeDomain (13ms)
			TypeCache.Refresh (8ms)
	FinalizeReload (528ms)
		SetupLoadedEditorAssemblies (0ms)
			BeforeProcessingInitializeOnLoad (119ms)
			ProcessInitializeOnLoadAttributes (106ms)
			ProcessInitializeOnLoadMethodAttributes (99ms)
			AfterProcessingInitializeOnLoad (11ms)
		AwakeInstancesAfterBackupRestoration (3ms)
Unloading 0 Unused Serialized files (Serialized files now loaded: 0)
Unloading 486 unused Assets / (60.7 KB). Loaded Objects now: 1120.
Memory consumption went from 181.0 MB to 181.0 MB.
Total: 5.760300 ms (FindLiveObjects: 0.213800 ms CreateObjectMapping: 0.129300 ms MarkObjects: 5.153800 ms  DeleteObjects: 0.260600 ms)

Prepare: number of updated asset objects reloaded= 0
========================================================================
Received Prepare
AcceleratorClientConnectionCallback - disconnected - :0
Unloading 0 Unused Serialized files (Serialized files now loaded: 0)
Unloading 0 unused Assets / (0 B). Loaded Objects now: 1120.
Memory consumption went from 181.7 MB to 181.7 MB.
Total: 4.914500 ms (FindLiveObjects: 0.098600 ms CreateObjectMapping: 0.046000 ms MarkObjects: 4.759600 ms  DeleteObjects: 0.008600 ms)

Prepare: number of updated asset objects reloaded= 0
========================================================================
Received Import Request.
  Time of request: 2026-07-11T03:47:47.1217795Z
  Time since last request: 455.36697709999999 seconds.
  importAddress: GUID: 9f67f780e8948574790976d13afeabaf - Path: Assets/Fondos/FondoInfinito.prefab - Importer: PreviewImporter
Importing 'GUID: 9f67f780e8948574790976d13afeabaf - Path: Assets/Fondos/FondoInfinito.prefab - Importer: PreviewImporter' with importer (PreviewImporter)
Imported 'GUID: 9f67f780e8948574790976d13afeabaf' -> (Import Result ID: '0a8f7986b1f1b6eb27be9d8ec2060ac2') in 0.264 seconds [static and dynamic dependencies]. Details - ImportResultOutputID=28e04a4eff8a7445d01b5a9f7df17018 DependenciesID=ea5b8a6139081e2400c51de2b6cfb1e2 StaticDependenciesID=983f06811df7dac961a562640090110a 
Number of updated asset objects reloaded before import = 0
Number of asset objects unloaded after import = 14
========================================================================
Received Import Request.
  Time of request: 2026-07-11T03:48:08.9431891Z
  Time since last request: 21.5501454 seconds.
  importAddress: GUID: bbbf1e58c575ec74a9dc8381bcd2bd23 - Path: Assets/Suelos/Suelo.prefab - Importer: PreviewImporter
Importing 'GUID: bbbf1e58c575ec74a9dc8381bcd2bd23 - Path: Assets/Suelos/Suelo.prefab - Importer: PreviewImporter' with importer (PreviewImporter)
Imported 'GUID: bbbf1e58c575ec74a9dc8381bcd2bd23' -> (Import Result ID: '0bfdd72ce8c5dabb97042380270a5472') in 0.038 seconds [static and dynamic dependencies]. Details - ImportResultOutputID=ac29749e15a1841c7758470eb9fbd9ba DependenciesID=61c8f4b5ed8facb5831951ad90b994a9 StaticDependenciesID=fc169c493b1795cb9041a7219a760625 
Number of updated asset objects reloaded before import = 0
Number of asset objects unloaded after import = 9
========================================================================
Received Import Request.
  Time of request: 2026-07-11T03:48:23.2508976Z
  Time since last request: 14.2679926 seconds.
  importAddress: GUID: 7db2abc881e908640aa02b5f1b47a65f - Path: Assets/Suelos/Suelo (1).prefab - Importer: PreviewImporter
Importing 'GUID: 7db2abc881e908640aa02b5f1b47a65f - Path: Assets/Suelos/Suelo (1).prefab - Importer: PreviewImporter' with importer (PreviewImporter)
Imported 'GUID: 7db2abc881e908640aa02b5f1b47a65f' -> (Import Result ID: '896ec2ed1aa40679c9b9c92a62fdf43e') in 0.019 seconds [static and dynamic dependencies]. Details - ImportResultOutputID=6013472b9b5202ed0008a5a7c6f26cd6 DependenciesID=546cf2a32580c46b95c56d4ae82dfd33 StaticDependenciesID=93efd0df1765abc7ccb74bdc9cd59bb2 
Number of updated asset objects reloaded before import = 0
Number of asset objects unloaded after import = 9
========================================================================
Received Import Request.
  Time of request: 2026-07-11T03:48:31.9646868Z
  Time since last request: 8.6934974 seconds.
  importAddress: GUID: b0f1bd0007e15e44e828a9c79c563f19 - Path: Assets/PrefabsObstaculos/SpawnerObstaculos.prefab - Importer: PreviewImporter
Importing 'GUID: b0f1bd0007e15e44e828a9c79c563f19 - Path: Assets/PrefabsObstaculos/SpawnerObstaculos.prefab - Importer: PreviewImporter' with importer (PreviewImporter)
Imported 'GUID: b0f1bd0007e15e44e828a9c79c563f19' -> (Import Result ID: '4a34df94835cc275b0643dd66b8e4e39') in 0.037 seconds [static and dynamic dependencies]. Details - ImportResultOutputID=8a45e6054ddf9393c53b755f821f095f DependenciesID=e916e282da76a51558a927a320258b33 StaticDependenciesID=a020886fdb15b49957a7c4e38c15c258 
Number of updated asset objects reloaded before import = 0
Number of asset objects unloaded after import = 46
========================================================================
Received Prepare
AcceleratorClientConnectionCallback - disconnected - :0
Begin MonoManager ReloadAssembly
[Licensing::Client] Successfully resolved entitlement details
Native extension for WindowsStandalone target not found
[Package Manager] Failed to launch server process. Reason: Unity was launched with the -noUpm command-line argument
[Package Manager] Unable to send message (not connected to server process).
[Package Manager] Cannot connect to Unity Package Manager local server
ScheduleIndexationOnStartup MainProcess:False IndexOnStartup:True
Mono: successfully reloaded assembly
- Finished resetting the current domain, in  0.688 seconds
Domain Reload Profiling: 1395ms
	BeginReloadAssembly (430ms)
		DisableScriptedObjects (29ms)
		CreateAndSetChildDomain (66ms)
	RebuildCommonClasses (14ms)
	RebuildNativeTypeToScriptingClass (28ms)
	initialDomainReloadingComplete (71ms)
	LoadAllAssembliesAndSetupDomain (156ms)
		LoadAssemblies (252ms)
		AnalyzeDomain (15ms)
			TypeCache.Refresh (8ms)
	FinalizeReload (695ms)
		SetupLoadedEditorAssemblies (0ms)
			InitializePlatformSupportModulesInManaged (4ms)
			BeforeProcessingInitializeOnLoad (163ms)
			ProcessInitializeOnLoadAttributes (125ms)
			ProcessInitializeOnLoadMethodAttributes (164ms)
			AfterProcessingInitializeOnLoad (13ms)
		AwakeInstancesAfterBackupRestoration (6ms)
Unloading 0 Unused Serialized files (Serialized files now loaded: 0)
Unloading 486 unused Assets / (42.1 KB). Loaded Objects now: 1120.
Memory consumption went from 178.9 MB to 178.9 MB.
Total: 7.891200 ms (FindLiveObjects: 0.209800 ms CreateObjectMapping: 0.153500 ms MarkObjects: 7.295200 ms  DeleteObjects: 0.227600 ms)

Prepare: number of updated asset objects reloaded= 0
========================================================================
Received Prepare
AcceleratorClientConnectionCallback - disconnected - :0
Unloading 0 Unused Serialized files (Serialized files now loaded: 0)
Unloading 0 unused Assets / (0 B). Loaded Objects now: 1120.
Memory consumption went from 179.6 MB to 179.6 MB.
Total: 6.152300 ms (FindLiveObjects: 0.101000 ms CreateObjectMapping: 0.048100 ms MarkObjects: 5.994600 ms  DeleteObjects: 0.006700 ms)

Prepare: number of updated asset objects reloaded= 0
========================================================================
Received Prepare
AcceleratorClientConnectionCallback - disconnected - :0
Begin MonoManager ReloadAssembly
[Licensing::Client] Successfully resolved entitlement details
Native extension for WindowsStandalone target not found
[Package Manager] Failed to launch server process. Reason: Unity was launched with the -noUpm command-line argument
[Package Manager] Unable to send message (not connected to server process).
[Package Manager] Cannot connect to Unity Package Manager local server
ScheduleIndexationOnStartup MainProcess:False IndexOnStartup:True
Mono: successfully reloaded assembly
- Finished resetting the current domain, in  0.867 seconds
Domain Reload Profiling: 2022ms
	BeginReloadAssembly (854ms)
		DisableScriptedObjects (106ms)
		CreateAndSetChildDomain (132ms)
	RebuildCommonClasses (15ms)
	RebuildNativeTypeToScriptingClass (27ms)
	initialDomainReloadingComplete (94ms)
	LoadAllAssembliesAndSetupDomain (160ms)
		LoadAssemblies (326ms)
		AnalyzeDomain (21ms)
			TypeCache.Refresh (13ms)
	FinalizeReload (871ms)
		SetupLoadedEditorAssemblies (0ms)
			InitializePlatformSupportModulesInManaged (7ms)
			BeforeProcessingInitializeOnLoad (224ms)
			ProcessInitializeOnLoadAttributes (216ms)
			ProcessInitializeOnLoadMethodAttributes (184ms)
			AfterProcessingInitializeOnLoad (13ms)
		AwakeInstancesAfterBackupRestoration (5ms)
Unloading 0 Unused Serialized files (Serialized files now loaded: 0)
Unloading 486 unused Assets / (15.5 KB). Loaded Objects now: 1120.
Memory consumption went from 180.4 MB to 180.4 MB.
Total: 14.523300 ms (FindLiveObjects: 0.284900 ms CreateObjectMapping: 0.207300 ms MarkObjects: 12.905300 ms  DeleteObjects: 1.121600 ms)

Prepare: number of updated asset objects reloaded= 0
========================================================================
Received Prepare
AcceleratorClientConnectionCallback - disconnected - :0
Begin MonoManager ReloadAssembly
[Licensing::Client] Successfully resolved entitlement details
Native extension for WindowsStandalone target not found
[Package Manager] Failed to launch server process. Reason: Unity was launched with the -noUpm command-line argument
[Package Manager] Unable to send message (not connected to server process).
[Package Manager] Cannot connect to Unity Package Manager local server
ScheduleIndexationOnStartup MainProcess:False IndexOnStartup:True
Mono: successfully reloaded assembly
- Finished resetting the current domain, in  0.537 seconds
Domain Reload Profiling: 1079ms
	BeginReloadAssembly (300ms)
		ExecutionOrderSort (4ms)
		DisableScriptedObjects (16ms)
		CreateAndSetChildDomain (51ms)
	RebuildCommonClasses (12ms)
	RebuildNativeTypeToScriptingClass (20ms)
	initialDomainReloadingComplete (70ms)
	LoadAllAssembliesAndSetupDomain (137ms)
		LoadAssemblies (148ms)
		AnalyzeDomain (11ms)
			TypeCache.Refresh (7ms)
	FinalizeReload (540ms)
		SetupLoadedEditorAssemblies (0ms)
			InitializePlatformSupportModulesInManaged (3ms)
			BeforeProcessingInitializeOnLoad (128ms)
			ProcessInitializeOnLoadAttributes (104ms)
			ProcessInitializeOnLoadMethodAttributes (104ms)
			AfterProcessingInitializeOnLoad (9ms)
		AwakeInstancesAfterBackupRestoration (3ms)
Unloading 0 Unused Serialized files (Serialized files now loaded: 0)
Unloading 486 unused Assets / (70.9 KB). Loaded Objects now: 1120.
Memory consumption went from 181.3 MB to 181.2 MB.
Total: 6.376600 ms (FindLiveObjects: 0.226100 ms CreateObjectMapping: 0.136500 ms MarkObjects: 5.575000 ms  DeleteObjects: 0.436800 ms)

Prepare: number of updated asset objects reloaded= 0
========================================================================
Received Prepare
AcceleratorClientConnectionCallback - disconnected - :0
Begin MonoManager ReloadAssembly
[Licensing::Client] Successfully resolved entitlement details
Native extension for WindowsStandalone target not found
[Package Manager] Failed to launch server process. Reason: Unity was launched with the -noUpm command-line argument
[Package Manager] Unable to send message (not connected to server process).
[Package Manager] Cannot connect to Unity Package Manager local server
ScheduleIndexationOnStartup MainProcess:False IndexOnStartup:True
Mono: successfully reloaded assembly
- Finished resetting the current domain, in  0.596 seconds
Domain Reload Profiling: 2163ms
	BeginReloadAssembly (1232ms)
		DisableScriptedObjects (79ms)
		CreateAndSetChildDomain (263ms)
	RebuildCommonClasses (64ms)
	RebuildNativeTypeToScriptingClass (38ms)
	initialDomainReloadingComplete (71ms)
	LoadAllAssembliesAndSetupDomain (158ms)
		LoadAssemblies (615ms)
		AnalyzeDomain (16ms)
			TypeCache.Refresh (9ms)
			ResolveRequiredComponents (3ms)
	FinalizeReload (599ms)
		SetupLoadedEditorAssemblies (0ms)
			InitializePlatformSupportModulesInManaged (3ms)
			BeforeProcessingInitializeOnLoad (132ms)
			ProcessInitializeOnLoadAttributes (121ms)
			ProcessInitializeOnLoadMethodAttributes (125ms)
			AfterProcessingInitializeOnLoad (8ms)
		AwakeInstancesAfterBackupRestoration (6ms)
Unloading 0 Unused Serialized files (Serialized files now loaded: 0)
Unloading 486 unused Assets / (15.5 KB). Loaded Objects now: 1120.
Memory consumption went from 182.5 MB to 182.5 MB.
Total: 8.160200 ms (FindLiveObjects: 0.183400 ms CreateObjectMapping: 0.222600 ms MarkObjects: 6.996300 ms  DeleteObjects: 0.446200 ms)

Prepare: number of updated asset objects reloaded= 0
========================================================================
Received Prepare
AcceleratorClientConnectionCallback - disconnected - :0
Begin MonoManager ReloadAssembly
[Licensing::Client] Successfully resolved entitlement details
Native extension for WindowsStandalone target not found
[Package Manager] Failed to launch server process. Reason: Unity was launched with the -noUpm command-line argument
[Package Manager] Unable to send message (not connected to server process).
[Package Manager] Cannot connect to Unity Package Manager local server
ScheduleIndexationOnStartup MainProcess:False IndexOnStartup:True
Mono: successfully reloaded assembly
- Finished resetting the current domain, in  0.534 seconds
Domain Reload Profiling: 1190ms
	BeginReloadAssembly (405ms)
		DisableScriptedObjects (19ms)
		CreateAndSetChildDomain (79ms)
	RebuildCommonClasses (13ms)
	RebuildNativeTypeToScriptingClass (29ms)
	initialDomainReloadingComplete (74ms)
	LoadAllAssembliesAndSetupDomain (132ms)
		LoadAssemblies (206ms)
		AnalyzeDomain (12ms)
			TypeCache.Refresh (6ms)
	FinalizeReload (536ms)
		SetupLoadedEditorAssemblies (0ms)
			InitializePlatformSupportModulesInManaged (3ms)
			BeforeProcessingInitializeOnLoad (127ms)
			ProcessInitializeOnLoadAttributes (109ms)
			ProcessInitializeOnLoadMethodAttributes (108ms)
			AfterProcessingInitializeOnLoad (7ms)
		AwakeInstancesAfterBackupRestoration (3ms)
Unloading 0 Unused Serialized files (Serialized files now loaded: 0)
Unloading 486 unused Assets / (15.5 KB). Loaded Objects now: 1120.
Memory consumption went from 183.6 MB to 183.5 MB.
Total: 7.896100 ms (FindLiveObjects: 0.215600 ms CreateObjectMapping: 0.189500 ms MarkObjects: 7.278700 ms  DeleteObjects: 0.208100 ms)

Prepare: number of updated asset objects reloaded= 0
========================================================================
Received Prepare
AcceleratorClientConnectionCallback - disconnected - :0
Begin MonoManager ReloadAssembly
[Licensing::Client] Successfully resolved entitlement details
Native extension for WindowsStandalone target not found
[Package Manager] Failed to launch server process. Reason: Unity was launched with the -noUpm command-line argument
[Package Manager] Unable to send message (not connected to server process).
[Package Manager] Cannot connect to Unity Package Manager local server
ScheduleIndexationOnStartup MainProcess:False IndexOnStartup:True
Mono: successfully reloaded assembly
- Finished resetting the current domain, in  1.254 seconds
Domain Reload Profiling: 4117ms
	BeginReloadAssembly (2213ms)
		DisableScriptedObjects (368ms)
		ReleaseScriptingObjects (3ms)
		CreateAndSetChildDomain (496ms)
	RebuildCommonClasses (32ms)
	RebuildNativeTypeToScriptingClass (41ms)
	initialDomainReloadingComplete (138ms)
	LoadAllAssembliesAndSetupDomain (435ms)
		LoadAssemblies (650ms)
		AnalyzeDomain (166ms)
			TypeCache.Refresh (93ms)
			BuildScriptInfoCaches (52ms)
			ResolveRequiredComponents (7ms)
	FinalizeReload (1259ms)
		SetupLoadedEditorAssemblies (0ms)
			InitializePlatformSupportModulesInManaged (9ms)
			BeforeProcessingInitializeOnLoad (329ms)
			ProcessInitializeOnLoadAttributes (221ms)
			ProcessInitializeOnLoadMethodAttributes (215ms)
			AfterProcessingInitializeOnLoad (10ms)
		AwakeInstancesAfterBackupRestoration (13ms)
Unloading 0 Unused Serialized files (Serialized files now loaded: 0)
Unloading 486 unused Assets / (15.5 KB). Loaded Objects now: 1120.
Memory consumption went from 184.7 MB to 184.7 MB.
Total: 21.818200 ms (FindLiveObjects: 0.339900 ms CreateObjectMapping: 0.183900 ms MarkObjects: 19.814200 ms  DeleteObjects: 1.187600 ms)

Prepare: number of updated asset objects reloaded= 0
========================================================================
Received Import Request.
  Time of request: 2026-07-11T04:04:36.122807Z
  Time since last request: 964.11962329999994 seconds.
  importAddress: GUID: 542b4bcf67ed5fa47b00ecf40d015ed8 - Path: Assets/Scripts/GeneradorObstaculos.cs - Importer: PreviewImporter
Importing 'GUID: 542b4bcf67ed5fa47b00ecf40d015ed8 - Path: Assets/Scripts/GeneradorObstaculos.cs - Importer: PreviewImporter' with importer (PreviewImporter)
Imported 'GUID: 542b4bcf67ed5fa47b00ecf40d015ed8' -> (Import Result ID: '9afcc52ce00c9a1cfc6aaf81a01a90be') in 0.112 seconds [static and dynamic dependencies]. Details - ImportResultOutputID=9cf4de41e68458904992891b0117bd42 DependenciesID=22de616659fb47e271ed5c89ca1f834a StaticDependenciesID=99e37661d1be79bd5b86a13cb4736099 
Number of updated asset objects reloaded before import = 0
Number of asset objects unloaded after import = 0
========================================================================
Received Prepare
AcceleratorClientConnectionCallback - disconnected - :0
Begin MonoManager ReloadAssembly
[Licensing::Client] Successfully resolved entitlement details
Native extension for WindowsStandalone target not found
[Package Manager] Failed to launch server process. Reason: Unity was launched with the -noUpm command-line argument
[Package Manager] Unable to send message (not connected to server process).
[Package Manager] Cannot connect to Unity Package Manager local server
ScheduleIndexationOnStartup MainProcess:False IndexOnStartup:True
Mono: successfully reloaded assembly
- Finished resetting the current domain, in  0.894 seconds
Domain Reload Profiling: 2797ms
	BeginReloadAssembly (1494ms)
		DisableScriptedObjects (307ms)
		CreateAndSetChildDomain (208ms)
	RebuildCommonClasses (20ms)
	RebuildNativeTypeToScriptingClass (27ms)
	initialDomainReloadingComplete (89ms)
	LoadAllAssembliesAndSetupDomain (269ms)
		LoadAssemblies (497ms)
		AnalyzeDomain (64ms)
			TypeCache.Refresh (28ms)
			BuildScriptInfoCaches (27ms)
			ResolveRequiredComponents (3ms)
	FinalizeReload (898ms)
		SetupLoadedEditorAssemblies (0ms)
			InitializePlatformSupportModulesInManaged (4ms)
			BeforeProcessingInitializeOnLoad (229ms)
			ProcessInitializeOnLoadAttributes (200ms)
			ProcessInitializeOnLoadMethodAttributes (178ms)
			AfterProcessingInitializeOnLoad (12ms)
		AwakeInstancesAfterBackupRestoration (8ms)
Unloading 0 Unused Serialized files (Serialized files now loaded: 0)
Unloading 486 unused Assets / (43.2 KB). Loaded Objects now: 1120.
Memory consumption went from 185.7 MB to 185.7 MB.
Total: 11.638700 ms (FindLiveObjects: 0.277700 ms CreateObjectMapping: 0.118800 ms MarkObjects: 10.669700 ms  DeleteObjects: 0.567400 ms)

Prepare: number of updated asset objects reloaded= 0
========================================================================
Received Import Request.
  Time of request: 2026-07-11T04:08:08.7620512Z
  Time since last request: 212.51749580000001 seconds.
  importAddress: GUID: 6967c4aef5b01b64794d0716efa1d81c - Path: Assets/Scripts/ObstaculoDanino.cs - Importer: PreviewImporter
Importing 'GUID: 6967c4aef5b01b64794d0716efa1d81c - Path: Assets/Scripts/ObstaculoDanino.cs - Importer: PreviewImporter' with importer (PreviewImporter)
Imported 'GUID: 6967c4aef5b01b64794d0716efa1d81c' -> (Import Result ID: '4ca2c88f558eadb4799257ee38604346') in 0.049 seconds [static and dynamic dependencies]. Details - ImportResultOutputID=b892df81c29ff7b4e8aae46de4c6c3f6 DependenciesID=c77a8f5f045d278812811daa1cee1bcf StaticDependenciesID=03f3a3c189b51732eca57f225e701c3a 
Number of updated asset objects reloaded before import = 0
Number of asset objects unloaded after import = 0
========================================================================
Received Import Request.
  Time of request: 2026-07-11T04:08:46.2496534Z
  Time since last request: 37.4348337 seconds.
  importAddress: GUID: b7e3268df6e39e646adb7c9f802267df - Path: Assets/PrefabsObstaculos/HachaGiratoria.prefab - Importer: PreviewImporter
Importing 'GUID: b7e3268df6e39e646adb7c9f802267df - Path: Assets/PrefabsObstaculos/HachaGiratoria.prefab - Importer: PreviewImporter' with importer (PreviewImporter)
Imported 'GUID: b7e3268df6e39e646adb7c9f802267df' -> (Import Result ID: 'b88d0b0a442923432eb5bda0a5440a8e') in 0.221 seconds [static and dynamic dependencies]. Details - ImportResultOutputID=ced93db43d85950f3dfb2786cd5d4a46 DependenciesID=16248efbb2dcfb0c4f2f856f4a94f7d9 StaticDependenciesID=5f18e601b861974170e23cf99fd02647 
Number of updated asset objects reloaded before import = 0
Number of asset objects unloaded after import = 11
========================================================================
Received Prepare
AcceleratorClientConnectionCallback - disconnected - :0
Unloading 0 Unused Serialized files (Serialized files now loaded: 0)
Unloading 0 unused Assets / (0 B). Loaded Objects now: 1121.
Memory consumption went from 181.5 MB to 181.5 MB.
Total: 8.737600 ms (FindLiveObjects: 0.207100 ms CreateObjectMapping: 0.077400 ms MarkObjects: 8.440100 ms  DeleteObjects: 0.009700 ms)

Prepare: number of updated asset objects reloaded= 0
========================================================================
Received Import Request.
  Time of request: 2026-07-11T04:09:06.4246084Z
  Time since last request: 19.9529936 seconds.
  importAddress: GUID: b7e3268df6e39e646adb7c9f802267df - Path: Assets/PrefabsObstaculos/HachaGiratoria.prefab - Importer: PreviewImporter
Importing 'GUID: b7e3268df6e39e646adb7c9f802267df - Path: Assets/PrefabsObstaculos/HachaGiratoria.prefab - Importer: PreviewImporter' with importer (PreviewImporter)
Imported 'GUID: b7e3268df6e39e646adb7c9f802267df' -> (Import Result ID: '95914d8c34416f652c55b298d7bda336') in 0.017 seconds [static and dynamic dependencies]. Details - ImportResultOutputID=ced93db43d85950f3dfb2786cd5d4a46 DependenciesID=978a4c26cec62377d461a9c0f640a6b1 StaticDependenciesID=d218597fa69d67785bad4d9ede19a9dc 
Number of updated asset objects reloaded before import = 0
Number of asset objects unloaded after import = 12
========================================================================
Received Import Request.
  Time of request: 2026-07-11T04:09:11.3245097Z
  Time since last request: 4.8825223 seconds.
  importAddress: GUID: b7e3268df6e39e646adb7c9f802267df - Path: Assets/PrefabsObstaculos/HachaGiratoria.prefab - Importer: PreviewImporter
Importing 'GUID: b7e3268df6e39e646adb7c9f802267df - Path: Assets/PrefabsObstaculos/HachaGiratoria.prefab - Importer: PreviewImporter' with importer (PreviewImporter)
Imported 'GUID: b7e3268df6e39e646adb7c9f802267df' -> (Import Result ID: 'c50315e1c43fc16f4fe148f6cc25e68e') in 0.016 seconds [static and dynamic dependencies]. Details - ImportResultOutputID=ced93db43d85950f3dfb2786cd5d4a46 DependenciesID=f936696ce2b2a90121417f52036c1a32 StaticDependenciesID=ecc9ac5e4997e1d4ddf15d946de36f87 
Number of updated asset objects reloaded before import = 0
Number of asset objects unloaded after import = 11
========================================================================
Received Import Request.
  Time of request: 2026-07-11T04:09:19.5169602Z
  Time since last request: 8.1750601 seconds.
  importAddress: GUID: 2749e00524edd9d43a0961654955b704 - Path: Assets/PrefabsObstaculos/puas_0.prefab - Importer: PreviewImporter
Importing 'GUID: 2749e00524edd9d43a0961654955b704 - Path: Assets/PrefabsObstaculos/puas_0.prefab - Importer: PreviewImporter' with importer (PreviewImporter)
Imported 'GUID: 2749e00524edd9d43a0961654955b704' -> (Import Result ID: '8570cc243939013485f926cabaea6e19') in 0.025 seconds [static and dynamic dependencies]. Details - ImportResultOutputID=5af606619d2fe2e92ac7da3318631cf9 DependenciesID=02c651417b7b68a96b9ceeb44dd0b770 StaticDependenciesID=36d7d22536efa26a1a6692a96d293314 
Number of updated asset objects reloaded before import = 0
Number of asset objects unloaded after import = 11
========================================================================
Received Import Request.
  Time of request: 2026-07-11T04:09:28.1794253Z
  Time since last request: 8.636317 seconds.
  importAddress: GUID: 2749e00524edd9d43a0961654955b704 - Path: Assets/PrefabsObstaculos/puas_0.prefab - Importer: PreviewImporter
Importing 'GUID: 2749e00524edd9d43a0961654955b704 - Path: Assets/PrefabsObstaculos/puas_0.prefab - Importer: PreviewImporter' with importer (PreviewImporter)
Imported 'GUID: 2749e00524edd9d43a0961654955b704' -> (Import Result ID: '90ad0db2de7a215f9801d4eddb0dd949') in 0.019 seconds [static and dynamic dependencies]. Details - ImportResultOutputID=5af606619d2fe2e92ac7da3318631cf9 DependenciesID=c9b8bac3b8bbf2ea7776486523de4e36 StaticDependenciesID=7dc0f8dbe55dd45aa8ddd5d3894599aa 
Number of updated asset objects reloaded before import = 0
Number of asset objects unloaded after import = 12
========================================================================
Received Import Request.
  Time of request: 2026-07-11T04:09:34.7997761Z
  Time since last request: 6.6003843 seconds.
  importAddress: GUID: 2749e00524edd9d43a0961654955b704 - Path: Assets/PrefabsObstaculos/puas_0.prefab - Importer: PreviewImporter
Importing 'GUID: 2749e00524edd9d43a0961654955b704 - Path: Assets/PrefabsObstaculos/puas_0.prefab - Importer: PreviewImporter' with importer (PreviewImporter)
Imported 'GUID: 2749e00524edd9d43a0961654955b704' -> (Import Result ID: '4e2b1faf2fdd649d54771e78b8b849a2') in 0.037 seconds [static and dynamic dependencies]. Details - ImportResultOutputID=5af606619d2fe2e92ac7da3318631cf9 DependenciesID=fe4b9211bdb3ca4777ba8aa21d0123b2 StaticDependenciesID=cdd8ff706e9c17743a041e64f03d1a4b 
Number of updated asset objects reloaded before import = 0
Number of asset objects unloaded after import = 11
========================================================================
Received Import Request.
  Time of request: 2026-07-11T04:09:36.8164086Z
  Time since last request: 1.9781761 seconds.
  importAddress: GUID: a16a58de9f219c2469fcb05759bbb4df - Path: Assets/PrefabsObstaculos/sierra_0.prefab - Importer: PreviewImporter
Importing 'GUID: a16a58de9f219c2469fcb05759bbb4df - Path: Assets/PrefabsObstaculos/sierra_0.prefab - Importer: PreviewImporter' with importer (PreviewImporter)
Imported 'GUID: a16a58de9f219c2469fcb05759bbb4df' -> (Import Result ID: '4bcfbd711426c8ea434cbeaf8703ff1e') in 0.016 seconds [static and dynamic dependencies]. Details - ImportResultOutputID=eb05e3132bb138b4b9a9ee8543734117 DependenciesID=108ff9bc44ee71e3bd5ae785b4d14395 StaticDependenciesID=40d83ad49c6ce30d01666af75d69e6a8 
Number of updated asset objects reloaded before import = 0
Number of asset objects unloaded after import = 11
========================================================================
Received Import Request.
  Time of request: 2026-07-11T04:09:44.9281041Z
  Time since last request: 8.0950602 seconds.
  importAddress: GUID: a16a58de9f219c2469fcb05759bbb4df - Path: Assets/PrefabsObstaculos/sierra_0.prefab - Importer: PreviewImporter
Importing 'GUID: a16a58de9f219c2469fcb05759bbb4df - Path: Assets/PrefabsObstaculos/sierra_0.prefab - Importer: PreviewImporter' with importer (PreviewImporter)
Imported 'GUID: a16a58de9f219c2469fcb05759bbb4df' -> (Import Result ID: '819e3c5daeecfa4691af829220b1b0f0') in 0.015 seconds [static and dynamic dependencies]. Details - ImportResultOutputID=eb05e3132bb138b4b9a9ee8543734117 DependenciesID=8591659962e6986e290278c3ebe4f852 StaticDependenciesID=9d58e2bdbdb0d2285bade627acd8b2d8 
Number of updated asset objects reloaded before import = 0
Number of asset objects unloaded after import = 12
========================================================================
Received Import Request.
  Time of request: 2026-07-11T04:09:51.6676617Z
  Time since last request: 6.7233281 seconds.
  importAddress: GUID: a16a58de9f219c2469fcb05759bbb4df - Path: Assets/PrefabsObstaculos/sierra_0.prefab - Importer: PreviewImporter
Importing 'GUID: a16a58de9f219c2469fcb05759bbb4df - Path: Assets/PrefabsObstaculos/sierra_0.prefab - Importer: PreviewImporter' with importer (PreviewImporter)
Imported 'GUID: a16a58de9f219c2469fcb05759bbb4df' -> (Import Result ID: '5b080197c7b45d4b975e9af42b0ea45a') in 0.015 seconds [static and dynamic dependencies]. Details - ImportResultOutputID=eb05e3132bb138b4b9a9ee8543734117 DependenciesID=cccce71c33020266085094627afee4de StaticDependenciesID=6cb1f00fa7e9ebe12dc3ae0f90bafbe9 
Number of updated asset objects reloaded before import = 0
Number of asset objects unloaded after import = 11
========================================================================
Received Import Request.
  Time of request: 2026-07-11T04:10:00.1638936Z
  Time since last request: 8.4803005 seconds.
  importAddress: GUID: 4aae5b6916695f043a5d1e091eb793fb - Path: Assets/PrefabsObstaculos/Tronco_0.prefab - Importer: PreviewImporter
Importing 'GUID: 4aae5b6916695f043a5d1e091eb793fb - Path: Assets/PrefabsObstaculos/Tronco_0.prefab - Importer: PreviewImporter' with importer (PreviewImporter)
Imported 'GUID: 4aae5b6916695f043a5d1e091eb793fb' -> (Import Result ID: '36211b3a14625ecb11117ad4e109696a') in 0.071 seconds [static and dynamic dependencies]. Details - ImportResultOutputID=e56ec358bc5793049b8096566344fd26 DependenciesID=a4bc60172f2f5d3fa715a95f31bcc143 StaticDependenciesID=5af4392ad876743ca7d5c43937a49435 
Number of updated asset objects reloaded before import = 0
Number of asset objects unloaded after import = 10
========================================================================
Received Import Request.
  Time of request: 2026-07-11T04:10:08.1077387Z
  Time since last request: 7.8670596 seconds.
  importAddress: GUID: 4aae5b6916695f043a5d1e091eb793fb - Path: Assets/PrefabsObstaculos/Tronco_0.prefab - Importer: PreviewImporter
Importing 'GUID: 4aae5b6916695f043a5d1e091eb793fb - Path: Assets/PrefabsObstaculos/Tronco_0.prefab - Importer: PreviewImporter' with importer (PreviewImporter)
Imported 'GUID: 4aae5b6916695f043a5d1e091eb793fb' -> (Import Result ID: '06e28d93db16e49278c97bce78bee9c6') in 0.025 seconds [static and dynamic dependencies]. Details - ImportResultOutputID=e56ec358bc5793049b8096566344fd26 DependenciesID=c726ee87980adf4523432b4772a73eb0 StaticDependenciesID=0ff0e1fe57e569c8d6e9688b20d83da9 
Number of updated asset objects reloaded before import = 0
Number of asset objects unloaded after import = 11
========================================================================
Received Import Request.
  Time of request: 2026-07-11T04:10:15.2768159Z
  Time since last request: 7.1423001 seconds.
  importAddress: GUID: 4aae5b6916695f043a5d1e091eb793fb - Path: Assets/PrefabsObstaculos/Tronco_0.prefab - Importer: PreviewImporter
Importing 'GUID: 4aae5b6916695f043a5d1e091eb793fb - Path: Assets/PrefabsObstaculos/Tronco_0.prefab - Importer: PreviewImporter' with importer (PreviewImporter)
Imported 'GUID: 4aae5b6916695f043a5d1e091eb793fb' -> (Import Result ID: '53ae33c9ab249dfa8a2bc5804fc00e1e') in 0.020 seconds [static and dynamic dependencies]. Details - ImportResultOutputID=e56ec358bc5793049b8096566344fd26 DependenciesID=4dfe985a413b6a4a7007bdccfb8ee46c StaticDependenciesID=b606b18c5f5612a90e1591b0882af2a7 
Number of updated asset objects reloaded before import = 0
Number of asset objects unloaded after import = 10
========================================================================
Received Import Request.
  Time of request: 2026-07-11T04:10:19.5616279Z
  Time since last request: 4.2628602 seconds.
  importAddress: GUID: cf64f34d3fcb83840b260dbe95bcc1f5 - Path: Assets/PrefabsObstaculos/troncopuas_0.prefab - Importer: PreviewImporter
Importing 'GUID: cf64f34d3fcb83840b260dbe95bcc1f5 - Path: Assets/PrefabsObstaculos/troncopuas_0.prefab - Importer: PreviewImporter' with importer (PreviewImporter)
Imported 'GUID: cf64f34d3fcb83840b260dbe95bcc1f5' -> (Import Result ID: 'bc42b62a273ac0bb25ba087931c2f7a1') in 0.021 seconds [static and dynamic dependencies]. Details - ImportResultOutputID=4306e44e07591c170d6ad4751e55e655 DependenciesID=50ce69a971fc96a4f187840acd17b21d StaticDependenciesID=c9c2b4d1f48e2c4e980b73050b5cfd50 
Number of updated asset objects reloaded before import = 0
Number of asset objects unloaded after import = 11
========================================================================
Received Import Request.
  Time of request: 2026-07-11T04:11:16.6609021Z
  Time since last request: 57.0773947 seconds.
  importAddress: GUID: 4aae5b6916695f043a5d1e091eb793fb - Path: Assets/PrefabsObstaculos/Tronco_0.prefab - Importer: PreviewImporter
Importing 'GUID: 4aae5b6916695f043a5d1e091eb793fb - Path: Assets/PrefabsObstaculos/Tronco_0.prefab - Importer: PreviewImporter' with importer (PreviewImporter)
Imported 'GUID: 4aae5b6916695f043a5d1e091eb793fb' -> (Import Result ID: 'dbc6116c3ce75d27b5f9587db550b882') in 0.038 seconds [static and dynamic dependencies]. Details - ImportResultOutputID=e56ec358bc5793049b8096566344fd26 DependenciesID=a95badcee3b61e8572dc7e9093280cc2 StaticDependenciesID=a277eaf25c235a3af9f19636c3f3de46 
Number of updated asset objects reloaded before import = 0
Number of asset objects unloaded after import = 10
========================================================================
Received Import Request.
  Time of request: 2026-07-11T04:11:22.8131614Z
  Time since last request: 6.1136043 seconds.
  importAddress: GUID: cf64f34d3fcb83840b260dbe95bcc1f5 - Path: Assets/PrefabsObstaculos/troncopuas_0.prefab - Importer: PreviewImporter
Importing 'GUID: cf64f34d3fcb83840b260dbe95bcc1f5 - Path: Assets/PrefabsObstaculos/troncopuas_0.prefab - Importer: PreviewImporter' with importer (PreviewImporter)
Imported 'GUID: cf64f34d3fcb83840b260dbe95bcc1f5' -> (Import Result ID: '72873be3bb435b5ede3465e5f09be6d4') in 0.018 seconds [static and dynamic dependencies]. Details - ImportResultOutputID=4306e44e07591c170d6ad4751e55e655 DependenciesID=61ce12d3246f012d8b4b081b45d88da1 StaticDependenciesID=e0b27acf1eff6bc833386959267c0e32 
Number of updated asset objects reloaded before import = 0
Number of asset objects unloaded after import = 12
========================================================================
Received Import Request.
  Time of request: 2026-07-11T04:11:26.0069699Z
  Time since last request: 3.1737913 seconds.
  importAddress: GUID: cf64f34d3fcb83840b260dbe95bcc1f5 - Path: Assets/PrefabsObstaculos/troncopuas_0.prefab - Importer: PreviewImporter
Importing 'GUID: cf64f34d3fcb83840b260dbe95bcc1f5 - Path: Assets/PrefabsObstaculos/troncopuas_0.prefab - Importer: PreviewImporter' with importer (PreviewImporter)
Imported 'GUID: cf64f34d3fcb83840b260dbe95bcc1f5' -> (Import Result ID: '9c10587c46bcfeb80a307d713785ec18') in 0.020 seconds [static and dynamic dependencies]. Details - ImportResultOutputID=4306e44e07591c170d6ad4751e55e655 DependenciesID=58521058def9b72ac5684345eb2f5367 StaticDependenciesID=3016391ae3437ad2fb8d61949c84e9da 
Number of updated asset objects reloaded before import = 0
Number of asset objects unloaded after import = 11
========================================================================
Received Import Request.
  Time of request: 2026-07-11T04:13:31.3428772Z
  Time since last request: 125.31250009999999 seconds.
  importAddress: GUID: b7e3268df6e39e646adb7c9f802267df - Path: Assets/PrefabsObstaculos/HachaGiratoria.prefab - Importer: PreviewImporter
Importing 'GUID: b7e3268df6e39e646adb7c9f802267df - Path: Assets/PrefabsObstaculos/HachaGiratoria.prefab - Importer: PreviewImporter' with importer (PreviewImporter)
Imported 'GUID: b7e3268df6e39e646adb7c9f802267df' -> (Import Result ID: 'e44d8bb6118500dc5ccedd2341b96449') in 0.021 seconds [static and dynamic dependencies]. Details - ImportResultOutputID=ced93db43d85950f3dfb2786cd5d4a46 DependenciesID=e5aca586012e89f0a813bb08a346d4c0 StaticDependenciesID=b24114691dd6b7ea7046f806662eac6d 
Number of updated asset objects reloaded before import = 0
Number of asset objects unloaded after import = 11
========================================================================
Received Prepare
AcceleratorClientConnectionCallback - disconnected - :0
Begin MonoManager ReloadAssembly
[Licensing::Client] Successfully resolved entitlement details
Native extension for WindowsStandalone target not found
[Package Manager] Failed to launch server process. Reason: Unity was launched with the -noUpm command-line argument
[Package Manager] Unable to send message (not connected to server process).
[Package Manager] Cannot connect to Unity Package Manager local server
ScheduleIndexationOnStartup MainProcess:False IndexOnStartup:True
Mono: successfully reloaded assembly
- Finished resetting the current domain, in  1.035 seconds
Domain Reload Profiling: 4978ms
	BeginReloadAssembly (2604ms)
		DisableScriptedObjects (201ms)
		CreateAndSetChildDomain (586ms)
	RebuildCommonClasses (45ms)
	RebuildNativeTypeToScriptingClass (95ms)
	initialDomainReloadingComplete (446ms)
	LoadAllAssembliesAndSetupDomain (747ms)
		LoadAssemblies (1354ms)
		AnalyzeDomain (161ms)
			TypeCache.Refresh (95ms)
			ResolveRequiredComponents (15ms)
	FinalizeReload (1040ms)
		SetupLoadedEditorAssemblies (0ms)
			InitializePlatformSupportModulesInManaged (5ms)
			BeforeProcessingInitializeOnLoad (207ms)
			ProcessInitializeOnLoadAttributes (181ms)
			ProcessInitializeOnLoadMethodAttributes (172ms)
			AfterProcessingInitializeOnLoad (11ms)
		AwakeInstancesAfterBackupRestoration (5ms)
Unloading 0 Unused Serialized files (Serialized files now loaded: 0)
Unloading 486 unused Assets / (46.0 KB). Loaded Objects now: 1120.
Memory consumption went from 182.1 MB to 182.1 MB.
Total: 12.021100 ms (FindLiveObjects: 0.473100 ms CreateObjectMapping: 0.192200 ms MarkObjects: 10.694200 ms  DeleteObjects: 0.378000 ms)

Prepare: number of updated asset objects reloaded= 0
========================================================================
Received Prepare
AcceleratorClientConnectionCallback - disconnected - :0
Unloading 0 Unused Serialized files (Serialized files now loaded: 0)
Unloading 0 unused Assets / (0 B). Loaded Objects now: 1120.
Memory consumption went from 182.8 MB to 182.8 MB.
Total: 273.982100 ms (FindLiveObjects: 4.091400 ms CreateObjectMapping: 0.163400 ms MarkObjects: 269.393800 ms  DeleteObjects: 0.310300 ms)

Prepare: number of updated asset objects reloaded= 0
Editor requested this worker to shutdown with reason: Editor is closing down
AcceleratorClientConnectionCallback - disconnected - :0
AssetImportWorker is now disconnected from the server
Process exiting
Exiting without the bug reporter. Application will terminate with return code 0