[Licensing::Module] Trying to connect to existing licensing client channel...
Built from '6000.5/staging' branch; Version is '6000.5.0f1 (88b47c5e7076) revision 8959100'; Using compiler version '194234433'; Build Type 'Release'
[Licensing::IpcConnector] Successfully connected to: "LicenseClient-Nicole-David" at "2026-07-11T18:38:31.9162053Z"
OS: 'Windows 11  (10.0.26200) Professional' Language: 'es' Physical Memory: 7834 MB
BatchMode: 1, IsHumanControllingUs: 0, StartBugReporterOnCrash: 0, Is64bit: 1
System  architecture: x64
Process architecture: x64
Date: 2026-07-11T18:38:31Z

COMMAND LINE ARGUMENTS:
C:\Program Files\Unity\Hub\Editor\6000.5.0f1\Editor\Unity.exe
-adb2
-batchMode
-noUpm
-name
AssetImportWorkerHW0
-projectPath
C:/Users/Nicole-David/scape-from-utp-juego
-logFile
Logs/AssetImportWorkerHW0.log
-srvPort
61785
-parentPid
33712
-analyticsCloudUserId
anonymous
-analyticsLocalProjectId
8e6b41a4231c5674db186c51b5e323f1
-licensingIpc
LicenseClient-Nicole-David
-noDiagnosticSwitchPersistentStore
-job-worker-count
3
-background-job-worker-count
8
-asset-garbage-collectors
1
-force-d3d12
-name
AssetImport
Successfully changed project path to: C:/Users/Nicole-David/scape-from-utp-juego
C:/Users/Nicole-David/scape-from-utp-juego
[UnityMemory] Configuration Parameters - Can be set up in boot.config
    "memorysetup-temp-allocator-size-gi-baking-worker=262144"
    "memorysetup-temp-allocator-size-gi-baking-worker=262144"
    "memorysetup-temp-allocator-size-gi-baking-worker=262144"
    "memorysetup-temp-allocator-size-gi-baking-worker=262144"
    "memorysetup-temp-allocator-size-gi-baking-worker=262144"
    "memorysetup-temp-allocator-size-nav-mesh-worker=65536"
    "memorysetup-temp-allocator-size-audio-worker=65536"
    "memorysetup-temp-allocator-size-cloud-worker=32768"
    "memorysetup-temp-allocator-size-gfx=262144"
    "memorysetup-temp-allocator-size-preload-manager=33554432"
    "memorysetup-allocator-temp-initial-block-size-main=262144"
    "memorysetup-allocator-temp-initial-block-size-worker=262144"
    "memorysetup-temp-allocator-size-job-worker=262144"
    "memorysetup-temp-allocator-size-background-worker=32768"
    "memorysetup-bucket-allocator-granularity=16"
    "memorysetup-bucket-allocator-bucket-count=8"
    "memorysetup-bucket-allocator-block-size=33554432"
    "memorysetup-bucket-allocator-block-count=8"
    "memorysetup-main-allocator-block-size=16777216"
    "memorysetup-thread-allocator-block-size=16777216"
    "memorysetup-main-allocator-mimalloc-enabled=0"
    "memorysetup-gfx-main-allocator-block-size=16777216"
    "memorysetup-gfx-thread-allocator-block-size=16777216"
    "memorysetup-cache-allocator-block-size=4194304"
    "memorysetup-typetree-allocator-block-size=2097152"
    "memorysetup-profiler-bucket-allocator-granularity=16"
    "memorysetup-profiler-bucket-allocator-bucket-count=8"
    "memorysetup-profiler-bucket-allocator-block-size=33554432"
    "memorysetup-profiler-bucket-allocator-block-count=8"
    "memorysetup-profiler-allocator-block-size=16777216"
    "memorysetup-profiler-editor-allocator-block-size=1048576"
    "memorysetup-temp-allocator-size-main=16777216"
    "memorysetup-job-temp-allocator-block-size=2097152"
    "memorysetup-job-temp-allocator-block-size-background=1048576"
    "memorysetup-job-temp-allocator-reduction-small-platforms=262144"
Player connection [22756]  Target information:

Player connection [22756]  * "[IP] 192.168.40.9 [Port] 0 [Flags] 2 [Guid] 1840581594 [EditorId] 1840581594 [Version] 1048832 [Id] WindowsEditor(7,DESKTOP-R6TB99D) [Debug] 1 [PackageName] WindowsEditor [ProjectName] Editor" 

Player connection [22756] Host joined multi-casting on [225.0.0.222:54997]...
Player connection [22756] Host joined alternative multi-casting on [225.0.0.222:34997]...
JobSystem: Creating JobQueue using job-worker-count value 3
Input System module state changed to: Initialized.
[Physics::Module] Initialized fallback backend.
[Physics::Module] Id: 0xdecafbad
Library Redirect Path: Library/
[Physics::Module] Selected backend.
[Physics::Module] Name: PhysX
[Physics::Module] Id: 0xf2b8ea05
[Physics::Module] SDK Version: 4.1.2
[Physics::Module] Integration Version: 1.0.0
[Physics::Module] Threading Mode: Multi-Threaded
Initialize engine version: 6000.5.0f1 (88b47c5e7076)
[Subsystems] Discovering subsystems at path C:/Program Files/Unity/Hub/Editor/6000.5.0f1/Editor/Data/Resources/UnitySubsystems
[Subsystems] Discovering subsystems at path C:/Users/Nicole-David/scape-from-utp-juego/Assets
Forcing GfxDevice: Direct3D 12
GfxDevice: creating device client; kGfxThreadingModeNonThreaded
d3d12: failed to query info queue interface (0x80004002).
Direct3D:
    Version:         Direct3D 12 [level 12.1]
    Renderer:        Intel(R) UHD Graphics (ID=0x9a78)
    Vendor:          Intel
    VRAM:            3917 MB
    App VRAM Budget: 3525 MB
    Driver:          31.0.101.5186
    Unified Memory Architecture
    Cache Coherent UMA
Initialize mono
Mono path[0] = 'C:/Program Files/Unity/Hub/Editor/6000.5.0f1/Editor/Data/Managed'
Mono path[1] = 'C:/Program Files/Unity/Hub/Editor/6000.5.0f1/Editor/Data/BCLExtensions/runtime/netstandard2.1'
Mono path[2] = 'C:/Program Files/Unity/Hub/Editor/6000.5.0f1/Editor/Data/MonoBleedingEdge/lib/mono/unityjit-win32'
Mono config path = 'C:/Program Files/Unity/Hub/Editor/6000.5.0f1/Editor/Data/MonoBleedingEdge/etc'
Using monoOptions --debugger-agent=transport=dt_socket,embedding=1,server=y,suspend=n,address=127.0.0.1:56396
CodeReloadManager initialized
Begin MonoManager ReloadAssembly
Registering precompiled unity dll's ...
Register platform support module: C:/Program Files/Unity/Hub/Editor/6000.5.0f1/Editor/Data/PlaybackEngines/WindowsStandaloneSupport/UnityEditor.WindowsStandalone.Extensions.dll
Registered in 0.003044 seconds.
Native extension for WindowsStandalone target not found
[Licensing::Client] Error: HandshakeResponse reported an error:
	ResponseCode: 505
	ResponseStatus: Unsupported protocol version '1.18.1'.
[Licensing::Module] Error: Failed to handshake to channel: "LicenseClient-Nicole-David"
[Licensing::IpcConnector] LicenseClient-Nicole-David channel disconnected successfully.
[Licensing::IpcConnector] Successfully connected to: "LicenseClient-Nicole-David-6000.5.0" at "2026-07-11T18:38:34.3523484Z"
[Licensing::Client] Code 10 while verifying Licensing Client signature (process Id: 13852, path: "C:/Program Files/Unity/Hub/Editor/6000.5.0f1/Editor/Data/Resources/Licensing/Client/Unity.Licensing.Client.exe")
[Licensing::Module] LicensingClient has failed validation; ignoring
[Licensing::Client] Handshaking with LicensingClient:
  Version:                 1.18.1+9fbee8e
  Session Id:              c6ef9c04b14e4e7788da40fcf314f2ef
  Correlation Id:          2d83c283efd94190e5ebe3bf2685af52
  External correlation Id: 1246960107007158166
  Machine Id:              oV5BFi75GRZwwaUSEb4xsILxMts=
[Licensing::Module] Successfully connected to LicensingClient on channel: "LicenseClient-Nicole-David-6000.5.0" (connect: 0.00s, validation: 0.00s, handshake: 0.01s)
[Licensing::IpcConnector] Successfully connected to: "LicenseClient-Nicole-David-6000.5.0-notifications" at "2026-07-11T18:38:34.3691863Z"
[Licensing::Module] Licensing Background thread has ended after 2.45s
Package Manager log level set to [2]
[Package Manager] Failed to launch server process. Reason: Unity was launched with the -noUpm command-line argument
[Package Manager] Unable to send message (not connected to server process).
[Package Manager] Cannot connect to Unity Package Manager local server
ScheduleIndexationOnStartup MainProcess:False IndexOnStartup:True
Mono: successfully reloaded assembly
- Finished resetting the current domain, in  0.776 seconds
Domain Reload Profiling: 1742ms
	BeginReloadAssembly (273ms)
	RebuildCommonClasses (9ms)
	RebuildNativeTypeToScriptingClass (23ms)
	initialDomainReloadingComplete (102ms)
	LoadAllAssembliesAndSetupDomain (554ms)
		LoadAssemblies (267ms)
		AnalyzeDomain (404ms)
			TypeCache.Refresh (401ms)
				TypeCache.ScanAssembly (376ms)
	FinalizeReload (780ms)
		SetupLoadedEditorAssemblies (0ms)
			InitializePlatformSupportModulesInManaged (4ms)
			BeforeProcessingInitializeOnLoad (240ms)
			ProcessInitializeOnLoadAttributes (209ms)
			ProcessInitializeOnLoadMethodAttributes (198ms)
Initializing Unity extensions:
[Licensing::Client] Successfully resolved entitlement details
[Licensing::Module] License group:
  Id: 4674212081259-UnityPersXXXX
  Product: Unity Personal
  Type: Assigned
  Expiration: Unlimited
========================================================================
Worker process is ready to serve import requests
Import Worker Mode flag is 0x00
Begin MonoManager ReloadAssembly
Native extension for WindowsStandalone target not found
[Package Manager] Failed to launch server process. Reason: Unity was launched with the -noUpm command-line argument
[Package Manager] Unable to send message (not connected to server process).
[Package Manager] Cannot connect to Unity Package Manager local server
ScheduleIndexationOnStartup MainProcess:False IndexOnStartup:True
Mono: successfully reloaded assembly
- Finished resetting the current domain, in  0.593 seconds
Domain Reload Profiling: 1249ms
	BeginReloadAssembly (314ms)
		DisableScriptedObjects (7ms)
		CreateAndSetChildDomain (52ms)
	RebuildCommonClasses (15ms)
	RebuildNativeTypeToScriptingClass (37ms)
	initialDomainReloadingComplete (77ms)
	LoadAllAssembliesAndSetupDomain (209ms)
		LoadAssemblies (176ms)
		AnalyzeDomain (35ms)
			TypeCache.Refresh (22ms)
				TypeCache.ScanAssembly (15ms)
			BuildScriptInfoCaches (8ms)
	FinalizeReload (597ms)
		SetupLoadedEditorAssemblies (0ms)
			InitializePlatformSupportModulesInManaged (3ms)
			BeforeProcessingInitializeOnLoad (134ms)
			ProcessInitializeOnLoadAttributes (121ms)
			ProcessInitializeOnLoadMethodAttributes (114ms)
			AfterProcessingInitializeOnLoad (11ms)
		AwakeInstancesAfterBackupRestoration (4ms)
AcceleratorClientConnectionCallback - disconnected - :0
Launched and connected shader compiler UnityShaderCompiler.exe after 0.03 seconds
Unloading 0 Unused Serialized files (Serialized files now loaded: 0)
Curl error 3: URL rejected: Malformed input to a URL function
Unloading 488 unused Assets / (179.6 KB). Loaded Objects now: 1109.
Memory consumption went from 158.5 MB to 158.3 MB.
Total: 6.147800 ms (FindLiveObjects: 0.125000 ms CreateObjectMapping: 0.125500 ms MarkObjects: 5.598800 ms  DeleteObjects: 0.295100 ms)

========================================================================
Received Import Request.
  Time of request: 2026-07-11T18:38:37.4456207Z
  Time since last request: 271395.10492100002011 seconds.
  importAddress: GUID: 7c99a5576442b5646976d6819f446050 - Path: Assets/Personaje 1/Jugador_Idle.anim - Importer: ScriptedImporter/UnityEditor.QuickSearchModule:UnityEditor.Search:ASIAI0B
Importing 'GUID: 7c99a5576442b5646976d6819f446050 - Path: Assets/Personaje 1/Jugador_Idle.anim - Importer: ScriptedImporter/UnityEditor.QuickSearchModule:UnityEditor.Search:ASIAI0B' with importer (ScriptedImporter : UnityEditor.QuickSearchModule:UnityEditor.Search:ASIAI0B)
Imported 'GUID: 7c99a5576442b5646976d6819f446050' -> (Import Result ID: '82ea3bd917a110b58f33d6c4ef7f9ddc') in 0.164 seconds [static and dynamic dependencies]. Details - ImportResultOutputID=b0576bdf16c92f70d6b45f7085993ba3 DependenciesID=ae1693d75c079bfd29d5f209d4bc68c7 StaticDependenciesID=ca208410be98a318d4d0ba2b9c3eb3fb 
Number of updated asset objects reloaded before import = 0
Number of asset objects unloaded after import = 1
========================================================================
Received Import Request.
  Time of request: 2026-07-11T18:38:37.613978Z
  Time since last request: 0.000625 seconds.
  importAddress: GUID: e00140ffd497fb44fa2fda7372bab390 - Path: Assets/Personaje 1/Jugador_Jump.anim - Importer: ScriptedImporter/UnityEditor.QuickSearchModule:UnityEditor.Search:ASIAI0B
Importing 'GUID: e00140ffd497fb44fa2fda7372bab390 - Path: Assets/Personaje 1/Jugador_Jump.anim - Importer: ScriptedImporter/UnityEditor.QuickSearchModule:UnityEditor.Search:ASIAI0B' with importer (ScriptedImporter : UnityEditor.QuickSearchModule:UnityEditor.Search:ASIAI0B)
Imported 'GUID: e00140ffd497fb44fa2fda7372bab390' -> (Import Result ID: 'af69a95eb01c958329158e95179c26c9') in 0.012 seconds [static and dynamic dependencies]. Details - ImportResultOutputID=56511c81f5bb28db07d93c289ee35b5c DependenciesID=9a083d3f35cdb6eb31a3da9da0deb4cc StaticDependenciesID=80ed81739e9d68820697185263e652aa 
Number of updated asset objects reloaded before import = 0
Number of asset objects unloaded after import = 1
========================================================================
Received Import Request.
  Time of request: 2026-07-11T18:38:37.6274832Z
  Time since last request: 0.0005375 seconds.
  importAddress: GUID: 715b0b9b9a7a6c04cb5167d82049df34 - Path: Assets/3 PERSONAJES/Jugador.prefab - Importer: ScriptedImporter/UnityEditor.QuickSearchModule:UnityEditor.Search:ASIAI0B
Importing 'GUID: 715b0b9b9a7a6c04cb5167d82049df34 - Path: Assets/3 PERSONAJES/Jugador.prefab - Importer: ScriptedImporter/UnityEditor.QuickSearchModule:UnityEditor.Search:ASIAI0B' with importer (ScriptedImporter : UnityEditor.QuickSearchModule:UnityEditor.Search:ASIAI0B)
Imported 'GUID: 715b0b9b9a7a6c04cb5167d82049df34' -> (Import Result ID: '5011fc64fd41d7d713176003c4ea5eea') in 0.100 seconds [static and dynamic dependencies]. Details - ImportResultOutputID=7ded19ae7ef4f74c37b510efe94176c7 DependenciesID=01d58f385ce4be09067fca521a145baf StaticDependenciesID=15cd0fcf50a031df6d6ab55ce7763ad7 
Number of updated asset objects reloaded before import = 0
Number of asset objects unloaded after import = 36
========================================================================
Received Import Request.
  Time of request: 2026-07-11T18:38:37.728866Z
  Time since last request: 0.0001566 seconds.
  importAddress: GUID: 02420ba012d5b6b4a919aa96d8b800ed - Path: Assets/Scripts/MovimientoCamara.cs - Importer: ScriptedImporter/UnityEditor.QuickSearchModule:UnityEditor.Search:ASIAI0B
Importing 'GUID: 02420ba012d5b6b4a919aa96d8b800ed - Path: Assets/Scripts/MovimientoCamara.cs - Importer: ScriptedImporter/UnityEditor.QuickSearchModule:UnityEditor.Search:ASIAI0B' with importer (ScriptedImporter : UnityEditor.QuickSearchModule:UnityEditor.Search:ASIAI0B)
Imported 'GUID: 02420ba012d5b6b4a919aa96d8b800ed' -> (Import Result ID: '03932b6fec6b4df17ceb54755a0b6784') in 0.009 seconds [static and dynamic dependencies]. Details - ImportResultOutputID=01e5f37a9db982720bbe8cd9bccf5cc1 DependenciesID=ab0033e5fb169210a185b040d560f8ce StaticDependenciesID=c8fdb4fe606432cfcf83ec04c33664d9 
Number of updated asset objects reloaded before import = 0
Number of asset objects unloaded after import = 0
========================================================================
Received Import Request.
  Time of request: 2026-07-11T18:38:37.7394141Z
  Time since last request: 0.0007631 seconds.
  importAddress: GUID: e73a58f6e2794ae7b1b7e50b7fb811b0 - Path: Assets/TextMesh Pro/Resources/Fonts & Materials/LiberationSans SDF - Drop Shadow.mat - Importer: ScriptedImporter/UnityEditor.QuickSearchModule:UnityEditor.Search:ASIAI0B
Importing 'GUID: e73a58f6e2794ae7b1b7e50b7fb811b0 - Path: Assets/TextMesh Pro/Resources/Fonts & Materials/LiberationSans SDF - Drop Shadow.mat - Importer: ScriptedImporter/UnityEditor.QuickSearchModule:UnityEditor.Search:ASIAI0B' with importer (ScriptedImporter : UnityEditor.QuickSearchModule:UnityEditor.Search:ASIAI0B)
Imported 'GUID: e73a58f6e2794ae7b1b7e50b7fb811b0' -> (Import Result ID: 'ad13e6b4582dee0a43f57bae103b5851') in 0.044 seconds [static and dynamic dependencies]. Details - ImportResultOutputID=5876f47007d0d9d3da8f1034bb5cac56 DependenciesID=ebf35c4e5e61d16e80c8eaae11896dc7 StaticDependenciesID=57e031a2a06e49590a228a98bc081ddb 
Number of updated asset objects reloaded before import = 0
Number of asset objects unloaded after import = 2
========================================================================
Received Import Request.
  Time of request: 2026-07-11T18:38:37.7856801Z
  Time since last request: 0.0007182 seconds.
  importAddress: GUID: 124c112a6e8f1a54e8b0870e881b56d8 - Path: Assets/TextMesh Pro/Shaders/TMP_SDF-URP Unlit.shadergraph - Importer: ScriptedImporter/UnityEditor.QuickSearchModule:UnityEditor.Search:ASIAI0B
Importing 'GUID: 124c112a6e8f1a54e8b0870e881b56d8 - Path: Assets/TextMesh Pro/Shaders/TMP_SDF-URP Unlit.shadergraph - Importer: ScriptedImporter/UnityEditor.QuickSearchModule:UnityEditor.Search:ASIAI0B' with importer (ScriptedImporter : UnityEditor.QuickSearchModule:UnityEditor.Search:ASIAI0B)
Imported 'GUID: 124c112a6e8f1a54e8b0870e881b56d8' -> (Import Result ID: '1e211760a54c379eccc71e6a3fbad830') in 0.008 seconds [static and dynamic dependencies]. Details - ImportResultOutputID=4110872a362cf2c9682d8256a554872f DependenciesID=18e15983b4ff9b2bc629d881d2b8d6a5 StaticDependenciesID=fb057a3adfa9c6ad4ef5a1bde435bed3 
Number of updated asset objects reloaded before import = 0
Number of asset objects unloaded after import = 1
========================================================================
Received Import Request.
  Time of request: 2026-07-11T18:38:37.7961983Z
  Time since last request: 0.0009278 seconds.
  importAddress: GUID: 003952e0612f8f4438a39635645d0af8 - Path: Assets/Scripts/SaludJugador.cs - Importer: ScriptedImporter/UnityEditor.QuickSearchModule:UnityEditor.Search:ASIAI0B
Importing 'GUID: 003952e0612f8f4438a39635645d0af8 - Path: Assets/Scripts/SaludJugador.cs - Importer: ScriptedImporter/UnityEditor.QuickSearchModule:UnityEditor.Search:ASIAI0B' with importer (ScriptedImporter : UnityEditor.QuickSearchModule:UnityEditor.Search:ASIAI0B)
Imported 'GUID: 003952e0612f8f4438a39635645d0af8' -> (Import Result ID: 'd782e8df1118b4ffeb211a885a73205b') in 0.007 seconds [static and dynamic dependencies]. Details - ImportResultOutputID=1ec885bb9a2ce683e5486018ca11ee53 DependenciesID=c9e3941ea2e69e7828869eb444f192b8 StaticDependenciesID=501e9ab656f3dd07f0bed34645680768 
Number of updated asset objects reloaded before import = 0
Number of asset objects unloaded after import = 0
========================================================================
Received Import Request.
  Time of request: 2026-07-11T18:38:37.8047444Z
  Time since last request: 0.0005117 seconds.
  importAddress: GUID: bc1ede39bf3643ee8e493720e4259791 - Path: Assets/TextMesh Pro/Shaders/TMP_SDF-Mobile Masking.shader - Importer: ScriptedImporter/UnityEditor.QuickSearchModule:UnityEditor.Search:ASIAI0B
Importing 'GUID: bc1ede39bf3643ee8e493720e4259791 - Path: Assets/TextMesh Pro/Shaders/TMP_SDF-Mobile Masking.shader - Importer: ScriptedImporter/UnityEditor.QuickSearchModule:UnityEditor.Search:ASIAI0B' with importer (ScriptedImporter : UnityEditor.QuickSearchModule:UnityEditor.Search:ASIAI0B)
Imported 'GUID: bc1ede39bf3643ee8e493720e4259791' -> (Import Result ID: '19209d9885b86e49bf4ad831bbaaaad9') in 0.011 seconds [static and dynamic dependencies]. Details - ImportResultOutputID=3cf0b8d97b1e9368239eba9bf5eb5205 DependenciesID=f68d8f09ed1682bbc9f17c724325b9b2 StaticDependenciesID=2a70959c01a7f7c716a258feb251f930 
Number of updated asset objects reloaded before import = 0
Number of asset objects unloaded after import = 1
========================================================================
Received Import Request.
  Time of request: 2026-07-11T18:38:37.8167409Z
  Time since last request: 0.0004407 seconds.
  importAddress: GUID: 63185164538dc424abfb07c650059117 - Path: Assets/Personaje 1/Personaje_1.unity - Importer: ScriptedImporter/UnityEditor.QuickSearchModule:UnityEditor.Search:ASIAI0B
Importing 'GUID: 63185164538dc424abfb07c650059117 - Path: Assets/Personaje 1/Personaje_1.unity - Importer: ScriptedImporter/UnityEditor.QuickSearchModule:UnityEditor.Search:ASIAI0B' with importer (ScriptedImporter : UnityEditor.QuickSearchModule:UnityEditor.Search:ASIAI0B)
Imported 'GUID: 63185164538dc424abfb07c650059117' -> (Import Result ID: '99924176185ea45f554a55863ed84a1e') in 0.007 seconds [static and dynamic dependencies]. Details - ImportResultOutputID=91beb3d03cb43396c54994abebdba9ea DependenciesID=63669970184445b989c203f9a2e31e81 StaticDependenciesID=9ec11cfb37332ebafa3733410a19909f 
Number of updated asset objects reloaded before import = 0
Number of asset objects unloaded after import = 1
========================================================================
Received Import Request.
  Time of request: 2026-07-11T18:38:37.8251503Z
  Time since last request: 0.0003295 seconds.
  importAddress: GUID: 8a6dad9eed4678646b422ef504eb90bf - Path: Assets/Fondos/FondoSistemas (1).jpeg - Importer: ScriptedImporter/UnityEditor.QuickSearchModule:UnityEditor.Search:ASIAI0B
Importing 'GUID: 8a6dad9eed4678646b422ef504eb90bf - Path: Assets/Fondos/FondoSistemas (1).jpeg - Importer: ScriptedImporter/UnityEditor.QuickSearchModule:UnityEditor.Search:ASIAI0B' with importer (ScriptedImporter : UnityEditor.QuickSearchModule:UnityEditor.Search:ASIAI0B)
Imported 'GUID: 8a6dad9eed4678646b422ef504eb90bf' -> (Import Result ID: '3a7cb75d0e46f14bb21032249cf540ee') in 0.061 seconds [static and dynamic dependencies]. Details - ImportResultOutputID=2e8cc9b6a03e4ee1fdc4092c42f1819c DependenciesID=19dd86d91f69e5a625a4412143325291 StaticDependenciesID=694c3b51858bcd187d9da6d7af5c0352 
Number of updated asset objects reloaded before import = 0
Number of asset objects unloaded after import = 3
========================================================================
Received Import Request.
  Time of request: 2026-07-11T18:38:37.8872849Z
  Time since last request: 0.0004455 seconds.
  importAddress: GUID: 85187c2149c549c5b33f0cdb02836b17 - Path: Assets/TextMesh Pro/Shaders/TMP_SDF-Surface-Mobile.shader - Importer: ScriptedImporter/UnityEditor.QuickSearchModule:UnityEditor.Search:ASIAI0B
Importing 'GUID: 85187c2149c549c5b33f0cdb02836b17 - Path: Assets/TextMesh Pro/Shaders/TMP_SDF-Surface-Mobile.shader - Importer: ScriptedImporter/UnityEditor.QuickSearchModule:UnityEditor.Search:ASIAI0B' with importer (ScriptedImporter : UnityEditor.QuickSearchModule:UnityEditor.Search:ASIAI0B)
Imported 'GUID: 85187c2149c549c5b33f0cdb02836b17' -> (Import Result ID: '5013f9489e014b82341969390663781d') in 0.012 seconds [static and dynamic dependencies]. Details - ImportResultOutputID=8128e0ad97d9d0520e850b50483470e2 DependenciesID=eaf0a9e38cf79c106ed2e0f57534dbe7 StaticDependenciesID=06a56206a5aa8873b7cf3f3e484483b1 
Number of updated asset objects reloaded before import = 0
Number of asset objects unloaded after import = 1
========================================================================
Received Import Request.
  Time of request: 2026-07-11T18:38:37.9000613Z
  Time since last request: 0.0006135 seconds.
  importAddress: GUID: 7343abbd168937840b4105648c331795 - Path: Assets/Personaje 1/spritesheet - P1 Jorge +_25.controller - Importer: ScriptedImporter/UnityEditor.QuickSearchModule:UnityEditor.Search:ASIAI0B
Importing 'GUID: 7343abbd168937840b4105648c331795 - Path: Assets/Personaje 1/spritesheet - P1 Jorge +_25.controller - Importer: ScriptedImporter/UnityEditor.QuickSearchModule:UnityEditor.Search:ASIAI0B' with importer (ScriptedImporter : UnityEditor.QuickSearchModule:UnityEditor.Search:ASIAI0B)
Imported 'GUID: 7343abbd168937840b4105648c331795' -> (Import Result ID: '8e3a3946b2d207437368ea3f12d12bb7') in 0.010 seconds [static and dynamic dependencies]. Details - ImportResultOutputID=9aab338987c7e5d3bb257e4f3d733cb8 DependenciesID=62ad4bb86f4f94c8e8c8530f02c39540 StaticDependenciesID=9bb2540044848ef3c3b7614c412fe97a 
Number of updated asset objects reloaded before import = 0
Number of asset objects unloaded after import = 4
========================================================================
Received Import Request.
  Time of request: 2026-07-11T18:38:37.9113793Z
  Time since last request: 0.0004892 seconds.
  importAddress: GUID: f6bb27aaeed6e7c4f85cb651d51e4b8c - Path: Assets/Fondos/FondoBiblioteca.jpeg - Importer: ScriptedImporter/UnityEditor.QuickSearchModule:UnityEditor.Search:ASIAI0B
Importing 'GUID: f6bb27aaeed6e7c4f85cb651d51e4b8c - Path: Assets/Fondos/FondoBiblioteca.jpeg - Importer: ScriptedImporter/UnityEditor.QuickSearchModule:UnityEditor.Search:ASIAI0B' with importer (ScriptedImporter : UnityEditor.QuickSearchModule:UnityEditor.Search:ASIAI0B)
Imported 'GUID: f6bb27aaeed6e7c4f85cb651d51e4b8c' -> (Import Result ID: 'f7bd8b20b789b735537fb0951f035bcf') in 0.017 seconds [static and dynamic dependencies]. Details - ImportResultOutputID=5d0c496b9a87d2d1412a584a2a809fee DependenciesID=aa4f4531a9d49aa7ee78b05b4e1055f0 StaticDependenciesID=b5e6c8cc5f59a5e9826092cc70eb7b8c 
Number of updated asset objects reloaded before import = 0
Number of asset objects unloaded after import = 3
========================================================================
Received Import Request.
  Time of request: 2026-07-11T18:38:37.9300936Z
  Time since last request: 0.0005759 seconds.
  importAddress: GUID: ed539469d4f9a114cb54461d02a09ed9 - Path: Assets/Personaje 1/Jugador_Move.anim - Importer: ScriptedImporter/UnityEditor.QuickSearchModule:UnityEditor.Search:ASIAI0B
Importing 'GUID: ed539469d4f9a114cb54461d02a09ed9 - Path: Assets/Personaje 1/Jugador_Move.anim - Importer: ScriptedImporter/UnityEditor.QuickSearchModule:UnityEditor.Search:ASIAI0B' with importer (ScriptedImporter : UnityEditor.QuickSearchModule:UnityEditor.Search:ASIAI0B)
Imported 'GUID: ed539469d4f9a114cb54461d02a09ed9' -> (Import Result ID: '32fecd77a52114ae96976a5a9cb3a6ea') in 0.009 seconds [static and dynamic dependencies]. Details - ImportResultOutputID=c9746c41c560b99219b7686ed36595de DependenciesID=501ce7ecd5f156d42dce9d203a4095a0 StaticDependenciesID=37ac8f9628d89ff89950bbd4d2e768f3 
Number of updated asset objects reloaded before import = 0
Number of asset objects unloaded after import = 1
========================================================================
Received Import Request.
  Time of request: 2026-07-11T18:38:37.9398833Z
  Time since last request: 0.0004757 seconds.
  importAddress: GUID: 542b4bcf67ed5fa47b00ecf40d015ed8 - Path: Assets/Scripts/GeneradorObstaculos.cs - Importer: ScriptedImporter/UnityEditor.QuickSearchModule:UnityEditor.Search:ASIAI0B
Importing 'GUID: 542b4bcf67ed5fa47b00ecf40d015ed8 - Path: Assets/Scripts/GeneradorObstaculos.cs - Importer: ScriptedImporter/UnityEditor.QuickSearchModule:UnityEditor.Search:ASIAI0B' with importer (ScriptedImporter : UnityEditor.QuickSearchModule:UnityEditor.Search:ASIAI0B)
Imported 'GUID: 542b4bcf67ed5fa47b00ecf40d015ed8' -> (Import Result ID: 'de2bbd2ddf6233553b927ba749b1f57d') in 0.006 seconds [static and dynamic dependencies]. Details - ImportResultOutputID=8bc1d4bd0c9129a5e556f99767117644 DependenciesID=b38b35ce7d94edebe69c7c6d5110f11a StaticDependenciesID=3b0708188c86c79b75143e7de9daf8a7 
Number of updated asset objects reloaded before import = 0
Number of asset objects unloaded after import = 0
========================================================================
Received Import Request.
  Time of request: 2026-07-11T18:38:37.9468688Z
  Time since last request: 0.0007782 seconds.
  importAddress: GUID: fade42e8bc714b018fac513c043d323b - Path: Assets/TextMesh Pro/Resources/LineBreaking Following Characters.txt - Importer: ScriptedImporter/UnityEditor.QuickSearchModule:UnityEditor.Search:ASIAI0B
Importing 'GUID: fade42e8bc714b018fac513c043d323b - Path: Assets/TextMesh Pro/Resources/LineBreaking Following Characters.txt - Importer: ScriptedImporter/UnityEditor.QuickSearchModule:UnityEditor.Search:ASIAI0B' with importer (ScriptedImporter : UnityEditor.QuickSearchModule:UnityEditor.Search:ASIAI0B)
Imported 'GUID: fade42e8bc714b018fac513c043d323b' -> (Import Result ID: '44c4678ae78c83882611c2eaa76fe80a') in 0.008 seconds [static and dynamic dependencies]. Details - ImportResultOutputID=bb089a500b504746a0d5b938fc4a904d DependenciesID=47e1902a4a39c20e06106eb88a361f40 StaticDependenciesID=98cd879926d801be6880d703eac4c592 
Number of updated asset objects reloaded before import = 0
Number of asset objects unloaded after import = 1
========================================================================
Received Import Request.
  Time of request: 2026-07-11T18:38:37.9554264Z
  Time since last request: 0.000478 seconds.
  importAddress: GUID: 8336442fc36608245a85d288593f114e - Path: Assets/Personaje 1/spritesheet - P1 Jorge +_7.controller - Importer: ScriptedImporter/UnityEditor.QuickSearchModule:UnityEditor.Search:ASIAI0B
Importing 'GUID: 8336442fc36608245a85d288593f114e - Path: Assets/Personaje 1/spritesheet - P1 Jorge +_7.controller - Importer: ScriptedImporter/UnityEditor.QuickSearchModule:UnityEditor.Search:ASIAI0B' with importer (ScriptedImporter : UnityEditor.QuickSearchModule:UnityEditor.Search:ASIAI0B)
Imported 'GUID: 8336442fc36608245a85d288593f114e' -> (Import Result ID: '9998526085bbbb59d1d758e45502e8e2') in 0.007 seconds [static and dynamic dependencies]. Details - ImportResultOutputID=7a3ea853dd55d61d0adee06327247b0c DependenciesID=2485b585740b4d075c630aacd989e947 StaticDependenciesID=b75da79cd40a4e49b10aea03d18df8e4 
Number of updated asset objects reloaded before import = 0
Number of asset objects unloaded after import = 4
========================================================================
Received Import Request.
  Time of request: 2026-07-11T18:38:37.9639163Z
  Time since last request: 0.0003681 seconds.
  importAddress: GUID: 35dd2c3c68eb9e34fb7e001c18399185 - Path: Assets/Sistema de puntuacion - Importer: ScriptedImporter/UnityEditor.QuickSearchModule:UnityEditor.Search:ASIAI0B
Importing 'GUID: 35dd2c3c68eb9e34fb7e001c18399185 - Path: Assets/Sistema de puntuacion - Importer: ScriptedImporter/UnityEditor.QuickSearchModule:UnityEditor.Search:ASIAI0B' with importer (ScriptedImporter : UnityEditor.QuickSearchModule:UnityEditor.Search:ASIAI0B)
Imported 'GUID: 35dd2c3c68eb9e34fb7e001c18399185' -> (Import Result ID: '9b0e7200587b2b8aeb2d5fed2f6b6684') in 0.007 seconds [static and dynamic dependencies]. Details - ImportResultOutputID=d7a366d2e3d356ee3917bbbdad6acc44 DependenciesID=0c947b4f88c7ad89554791f9d44e95b5 StaticDependenciesID=9c99837af74dd6a4e397047d2039d20b 
Number of updated asset objects reloaded before import = 0
Number of asset objects unloaded after import = 1
========================================================================
Received Import Request.
  Time of request: 2026-07-11T18:38:37.9721008Z
  Time since last request: 0.0005286 seconds.
  importAddress: GUID: 48bb5f55d8670e349b6e614913f9d910 - Path: Assets/TextMesh Pro/Shaders/TMP_Bitmap-Custom-Atlas.shader - Importer: ScriptedImporter/UnityEditor.QuickSearchModule:UnityEditor.Search:ASIAI0B
Importing 'GUID: 48bb5f55d8670e349b6e614913f9d910 - Path: Assets/TextMesh Pro/Shaders/TMP_Bitmap-Custom-Atlas.shader - Importer: ScriptedImporter/UnityEditor.QuickSearchModule:UnityEditor.Search:ASIAI0B' with importer (ScriptedImporter : UnityEditor.QuickSearchModule:UnityEditor.Search:ASIAI0B)
Imported 'GUID: 48bb5f55d8670e349b6e614913f9d910' -> (Import Result ID: 'f972361d9f01101081e9779fb076dc35') in 0.009 seconds [static and dynamic dependencies]. Details - ImportResultOutputID=45be36e65c6e8b89d59cf501729ebff7 DependenciesID=7710b14cccb0d89f1239e7cb2684c517 StaticDependenciesID=14ac2b200ba546a0f8844faea218a54a 
Number of updated asset objects reloaded before import = 0
Number of asset objects unloaded after import = 1
========================================================================
Received Import Request.
  Time of request: 2026-07-11T18:38:37.9827068Z
  Time since last request: 0.0005028 seconds.
  importAddress: GUID: 4aecb92fff08436c8303b10eab8da368 - Path: Assets/TextMesh Pro/Resources/Style Sheets - Importer: ScriptedImporter/UnityEditor.QuickSearchModule:UnityEditor.Search:ASIAI0B
Importing 'GUID: 4aecb92fff08436c8303b10eab8da368 - Path: Assets/TextMesh Pro/Resources/Style Sheets - Importer: ScriptedImporter/UnityEditor.QuickSearchModule:UnityEditor.Search:ASIAI0B' with importer (ScriptedImporter : UnityEditor.QuickSearchModule:UnityEditor.Search:ASIAI0B)
Imported 'GUID: 4aecb92fff08436c8303b10eab8da368' -> (Import Result ID: 'f3318f8b21711c798bbe877a17ea41a7') in 0.007 seconds [static and dynamic dependencies]. Details - ImportResultOutputID=944a8b3b54adacd470da4c8c7caf2e5b DependenciesID=e34bb9ff2e71d2a47d3207413c5c1b63 StaticDependenciesID=2e897db9b57ede75ef17fd3c477c537d 
Number of updated asset objects reloaded before import = 0
Number of asset objects unloaded after import = 1
========================================================================
Received Import Request.
  Time of request: 2026-07-11T18:38:37.9908471Z
  Time since last request: 0.0006533 seconds.
  importAddress: GUID: ee82384af2bf5fb4792d71539549d94f - Path: Assets/Sistema de puntuacion/ScoreManager.cs - Importer: ScriptedImporter/UnityEditor.QuickSearchModule:UnityEditor.Search:ASIAI0B
Importing 'GUID: ee82384af2bf5fb4792d71539549d94f - Path: Assets/Sistema de puntuacion/ScoreManager.cs - Importer: ScriptedImporter/UnityEditor.QuickSearchModule:UnityEditor.Search:ASIAI0B' with importer (ScriptedImporter : UnityEditor.QuickSearchModule:UnityEditor.Search:ASIAI0B)
Imported 'GUID: ee82384af2bf5fb4792d71539549d94f' -> (Import Result ID: 'e37ed886887ffbe6564d476e2f163f12') in 0.007 seconds [static and dynamic dependencies]. Details - ImportResultOutputID=e4da65ff9072f0a117ad54b287243e54 DependenciesID=1ce9a8876e6cf8efc815ed4201d765e6 StaticDependenciesID=affec9dca85a5a2b6d3beea9b9bfb32d 
Number of updated asset objects reloaded before import = 0
Number of asset objects unloaded after import = 0
========================================================================
Received Import Request.
  Time of request: 2026-07-11T18:38:37.9989464Z
  Time since last request: 0.0009401 seconds.
  importAddress: GUID: 5dddb93bae82cdd48a5cd000a541a0ed - Path: Assets/Sistema de puntuacion/GameManager.prefab - Importer: ScriptedImporter/UnityEditor.QuickSearchModule:UnityEditor.Search:ASIAI0B
Importing 'GUID: 5dddb93bae82cdd48a5cd000a541a0ed - Path: Assets/Sistema de puntuacion/GameManager.prefab - Importer: ScriptedImporter/UnityEditor.QuickSearchModule:UnityEditor.Search:ASIAI0B' with importer (ScriptedImporter : UnityEditor.QuickSearchModule:UnityEditor.Search:ASIAI0B)
Imported 'GUID: 5dddb93bae82cdd48a5cd000a541a0ed' -> (Import Result ID: '72d34078908ba064ca8b5b3aa72c84a8') in 0.013 seconds [static and dynamic dependencies]. Details - ImportResultOutputID=ecf8093a70815e2e123188aa629a71e0 DependenciesID=41093a3ef1ab73cea6d6c52f085d6df6 StaticDependenciesID=b468e2edcb1f834780732f6fbca4bb7b 
Number of updated asset objects reloaded before import = 0
Number of asset objects unloaded after import = 6
========================================================================
Received Import Request.
  Time of request: 2026-07-11T18:38:38.0136671Z
  Time since last request: 0.0006796 seconds.
  importAddress: GUID: b7e3268df6e39e646adb7c9f802267df - Path: Assets/PrefabsObstaculos/HachaGiratoria.prefab - Importer: ScriptedImporter/UnityEditor.QuickSearchModule:UnityEditor.Search:ASIAI0B
Importing 'GUID: b7e3268df6e39e646adb7c9f802267df - Path: Assets/PrefabsObstaculos/HachaGiratoria.prefab - Importer: ScriptedImporter/UnityEditor.QuickSearchModule:UnityEditor.Search:ASIAI0B' with importer (ScriptedImporter : UnityEditor.QuickSearchModule:UnityEditor.Search:ASIAI0B)
Imported 'GUID: b7e3268df6e39e646adb7c9f802267df' -> (Import Result ID: 'df9a101b29a421f5a610072da496ae0e') in 0.018 seconds [static and dynamic dependencies]. Details - ImportResultOutputID=2c5e39a2ea44bf847975966269f424e6 DependenciesID=4d271609387ef346ec04f628ce114006 StaticDependenciesID=fa0706b47492fd4377cbe328b3b37308 
Number of updated asset objects reloaded before import = 0
Number of asset objects unloaded after import = 11
========================================================================
Received Import Request.
  Time of request: 2026-07-11T18:38:38.033643Z
  Time since last request: 0.0004589 seconds.
  importAddress: GUID: 7f097f71eabe08b4bb294f08e9b50ec5 - Path: Assets/Personaje 1/spritesheet - P1 Jorge +_3.controller - Importer: ScriptedImporter/UnityEditor.QuickSearchModule:UnityEditor.Search:ASIAI0B
Importing 'GUID: 7f097f71eabe08b4bb294f08e9b50ec5 - Path: Assets/Personaje 1/spritesheet - P1 Jorge +_3.controller - Importer: ScriptedImporter/UnityEditor.QuickSearchModule:UnityEditor.Search:ASIAI0B' with importer (ScriptedImporter : UnityEditor.QuickSearchModule:UnityEditor.Search:ASIAI0B)
Imported 'GUID: 7f097f71eabe08b4bb294f08e9b50ec5' -> (Import Result ID: '58ce01804126eacaa49687dcef81e41f') in 0.010 seconds [static and dynamic dependencies]. Details - ImportResultOutputID=842922b5d280cde4247b26afd10e8a9f DependenciesID=1088005654ae5ff36f53a9c0da1bd323 StaticDependenciesID=4da0e582568eb1d7f5c2ad9744cb2e36 
Number of updated asset objects reloaded before import = 0
Number of asset objects unloaded after import = 4
========================================================================
Received Import Request.
  Time of request: 2026-07-11T18:38:38.0446048Z
  Time since last request: 0.000403 seconds.
  importAddress: GUID: a16a58de9f219c2469fcb05759bbb4df - Path: Assets/PrefabsObstaculos/sierra_0.prefab - Importer: ScriptedImporter/UnityEditor.QuickSearchModule:UnityEditor.Search:ASIAI0B
Importing 'GUID: a16a58de9f219c2469fcb05759bbb4df - Path: Assets/PrefabsObstaculos/sierra_0.prefab - Importer: ScriptedImporter/UnityEditor.QuickSearchModule:UnityEditor.Search:ASIAI0B' with importer (ScriptedImporter : UnityEditor.QuickSearchModule:UnityEditor.Search:ASIAI0B)
Imported 'GUID: a16a58de9f219c2469fcb05759bbb4df' -> (Import Result ID: '230a4302d07fa309a533740202b05f33') in 0.020 seconds [static and dynamic dependencies]. Details - ImportResultOutputID=145c3ade59d04e7dd054ea238faead94 DependenciesID=7c1541449afffe0c1473d79693b23cde StaticDependenciesID=fe220c89fbedbbfa40ad5f8fd5402377 
Number of updated asset objects reloaded before import = 0
Number of asset objects unloaded after import = 11
========================================================================
Received Import Request.
  Time of request: 2026-07-11T18:38:38.0661381Z
  Time since last request: 0.0004596 seconds.
  importAddress: GUID: 731f1baa9d144a9897cb1d341c2092b8 - Path: Assets/TextMesh Pro/Resources/Fonts & Materials - Importer: ScriptedImporter/UnityEditor.QuickSearchModule:UnityEditor.Search:ASIAI0B
Importing 'GUID: 731f1baa9d144a9897cb1d341c2092b8 - Path: Assets/TextMesh Pro/Resources/Fonts & Materials - Importer: ScriptedImporter/UnityEditor.QuickSearchModule:UnityEditor.Search:ASIAI0B' with importer (ScriptedImporter : UnityEditor.QuickSearchModule:UnityEditor.Search:ASIAI0B)
Imported 'GUID: 731f1baa9d144a9897cb1d341c2092b8' -> (Import Result ID: '55adbfd9d90a1d6bda79cc179bef1c15') in 0.008 seconds [static and dynamic dependencies]. Details - ImportResultOutputID=05a0e4a88dd413e2c89dd3ff1cdc1398 DependenciesID=0f2c37f4aabe1abca36a72a1d0632d13 StaticDependenciesID=dcae9bcee80019f74110d2cc5fc24f4f 
Number of updated asset objects reloaded before import = 0
Number of asset objects unloaded after import = 1
========================================================================
Received Import Request.
  Time of request: 2026-07-11T18:38:38.0753992Z
  Time since last request: 0.0004484 seconds.
  importAddress: GUID: ca2ed216f98028c4dae6c5224a952b3c - Path: Assets/TextMesh Pro/Shaders/TMP_SDF-HDRP LIT.shadergraph - Importer: ScriptedImporter/UnityEditor.QuickSearchModule:UnityEditor.Search:ASIAI0B
Importing 'GUID: ca2ed216f98028c4dae6c5224a952b3c - Path: Assets/TextMesh Pro/Shaders/TMP_SDF-HDRP LIT.shadergraph - Importer: ScriptedImporter/UnityEditor.QuickSearchModule:UnityEditor.Search:ASIAI0B' with importer (ScriptedImporter : UnityEditor.QuickSearchModule:UnityEditor.Search:ASIAI0B)
Imported 'GUID: ca2ed216f98028c4dae6c5224a952b3c' -> (Import Result ID: 'dedd2b35580174a7ecf0a48176149cfb') in 0.006 seconds [static and dynamic dependencies]. Details - ImportResultOutputID=e45a1af02a82b61e71663f129bf5bb30 DependenciesID=b04490444e21568b3fa695f20ea63084 StaticDependenciesID=f535fd396364d9b4a623d5486dae0455 
Number of updated asset objects reloaded before import = 0
Number of asset objects unloaded after import = 1
========================================================================
Received Import Request.
  Time of request: 2026-07-11T18:38:38.082743Z
  Time since last request: 0.0005716 seconds.
  importAddress: GUID: 6d80ddc6e593cd64db0ab2136b82fe05 - Path: Assets/Nivel 1.unity - Importer: ScriptedImporter/UnityEditor.QuickSearchModule:UnityEditor.Search:ASIAI0B
Importing 'GUID: 6d80ddc6e593cd64db0ab2136b82fe05 - Path: Assets/Nivel 1.unity - Importer: ScriptedImporter/UnityEditor.QuickSearchModule:UnityEditor.Search:ASIAI0B' with importer (ScriptedImporter : UnityEditor.QuickSearchModule:UnityEditor.Search:ASIAI0B)
Imported 'GUID: 6d80ddc6e593cd64db0ab2136b82fe05' -> (Import Result ID: '1bfbe7c3bb36282ecd2278d15993c87e') in 0.010 seconds [static and dynamic dependencies]. Details - ImportResultOutputID=236845bd630d97940260584ea4a65539 DependenciesID=51f7ade214db2442897fe6e698913dce StaticDependenciesID=5735d96ecd8beb1fab6723e1acee83f1 
Number of updated asset objects reloaded before import = 0
Number of asset objects unloaded after import = 1
========================================================================
Received Import Request.
  Time of request: 2026-07-11T18:38:38.0944078Z
  Time since last request: 0.0006437 seconds.
  importAddress: GUID: cf81c85f95fe47e1a27f6ae460cf182c - Path: Assets/TextMesh Pro/Shaders/TMP_Sprite.shader - Importer: ScriptedImporter/UnityEditor.QuickSearchModule:UnityEditor.Search:ASIAI0B
Importing 'GUID: cf81c85f95fe47e1a27f6ae460cf182c - Path: Assets/TextMesh Pro/Shaders/TMP_Sprite.shader - Importer: ScriptedImporter/UnityEditor.QuickSearchModule:UnityEditor.Search:ASIAI0B' with importer (ScriptedImporter : UnityEditor.QuickSearchModule:UnityEditor.Search:ASIAI0B)
Imported 'GUID: cf81c85f95fe47e1a27f6ae460cf182c' -> (Import Result ID: 'c170fbf167bfca73c741621d90876ca6') in 0.010 seconds [static and dynamic dependencies]. Details - ImportResultOutputID=e5972b99d3fab568945087393be06e55 DependenciesID=a04e53a9d7550acc0901813a91fd2891 StaticDependenciesID=7e3cee7add473b6ef843554847c0d64e 
Number of updated asset objects reloaded before import = 0
Number of asset objects unloaded after import = 1
========================================================================
Received Import Request.
  Time of request: 2026-07-11T18:38:38.1058827Z
  Time since last request: 0.0007273 seconds.
  importAddress: GUID: e380d460a6826434db0aee0e06ee9eb8 - Path: Assets/3 PERSONAJES - Importer: ScriptedImporter/UnityEditor.QuickSearchModule:UnityEditor.Search:ASIAI0B
Importing 'GUID: e380d460a6826434db0aee0e06ee9eb8 - Path: Assets/3 PERSONAJES - Importer: ScriptedImporter/UnityEditor.QuickSearchModule:UnityEditor.Search:ASIAI0B' with importer (ScriptedImporter : UnityEditor.QuickSearchModule:UnityEditor.Search:ASIAI0B)
Imported 'GUID: e380d460a6826434db0aee0e06ee9eb8' -> (Import Result ID: '42f86df5d69c614e20e95876bdd8994c') in 0.009 seconds [static and dynamic dependencies]. Details - ImportResultOutputID=dbdb99b9b50ba2c48642b2a5d8fd3e98 DependenciesID=883ebf447dcc3d142bdf97a1ca2c52c4 StaticDependenciesID=8e78e9466a851a17761a16d23939fa71 
Number of updated asset objects reloaded before import = 0
Number of asset objects unloaded after import = 1
========================================================================
Received Import Request.
  Time of request: 2026-07-11T18:38:38.1163446Z
  Time since last request: 0.0007354 seconds.
  importAddress: GUID: 9f67f780e8948574790976d13afeabaf - Path: Assets/Fondos/FondoInfinito.prefab - Importer: ScriptedImporter/UnityEditor.QuickSearchModule:UnityEditor.Search:ASIAI0B
Importing 'GUID: 9f67f780e8948574790976d13afeabaf - Path: Assets/Fondos/FondoInfinito.prefab - Importer: ScriptedImporter/UnityEditor.QuickSearchModule:UnityEditor.Search:ASIAI0B' with importer (ScriptedImporter : UnityEditor.QuickSearchModule:UnityEditor.Search:ASIAI0B)
Imported 'GUID: 9f67f780e8948574790976d13afeabaf' -> (Import Result ID: '5c24214deeb88fc2a5550ff0cfb66ebf') in 0.031 seconds [static and dynamic dependencies]. Details - ImportResultOutputID=702d9b52c6ad2566be4972cf1520b6ce DependenciesID=f903532be6aa909e744665bb0aa8ad63 StaticDependenciesID=7f044e3dcd7f98ac26a57670d9b4c086 
Number of updated asset objects reloaded before import = 0
Number of asset objects unloaded after import = 11
========================================================================
Received Import Request.
  Time of request: 2026-07-11T18:38:38.149886Z
  Time since last request: 0.0009125 seconds.
  importAddress: GUID: 7e6967aafd5237e4e82250ee65303194 - Path: Assets/Personaje 1/spritesheet - P1 Jorge +_11.controller - Importer: ScriptedImporter/UnityEditor.QuickSearchModule:UnityEditor.Search:ASIAI0B
Importing 'GUID: 7e6967aafd5237e4e82250ee65303194 - Path: Assets/Personaje 1/spritesheet - P1 Jorge +_11.controller - Importer: ScriptedImporter/UnityEditor.QuickSearchModule:UnityEditor.Search:ASIAI0B' with importer (ScriptedImporter : UnityEditor.QuickSearchModule:UnityEditor.Search:ASIAI0B)
Imported 'GUID: 7e6967aafd5237e4e82250ee65303194' -> (Import Result ID: '08cafca419d8926b99192af9a3e38dd9') in 0.015 seconds [static and dynamic dependencies]. Details - ImportResultOutputID=7d971d4d9578de597b6a90506c4a97e1 DependenciesID=f95fba0f9f4e8c56afe594dedbf8bb79 StaticDependenciesID=d638b6edc2b7a8799b80e46effc41871 
Number of updated asset objects reloaded before import = 0
Number of asset objects unloaded after import = 4
========================================================================
Received Import Request.
  Time of request: 2026-07-11T18:38:38.1667154Z
  Time since last request: 0.0006024 seconds.
  importAddress: GUID: 407bc68d299748449bbf7f48ee690f8d - Path: Assets/TextMesh Pro/Shaders/TMPro.cginc - Importer: ScriptedImporter/UnityEditor.QuickSearchModule:UnityEditor.Search:ASIAI0B
Importing 'GUID: 407bc68d299748449bbf7f48ee690f8d - Path: Assets/TextMesh Pro/Shaders/TMPro.cginc - Importer: ScriptedImporter/UnityEditor.QuickSearchModule:UnityEditor.Search:ASIAI0B' with importer (ScriptedImporter : UnityEditor.QuickSearchModule:UnityEditor.Search:ASIAI0B)
Imported 'GUID: 407bc68d299748449bbf7f48ee690f8d' -> (Import Result ID: '2830dfebb7c34213db44edafe54dc16b') in 0.012 seconds [static and dynamic dependencies]. Details - ImportResultOutputID=3def8acb7874e54a2b87960cc53bb3ea DependenciesID=a7b57b333b90b7dde5b06a71dbd21979 StaticDependenciesID=148d5efd61bda9a4caa1c73db1ebcb6b 
Number of updated asset objects reloaded before import = 0
Number of asset objects unloaded after import = 1
========================================================================
Received Import Request.
  Time of request: 2026-07-11T18:38:38.1801786Z
  Time since last request: 0.000993 seconds.
  importAddress: GUID: 68e6db2ebdc24f95958faec2be5558d6 - Path: Assets/TextMesh Pro/Shaders/TMP_SDF.shader - Importer: ScriptedImporter/UnityEditor.QuickSearchModule:UnityEditor.Search:ASIAI0B
Importing 'GUID: 68e6db2ebdc24f95958faec2be5558d6 - Path: Assets/TextMesh Pro/Shaders/TMP_SDF.shader - Importer: ScriptedImporter/UnityEditor.QuickSearchModule:UnityEditor.Search:ASIAI0B' with importer (ScriptedImporter : UnityEditor.QuickSearchModule:UnityEditor.Search:ASIAI0B)
Imported 'GUID: 68e6db2ebdc24f95958faec2be5558d6' -> (Import Result ID: '37cee1d76a57459ec36845bbef040576') in 0.013 seconds [static and dynamic dependencies]. Details - ImportResultOutputID=b8d0792ed310f20ce92d1bdb74b7764d DependenciesID=08c00e020540c2a70c2f4cfbc89d31f8 StaticDependenciesID=076b904dcdbc3d1b9484129d40829c77 
Number of updated asset objects reloaded before import = 0
Number of asset objects unloaded after import = 1
========================================================================
Received Import Request.
  Time of request: 2026-07-11T18:38:38.1949205Z
  Time since last request: 0.0005638 seconds.
  importAddress: GUID: b2e487870b50d1f4a99b3219adc65065 - Path: Assets/Personaje 1/Jugador_damage.anim - Importer: ScriptedImporter/UnityEditor.QuickSearchModule:UnityEditor.Search:ASIAI0B
Importing 'GUID: b2e487870b50d1f4a99b3219adc65065 - Path: Assets/Personaje 1/Jugador_damage.anim - Importer: ScriptedImporter/UnityEditor.QuickSearchModule:UnityEditor.Search:ASIAI0B' with importer (ScriptedImporter : UnityEditor.QuickSearchModule:UnityEditor.Search:ASIAI0B)
Imported 'GUID: b2e487870b50d1f4a99b3219adc65065' -> (Import Result ID: 'd00aea77d56cc88af5ab63163afd2d23') in 0.011 seconds [static and dynamic dependencies]. Details - ImportResultOutputID=a22415fca4784b06eaf0682081ce9a06 DependenciesID=471f89154f4fe6aa979488d961ded234 StaticDependenciesID=064988fd6a249d5f82fbc8b22ceb5d56 
Number of updated asset objects reloaded before import = 0
Number of asset objects unloaded after import = 1
========================================================================
Received Import Request.
  Time of request: 2026-07-11T18:38:38.2070848Z
  Time since last request: 0.000597 seconds.
  importAddress: GUID: 3997e2241185407d80309a82f9148466 - Path: Assets/TextMesh Pro/Shaders/TMPro_Properties.cginc - Importer: ScriptedImporter/UnityEditor.QuickSearchModule:UnityEditor.Search:ASIAI0B
Importing 'GUID: 3997e2241185407d80309a82f9148466 - Path: Assets/TextMesh Pro/Shaders/TMPro_Properties.cginc - Importer: ScriptedImporter/UnityEditor.QuickSearchModule:UnityEditor.Search:ASIAI0B' with importer (ScriptedImporter : UnityEditor.QuickSearchModule:UnityEditor.Search:ASIAI0B)
Imported 'GUID: 3997e2241185407d80309a82f9148466' -> (Import Result ID: '081ea516f6f1535167e76388db8bd409') in 0.013 seconds [static and dynamic dependencies]. Details - ImportResultOutputID=28ec480008dc3b7aaba14234551ec4a2 DependenciesID=7e3f09f9ebf8c856691b8b51927f827c StaticDependenciesID=afda2fc38f4e6b63855cbcb407d2cd8d 
Number of updated asset objects reloaded before import = 0
Number of asset objects unloaded after import = 1
========================================================================
Received Import Request.
  Time of request: 2026-07-11T18:38:38.2221617Z
  Time since last request: 0.00098 seconds.
  importAddress: GUID: c334973cef89a9840b0b0c507e0377ab - Path: Assets/TextMesh Pro/Shaders/TMPro_Mobile.cginc - Importer: ScriptedImporter/UnityEditor.QuickSearchModule:UnityEditor.Search:ASIAI0B
Importing 'GUID: c334973cef89a9840b0b0c507e0377ab - Path: Assets/TextMesh Pro/Shaders/TMPro_Mobile.cginc - Importer: ScriptedImporter/UnityEditor.QuickSearchModule:UnityEditor.Search:ASIAI0B' with importer (ScriptedImporter : UnityEditor.QuickSearchModule:UnityEditor.Search:ASIAI0B)
Imported 'GUID: c334973cef89a9840b0b0c507e0377ab' -> (Import Result ID: 'a1a48278d8888b3102b9a283b4c52fce') in 0.011 seconds [static and dynamic dependencies]. Details - ImportResultOutputID=f42b47c754f3f6c0b0649905c5461298 DependenciesID=0715f3390eb3e72ebba28d8adcab6803 StaticDependenciesID=83f66337e67ed3d70085e8e2f01460b6 
Number of updated asset objects reloaded before import = 0
Number of asset objects unloaded after import = 1
========================================================================
Received Import Request.
  Time of request: 2026-07-11T18:38:38.2349672Z
  Time since last request: 0.0010495 seconds.
  importAddress: GUID: 78ad06cfa8df2c24694e0379ab114d97 - Path: Assets/Personaje 1/spritesheet - P1 Jorge +_0.controller - Importer: ScriptedImporter/UnityEditor.QuickSearchModule:UnityEditor.Search:ASIAI0B
Importing 'GUID: 78ad06cfa8df2c24694e0379ab114d97 - Path: Assets/Personaje 1/spritesheet - P1 Jorge +_0.controller - Importer: ScriptedImporter/UnityEditor.QuickSearchModule:UnityEditor.Search:ASIAI0B' with importer (ScriptedImporter : UnityEditor.QuickSearchModule:UnityEditor.Search:ASIAI0B)
Imported 'GUID: 78ad06cfa8df2c24694e0379ab114d97' -> (Import Result ID: 'c3329be665aab4f8829224ac8287759e') in 0.024 seconds [static and dynamic dependencies]. Details - ImportResultOutputID=5ed61425323c70e3b30882a6b8f72bba DependenciesID=755271dcd1b4f1e9bc1bbda370c5f0cf StaticDependenciesID=32239a253a35a1a3e9888201f7d5f631 
Number of updated asset objects reloaded before import = 0
Number of asset objects unloaded after import = 3
========================================================================
Received Import Request.
  Time of request: 2026-07-11T18:38:38.2613384Z
  Time since last request: 0.0010525 seconds.
  importAddress: GUID: 8f586378b4e144a9851e7b34d9b748ee - Path: Assets/TextMesh Pro/Resources/Fonts & Materials/LiberationSans SDF.asset - Importer: ScriptedImporter/UnityEditor.QuickSearchModule:UnityEditor.Search:ASIAI0B
Importing 'GUID: 8f586378b4e144a9851e7b34d9b748ee - Path: Assets/TextMesh Pro/Resources/Fonts & Materials/LiberationSans SDF.asset - Importer: ScriptedImporter/UnityEditor.QuickSearchModule:UnityEditor.Search:ASIAI0B' with importer (ScriptedImporter : UnityEditor.QuickSearchModule:UnityEditor.Search:ASIAI0B)
Imported 'GUID: 8f586378b4e144a9851e7b34d9b748ee' -> (Import Result ID: '0134fa1fc578cbfb47ea1e2a98af4a6e') in 0.211 seconds [static and dynamic dependencies]. Details - ImportResultOutputID=e5e1daa484578c9a50d727e01dde7a96 DependenciesID=21490dafeda5d17128b955d735d0bfce StaticDependenciesID=f6363b0cef5d62285c7bbc036a950b4a 
Number of updated asset objects reloaded before import = 0
Number of asset objects unloaded after import = 8
========================================================================
Received Import Request.
  Time of request: 2026-07-11T18:38:38.4734223Z
  Time since last request: 0.0004679 seconds.
  importAddress: GUID: 6e59c59b81ab47f9b6ec5781fa725d2c - Path: Assets/TextMesh Pro/Fonts/LiberationSans - OFL.txt - Importer: ScriptedImporter/UnityEditor.QuickSearchModule:UnityEditor.Search:ASIAI0B
Importing 'GUID: 6e59c59b81ab47f9b6ec5781fa725d2c - Path: Assets/TextMesh Pro/Fonts/LiberationSans - OFL.txt - Importer: ScriptedImporter/UnityEditor.QuickSearchModule:UnityEditor.Search:ASIAI0B' with importer (ScriptedImporter : UnityEditor.QuickSearchModule:UnityEditor.Search:ASIAI0B)
Imported 'GUID: 6e59c59b81ab47f9b6ec5781fa725d2c' -> (Import Result ID: 'ab72d4ac552aae547eb22c939c00e811') in 0.008 seconds [static and dynamic dependencies]. Details - ImportResultOutputID=57ed10996039d636c304eaacdc7e335f DependenciesID=7a8844870ebcefa9612c051fa416f989 StaticDependenciesID=2b8296175b331301f369d64d0c1d5891 
Number of updated asset objects reloaded before import = 0
Number of asset objects unloaded after import = 1
========================================================================
Received Import Request.
  Time of request: 2026-07-11T18:38:38.4836441Z
  Time since last request: 0.0008745 seconds.
  importAddress: GUID: 47163464d0cc6ae47ae340d50f96199b - Path: Assets/Personaje 1/spritesheet - P1 Jorge +.png - Importer: ScriptedImporter/UnityEditor.QuickSearchModule:UnityEditor.Search:ASIAI0B
Importing 'GUID: 47163464d0cc6ae47ae340d50f96199b - Path: Assets/Personaje 1/spritesheet - P1 Jorge +.png - Importer: ScriptedImporter/UnityEditor.QuickSearchModule:UnityEditor.Search:ASIAI0B' with importer (ScriptedImporter : UnityEditor.QuickSearchModule:UnityEditor.Search:ASIAI0B)
Imported 'GUID: 47163464d0cc6ae47ae340d50f96199b' -> (Import Result ID: '8bf70c00941129dfd61d403cbb32c2ed') in 0.056 seconds [static and dynamic dependencies]. Details - ImportResultOutputID=46cb01d0496aab7865de8ea53c7ece15 DependenciesID=bf332051e683edc2e85b907573f94232 StaticDependenciesID=2b62542a48247de669588c2f961bea4a 
Number of updated asset objects reloaded before import = 0
Number of asset objects unloaded after import = 30
========================================================================
Received Import Request.
  Time of request: 2026-07-11T18:38:38.5410876Z
  Time since last request: 0.0001194 seconds.
  importAddress: GUID: a6ceef44ff97b074e9be789ef54db1c7 - Path: Assets/Sistema de puntuacion/ScorePorTiempo.cs - Importer: ScriptedImporter/UnityEditor.QuickSearchModule:UnityEditor.Search:ASIAI0B
Importing 'GUID: a6ceef44ff97b074e9be789ef54db1c7 - Path: Assets/Sistema de puntuacion/ScorePorTiempo.cs - Importer: ScriptedImporter/UnityEditor.QuickSearchModule:UnityEditor.Search:ASIAI0B' with importer (ScriptedImporter : UnityEditor.QuickSearchModule:UnityEditor.Search:ASIAI0B)
Imported 'GUID: a6ceef44ff97b074e9be789ef54db1c7' -> (Import Result ID: 'c4fdbb811cc67448650b1e60b0701b18') in 0.009 seconds [static and dynamic dependencies]. Details - ImportResultOutputID=3bb83861b722aa03ece559dedcc1a69a DependenciesID=66c539668250c8b433801cef4c3dfed1 StaticDependenciesID=b8c4f11205d3a6fab5c80b6d045fb142 
Number of updated asset objects reloaded before import = 0
Number of asset objects unloaded after import = 0
========================================================================
Received Import Request.
  Time of request: 2026-07-11T18:38:38.5519605Z
  Time since last request: 0.000958 seconds.
  importAddress: GUID: c8d12adcee749c344b8117cf7c7eb912 - Path: Assets/TextMesh Pro/Shaders/TMP_SDF-Mobile SSD.shader - Importer: ScriptedImporter/UnityEditor.QuickSearchModule:UnityEditor.Search:ASIAI0B
Importing 'GUID: c8d12adcee749c344b8117cf7c7eb912 - Path: Assets/TextMesh Pro/Shaders/TMP_SDF-Mobile SSD.shader - Importer: ScriptedImporter/UnityEditor.QuickSearchModule:UnityEditor.Search:ASIAI0B' with importer (ScriptedImporter : UnityEditor.QuickSearchModule:UnityEditor.Search:ASIAI0B)
Imported 'GUID: c8d12adcee749c344b8117cf7c7eb912' -> (Import Result ID: 'e69c7a9a0e6c4c9684a3f5981b2c9be2') in 0.010 seconds [static and dynamic dependencies]. Details - ImportResultOutputID=043e3024146890c3c56164ad919daf7f DependenciesID=c8896628299780f62d201401fbbc47d7 StaticDependenciesID=0f4921562b61fab98b870224a254f957 
Number of updated asset objects reloaded before import = 0
Number of asset objects unloaded after import = 1
========================================================================
Received Import Request.
  Time of request: 2026-07-11T18:38:38.5635166Z
  Time since last request: 0.0002683 seconds.
  importAddress: GUID: 7db2abc881e908640aa02b5f1b47a65f - Path: Assets/Suelos/Suelo (1).prefab - Importer: ScriptedImporter/UnityEditor.QuickSearchModule:UnityEditor.Search:ASIAI0B
Importing 'GUID: 7db2abc881e908640aa02b5f1b47a65f - Path: Assets/Suelos/Suelo (1).prefab - Importer: ScriptedImporter/UnityEditor.QuickSearchModule:UnityEditor.Search:ASIAI0B' with importer (ScriptedImporter : UnityEditor.QuickSearchModule:UnityEditor.Search:ASIAI0B)
Imported 'GUID: 7db2abc881e908640aa02b5f1b47a65f' -> (Import Result ID: '089fc0064cb5aed265abe32c1bfe0044') in 0.020 seconds [static and dynamic dependencies]. Details - ImportResultOutputID=1261ae51990ba5925f016a76b885dc6d DependenciesID=85bab37f74f75d916fa8ab32520e9756 StaticDependenciesID=5a84a7cceba6726fd2c3a5b3eed4c3d7 
Number of updated asset objects reloaded before import = 0
Number of asset objects unloaded after import = 9
========================================================================
Received Import Request.
  Time of request: 2026-07-11T18:38:38.584846Z
  Time since last request: 0.0000452 seconds.
  importAddress: GUID: 4aae5b6916695f043a5d1e091eb793fb - Path: Assets/PrefabsObstaculos/Tronco_0.prefab - Importer: ScriptedImporter/UnityEditor.QuickSearchModule:UnityEditor.Search:ASIAI0B
Importing 'GUID: 4aae5b6916695f043a5d1e091eb793fb - Path: Assets/PrefabsObstaculos/Tronco_0.prefab - Importer: ScriptedImporter/UnityEditor.QuickSearchModule:UnityEditor.Search:ASIAI0B' with importer (ScriptedImporter : UnityEditor.QuickSearchModule:UnityEditor.Search:ASIAI0B)
Imported 'GUID: 4aae5b6916695f043a5d1e091eb793fb' -> (Import Result ID: 'a52df8839d603dfc46aff54c038d5ea4') in 0.025 seconds [static and dynamic dependencies]. Details - ImportResultOutputID=073bac2caea7cc6d1bb00e75e41f2a3e DependenciesID=3fd8091cb94d537ce1a2927b51416f7a StaticDependenciesID=05dae6b5731ebb16bd37bdf988855c70 
Number of updated asset objects reloaded before import = 0
Number of asset objects unloaded after import = 10
========================================================================
Received Import Request.
  Time of request: 2026-07-11T18:38:38.6119089Z
  Time since last request: 0.0006879 seconds.
  importAddress: GUID: c8931dbf3b4b68c4f85d49d3493007fc - Path: Assets/Personaje 1/Jugador_Run.anim - Importer: ScriptedImporter/UnityEditor.QuickSearchModule:UnityEditor.Search:ASIAI0B
Importing 'GUID: c8931dbf3b4b68c4f85d49d3493007fc - Path: Assets/Personaje 1/Jugador_Run.anim - Importer: ScriptedImporter/UnityEditor.QuickSearchModule:UnityEditor.Search:ASIAI0B' with importer (ScriptedImporter : UnityEditor.QuickSearchModule:UnityEditor.Search:ASIAI0B)
Imported 'GUID: c8931dbf3b4b68c4f85d49d3493007fc' -> (Import Result ID: 'e2d6ef9bbeb905a74529dcd2c81d21a9') in 0.011 seconds [static and dynamic dependencies]. Details - ImportResultOutputID=6e32a39c9248840f6a9ac2a2ab6226ea DependenciesID=6191fecc5413467aa61b867d230cc6ec StaticDependenciesID=a792e19fb46ceb69ec05d45d0a0ef761 
Number of updated asset objects reloaded before import = 0
Number of asset objects unloaded after import = 1
========================================================================
Received Import Request.
  Time of request: 2026-07-11T18:38:38.6242111Z
  Time since last request: 0.0007369 seconds.
  importAddress: GUID: 2749e00524edd9d43a0961654955b704 - Path: Assets/PrefabsObstaculos/puas_0.prefab - Importer: ScriptedImporter/UnityEditor.QuickSearchModule:UnityEditor.Search:ASIAI0B
Importing 'GUID: 2749e00524edd9d43a0961654955b704 - Path: Assets/PrefabsObstaculos/puas_0.prefab - Importer: ScriptedImporter/UnityEditor.QuickSearchModule:UnityEditor.Search:ASIAI0B' with importer (ScriptedImporter : UnityEditor.QuickSearchModule:UnityEditor.Search:ASIAI0B)
Imported 'GUID: 2749e00524edd9d43a0961654955b704' -> (Import Result ID: '055de85ef82a2d59876ed42ad2d2ff09') in 0.028 seconds [static and dynamic dependencies]. Details - ImportResultOutputID=8f19dbdd250e2a3fc4c050c97e869618 DependenciesID=0010c49d41f4ae44d73b10ee78d65e4a StaticDependenciesID=580a677acf23bc64ef06566f36ec61e1 
Number of updated asset objects reloaded before import = 0
Number of asset objects unloaded after import = 11
========================================================================
Received Import Request.
  Time of request: 2026-07-11T18:38:38.6543379Z
  Time since last request: 0.000623 seconds.
  importAddress: GUID: e9f693669af91aa45ad615fc681ed29f - Path: Assets/TextMesh Pro/Shaders - Importer: ScriptedImporter/UnityEditor.QuickSearchModule:UnityEditor.Search:ASIAI0B
Importing 'GUID: e9f693669af91aa45ad615fc681ed29f - Path: Assets/TextMesh Pro/Shaders - Importer: ScriptedImporter/UnityEditor.QuickSearchModule:UnityEditor.Search:ASIAI0B' with importer (ScriptedImporter : UnityEditor.QuickSearchModule:UnityEditor.Search:ASIAI0B)
Imported 'GUID: e9f693669af91aa45ad615fc681ed29f' -> (Import Result ID: 'f2af2b0428dadade2be65ae72d6196a0') in 0.007 seconds [static and dynamic dependencies]. Details - ImportResultOutputID=c60d6e7068b791b29cc2e1606a22a8d3 DependenciesID=689693c0b696d2ce2bf72cf96572d8f9 StaticDependenciesID=8dea7c9ffada969723a3c9934e16ccb1 
Number of updated asset objects reloaded before import = 0
Number of asset objects unloaded after import = 1
========================================================================
Received Import Request.
  Time of request: 2026-07-11T18:38:38.6622734Z
  Time since last request: 0.0005695 seconds.
  importAddress: GUID: 6967c4aef5b01b64794d0716efa1d81c - Path: Assets/Scripts/ObstaculoDanino.cs - Importer: ScriptedImporter/UnityEditor.QuickSearchModule:UnityEditor.Search:ASIAI0B
Importing 'GUID: 6967c4aef5b01b64794d0716efa1d81c - Path: Assets/Scripts/ObstaculoDanino.cs - Importer: ScriptedImporter/UnityEditor.QuickSearchModule:UnityEditor.Search:ASIAI0B' with importer (ScriptedImporter : UnityEditor.QuickSearchModule:UnityEditor.Search:ASIAI0B)
Imported 'GUID: 6967c4aef5b01b64794d0716efa1d81c' -> (Import Result ID: 'd0710b3f9591c9c628d7850ee3cfcaac') in 0.009 seconds [static and dynamic dependencies]. Details - ImportResultOutputID=cf8690d70dede7a654170ebae9648299 DependenciesID=7ca6a951e21fec48e1a82a7261b5b789 StaticDependenciesID=045460ebd716513423a071c2625391e4 
Number of updated asset objects reloaded before import = 0
Number of asset objects unloaded after import = 0
========================================================================
Received Import Request.
  Time of request: 2026-07-11T18:38:38.6730788Z
  Time since last request: 0.0006239 seconds.
  importAddress: GUID: f952c082cb03451daed3ee968ac6c63e - Path: Assets/TextMesh Pro/Resources/Style Sheets/Default Style Sheet.asset - Importer: ScriptedImporter/UnityEditor.QuickSearchModule:UnityEditor.Search:ASIAI0B
Importing 'GUID: f952c082cb03451daed3ee968ac6c63e - Path: Assets/TextMesh Pro/Resources/Style Sheets/Default Style Sheet.asset - Importer: ScriptedImporter/UnityEditor.QuickSearchModule:UnityEditor.Search:ASIAI0B' with importer (ScriptedImporter : UnityEditor.QuickSearchModule:UnityEditor.Search:ASIAI0B)
Imported 'GUID: f952c082cb03451daed3ee968ac6c63e' -> (Import Result ID: '89be97de607212c30cbfb69a97bb36bb') in 0.016 seconds [static and dynamic dependencies]. Details - ImportResultOutputID=f7d56085ceac4977dd093c8bdc5fc825 DependenciesID=374fb8f8544f0f9e6e16d0cb636ef67f StaticDependenciesID=5d01cdd6d326260b2fc1c0ee3914cdcf 
Number of updated asset objects reloaded before import = 0
Number of asset objects unloaded after import = 1
========================================================================
Received Import Request.
  Time of request: 2026-07-11T18:38:38.6902044Z
  Time since last request: 0.0006937 seconds.
  importAddress: GUID: 2e498d1c8094910479dc3e1b768306a4 - Path: Assets/TextMesh Pro/Resources/Fonts & Materials/LiberationSans SDF - Fallback.asset - Importer: ScriptedImporter/UnityEditor.QuickSearchModule:UnityEditor.Search:ASIAI0B
Importing 'GUID: 2e498d1c8094910479dc3e1b768306a4 - Path: Assets/TextMesh Pro/Resources/Fonts & Materials/LiberationSans SDF - Fallback.asset - Importer: ScriptedImporter/UnityEditor.QuickSearchModule:UnityEditor.Search:ASIAI0B' with importer (ScriptedImporter : UnityEditor.QuickSearchModule:UnityEditor.Search:ASIAI0B)
Imported 'GUID: 2e498d1c8094910479dc3e1b768306a4' -> (Import Result ID: '0150c67ae0724ab662b213e92a0bc31a') in 0.025 seconds [static and dynamic dependencies]. Details - ImportResultOutputID=1579919e25c532000e96752a9514c645 DependenciesID=3a43617dc7f2903d4c08cd472e9d3793 StaticDependenciesID=1badbba6de2588360b6664a1facdaaa0 
Number of updated asset objects reloaded before import = 0
Number of asset objects unloaded after import = 5
========================================================================
Received Import Request.
  Time of request: 2026-07-11T18:38:38.7167115Z
  Time since last request: 0.0006887 seconds.
  importAddress: GUID: f54d1bd14bd3ca042bd867b519fee8cc - Path: Assets/TextMesh Pro - Importer: ScriptedImporter/UnityEditor.QuickSearchModule:UnityEditor.Search:ASIAI0B
Importing 'GUID: f54d1bd14bd3ca042bd867b519fee8cc - Path: Assets/TextMesh Pro - Importer: ScriptedImporter/UnityEditor.QuickSearchModule:UnityEditor.Search:ASIAI0B' with importer (ScriptedImporter : UnityEditor.QuickSearchModule:UnityEditor.Search:ASIAI0B)
Imported 'GUID: f54d1bd14bd3ca042bd867b519fee8cc' -> (Import Result ID: '2b04831f4dafa4f2c99d3aa21a247728') in 0.011 seconds [static and dynamic dependencies]. Details - ImportResultOutputID=d192643d1935767b8722d07125513c46 DependenciesID=698c647ce2e043fe1222595cda6ec753 StaticDependenciesID=f58d58afb901585f254f938dd35ecc9a 
Number of updated asset objects reloaded before import = 0
Number of asset objects unloaded after import = 1
========================================================================
Received Import Request.
  Time of request: 2026-07-11T18:38:38.7304227Z
  Time since last request: 0.0011017 seconds.
  importAddress: GUID: f7ada0af4f174f0694ca6a487b8f543d - Path: Assets/TextMesh Pro/Shaders/TMP_SDF-Surface.shader - Importer: ScriptedImporter/UnityEditor.QuickSearchModule:UnityEditor.Search:ASIAI0B
Importing 'GUID: f7ada0af4f174f0694ca6a487b8f543d - Path: Assets/TextMesh Pro/Shaders/TMP_SDF-Surface.shader - Importer: ScriptedImporter/UnityEditor.QuickSearchModule:UnityEditor.Search:ASIAI0B' with importer (ScriptedImporter : UnityEditor.QuickSearchModule:UnityEditor.Search:ASIAI0B)
Imported 'GUID: f7ada0af4f174f0694ca6a487b8f543d' -> (Import Result ID: '7b48533628375dd726e54d630199a365') in 0.010 seconds [static and dynamic dependencies]. Details - ImportResultOutputID=7b4e407993ef61f5282a8d767bd78ae2 DependenciesID=433af20765494ef1ae9e643976dcf706 StaticDependenciesID=e8dab8fe310e4585891dd187a64ebb83 
Number of updated asset objects reloaded before import = 0
Number of asset objects unloaded after import = 1
========================================================================
Received Import Request.
  Time of request: 2026-07-11T18:38:38.7418415Z
  Time since last request: 0.0000333 seconds.
  importAddress: GUID: 3d59ad6cc35022341ba44ddb16c28116 - Path: Assets/Personaje 1/spritesheet - P1 Jorge +_0 1.controller - Importer: ScriptedImporter/UnityEditor.QuickSearchModule:UnityEditor.Search:ASIAI0B
Importing 'GUID: 3d59ad6cc35022341ba44ddb16c28116 - Path: Assets/Personaje 1/spritesheet - P1 Jorge +_0 1.controller - Importer: ScriptedImporter/UnityEditor.QuickSearchModule:UnityEditor.Search:ASIAI0B' with importer (ScriptedImporter : UnityEditor.QuickSearchModule:UnityEditor.Search:ASIAI0B)
Imported 'GUID: 3d59ad6cc35022341ba44ddb16c28116' -> (Import Result ID: '96acee868eab0056a3a4fb8910f66a16') in 0.016 seconds [static and dynamic dependencies]. Details - ImportResultOutputID=39cfe876b809ebd8658b24a4460b8e19 DependenciesID=b900466d81fec6ffda6b381c377681e9 StaticDependenciesID=ae88979d621aa6337333ffca415c36e8 
Number of updated asset objects reloaded before import = 0
Number of asset objects unloaded after import = 24
========================================================================
Received Import Request.
  Time of request: 2026-07-11T18:38:38.7592363Z
  Time since last request: 0.0004797 seconds.
  importAddress: GUID: cf64f34d3fcb83840b260dbe95bcc1f5 - Path: Assets/PrefabsObstaculos/troncopuas_0.prefab - Importer: ScriptedImporter/UnityEditor.QuickSearchModule:UnityEditor.Search:ASIAI0B
Importing 'GUID: cf64f34d3fcb83840b260dbe95bcc1f5 - Path: Assets/PrefabsObstaculos/troncopuas_0.prefab - Importer: ScriptedImporter/UnityEditor.QuickSearchModule:UnityEditor.Search:ASIAI0B' with importer (ScriptedImporter : UnityEditor.QuickSearchModule:UnityEditor.Search:ASIAI0B)
Imported 'GUID: cf64f34d3fcb83840b260dbe95bcc1f5' -> (Import Result ID: 'b2d1664598b707647503dea9539e801c') in 0.028 seconds [static and dynamic dependencies]. Details - ImportResultOutputID=281596fe232c4b5e45efdd271effe4fc DependenciesID=a2503b8706cbe7017cb8e956228ff83e StaticDependenciesID=cc11c3475378ace58be3f4a4fab8e1f4 
Number of updated asset objects reloaded before import = 0
Number of asset objects unloaded after import = 11
========================================================================
Received Import Request.
  Time of request: 2026-07-11T18:38:38.7892528Z
  Time since last request: 0.0004895 seconds.
  importAddress: GUID: d930090c0cd643c7b55f19a38538c162 - Path: Assets/TextMesh Pro/Shaders/TMPro_Surface.cginc - Importer: ScriptedImporter/UnityEditor.QuickSearchModule:UnityEditor.Search:ASIAI0B
Importing 'GUID: d930090c0cd643c7b55f19a38538c162 - Path: Assets/TextMesh Pro/Shaders/TMPro_Surface.cginc - Importer: ScriptedImporter/UnityEditor.QuickSearchModule:UnityEditor.Search:ASIAI0B' with importer (ScriptedImporter : UnityEditor.QuickSearchModule:UnityEditor.Search:ASIAI0B)
Imported 'GUID: d930090c0cd643c7b55f19a38538c162' -> (Import Result ID: '7cca6bd128e6dc22e4aba684887477c8') in 0.009 seconds [static and dynamic dependencies]. Details - ImportResultOutputID=0f679a8f402085d0689133b7a5916880 DependenciesID=7c20a1396d1e8490488b3d2191596961 StaticDependenciesID=fb2fa45e226f570427709105bc6b2206 
Number of updated asset objects reloaded before import = 0
Number of asset objects unloaded after import = 1
========================================================================
Received Import Request.
  Time of request: 2026-07-11T18:38:38.8003975Z
  Time since last request: 0.0002901 seconds.
  importAddress: GUID: bbbf1e58c575ec74a9dc8381bcd2bd23 - Path: Assets/Suelos/Suelo.prefab - Importer: ScriptedImporter/UnityEditor.QuickSearchModule:UnityEditor.Search:ASIAI0B
Importing 'GUID: bbbf1e58c575ec74a9dc8381bcd2bd23 - Path: Assets/Suelos/Suelo.prefab - Importer: ScriptedImporter/UnityEditor.QuickSearchModule:UnityEditor.Search:ASIAI0B' with importer (ScriptedImporter : UnityEditor.QuickSearchModule:UnityEditor.Search:ASIAI0B)
Imported 'GUID: bbbf1e58c575ec74a9dc8381bcd2bd23' -> (Import Result ID: '9459929af56f0ad09e013bbdc08954f2') in 0.027 seconds [static and dynamic dependencies]. Details - ImportResultOutputID=f06a1f01c4522f8d08c15cc20efa44ef DependenciesID=4dd851dbcffa70a4b15fdf7c65f6aa30 StaticDependenciesID=03c61567d230670f1e1f00071175e849 
Number of updated asset objects reloaded before import = 0
Number of asset objects unloaded after import = 9
========================================================================
Received Import Request.
  Time of request: 2026-07-11T18:38:38.830256Z
  Time since last request: 0.0000747 seconds.
  importAddress: GUID: fe393ace9b354375a9cb14cdbbc28be4 - Path: Assets/TextMesh Pro/Shaders/TMP_SDF-Mobile.shader - Importer: ScriptedImporter/UnityEditor.QuickSearchModule:UnityEditor.Search:ASIAI0B
Importing 'GUID: fe393ace9b354375a9cb14cdbbc28be4 - Path: Assets/TextMesh Pro/Shaders/TMP_SDF-Mobile.shader - Importer: ScriptedImporter/UnityEditor.QuickSearchModule:UnityEditor.Search:ASIAI0B' with importer (ScriptedImporter : UnityEditor.QuickSearchModule:UnityEditor.Search:ASIAI0B)
Imported 'GUID: fe393ace9b354375a9cb14cdbbc28be4' -> (Import Result ID: '380b398512ec2e3b09168e6b1e62dafb') in 0.014 seconds [static and dynamic dependencies]. Details - ImportResultOutputID=23dde1bb8f0f546c22c095460b339180 DependenciesID=303410066343cbb145d73c7fe3c507a2 StaticDependenciesID=b7628abb8e9cec1579849da6fb77c441 
Number of updated asset objects reloaded before import = 0
Number of asset objects unloaded after import = 1
========================================================================
Received Import Request.
  Time of request: 2026-07-11T18:38:38.8464749Z
  Time since last request: 0.0008133 seconds.
  importAddress: GUID: 6ab70aee4d56447429c680537fbf93ed - Path: Assets/TextMesh Pro/Fonts - Importer: ScriptedImporter/UnityEditor.QuickSearchModule:UnityEditor.Search:ASIAI0B
Importing 'GUID: 6ab70aee4d56447429c680537fbf93ed - Path: Assets/TextMesh Pro/Fonts - Importer: ScriptedImporter/UnityEditor.QuickSearchModule:UnityEditor.Search:ASIAI0B' with importer (ScriptedImporter : UnityEditor.QuickSearchModule:UnityEditor.Search:ASIAI0B)
Imported 'GUID: 6ab70aee4d56447429c680537fbf93ed' -> (Import Result ID: 'e69512ed63c61ff7f313dd6094f0b5a7') in 0.013 seconds [static and dynamic dependencies]. Details - ImportResultOutputID=592dd827555ca219ddfd23af5a6ed56d DependenciesID=b7770bddf692406167e06f26f2bd981c StaticDependenciesID=95f55f6a1df7de79a9bfd1ab3a9e95fb 
Number of updated asset objects reloaded before import = 0
Number of asset objects unloaded after import = 1
========================================================================
Received Import Request.
  Time of request: 2026-07-11T18:38:38.8606074Z
  Time since last request: 0.000607 seconds.
  importAddress: GUID: b9fe26ed8fbda6749ad18eda195e1cc9 - Path: Assets/Obstacle - Importer: ScriptedImporter/UnityEditor.QuickSearchModule:UnityEditor.Search:ASIAI0B
Importing 'GUID: b9fe26ed8fbda6749ad18eda195e1cc9 - Path: Assets/Obstacle - Importer: ScriptedImporter/UnityEditor.QuickSearchModule:UnityEditor.Search:ASIAI0B' with importer (ScriptedImporter : UnityEditor.QuickSearchModule:UnityEditor.Search:ASIAI0B)
Imported 'GUID: b9fe26ed8fbda6749ad18eda195e1cc9' -> (Import Result ID: '56c3a81771648e7889e1abba08aa85c2') in 0.012 seconds [static and dynamic dependencies]. Details - ImportResultOutputID=a47ffcd56844b7661a8f5b4dcc552c78 DependenciesID=107b1c48d2c82ff372a71e8c642c92c0 StaticDependenciesID=18450fa309434c9e9037fc659de87bee 
Number of updated asset objects reloaded before import = 0
Number of asset objects unloaded after import = 1
========================================================================
Received Import Request.
  Time of request: 2026-07-11T18:38:38.8742003Z
  Time since last request: 0.0009775 seconds.
  importAddress: GUID: 14eb328de4b8eb245bb7cea29e4ac00b - Path: Assets/TextMesh Pro/Shaders/TMP_SDF SSD.shader - Importer: ScriptedImporter/UnityEditor.QuickSearchModule:UnityEditor.Search:ASIAI0B
Importing 'GUID: 14eb328de4b8eb245bb7cea29e4ac00b - Path: Assets/TextMesh Pro/Shaders/TMP_SDF SSD.shader - Importer: ScriptedImporter/UnityEditor.QuickSearchModule:UnityEditor.Search:ASIAI0B' with importer (ScriptedImporter : UnityEditor.QuickSearchModule:UnityEditor.Search:ASIAI0B)
Imported 'GUID: 14eb328de4b8eb245bb7cea29e4ac00b' -> (Import Result ID: '425ea213b3191a1575d95718a0e3b7e7') in 0.015 seconds [static and dynamic dependencies]. Details - ImportResultOutputID=0ab10c5826f53ac5aa694daa2d757ff2 DependenciesID=d82677c98680ed5a540dc02aa23db212 StaticDependenciesID=c9b40b85c22091c05b625d09a5daa650 
Number of updated asset objects reloaded before import = 0
Number of asset objects unloaded after import = 1
========================================================================
Received Import Request.
  Time of request: 2026-07-11T18:38:38.8917984Z
  Time since last request: 0.0009047 seconds.
  importAddress: GUID: 128e987d567d4e2c824d754223b3f3b0 - Path: Assets/TextMesh Pro/Shaders/TMP_Bitmap.shader - Importer: ScriptedImporter/UnityEditor.QuickSearchModule:UnityEditor.Search:ASIAI0B
Importing 'GUID: 128e987d567d4e2c824d754223b3f3b0 - Path: Assets/TextMesh Pro/Shaders/TMP_Bitmap.shader - Importer: ScriptedImporter/UnityEditor.QuickSearchModule:UnityEditor.Search:ASIAI0B' with importer (ScriptedImporter : UnityEditor.QuickSearchModule:UnityEditor.Search:ASIAI0B)
Imported 'GUID: 128e987d567d4e2c824d754223b3f3b0' -> (Import Result ID: '661a02582ddf1c6f40c68a31379e4083') in 0.024 seconds [static and dynamic dependencies]. Details - ImportResultOutputID=2ba5eb51d298055f2a359a33e5bc3ac4 DependenciesID=0cdf50d7cfab12b766f3a0ae936668f5 StaticDependenciesID=6afa4a8080a398e4cd8aaa47316312fb 
Number of updated asset objects reloaded before import = 0
Number of asset objects unloaded after import = 1
========================================================================
Received Import Request.
  Time of request: 2026-07-11T18:38:38.9216333Z
  Time since last request: 0.0000794 seconds.
  importAddress: GUID: 51949bb2a36f79847bd94838d7b74ee1 - Path: Assets/Scripts/SueloInfinito.cs - Importer: ScriptedImporter/UnityEditor.QuickSearchModule:UnityEditor.Search:ASIAI0B
Importing 'GUID: 51949bb2a36f79847bd94838d7b74ee1 - Path: Assets/Scripts/SueloInfinito.cs - Importer: ScriptedImporter/UnityEditor.QuickSearchModule:UnityEditor.Search:ASIAI0B' with importer (ScriptedImporter : UnityEditor.QuickSearchModule:UnityEditor.Search:ASIAI0B)
Imported 'GUID: 51949bb2a36f79847bd94838d7b74ee1' -> (Import Result ID: 'f4a4c78a235631110bdef61c2d71edd8') in 0.034 seconds [static and dynamic dependencies]. Details - ImportResultOutputID=60f75fa56bc8fbc0c8093f5d34bd11e3 DependenciesID=2016880e00ddda691ad8b96496c18a9b StaticDependenciesID=a775dfad767cb2976bf2dcf5573563df 
Number of updated asset objects reloaded before import = 0
Number of asset objects unloaded after import = 0
========================================================================
Received Import Request.
  Time of request: 2026-07-11T18:38:38.9600038Z
  Time since last request: 0.0010041 seconds.
  importAddress: GUID: b0f1bd0007e15e44e828a9c79c563f19 - Path: Assets/PrefabsObstaculos/SpawnerObstaculos.prefab - Importer: ScriptedImporter/UnityEditor.QuickSearchModule:UnityEditor.Search:ASIAI0B
Importing 'GUID: b0f1bd0007e15e44e828a9c79c563f19 - Path: Assets/PrefabsObstaculos/SpawnerObstaculos.prefab - Importer: ScriptedImporter/UnityEditor.QuickSearchModule:UnityEditor.Search:ASIAI0B' with importer (ScriptedImporter : UnityEditor.QuickSearchModule:UnityEditor.Search:ASIAI0B)
Imported 'GUID: b0f1bd0007e15e44e828a9c79c563f19' -> (Import Result ID: '8a0200ecc7340303e28c9a65da663832') in 0.089 seconds [static and dynamic dependencies]. Details - ImportResultOutputID=0b49e5009edc8bb51684ef1bb7bfdead DependenciesID=4f48163cd1491155d37d0d682687b846 StaticDependenciesID=e6da32b077bf0956b5670880d4c0d0eb 
Number of updated asset objects reloaded before import = 0
Number of asset objects unloaded after import = 57
========================================================================
Received Import Request.
  Time of request: 2026-07-11T18:38:39.0717733Z
  Time since last request: 0.020242 seconds.
  importAddress: GUID: 79221cc19950c7b4298702a92a918624 - Path: Assets/Scripts/SierraGiratoria.cs - Importer: ScriptedImporter/UnityEditor.QuickSearchModule:UnityEditor.Search:ASIAI0B
Importing 'GUID: 79221cc19950c7b4298702a92a918624 - Path: Assets/Scripts/SierraGiratoria.cs - Importer: ScriptedImporter/UnityEditor.QuickSearchModule:UnityEditor.Search:ASIAI0B' with importer (ScriptedImporter : UnityEditor.QuickSearchModule:UnityEditor.Search:ASIAI0B)
Imported 'GUID: 79221cc19950c7b4298702a92a918624' -> (Import Result ID: '246691dbe5743e99990e1a12293bf44e') in 0.015 seconds [static and dynamic dependencies]. Details - ImportResultOutputID=d4a72f5e2b227f5836522a7afd76fc1e DependenciesID=1680707138a31f7fc8ffb177eb5d8863 StaticDependenciesID=fee4b8b422fcce3259f5455dfbb960fb 
Number of updated asset objects reloaded before import = 0
Number of asset objects unloaded after import = 0
========================================================================
Received Import Request.
  Time of request: 2026-07-11T18:38:39.0896582Z
  Time since last request: 0.0008947 seconds.
  importAddress: GUID: dd6992767f392ed4a95985a117a09dc7 - Path: Assets/Scripts/Pendulo.cs - Importer: ScriptedImporter/UnityEditor.QuickSearchModule:UnityEditor.Search:ASIAI0B
Importing 'GUID: dd6992767f392ed4a95985a117a09dc7 - Path: Assets/Scripts/Pendulo.cs - Importer: ScriptedImporter/UnityEditor.QuickSearchModule:UnityEditor.Search:ASIAI0B' with importer (ScriptedImporter : UnityEditor.QuickSearchModule:UnityEditor.Search:ASIAI0B)
Imported 'GUID: dd6992767f392ed4a95985a117a09dc7' -> (Import Result ID: '01192c1d817eeae579f75c961fa9a319') in 0.018 seconds [static and dynamic dependencies]. Details - ImportResultOutputID=a8a0e38d641714883de578b7260e0e42 DependenciesID=07b8b53b66d01c3b828161e7fb2b7066 StaticDependenciesID=183dc2939e83b88b2c45abec08b96e41 
Number of updated asset objects reloaded before import = 0
Number of asset objects unloaded after import = 0
========================================================================
Received Import Request.
  Time of request: 2026-07-11T18:38:39.1091419Z
  Time since last request: 0.0006358 seconds.
  importAddress: GUID: b40f15c94bf09294fbf40ab09c66c4ca - Path: Assets/Scenes - Importer: ScriptedImporter/UnityEditor.QuickSearchModule:UnityEditor.Search:ASIAI0B
Importing 'GUID: b40f15c94bf09294fbf40ab09c66c4ca - Path: Assets/Scenes - Importer: ScriptedImporter/UnityEditor.QuickSearchModule:UnityEditor.Search:ASIAI0B' with importer (ScriptedImporter : UnityEditor.QuickSearchModule:UnityEditor.Search:ASIAI0B)
Imported 'GUID: b40f15c94bf09294fbf40ab09c66c4ca' -> (Import Result ID: '803b9e0a848b31efa57c14cfb9875b2d') in 0.019 seconds [static and dynamic dependencies]. Details - ImportResultOutputID=21f62e577368b85c83b445b2994c0ae0 DependenciesID=9ddc8c69e8a73c838fe77fa2b3b46c87 StaticDependenciesID=7b0a09508bc4767eabab618b2cb96c65 
Number of updated asset objects reloaded before import = 0
Number of asset objects unloaded after import = 1
========================================================================
Received Import Request.
  Time of request: 2026-07-11T18:38:39.1299527Z
  Time since last request: 0.0013079 seconds.
  importAddress: GUID: e07d89d39c562fe4588cb18cee907368 - Path: Assets/Fondos/FondoCivil.jpeg - Importer: ScriptedImporter/UnityEditor.QuickSearchModule:UnityEditor.Search:ASIAI0B
Importing 'GUID: e07d89d39c562fe4588cb18cee907368 - Path: Assets/Fondos/FondoCivil.jpeg - Importer: ScriptedImporter/UnityEditor.QuickSearchModule:UnityEditor.Search:ASIAI0B' with importer (ScriptedImporter : UnityEditor.QuickSearchModule:UnityEditor.Search:ASIAI0B)
Imported 'GUID: e07d89d39c562fe4588cb18cee907368' -> (Import Result ID: '150dd45296b541a81a77e783afe45183') in 0.029 seconds [static and dynamic dependencies]. Details - ImportResultOutputID=1eff4a5b0096c156ed7e27166f233bfa DependenciesID=6dfe94a11c12c58f89e58026ee424307 StaticDependenciesID=657d1ed5711056c033eba8d4c2393e33 
Number of updated asset objects reloaded before import = 0
Number of asset objects unloaded after import = 3
========================================================================
Received Import Request.
  Time of request: 2026-07-11T18:38:39.160099Z
  Time since last request: 0.00043 seconds.
  importAddress: GUID: dc69cc8fa8bdd1245a22b84a69563fc4 - Path: Assets/PrefabsObstaculos - Importer: ScriptedImporter/UnityEditor.QuickSearchModule:UnityEditor.Search:ASIAI0B
Importing 'GUID: dc69cc8fa8bdd1245a22b84a69563fc4 - Path: Assets/PrefabsObstaculos - Importer: ScriptedImporter/UnityEditor.QuickSearchModule:UnityEditor.Search:ASIAI0B' with importer (ScriptedImporter : UnityEditor.QuickSearchModule:UnityEditor.Search:ASIAI0B)
Imported 'GUID: dc69cc8fa8bdd1245a22b84a69563fc4' -> (Import Result ID: 'aaae89dd56ef779ceb7180f83183f41f') in 0.015 seconds [static and dynamic dependencies]. Details - ImportResultOutputID=a356d0d77240065ca2c64039e3e5c8f9 DependenciesID=5a5ea0c713ec37a3a7ca000797032d01 StaticDependenciesID=5e4df97a6c8dc0a5d24331001b105b25 
Number of updated asset objects reloaded before import = 0
Number of asset objects unloaded after import = 1
========================================================================
Received Import Request.
  Time of request: 2026-07-11T18:38:39.1764735Z
  Time since last request: 0.0007375 seconds.
  importAddress: GUID: e3265ab4bf004d28a9537516768c1c75 - Path: Assets/TextMesh Pro/Fonts/LiberationSans.ttf - Importer: ScriptedImporter/UnityEditor.QuickSearchModule:UnityEditor.Search:ASIAI0B
Importing 'GUID: e3265ab4bf004d28a9537516768c1c75 - Path: Assets/TextMesh Pro/Fonts/LiberationSans.ttf - Importer: ScriptedImporter/UnityEditor.QuickSearchModule:UnityEditor.Search:ASIAI0B' with importer (ScriptedImporter : UnityEditor.QuickSearchModule:UnityEditor.Search:ASIAI0B)
Imported 'GUID: e3265ab4bf004d28a9537516768c1c75' -> (Import Result ID: 'bdd7178917f8f5cb12ac16c7b09ea1e9') in 0.037 seconds [static and dynamic dependencies]. Details - ImportResultOutputID=d2f1a3b77d4d3d34f01cfdd3927e8771 DependenciesID=f74269372d91626c5914a91996c273b6 StaticDependenciesID=9ef2ce6b78a8dfb819f6955a5d1671ed 
Number of updated asset objects reloaded before import = 0
Number of asset objects unloaded after import = 3
========================================================================
Received Import Request.
  Time of request: 2026-07-11T18:38:39.2150414Z
  Time since last request: 0.0003955 seconds.
  importAddress: GUID: a02a7d8c237544f1962732b55a9aebf1 - Path: Assets/TextMesh Pro/Shaders/TMP_SDF-Mobile Overlay.shader - Importer: ScriptedImporter/UnityEditor.QuickSearchModule:UnityEditor.Search:ASIAI0B
Importing 'GUID: a02a7d8c237544f1962732b55a9aebf1 - Path: Assets/TextMesh Pro/Shaders/TMP_SDF-Mobile Overlay.shader - Importer: ScriptedImporter/UnityEditor.QuickSearchModule:UnityEditor.Search:ASIAI0B' with importer (ScriptedImporter : UnityEditor.QuickSearchModule:UnityEditor.Search:ASIAI0B)
Imported 'GUID: a02a7d8c237544f1962732b55a9aebf1' -> (Import Result ID: '923a84d3de9af4bc722f7ea188ca3ad6') in 0.011 seconds [static and dynamic dependencies]. Details - ImportResultOutputID=5d10c4c5c08d1ad1b3a1191a0f55cf2c DependenciesID=f5d9fe876052786f193432877118491d StaticDependenciesID=426c182d1aae34c4f785a0f5936ae72c 
Number of updated asset objects reloaded before import = 0
Number of asset objects unloaded after import = 1
========================================================================
Received Import Request.
  Time of request: 2026-07-11T18:38:39.2278343Z
  Time since last request: 0.00126 seconds.
  importAddress: GUID: a3d800b099a06e0478fb790c5e79057a - Path: Assets/TextMesh Pro/Shaders/TMP_SDF-URP Lit.shadergraph - Importer: ScriptedImporter/UnityEditor.QuickSearchModule:UnityEditor.Search:ASIAI0B
Importing 'GUID: a3d800b099a06e0478fb790c5e79057a - Path: Assets/TextMesh Pro/Shaders/TMP_SDF-URP Lit.shadergraph - Importer: ScriptedImporter/UnityEditor.QuickSearchModule:UnityEditor.Search:ASIAI0B' with importer (ScriptedImporter : UnityEditor.QuickSearchModule:UnityEditor.Search:ASIAI0B)
Imported 'GUID: a3d800b099a06e0478fb790c5e79057a' -> (Import Result ID: 'eda514aa3b1b8403d3e65d3700eba586') in 0.009 seconds [static and dynamic dependencies]. Details - ImportResultOutputID=370ca915a552dd2e0f81490ee6bd1041 DependenciesID=e746759d81fb9731fa17030f22950299 StaticDependenciesID=05df1fea22c15eb07d69519c354ce4e4 
Number of updated asset objects reloaded before import = 0
Number of asset objects unloaded after import = 1
========================================================================
Received Import Request.
  Time of request: 2026-07-11T18:38:39.2382534Z
  Time since last request: 0.0009732 seconds.
  importAddress: GUID: 96de908384869cd409c75efa351d5edf - Path: Assets/TextMesh Pro/Shaders/SDFFunctions.hlsl - Importer: ScriptedImporter/UnityEditor.QuickSearchModule:UnityEditor.Search:ASIAI0B
Importing 'GUID: 96de908384869cd409c75efa351d5edf - Path: Assets/TextMesh Pro/Shaders/SDFFunctions.hlsl - Importer: ScriptedImporter/UnityEditor.QuickSearchModule:UnityEditor.Search:ASIAI0B' with importer (ScriptedImporter : UnityEditor.QuickSearchModule:UnityEditor.Search:ASIAI0B)
Imported 'GUID: 96de908384869cd409c75efa351d5edf' -> (Import Result ID: '81fe30bb0a63779dd7258a056fdc92e4') in 0.007 seconds [static and dynamic dependencies]. Details - ImportResultOutputID=e23a1afcf27631e82431772b059aaf8b DependenciesID=7dcce8783193b1930548f93a262aa39d StaticDependenciesID=65094fedd93483a387ff065e851cb6f6 
Number of updated asset objects reloaded before import = 0
Number of asset objects unloaded after import = 1
========================================================================
Received Import Request.
  Time of request: 2026-07-11T18:38:39.2478566Z
  Time since last request: 0.0000332 seconds.
  importAddress: GUID: f63d574838ccfb44f84acc05fed0af48 - Path: Assets/TextMesh Pro/Shaders/TMP_SDF-HDRP UNLIT.shadergraph - Importer: ScriptedImporter/UnityEditor.QuickSearchModule:UnityEditor.Search:ASIAI0B
Importing 'GUID: f63d574838ccfb44f84acc05fed0af48 - Path: Assets/TextMesh Pro/Shaders/TMP_SDF-HDRP UNLIT.shadergraph - Importer: ScriptedImporter/UnityEditor.QuickSearchModule:UnityEditor.Search:ASIAI0B' with importer (ScriptedImporter : UnityEditor.QuickSearchModule:UnityEditor.Search:ASIAI0B)
Imported 'GUID: f63d574838ccfb44f84acc05fed0af48' -> (Import Result ID: 'c7f4318a3293c82d31e00dddfb2e0fb7') in 0.007 seconds [static and dynamic dependencies]. Details - ImportResultOutputID=4807cb54f078339100a6afce90f94d36 DependenciesID=bc82d6e0e3ebe3c84f56a4b77dadf940 StaticDependenciesID=cbf5246fea0d831fd874f06bf400147b 
Number of updated asset objects reloaded before import = 0
Number of asset objects unloaded after import = 1
========================================================================
Received Import Request.
  Time of request: 2026-07-11T18:38:39.2565078Z
  Time since last request: 0.0006034 seconds.
  importAddress: GUID: 0178fcb869bafef4690d177d31d17db8 - Path: Assets/TextMesh Pro/Shaders/TMP_SDF-Mobile-2-Pass.shader - Importer: ScriptedImporter/UnityEditor.QuickSearchModule:UnityEditor.Search:ASIAI0B
Importing 'GUID: 0178fcb869bafef4690d177d31d17db8 - Path: Assets/TextMesh Pro/Shaders/TMP_SDF-Mobile-2-Pass.shader - Importer: ScriptedImporter/UnityEditor.QuickSearchModule:UnityEditor.Search:ASIAI0B' with importer (ScriptedImporter : UnityEditor.QuickSearchModule:UnityEditor.Search:ASIAI0B)
Imported 'GUID: 0178fcb869bafef4690d177d31d17db8' -> (Import Result ID: '70b153fe97e32591b9bc5c31b7ee7cc7') in 0.012 seconds [static and dynamic dependencies]. Details - ImportResultOutputID=29c4e2af90ec12ded917dc3cb0e0c8de DependenciesID=6630001d2a862e75f5358719b4df064a StaticDependenciesID=06ba15d0c4e5ff8d4bf0b844934599ca 
Number of updated asset objects reloaded before import = 0
Number of asset objects unloaded after import = 1
========================================================================
Received Import Request.
  Time of request: 2026-07-11T18:38:39.2719664Z
  Time since last request: 0.0011803 seconds.
  importAddress: GUID: 1e3b057af24249748ff873be7fafee47 - Path: Assets/TextMesh Pro/Shaders/TMP_Bitmap-Mobile.shader - Importer: ScriptedImporter/UnityEditor.QuickSearchModule:UnityEditor.Search:ASIAI0B
Importing 'GUID: 1e3b057af24249748ff873be7fafee47 - Path: Assets/TextMesh Pro/Shaders/TMP_Bitmap-Mobile.shader - Importer: ScriptedImporter/UnityEditor.QuickSearchModule:UnityEditor.Search:ASIAI0B' with importer (ScriptedImporter : UnityEditor.QuickSearchModule:UnityEditor.Search:ASIAI0B)
Imported 'GUID: 1e3b057af24249748ff873be7fafee47' -> (Import Result ID: '52cc478c79cacfe8e2d0f83bcccf2e15') in 0.008 seconds [static and dynamic dependencies]. Details - ImportResultOutputID=7c615f060831f9700f1c4a305d08691c DependenciesID=d2f1a4ad0e218496e700f75c7bca2df6 StaticDependenciesID=080333e0926ec7d3a0abaa44db52c772 
Number of updated asset objects reloaded before import = 0
Number of asset objects unloaded after import = 1
========================================================================
Received Import Request.
  Time of request: 2026-07-11T18:38:39.2816606Z
  Time since last request: 0.0010182 seconds.
  importAddress: GUID: dd89cf5b9246416f84610a006f916af7 - Path: Assets/TextMesh Pro/Shaders/TMP_SDF Overlay.shader - Importer: ScriptedImporter/UnityEditor.QuickSearchModule:UnityEditor.Search:ASIAI0B
Importing 'GUID: dd89cf5b9246416f84610a006f916af7 - Path: Assets/TextMesh Pro/Shaders/TMP_SDF Overlay.shader - Importer: ScriptedImporter/UnityEditor.QuickSearchModule:UnityEditor.Search:ASIAI0B' with importer (ScriptedImporter : UnityEditor.QuickSearchModule:UnityEditor.Search:ASIAI0B)
Imported 'GUID: dd89cf5b9246416f84610a006f916af7' -> (Import Result ID: '31e7dafce475b97c3f308738eb57a508') in 0.010 seconds [static and dynamic dependencies]. Details - ImportResultOutputID=930d351de379d93e098f8832a9c050d2 DependenciesID=ff4c3f5ef974b43a17470a62cb15c4ee StaticDependenciesID=0bc112dc4c44dec58d079bf792910266 
Number of updated asset objects reloaded before import = 0
Number of asset objects unloaded after import = 1
========================================================================
Received Import Request.
  Time of request: 2026-07-11T18:38:39.2926581Z
  Time since last request: 0.0005853 seconds.
  importAddress: GUID: 243e06394e614e5d99fab26083b707fa - Path: Assets/TextMesh Pro/Resources - Importer: ScriptedImporter/UnityEditor.QuickSearchModule:UnityEditor.Search:ASIAI0B
Importing 'GUID: 243e06394e614e5d99fab26083b707fa - Path: Assets/TextMesh Pro/Resources - Importer: ScriptedImporter/UnityEditor.QuickSearchModule:UnityEditor.Search:ASIAI0B' with importer (ScriptedImporter : UnityEditor.QuickSearchModule:UnityEditor.Search:ASIAI0B)
Imported 'GUID: 243e06394e614e5d99fab26083b707fa' -> (Import Result ID: 'f304c9f0fe928b1c03b9fef59d99f6b6') in 0.009 seconds [static and dynamic dependencies]. Details - ImportResultOutputID=0e966505a26053167c16402b1117d3cb DependenciesID=e94b9c3733aba557c8121c7c58853750 StaticDependenciesID=596158bf1fe0d9e3e1975e573bb968b8 
Number of updated asset objects reloaded before import = 0
Number of asset objects unloaded after import = 1
========================================================================
Received Import Request.
  Time of request: 2026-07-11T18:38:39.3032016Z
  Time since last request: 0.0005878 seconds.
  importAddress: GUID: 362380fe4f430494c93639d483ee1fc7 - Path: Assets/Fondos/FondoGenralIng.jpeg - Importer: ScriptedImporter/UnityEditor.QuickSearchModule:UnityEditor.Search:ASIAI0B
Importing 'GUID: 362380fe4f430494c93639d483ee1fc7 - Path: Assets/Fondos/FondoGenralIng.jpeg - Importer: ScriptedImporter/UnityEditor.QuickSearchModule:UnityEditor.Search:ASIAI0B' with importer (ScriptedImporter : UnityEditor.QuickSearchModule:UnityEditor.Search:ASIAI0B)
Imported 'GUID: 362380fe4f430494c93639d483ee1fc7' -> (Import Result ID: 'c3d81dcb07b55a043d06c6db50f012b5') in 0.027 seconds [static and dynamic dependencies]. Details - ImportResultOutputID=efb0f9b4c404cab803841b3a6cebab61 DependenciesID=123ca6842090cb1d87bd592b23469d81 StaticDependenciesID=47f348c1c8998b2148d39d1143125bad 
Number of updated asset objects reloaded before import = 0
Number of asset objects unloaded after import = 3
========================================================================
Received Import Request.
  Time of request: 2026-07-11T18:38:39.3319299Z
  Time since last request: 0.0007413 seconds.
  importAddress: GUID: 487d36d77a736414e9af150d7e7eb369 - Path: Assets/Scripts/FondoInfinito.cs - Importer: ScriptedImporter/UnityEditor.QuickSearchModule:UnityEditor.Search:ASIAI0B
Importing 'GUID: 487d36d77a736414e9af150d7e7eb369 - Path: Assets/Scripts/FondoInfinito.cs - Importer: ScriptedImporter/UnityEditor.QuickSearchModule:UnityEditor.Search:ASIAI0B' with importer (ScriptedImporter : UnityEditor.QuickSearchModule:UnityEditor.Search:ASIAI0B)
Imported 'GUID: 487d36d77a736414e9af150d7e7eb369' -> (Import Result ID: 'aed3c03f85520365a27b79d53c141bdb') in 0.007 seconds [static and dynamic dependencies]. Details - ImportResultOutputID=ae4a592b77b955df617a0f91e88ec3fb DependenciesID=fb7819ab25ea1ea7c1b632d154947beb StaticDependenciesID=b844b0d7354dcbd20d7381286ffe581a 
Number of updated asset objects reloaded before import = 0
Number of asset objects unloaded after import = 0
========================================================================
Received Import Request.
  Time of request: 2026-07-11T18:38:39.3407245Z
  Time since last request: 0.0007153 seconds.
  importAddress: GUID: 79459efec17a4d00a321bdcc27bbc385 - Path: Assets/TextMesh Pro/Resources/Fonts & Materials/LiberationSans SDF - Outline.mat - Importer: ScriptedImporter/UnityEditor.QuickSearchModule:UnityEditor.Search:ASIAI0B
Importing 'GUID: 79459efec17a4d00a321bdcc27bbc385 - Path: Assets/TextMesh Pro/Resources/Fonts & Materials/LiberationSans SDF - Outline.mat - Importer: ScriptedImporter/UnityEditor.QuickSearchModule:UnityEditor.Search:ASIAI0B' with importer (ScriptedImporter : UnityEditor.QuickSearchModule:UnityEditor.Search:ASIAI0B)
Imported 'GUID: 79459efec17a4d00a321bdcc27bbc385' -> (Import Result ID: '60d441429dc8eb3582124715324c8ab2') in 0.029 seconds [static and dynamic dependencies]. Details - ImportResultOutputID=47e197a035389b29ebb7eddc95ad4b57 DependenciesID=832ab46e0241aebf159c94ee1154d951 StaticDependenciesID=c3bd09215a1e4de52e0b1f6b8fbebf01 
Number of updated asset objects reloaded before import = 0
Number of asset objects unloaded after import = 2
========================================================================
Received Import Request.
  Time of request: 2026-07-11T18:38:39.3716565Z
  Time since last request: 0.0010748 seconds.
  importAddress: GUID: 43ffde31df9b22f42a585d6ec2720e73 - Path: Assets/Scripts/ControladorJugador.cs - Importer: ScriptedImporter/UnityEditor.QuickSearchModule:UnityEditor.Search:ASIAI0B
Importing 'GUID: 43ffde31df9b22f42a585d6ec2720e73 - Path: Assets/Scripts/ControladorJugador.cs - Importer: ScriptedImporter/UnityEditor.QuickSearchModule:UnityEditor.Search:ASIAI0B' with importer (ScriptedImporter : UnityEditor.QuickSearchModule:UnityEditor.Search:ASIAI0B)
Imported 'GUID: 43ffde31df9b22f42a585d6ec2720e73' -> (Import Result ID: '774cc9754744b2fc2e7d16338fd7c528') in 0.007 seconds [static and dynamic dependencies]. Details - ImportResultOutputID=9b591fec5ac76bac423983eb6f841e61 DependenciesID=513174288409e3e93d7a3457bf0fcd6a StaticDependenciesID=4f0ecd851b6a16919f49b0a235689403 
Number of updated asset objects reloaded before import = 0
Number of asset objects unloaded after import = 0
========================================================================
Received Import Request.
  Time of request: 2026-07-11T18:38:39.3805299Z
  Time since last request: 0.0006705 seconds.
  importAddress: GUID: 0674d53d05456e240be7a39abb2789cc - Path: Assets/Suelos/ChatGPT Image 18 jun 2026, 13_24_04.png - Importer: ScriptedImporter/UnityEditor.QuickSearchModule:UnityEditor.Search:ASIAI0B
Importing 'GUID: 0674d53d05456e240be7a39abb2789cc - Path: Assets/Suelos/ChatGPT Image 18 jun 2026, 13_24_04.png - Importer: ScriptedImporter/UnityEditor.QuickSearchModule:UnityEditor.Search:ASIAI0B' with importer (ScriptedImporter : UnityEditor.QuickSearchModule:UnityEditor.Search:ASIAI0B)
Imported 'GUID: 0674d53d05456e240be7a39abb2789cc' -> (Import Result ID: '1aec33ef0a7baa0075c8b1e5a5a9ec1d') in 0.023 seconds [static and dynamic dependencies]. Details - ImportResultOutputID=b82d1d2722f56a80f04e716ddcc5c855 DependenciesID=0e5606749fe13ba7bc6211d3127900dd StaticDependenciesID=1f5b4daacd211932b9a0269fa3b0e596 
Number of updated asset objects reloaded before import = 0
Number of asset objects unloaded after import = 6
========================================================================
Received Import Request.
  Time of request: 2026-07-11T18:38:39.4058018Z
  Time since last request: 0.000918 seconds.
  importAddress: GUID: d82c1b31c7e74239bff1220585707d2b - Path: Assets/TextMesh Pro/Resources/LineBreaking Leading Characters.txt - Importer: ScriptedImporter/UnityEditor.QuickSearchModule:UnityEditor.Search:ASIAI0B
Importing 'GUID: d82c1b31c7e74239bff1220585707d2b - Path: Assets/TextMesh Pro/Resources/LineBreaking Leading Characters.txt - Importer: ScriptedImporter/UnityEditor.QuickSearchModule:UnityEditor.Search:ASIAI0B' with importer (ScriptedImporter : UnityEditor.QuickSearchModule:UnityEditor.Search:ASIAI0B)
Imported 'GUID: d82c1b31c7e74239bff1220585707d2b' -> (Import Result ID: '37b8c3326fa052c34c95c1eff52e45a1') in 0.008 seconds [static and dynamic dependencies]. Details - ImportResultOutputID=bd8081d0939638e93e39a13c116e6389 DependenciesID=5e56243c1b9e411bfbd72c2693b519c5 StaticDependenciesID=9a916de63bf17b7677528b5125828789 
Number of updated asset objects reloaded before import = 0
Number of asset objects unloaded after import = 1
========================================================================
Received Import Request.
  Time of request: 2026-07-11T18:38:39.4154091Z
  Time since last request: 0.0006693 seconds.
  importAddress: GUID: 3f5b5dff67a942289a9defa416b206f3 - Path: Assets/TextMesh Pro/Resources/TMP Settings.asset - Importer: ScriptedImporter/UnityEditor.QuickSearchModule:UnityEditor.Search:ASIAI0B
Importing 'GUID: 3f5b5dff67a942289a9defa416b206f3 - Path: Assets/TextMesh Pro/Resources/TMP Settings.asset - Importer: ScriptedImporter/UnityEditor.QuickSearchModule:UnityEditor.Search:ASIAI0B' with importer (ScriptedImporter : UnityEditor.QuickSearchModule:UnityEditor.Search:ASIAI0B)
Imported 'GUID: 3f5b5dff67a942289a9defa416b206f3' -> (Import Result ID: 'ed73d81dca911269b8e34f0d93350d77') in 0.035 seconds [static and dynamic dependencies]. Details - ImportResultOutputID=836b2ae16efcedd629a8970a0bad6369 DependenciesID=c566080357743d70e60c85e8dc49a01e StaticDependenciesID=02a3a5ba903b2af2ad166c5a104eb70b 
Number of updated asset objects reloaded before import = 0
Number of asset objects unloaded after import = 12
========================================================================
Received Import Request.
  Time of request: 2026-07-11T18:59:28.0989912Z
  Time since last request: 1248.64756450000004 seconds.
  importAddress: GUID: e380d460a6826434db0aee0e06ee9eb8 - Path: Assets/3 PERSONAJES - Importer: PreviewImporter
Importing 'GUID: e380d460a6826434db0aee0e06ee9eb8 - Path: Assets/3 PERSONAJES - Importer: PreviewImporter' with importer (PreviewImporter)
Imported 'GUID: e380d460a6826434db0aee0e06ee9eb8' -> (Import Result ID: '3510e4bb64e277933df9f7429561a91b') in 0.076 seconds [static and dynamic dependencies]. Details - ImportResultOutputID=8b06141f9b915978318385eac0a5b344 DependenciesID=69646634108a5fafef2fe1f1532561c1 StaticDependenciesID=5c38b7d2779cf9d128fc9dd76fae618c 
Number of updated asset objects reloaded before import = 0
Number of asset objects unloaded after import = 0
========================================================================
Received Prepare
AcceleratorClientConnectionCallback - disconnected - :0
Begin MonoManager ReloadAssembly
[Licensing::Client] Successfully resolved entitlement details
Native extension for WindowsStandalone target not found
[Package Manager] Failed to launch server process. Reason: Unity was launched with the -noUpm command-line argument
[Package Manager] Unable to send message (not connected to server process).
[Package Manager] Cannot connect to Unity Package Manager local server
ScheduleIndexationOnStartup MainProcess:False IndexOnStartup:True
Mono: successfully reloaded assembly
- Finished resetting the current domain, in  0.650 seconds
Domain Reload Profiling: 1465ms
	BeginReloadAssembly (489ms)
		DisableScriptedObjects (33ms)
		CreateAndSetChildDomain (76ms)
	RebuildCommonClasses (16ms)
	RebuildNativeTypeToScriptingClass (45ms)
	initialDomainReloadingComplete (95ms)
	LoadAllAssembliesAndSetupDomain (166ms)
		LoadAssemblies (245ms)
		AnalyzeDomain (16ms)
			TypeCache.Refresh (7ms)
			ResolveRequiredComponents (3ms)
	FinalizeReload (653ms)
		SetupLoadedEditorAssemblies (0ms)
			InitializePlatformSupportModulesInManaged (3ms)
			BeforeProcessingInitializeOnLoad (136ms)
			ProcessInitializeOnLoadAttributes (163ms)
			ProcessInitializeOnLoadMethodAttributes (106ms)
			AfterProcessingInitializeOnLoad (6ms)
		AwakeInstancesAfterBackupRestoration (5ms)
Unloading 0 Unused Serialized files (Serialized files now loaded: 0)
Unloading 486 unused Assets / (19.2 KB). Loaded Objects now: 1112.
Memory consumption went from 159.0 MB to 158.9 MB.
Total: 6.481500 ms (FindLiveObjects: 0.194200 ms CreateObjectMapping: 0.099700 ms MarkObjects: 5.832500 ms  DeleteObjects: 0.351500 ms)

Prepare: number of updated asset objects reloaded= 0
========================================================================
Received Prepare
AcceleratorClientConnectionCallback - disconnected - :0
Begin MonoManager ReloadAssembly
Native extension for WindowsStandalone target not found
[Package Manager] Failed to launch server process. Reason: Unity was launched with the -noUpm command-line argument
[Package Manager] Unable to send message (not connected to server process).
[Package Manager] Cannot connect to Unity Package Manager local server
ScheduleIndexationOnStartup MainProcess:False IndexOnStartup:True
Mono: successfully reloaded assembly
- Finished resetting the current domain, in  0.692 seconds
Domain Reload Profiling: 1295ms
	BeginReloadAssembly (307ms)
		DisableScriptedObjects (11ms)
		CreateAndSetChildDomain (45ms)
	RebuildCommonClasses (15ms)
	RebuildNativeTypeToScriptingClass (33ms)
	initialDomainReloadingComplete (74ms)
	LoadAllAssembliesAndSetupDomain (173ms)
		LoadAssemblies (181ms)
		AnalyzeDomain (18ms)
			TypeCache.Refresh (8ms)
			ResolveRequiredComponents (4ms)
	FinalizeReload (694ms)
		SetupLoadedEditorAssemblies (0ms)
			InitializePlatformSupportModulesInManaged (3ms)
			BeforeProcessingInitializeOnLoad (164ms)
			ProcessInitializeOnLoadAttributes (151ms)
			ProcessInitializeOnLoadMethodAttributes (117ms)
			AfterProcessingInitializeOnLoad (10ms)
		AwakeInstancesAfterBackupRestoration (5ms)
Unloading 0 Unused Serialized files (Serialized files now loaded: 0)
Unloading 486 unused Assets / (23.5 KB). Loaded Objects now: 1112.
Memory consumption went from 159.8 MB to 159.7 MB.
Total: 6.905400 ms (FindLiveObjects: 0.124500 ms CreateObjectMapping: 0.092900 ms MarkObjects: 6.479900 ms  DeleteObjects: 0.205700 ms)

Prepare: number of updated asset objects reloaded= 0
========================================================================
Received Prepare
AcceleratorClientConnectionCallback - disconnected - :0
Begin MonoManager ReloadAssembly
[Licensing::Client] Successfully resolved entitlement details
Native extension for WindowsStandalone target not found
[Package Manager] Failed to launch server process. Reason: Unity was launched with the -noUpm command-line argument
[Package Manager] Unable to send message (not connected to server process).
[Package Manager] Cannot connect to Unity Package Manager local server
ScheduleIndexationOnStartup MainProcess:False IndexOnStartup:True
Mono: successfully reloaded assembly
- Finished resetting the current domain, in  0.684 seconds
Domain Reload Profiling: 1267ms
	BeginReloadAssembly (288ms)
		DisableScriptedObjects (10ms)
		CreateAndSetChildDomain (48ms)
	RebuildCommonClasses (11ms)
	RebuildNativeTypeToScriptingClass (27ms)
	initialDomainReloadingComplete (58ms)
	LoadAllAssembliesAndSetupDomain (195ms)
		LoadAssemblies (154ms)
		AnalyzeDomain (19ms)
			TypeCache.Refresh (9ms)
			ResolveRequiredComponents (4ms)
	FinalizeReload (687ms)
		SetupLoadedEditorAssemblies (0ms)
			BeforeProcessingInitializeOnLoad (155ms)
			ProcessInitializeOnLoadAttributes (163ms)
			ProcessInitializeOnLoadMethodAttributes (121ms)
			AfterProcessingInitializeOnLoad (9ms)
		AwakeInstancesAfterBackupRestoration (4ms)
Unloading 0 Unused Serialized files (Serialized files now loaded: 0)
Unloading 486 unused Assets / (28.9 KB). Loaded Objects now: 1112.
Memory consumption went from 160.5 MB to 160.4 MB.
Total: 5.742000 ms (FindLiveObjects: 0.156600 ms CreateObjectMapping: 0.172700 ms MarkObjects: 5.273300 ms  DeleteObjects: 0.137700 ms)

Prepare: number of updated asset objects reloaded= 0
========================================================================
Received Import Request.
  Time of request: 2026-07-11T19:08:22.4466876Z
  Time since last request: 534.26148590000003 seconds.
  importAddress: GUID: b40f15c94bf09294fbf40ab09c66c4ca - Path: Assets/Scenes - Importer: PreviewImporter
Importing 'GUID: b40f15c94bf09294fbf40ab09c66c4ca - Path: Assets/Scenes - Importer: PreviewImporter' with importer (PreviewImporter)
Imported 'GUID: b40f15c94bf09294fbf40ab09c66c4ca' -> (Import Result ID: 'c4c7b7cc4a31dbb3b78e14d9da455acf') in 0.003 seconds [static and dynamic dependencies]. Details - ImportResultOutputID=db73595763c1ce2ba5f34135a110f6e0 DependenciesID=aa8172c804238b2ab421bf787aaf50b9 StaticDependenciesID=1d6fe0ccc9759277c05d9f3751458e67 
Number of updated asset objects reloaded before import = 0
Number of asset objects unloaded after import = 0
========================================================================
Received Import Request.
  Time of request: 2026-07-11T19:08:42.486246Z
  Time since last request: 20.0306275 seconds.
  importAddress: GUID: 6d80ddc6e593cd64db0ab2136b82fe05 - Path: Assets/Nivel 1.unity - Importer: PreviewImporter
Importing 'GUID: 6d80ddc6e593cd64db0ab2136b82fe05 - Path: Assets/Nivel 1.unity - Importer: PreviewImporter' with importer (PreviewImporter)
Imported 'GUID: 6d80ddc6e593cd64db0ab2136b82fe05' -> (Import Result ID: 'c14278ec27da52d537b8077eca56f249') in 0.007 seconds [static and dynamic dependencies]. Details - ImportResultOutputID=424dc2d55e5fb3c472f9d7e3c849dd14 DependenciesID=0b7cda72bcdef24f56867ddf39bf4610 StaticDependenciesID=41e73cebd0cee1fe1b4ea6763086fb1f 
Number of updated asset objects reloaded before import = 0
Number of asset objects unloaded after import = 0
========================================================================
Received Prepare
AcceleratorClientConnectionCallback - disconnected - :0
Unloading 0 Unused Serialized files (Serialized files now loaded: 0)
Unloading 0 unused Assets / (0 B). Loaded Objects now: 1112.
Memory consumption went from 158.9 MB to 158.9 MB.
Total: 10.272900 ms (FindLiveObjects: 0.105400 ms CreateObjectMapping: 0.060200 ms MarkObjects: 10.097500 ms  DeleteObjects: 0.006700 ms)

Prepare: number of updated asset objects reloaded= 0
========================================================================
Received Prepare
AcceleratorClientConnectionCallback - disconnected - :0
Unloading 0 Unused Serialized files (Serialized files now loaded: 0)
Unloading 0 unused Assets / (0 B). Loaded Objects now: 1112.
Memory consumption went from 159.6 MB to 159.6 MB.
Total: 9.125400 ms (FindLiveObjects: 0.132100 ms CreateObjectMapping: 0.128300 ms MarkObjects: 8.851100 ms  DeleteObjects: 0.011300 ms)

Prepare: number of updated asset objects reloaded= 0
========================================================================
Received Import Request.
  Time of request: 2026-07-11T19:12:07.9999075Z
  Time since last request: 205.50543149999999 seconds.
  importAddress: GUID: 6d80ddc6e593cd64db0ab2136b82fe05 - Path: Assets/Scenes/Nivel 1.unity - Importer: ScriptedImporter/UnityEditor.QuickSearchModule:UnityEditor.Search:ASIAI0B
Importing 'GUID: 6d80ddc6e593cd64db0ab2136b82fe05 - Path: Assets/Scenes/Nivel 1.unity - Importer: ScriptedImporter/UnityEditor.QuickSearchModule:UnityEditor.Search:ASIAI0B' with importer (ScriptedImporter : UnityEditor.QuickSearchModule:UnityEditor.Search:ASIAI0B)
Imported 'GUID: 6d80ddc6e593cd64db0ab2136b82fe05' -> (Import Result ID: 'be63ffa8701a91a5330887bf42302e99') in 0.517 seconds [static and dynamic dependencies]. Details - ImportResultOutputID=d249da43fbfd21121794055ce1104837 DependenciesID=90d121e7d30461674058d3f6c73920f1 StaticDependenciesID=3c8deb68e23abdc366074396a8c605f9 
Number of updated asset objects reloaded before import = 0
Number of asset objects unloaded after import = 1
========================================================================
Received Prepare
AcceleratorClientConnectionCallback - disconnected - :0
Unloading 0 Unused Serialized files (Serialized files now loaded: 0)
Unloading 0 unused Assets / (0 B). Loaded Objects now: 1112.
Memory consumption went from 160.8 MB to 160.8 MB.
Total: 22.653800 ms (FindLiveObjects: 1.580100 ms CreateObjectMapping: 0.097500 ms MarkObjects: 20.959800 ms  DeleteObjects: 0.011100 ms)

Prepare: number of updated asset objects reloaded= 0
========================================================================
Received Import Request.
  Time of request: 2026-07-11T19:12:17.7557439Z
  Time since last request: 9.1806404 seconds.
  importAddress: GUID: 78069844e1678cb4399c800af912882d - Path: Assets/Scenes/SeleccionDePersonajes.unity - Importer: ScriptedImporter/UnityEditor.QuickSearchModule:UnityEditor.Search:ASIAI0B
Importing 'GUID: 78069844e1678cb4399c800af912882d - Path: Assets/Scenes/SeleccionDePersonajes.unity - Importer: ScriptedImporter/UnityEditor.QuickSearchModule:UnityEditor.Search:ASIAI0B' with importer (ScriptedImporter : UnityEditor.QuickSearchModule:UnityEditor.Search:ASIAI0B)
Imported 'GUID: 78069844e1678cb4399c800af912882d' -> (Import Result ID: '3efbce612d35d03e8657cd96883bef45') in 0.030 seconds [static and dynamic dependencies]. Details - ImportResultOutputID=f8ebc5c0d12b2a34fec520d45d3f6c57 DependenciesID=85e1da4d1f2a3211285c9ab24381254f StaticDependenciesID=8121a897e0f66d8b5fe7ad30812a9d20 
Number of updated asset objects reloaded before import = 0
Number of asset objects unloaded after import = 1
========================================================================
Received Import Request.
  Time of request: 2026-07-11T19:26:52.5850547Z
  Time since last request: 874.7971708 seconds.
  importAddress: GUID: 2e498d1c8094910479dc3e1b768306a4 - Path: Assets/TextMesh Pro/Resources/Fonts & Materials/LiberationSans SDF - Fallback.asset - Importer: ScriptedImporter/UnityEditor.QuickSearchModule:UnityEditor.Search:ASIAI0B
Importing 'GUID: 2e498d1c8094910479dc3e1b768306a4 - Path: Assets/TextMesh Pro/Resources/Fonts & Materials/LiberationSans SDF - Fallback.asset - Importer: ScriptedImporter/UnityEditor.QuickSearchModule:UnityEditor.Search:ASIAI0B' with importer (ScriptedImporter : UnityEditor.QuickSearchModule:UnityEditor.Search:ASIAI0B)
Imported 'GUID: 2e498d1c8094910479dc3e1b768306a4' -> (Import Result ID: '3becbc8f57373f90e77a4ce71c038918') in 0.861 seconds [static and dynamic dependencies]. Details - ImportResultOutputID=7b7f62a801dbfa61eeb04f2202611214 DependenciesID=315c2c4af4452f1a2d0fadcdfa4190fd StaticDependenciesID=09e2c264d94bd1dd19d54f4c2c0e671e 
Number of updated asset objects reloaded before import = 0
Number of asset objects unloaded after import = 5
========================================================================
Received Import Request.
  Time of request: 2026-07-11T19:27:03.0903966Z
  Time since last request: 9.6161459 seconds.
  importAddress: GUID: 2e498d1c8094910479dc3e1b768306a4 - Path: Assets/TextMesh Pro/Resources/Fonts & Materials/LiberationSans SDF - Fallback.asset - Importer: ScriptedImporter/UnityEditor.QuickSearchModule:UnityEditor.Search:ASIAI0B
Importing 'GUID: 2e498d1c8094910479dc3e1b768306a4 - Path: Assets/TextMesh Pro/Resources/Fonts & Materials/LiberationSans SDF - Fallback.asset - Importer: ScriptedImporter/UnityEditor.QuickSearchModule:UnityEditor.Search:ASIAI0B' with importer (ScriptedImporter : UnityEditor.QuickSearchModule:UnityEditor.Search:ASIAI0B)
Imported 'GUID: 2e498d1c8094910479dc3e1b768306a4' -> (Import Result ID: '37ee9c94d9c7a96d93629e03222f79e4') in 0.040 seconds [static and dynamic dependencies]. Details - ImportResultOutputID=70a3abdb9615bc47cf7ac7d32eb83aa2 DependenciesID=45e8e0db1b243bf814717a5c925f63e2 StaticDependenciesID=d091a485a7d28c0fc4cbbcb92d14b356 
Number of updated asset objects reloaded before import = 14
Number of asset objects unloaded after import = 5
========================================================================
Received Import Request.
  Time of request: 2026-07-11T19:27:27.6904213Z
  Time since last request: 24.4893168 seconds.
  importAddress: GUID: 2e498d1c8094910479dc3e1b768306a4 - Path: Assets/TextMesh Pro/Resources/Fonts & Materials/LiberationSans SDF - Fallback.asset - Importer: ScriptedImporter/UnityEditor.QuickSearchModule:UnityEditor.Search:ASIAI0B
Importing 'GUID: 2e498d1c8094910479dc3e1b768306a4 - Path: Assets/TextMesh Pro/Resources/Fonts & Materials/LiberationSans SDF - Fallback.asset - Importer: ScriptedImporter/UnityEditor.QuickSearchModule:UnityEditor.Search:ASIAI0B' with importer (ScriptedImporter : UnityEditor.QuickSearchModule:UnityEditor.Search:ASIAI0B)
Imported 'GUID: 2e498d1c8094910479dc3e1b768306a4' -> (Import Result ID: '69cf25baa75563039ed07e63b4ce8e9c') in 0.030 seconds [static and dynamic dependencies]. Details - ImportResultOutputID=e04fbdf2178a878267f8a1c6f7ba58d9 DependenciesID=978fbec62b289857c17a50ac17e6a763 StaticDependenciesID=b129952b102390411e6924b3c5aaed2e 
Number of updated asset objects reloaded before import = 0
Number of asset objects unloaded after import = 5
========================================================================
Received Prepare
AcceleratorClientConnectionCallback - disconnected - :0
Begin MonoManager ReloadAssembly
[Licensing::Client] Successfully resolved entitlement details
Native extension for WindowsStandalone target not found
[Package Manager] Failed to launch server process. Reason: Unity was launched with the -noUpm command-line argument
[Package Manager] Unable to send message (not connected to server process).
[Package Manager] Cannot connect to Unity Package Manager local server
ScheduleIndexationOnStartup MainProcess:False IndexOnStartup:True
Mono: successfully reloaded assembly
- Finished resetting the current domain, in  0.735 seconds
Domain Reload Profiling: 1881ms
	BeginReloadAssembly (732ms)
		DisableScriptedObjects (36ms)
		CreateAndSetChildDomain (223ms)
	RebuildCommonClasses (19ms)
	RebuildNativeTypeToScriptingClass (31ms)
	initialDomainReloadingComplete (92ms)
	LoadAllAssembliesAndSetupDomain (267ms)
		LoadAssemblies (331ms)
		AnalyzeDomain (75ms)
			TypeCache.Refresh (34ms)
			BuildScriptInfoCaches (32ms)
			ResolveRequiredComponents (4ms)
	FinalizeReload (740ms)
		SetupLoadedEditorAssemblies (0ms)
			InitializePlatformSupportModulesInManaged (4ms)
			BeforeProcessingInitializeOnLoad (167ms)
			ProcessInitializeOnLoadAttributes (145ms)
			ProcessInitializeOnLoadMethodAttributes (130ms)
			AfterProcessingInitializeOnLoad (8ms)
		AwakeInstancesAfterBackupRestoration (4ms)
Unloading 0 Unused Serialized files (Serialized files now loaded: 0)
Unloading 520 unused Assets / (15.5 KB). Loaded Objects now: 1146.
Memory consumption went from 160.6 MB to 160.6 MB.
Total: 9.176100 ms (FindLiveObjects: 0.289600 ms CreateObjectMapping: 0.167900 ms MarkObjects: 8.324000 ms  DeleteObjects: 0.391000 ms)

Prepare: number of updated asset objects reloaded= 0
========================================================================
Received Import Request.
  Time of request: 2026-07-11T19:39:43.9287433Z
  Time since last request: 736.20481219999999 seconds.
  importAddress: GUID: 5312039f7d992ba45b519fcd6bef2a62 - Path: Assets/Fondos/Nivel 1.unity - Importer: PreviewImporter
Importing 'GUID: 5312039f7d992ba45b519fcd6bef2a62 - Path: Assets/Fondos/Nivel 1.unity - Importer: PreviewImporter' with importer (PreviewImporter)
Imported 'GUID: 5312039f7d992ba45b519fcd6bef2a62' -> (Import Result ID: '224ee96cc42e3b774ce469b96ad37a04') in 0.053 seconds [static and dynamic dependencies]. Details - ImportResultOutputID=f1e949afe9b65fd7fa98a29618043365 DependenciesID=23051cc83cf56e1f049e694aa69711ea StaticDependenciesID=aafdea1ee86209f69bf686d996a13431 
Number of updated asset objects reloaded before import = 0
Number of asset objects unloaded after import = 0
========================================================================
Received Prepare
AcceleratorClientConnectionCallback - disconnected - :0
Unloading 0 Unused Serialized files (Serialized files now loaded: 0)
Unloading 0 unused Assets / (0 B). Loaded Objects now: 1146.
Memory consumption went from 161.1 MB to 161.1 MB.
Total: 39.593000 ms (FindLiveObjects: 0.589500 ms CreateObjectMapping: 0.051200 ms MarkObjects: 38.917200 ms  DeleteObjects: 0.032200 ms)

Prepare: number of updated asset objects reloaded= 0
========================================================================
Received Prepare
AcceleratorClientConnectionCallback - disconnected - :0
Begin MonoManager ReloadAssembly
[Licensing::Client] Successfully resolved entitlement details
Native extension for WindowsStandalone target not found
[Package Manager] Failed to launch server process. Reason: Unity was launched with the -noUpm command-line argument
[Package Manager] Unable to send message (not connected to server process).
[Package Manager] Cannot connect to Unity Package Manager local server
ScheduleIndexationOnStartup MainProcess:False IndexOnStartup:True
Mono: successfully reloaded assembly
- Finished resetting the current domain, in  0.669 seconds
Domain Reload Profiling: 1574ms
	BeginReloadAssembly (563ms)
		DisableScriptedObjects (36ms)
		CreateAndSetChildDomain (82ms)
	RebuildCommonClasses (14ms)
	RebuildNativeTypeToScriptingClass (28ms)
	initialDomainReloadingComplete (90ms)
	LoadAllAssembliesAndSetupDomain (206ms)
		LoadAssemblies (306ms)
		AnalyzeDomain (18ms)
			TypeCache.Refresh (10ms)
			ResolveRequiredComponents (3ms)
	FinalizeReload (673ms)
		SetupLoadedEditorAssemblies (0ms)
			InitializePlatformSupportModulesInManaged (4ms)
			BeforeProcessingInitializeOnLoad (149ms)
			ProcessInitializeOnLoadAttributes (150ms)
			ProcessInitializeOnLoadMethodAttributes (143ms)
			AfterProcessingInitializeOnLoad (12ms)
		AwakeInstancesAfterBackupRestoration (5ms)
Unloading 0 Unused Serialized files (Serialized files now loaded: 0)
Unloading 520 unused Assets / (40.9 KB). Loaded Objects now: 1146.
Memory consumption went from 161.8 MB to 161.8 MB.
Total: 7.440000 ms (FindLiveObjects: 0.380500 ms CreateObjectMapping: 0.183700 ms MarkObjects: 6.545500 ms  DeleteObjects: 0.327200 ms)

Prepare: number of updated asset objects reloaded= 0
========================================================================
Received Import Request.
  Time of request: 2026-07-11T19:40:15.8741664Z
  Time since last request: 31.8355044 seconds.
  importAddress: GUID: 6d80ddc6e593cd64db0ab2136b82fe05 - Path: Assets/Scenes/Nivel 1.unity - Importer: PreviewImporter
Importing 'GUID: 6d80ddc6e593cd64db0ab2136b82fe05 - Path: Assets/Scenes/Nivel 1.unity - Importer: PreviewImporter' with importer (PreviewImporter)
Imported 'GUID: 6d80ddc6e593cd64db0ab2136b82fe05' -> (Import Result ID: '0d9970f573fff37a4e204479304a7aa0') in 0.007 seconds [static and dynamic dependencies]. Details - ImportResultOutputID=424dc2d55e5fb3c472f9d7e3c849dd14 DependenciesID=dc62eac2144404cd8db27c395fa21de9 StaticDependenciesID=cab9aeb5d63391fcc7d79e02f6c6876a 
Number of updated asset objects reloaded before import = 0
Number of asset objects unloaded after import = 0
========================================================================
Received Import Request.
  Time of request: 2026-07-11T19:40:24.9257382Z
  Time since last request: 9.0412571 seconds.
  importAddress: GUID: f7cfa58e417a46ea8889989684c2522e - Path: Assets/TextMesh Pro/Examples & Extras/Scripts/VertexShakeA.cs - Importer: ScriptedImporter/UnityEditor.QuickSearchModule:UnityEditor.Search:ASIAI0B
Importing 'GUID: f7cfa58e417a46ea8889989684c2522e - Path: Assets/TextMesh Pro/Examples & Extras/Scripts/VertexShakeA.cs - Importer: ScriptedImporter/UnityEditor.QuickSearchModule:UnityEditor.Search:ASIAI0B' with importer (ScriptedImporter : UnityEditor.QuickSearchModule:UnityEditor.Search:ASIAI0B)
Imported 'GUID: f7cfa58e417a46ea8889989684c2522e' -> (Import Result ID: 'd5f6d23d426679eeb5437244a6df6c29') in 0.146 seconds [static and dynamic dependencies]. Details - ImportResultOutputID=e9e9990aa37b5ba4f5bb28712bb09948 DependenciesID=5d420f64e82bce73140a3e558168998d StaticDependenciesID=37a98740a80ad1e34d6293b5ad86fbc6 
Number of updated asset objects reloaded before import = 0
Number of asset objects unloaded after import = 0
========================================================================
Received Import Request.
  Time of request: 2026-07-11T19:40:25.0730485Z
  Time since last request: 0.0007534 seconds.
  importAddress: GUID: 1a7eb92a01ed499a987bde9def05fbce - Path: Assets/TextMesh Pro/Examples & Extras/Scripts/TMP_DigitValidator.cs - Importer: ScriptedImporter/UnityEditor.QuickSearchModule:UnityEditor.Search:ASIAI0B
Importing 'GUID: 1a7eb92a01ed499a987bde9def05fbce - Path: Assets/TextMesh Pro/Examples & Extras/Scripts/TMP_DigitValidator.cs - Importer: ScriptedImporter/UnityEditor.QuickSearchModule:UnityEditor.Search:ASIAI0B' with importer (ScriptedImporter : UnityEditor.QuickSearchModule:UnityEditor.Search:ASIAI0B)
Imported 'GUID: 1a7eb92a01ed499a987bde9def05fbce' -> (Import Result ID: '5fdc05268364d1b8b6ca798ffa7d55f9') in 0.008 seconds [static and dynamic dependencies]. Details - ImportResultOutputID=1580ca23f1a24f5cfc050a3d2616fe9d DependenciesID=12bec3ad2b45271508975f4f834f4c7c StaticDependenciesID=ef97ef95bc9d4250505ad63ea5cb9579 
Number of updated asset objects reloaded before import = 0
Number of asset objects unloaded after import = 0
========================================================================
Received Import Request.
  Time of request: 2026-07-11T19:40:25.0829717Z
  Time since last request: 0.0006325 seconds.
  importAddress: GUID: 9ad269c99dcf42b7aedefd83dd5a7b9d - Path: Assets/TextMesh Pro/Examples & Extras/Resources/Fonts & Materials/LiberationSans SDF - Overlay.mat - Importer: ScriptedImporter/UnityEditor.QuickSearchModule:UnityEditor.Search:ASIAI0B
Importing 'GUID: 9ad269c99dcf42b7aedefd83dd5a7b9d - Path: Assets/TextMesh Pro/Examples & Extras/Resources/Fonts & Materials/LiberationSans SDF - Overlay.mat - Importer: ScriptedImporter/UnityEditor.QuickSearchModule:UnityEditor.Search:ASIAI0B' with importer (ScriptedImporter : UnityEditor.QuickSearchModule:UnityEditor.Search:ASIAI0B)
Imported 'GUID: 9ad269c99dcf42b7aedefd83dd5a7b9d' -> (Import Result ID: '866ac352219d1ca2e610a4848c757baf') in 0.055 seconds [static and dynamic dependencies]. Details - ImportResultOutputID=24a004fe6edeed661950417f15f8563c DependenciesID=b96a171cebcd6dd04f23f9ac57799329 StaticDependenciesID=8d4fdbd435280dc30bbfaeda273478b1 
Number of updated asset objects reloaded before import = 0
Number of asset objects unloaded after import = 2
========================================================================
Received Import Request.
  Time of request: 2026-07-11T19:40:25.1394264Z
  Time since last request: 0.0006659 seconds.
  importAddress: GUID: 790744c462254b7ba8038e6ed28b3db2 - Path: Assets/TextMesh Pro/Examples & Extras/Scripts/WarpTextExample.cs - Importer: ScriptedImporter/UnityEditor.QuickSearchModule:UnityEditor.Search:ASIAI0B
Importing 'GUID: 790744c462254b7ba8038e6ed28b3db2 - Path: Assets/TextMesh Pro/Examples & Extras/Scripts/WarpTextExample.cs - Importer: ScriptedImporter/UnityEditor.QuickSearchModule:UnityEditor.Search:ASIAI0B' with importer (ScriptedImporter : UnityEditor.QuickSearchModule:UnityEditor.Search:ASIAI0B)
Imported 'GUID: 790744c462254b7ba8038e6ed28b3db2' -> (Import Result ID: 'fea46995e79b18a7564beb1bc3deced4') in 0.009 seconds [static and dynamic dependencies]. Details - ImportResultOutputID=7419af299966eb43f2920203b240820e DependenciesID=02b9df409019bff335f05552bdad9e0a StaticDependenciesID=04f485d29fb06875cc73196bab19c71a 
Number of updated asset objects reloaded before import = 0
Number of asset objects unloaded after import = 0
========================================================================
Received Import Request.
  Time of request: 2026-07-11T19:40:25.1499591Z
  Time since last request: 0.0010049 seconds.
  importAddress: GUID: fdad9d952ae84cafb74c63f2e694d042 - Path: Assets/TextMesh Pro/Examples & Extras/Prefabs/TextMeshPro - Prefab 2.prefab - Importer: ScriptedImporter/UnityEditor.QuickSearchModule:UnityEditor.Search:ASIAI0B
Importing 'GUID: fdad9d952ae84cafb74c63f2e694d042 - Path: Assets/TextMesh Pro/Examples & Extras/Prefabs/TextMeshPro - Prefab 2.prefab - Importer: ScriptedImporter/UnityEditor.QuickSearchModule:UnityEditor.Search:ASIAI0B' with importer (ScriptedImporter : UnityEditor.QuickSearchModule:UnityEditor.Search:ASIAI0B)
Imported 'GUID: fdad9d952ae84cafb74c63f2e694d042' -> (Import Result ID: '846efabaf109dfe610f21320ca703908') in 0.198 seconds [static and dynamic dependencies]. Details - ImportResultOutputID=f7bcd111b256f50a194088c901291b91 DependenciesID=b4de0a27c51ffdfcff1fd7deeb23d393 StaticDependenciesID=aa18c46b8bb768d59e0e46b0e29a8cc1 
Number of updated asset objects reloaded before import = 0
Number of asset objects unloaded after import = 16
========================================================================
Received Import Request.
  Time of request: 2026-07-11T19:40:25.3495884Z
  Time since last request: 0.0002832 seconds.
  importAddress: GUID: 6250f98e58fe4abbaada5d84b7ca846d - Path: Assets/TextMesh Pro/Examples & Extras/Scenes/22 - Basic Scripting Example.unity - Importer: ScriptedImporter/UnityEditor.QuickSearchModule:UnityEditor.Search:ASIAI0B
Importing 'GUID: 6250f98e58fe4abbaada5d84b7ca846d - Path: Assets/TextMesh Pro/Examples & Extras/Scenes/22 - Basic Scripting Example.unity - Importer: ScriptedImporter/UnityEditor.QuickSearchModule:UnityEditor.Search:ASIAI0B' with importer (ScriptedImporter : UnityEditor.QuickSearchModule:UnityEditor.Search:ASIAI0B)
Imported 'GUID: 6250f98e58fe4abbaada5d84b7ca846d' -> (Import Result ID: 'f0152451c1e38edfa013fb0b0e3b7313') in 0.010 seconds [static and dynamic dependencies]. Details - ImportResultOutputID=c30583073b92d446fb6e6d21223ce65c DependenciesID=3f7396e2caaa6232b03be7bfd610d1ee StaticDependenciesID=54bd1e0c0ecf05f40cc5518ebbca7546 
Number of updated asset objects reloaded before import = 0
Number of asset objects unloaded after import = 1
========================================================================
Received Import Request.
  Time of request: 2026-07-11T19:40:25.3609758Z
  Time since last request: 0.0006527 seconds.
  importAddress: GUID: 24b0dc2d1d494adbbec1f4db26b4cf83 - Path: Assets/TextMesh Pro/Examples & Extras/Scripts/TMP_UiFrameRateCounter.cs - Importer: ScriptedImporter/UnityEditor.QuickSearchModule:UnityEditor.Search:ASIAI0B
Importing 'GUID: 24b0dc2d1d494adbbec1f4db26b4cf83 - Path: Assets/TextMesh Pro/Examples & Extras/Scripts/TMP_UiFrameRateCounter.cs - Importer: ScriptedImporter/UnityEditor.QuickSearchModule:UnityEditor.Search:ASIAI0B' with importer (ScriptedImporter : UnityEditor.QuickSearchModule:UnityEditor.Search:ASIAI0B)
Imported 'GUID: 24b0dc2d1d494adbbec1f4db26b4cf83' -> (Import Result ID: '3781d55acc30e76ac98633f52f9fd136') in 0.007 seconds [static and dynamic dependencies]. Details - ImportResultOutputID=f00bf2872506053551b5ff4fdab6c278 DependenciesID=66c30f90869bba09736252cc131466ee StaticDependenciesID=b47bf0fa691a4542064a05d03d9c58bc 
Number of updated asset objects reloaded before import = 0
Number of asset objects unloaded after import = 0
========================================================================
Received Import Request.
  Time of request: 2026-07-11T19:40:25.3695677Z
  Time since last request: 0.0004706 seconds.
  importAddress: GUID: f0303f887b8fa7243a51432c478ff2f3 - Path: Assets/TextMesh Pro/Examples & Extras/Fonts/Roboto-Bold - License.txt - Importer: ScriptedImporter/UnityEditor.QuickSearchModule:UnityEditor.Search:ASIAI0B
Importing 'GUID: f0303f887b8fa7243a51432c478ff2f3 - Path: Assets/TextMesh Pro/Examples & Extras/Fonts/Roboto-Bold - License.txt - Importer: ScriptedImporter/UnityEditor.QuickSearchModule:UnityEditor.Search:ASIAI0B' with importer (ScriptedImporter : UnityEditor.QuickSearchModule:UnityEditor.Search:ASIAI0B)
Imported 'GUID: f0303f887b8fa7243a51432c478ff2f3' -> (Import Result ID: '899d0ff413e0ae0133b03af9cde9df34') in 0.008 seconds [static and dynamic dependencies]. Details - ImportResultOutputID=f27da05db1de0a16d6c50c80b048f0dc DependenciesID=dda5bb4aa5e0c6b7ee7c850344493374 StaticDependenciesID=e0b47f405b3f61e72e73e8d5f15ada7f 
Number of updated asset objects reloaded before import = 0
Number of asset objects unloaded after import = 1
========================================================================
Received Import Request.
  Time of request: 2026-07-11T19:40:25.3787995Z
  Time since last request: 0.0010068 seconds.
  importAddress: GUID: e6b276ec991f467aa14ef1f3cc665993 - Path: Assets/TextMesh Pro/Examples & Extras/Resources/Fonts & Materials/Roboto-Bold SDF - Surface.mat - Importer: ScriptedImporter/UnityEditor.QuickSearchModule:UnityEditor.Search:ASIAI0B
Importing 'GUID: e6b276ec991f467aa14ef1f3cc665993 - Path: Assets/TextMesh Pro/Examples & Extras/Resources/Fonts & Materials/Roboto-Bold SDF - Surface.mat - Importer: ScriptedImporter/UnityEditor.QuickSearchModule:UnityEditor.Search:ASIAI0B' with importer (ScriptedImporter : UnityEditor.QuickSearchModule:UnityEditor.Search:ASIAI0B)
Imported 'GUID: e6b276ec991f467aa14ef1f3cc665993' -> (Import Result ID: 'b26aeab9e80690540fb624491b2e3400') in 0.023 seconds [static and dynamic dependencies]. Details - ImportResultOutputID=b8f1285be22411c9c2f67e7f496c1b9e DependenciesID=ccdd7889792e05caea85a1ac28437c75 StaticDependenciesID=aaf16d7e92e1ac963c6a6259cfc22d3f 
Number of updated asset objects reloaded before import = 0
Number of asset objects unloaded after import = 2
========================================================================
Received Import Request.
  Time of request: 2026-07-11T19:40:25.4035246Z
  Time since last request: 0.0006388 seconds.
  importAddress: GUID: c9adb1f542a93ae489bacfeae21e8394 - Path: Assets/TextMesh Pro/Examples & Extras/Resources/Fonts & Materials/Unity SDF.asset - Importer: ScriptedImporter/UnityEditor.QuickSearchModule:UnityEditor.Search:ASIAI0B
Importing 'GUID: c9adb1f542a93ae489bacfeae21e8394 - Path: Assets/TextMesh Pro/Examples & Extras/Resources/Fonts & Materials/Unity SDF.asset - Importer: ScriptedImporter/UnityEditor.QuickSearchModule:UnityEditor.Search:ASIAI0B' with importer (ScriptedImporter : UnityEditor.QuickSearchModule:UnityEditor.Search:ASIAI0B)
Imported 'GUID: c9adb1f542a93ae489bacfeae21e8394' -> (Import Result ID: '9605da6de95667a898d97718ac1711fb') in 0.064 seconds [static and dynamic dependencies]. Details - ImportResultOutputID=743e2c790497c56e4de7c6c76a9522b1 DependenciesID=ff70440acea63e1739f9aede2966fe03 StaticDependenciesID=aa7f789565a79a981d78b6e72b18189c 
Number of updated asset objects reloaded before import = 0
Number of asset objects unloaded after import = 3
========================================================================
Received Import Request.
  Time of request: 2026-07-11T19:40:25.4686477Z
  Time since last request: 0.0004582 seconds.
  importAddress: GUID: 701e577af2ba48b689972d42efb95456 - Path: Assets/TextMesh Pro/Examples & Extras/Sprites - Importer: ScriptedImporter/UnityEditor.QuickSearchModule:UnityEditor.Search:ASIAI0B
Importing 'GUID: 701e577af2ba48b689972d42efb95456 - Path: Assets/TextMesh Pro/Examples & Extras/Sprites - Importer: ScriptedImporter/UnityEditor.QuickSearchModule:UnityEditor.Search:ASIAI0B' with importer (ScriptedImporter : UnityEditor.QuickSearchModule:UnityEditor.Search:ASIAI0B)
Imported 'GUID: 701e577af2ba48b689972d42efb95456' -> (Import Result ID: '3ebe7f136cae813d1c1bbd0d2d2db27f') in 0.008 seconds [static and dynamic dependencies]. Details - ImportResultOutputID=dfe4d13c9589be8c057beba2c436fdec DependenciesID=735e44e9297af44c80fdf313abda3ada StaticDependenciesID=6a26ac00481dd53e2057a1a0930a8c57 
Number of updated asset objects reloaded before import = 0
Number of asset objects unloaded after import = 1
========================================================================
Received Import Request.
  Time of request: 2026-07-11T19:40:25.4776576Z
  Time since last request: 0.0008561 seconds.
  importAddress: GUID: 03ec435d4b7140e9b2d87f79136d8374 - Path: Assets/TextMesh Pro/Examples & Extras/Scenes/07 - Superscript & Subscript Example.unity - Importer: ScriptedImporter/UnityEditor.QuickSearchModule:UnityEditor.Search:ASIAI0B
Importing 'GUID: 03ec435d4b7140e9b2d87f79136d8374 - Path: Assets/TextMesh Pro/Examples & Extras/Scenes/07 - Superscript & Subscript Example.unity - Importer: ScriptedImporter/UnityEditor.QuickSearchModule:UnityEditor.Search:ASIAI0B' with importer (ScriptedImporter : UnityEditor.QuickSearchModule:UnityEditor.Search:ASIAI0B)
Imported 'GUID: 03ec435d4b7140e9b2d87f79136d8374' -> (Import Result ID: '9d44ee5834fa3e3aee7d094601656578') in 0.010 seconds [static and dynamic dependencies]. Details - ImportResultOutputID=a2bcd1ca73d8f5b83fc1a8adf1fd6291 DependenciesID=bc4b5102d63186890080453bf02b4fd8 StaticDependenciesID=ed7a0b1c5a202c6dbc7e0d17b66c11f4 
Number of updated asset objects reloaded before import = 0
Number of asset objects unloaded after import = 1
========================================================================
Received Import Request.
  Time of request: 2026-07-11T19:40:25.4883456Z
  Time since last request: 0.0004244 seconds.
  importAddress: GUID: 54e994244b4b467e8583cf2da6dcc716 - Path: Assets/TextMesh Pro/Examples & Extras/Scenes/23 - Animating Vertex Attributes.unity - Importer: ScriptedImporter/UnityEditor.QuickSearchModule:UnityEditor.Search:ASIAI0B
Importing 'GUID: 54e994244b4b467e8583cf2da6dcc716 - Path: Assets/TextMesh Pro/Examples & Extras/Scenes/23 - Animating Vertex Attributes.unity - Importer: ScriptedImporter/UnityEditor.QuickSearchModule:UnityEditor.Search:ASIAI0B' with importer (ScriptedImporter : UnityEditor.QuickSearchModule:UnityEditor.Search:ASIAI0B)
Imported 'GUID: 54e994244b4b467e8583cf2da6dcc716' -> (Import Result ID: 'd7269d8b0a2c11d9f162c1cab833252b') in 0.010 seconds [static and dynamic dependencies]. Details - ImportResultOutputID=a59a60c83f225dbe2dbceb2492a7ce66 DependenciesID=b3383340e672da8241b7708557c1c1ab StaticDependenciesID=fed9c74975370e0f2d01d7ed209a20b6 
Number of updated asset objects reloaded before import = 0
Number of asset objects unloaded after import = 1
========================================================================
Received Import Request.
  Time of request: 2026-07-11T19:40:25.4998692Z
  Time since last request: 0.0009718 seconds.
  importAddress: GUID: 4f1e85c79acf49968737939ce8b445c7 - Path: Assets/TextMesh Pro/Examples & Extras/Resources/Fonts & Materials - Importer: ScriptedImporter/UnityEditor.QuickSearchModule:UnityEditor.Search:ASIAI0B
Importing 'GUID: 4f1e85c79acf49968737939ce8b445c7 - Path: Assets/TextMesh Pro/Examples & Extras/Resources/Fonts & Materials - Importer: ScriptedImporter/UnityEditor.QuickSearchModule:UnityEditor.Search:ASIAI0B' with importer (ScriptedImporter : UnityEditor.QuickSearchModule:UnityEditor.Search:ASIAI0B)
Imported 'GUID: 4f1e85c79acf49968737939ce8b445c7' -> (Import Result ID: '2e7c8295651a53af2a80ccf44b6b316c') in 0.006 seconds [static and dynamic dependencies]. Details - ImportResultOutputID=a8d26a1a8bd47a4c889dc113952d26dc DependenciesID=fb1e92b86dcbe9b2736905c67dc012ad StaticDependenciesID=06aa81c6bd71e688744b5a34172484af 
Number of updated asset objects reloaded before import = 0
Number of asset objects unloaded after import = 1
========================================================================
Received Import Request.
  Time of request: 2026-07-11T19:40:25.5076341Z
  Time since last request: 0.0005583 seconds.
  importAddress: GUID: 103e0a6a1d404693b9fb1a5173e0e979 - Path: Assets/TextMesh Pro/Examples & Extras/Scripts/TMP_TextSelector_A.cs - Importer: ScriptedImporter/UnityEditor.QuickSearchModule:UnityEditor.Search:ASIAI0B
Importing 'GUID: 103e0a6a1d404693b9fb1a5173e0e979 - Path: Assets/TextMesh Pro/Examples & Extras/Scripts/TMP_TextSelector_A.cs - Importer: ScriptedImporter/UnityEditor.QuickSearchModule:UnityEditor.Search:ASIAI0B' with importer (ScriptedImporter : UnityEditor.QuickSearchModule:UnityEditor.Search:ASIAI0B)
Imported 'GUID: 103e0a6a1d404693b9fb1a5173e0e979' -> (Import Result ID: '0e9e81dd82e60d864662a0e7d76f7ada') in 0.007 seconds [static and dynamic dependencies]. Details - ImportResultOutputID=37c73ec5501b049c6d4e77d46d9b7be8 DependenciesID=9eef71aa3a0674ab5f9728d983e2f6c2 StaticDependenciesID=bac1d55eacb8b10d7164cc06370e811d 
Number of updated asset objects reloaded before import = 0
Number of asset objects unloaded after import = 0
========================================================================
Received Import Request.
  Time of request: 2026-07-11T19:40:25.5160859Z
  Time since last request: 0.0005577 seconds.
  importAddress: GUID: 10c49fcd9c64421db7c0133e61e55f97 - Path: Assets/TextMesh Pro/Examples & Extras/Textures/Wipe Pattern - Circle.psd - Importer: ScriptedImporter/UnityEditor.QuickSearchModule:UnityEditor.Search:ASIAI0B
Importing 'GUID: 10c49fcd9c64421db7c0133e61e55f97 - Path: Assets/TextMesh Pro/Examples & Extras/Textures/Wipe Pattern - Circle.psd - Importer: ScriptedImporter/UnityEditor.QuickSearchModule:UnityEditor.Search:ASIAI0B' with importer (ScriptedImporter : UnityEditor.QuickSearchModule:UnityEditor.Search:ASIAI0B)
Imported 'GUID: 10c49fcd9c64421db7c0133e61e55f97' -> (Import Result ID: 'ccf7a42c8843a0c890018a05cca9e77d') in 0.046 seconds [static and dynamic dependencies]. Details - ImportResultOutputID=d23bcf2fafc6d9b4874cf19482ee6f98 DependenciesID=0de596950aba891cc38e8a0c1c839c2a StaticDependenciesID=2355d89c63c563ae46030d028905aedf 
Number of updated asset objects reloaded before import = 0
Number of asset objects unloaded after import = 1
========================================================================
Received Import Request.
  Time of request: 2026-07-11T19:40:25.5638783Z
  Time since last request: 0.0007715 seconds.
  importAddress: GUID: c719e38f25a9480abd2480ab621a2949 - Path: Assets/TextMesh Pro/Examples & Extras/Materials/Ground - Logo Scene.mat - Importer: ScriptedImporter/UnityEditor.QuickSearchModule:UnityEditor.Search:ASIAI0B
Importing 'GUID: c719e38f25a9480abd2480ab621a2949 - Path: Assets/TextMesh Pro/Examples & Extras/Materials/Ground - Logo Scene.mat - Importer: ScriptedImporter/UnityEditor.QuickSearchModule:UnityEditor.Search:ASIAI0B' with importer (ScriptedImporter : UnityEditor.QuickSearchModule:UnityEditor.Search:ASIAI0B)
Imported 'GUID: c719e38f25a9480abd2480ab621a2949' -> (Import Result ID: '9ad88569ad4ee6764e1215bda3f375d2') in 0.110 seconds [static and dynamic dependencies]. Details - ImportResultOutputID=bdc2f2ebaeb1880e9a267fdc783deec7 DependenciesID=10c0f8a3157c35a09441858bfe3dfc3f StaticDependenciesID=db8ced649615ff387ea2ab738a43d850 
Number of updated asset objects reloaded before import = 0
Number of asset objects unloaded after import = 2
========================================================================
Received Import Request.
  Time of request: 2026-07-11T19:40:25.6760331Z
  Time since last request: 0.0007136 seconds.
  importAddress: GUID: 9442cda25baa4a0bb544c4d095b00caa - Path: Assets/TextMesh Pro/Examples & Extras/Scenes/16 - Linked text overflow mode example.unity - Importer: ScriptedImporter/UnityEditor.QuickSearchModule:UnityEditor.Search:ASIAI0B
Importing 'GUID: 9442cda25baa4a0bb544c4d095b00caa - Path: Assets/TextMesh Pro/Examples & Extras/Scenes/16 - Linked text overflow mode example.unity - Importer: ScriptedImporter/UnityEditor.QuickSearchModule:UnityEditor.Search:ASIAI0B' with importer (ScriptedImporter : UnityEditor.QuickSearchModule:UnityEditor.Search:ASIAI0B)
Imported 'GUID: 9442cda25baa4a0bb544c4d095b00caa' -> (Import Result ID: '843f8572b1bea145ad3f24b11ed88b5d') in 0.014 seconds [static and dynamic dependencies]. Details - ImportResultOutputID=2c365ea81352db02d4bb9a0e02205169 DependenciesID=27ea5d101223f8239f17c3062583a757 StaticDependenciesID=a86d45b4421f21a9c347f1342b331372 
Number of updated asset objects reloaded before import = 0
Number of asset objects unloaded after import = 1
========================================================================
Received Import Request.
  Time of request: 2026-07-11T19:40:25.6915114Z
  Time since last request: 0.0004168 seconds.
  importAddress: GUID: a0fc465d6cf04254a2938578735e2383 - Path: Assets/TextMesh Pro/Examples & Extras/Sprites/Default Sprites.png - Importer: ScriptedImporter/UnityEditor.QuickSearchModule:UnityEditor.Search:ASIAI0B
Importing 'GUID: a0fc465d6cf04254a2938578735e2383 - Path: Assets/TextMesh Pro/Examples & Extras/Sprites/Default Sprites.png - Importer: ScriptedImporter/UnityEditor.QuickSearchModule:UnityEditor.Search:ASIAI0B' with importer (ScriptedImporter : UnityEditor.QuickSearchModule:UnityEditor.Search:ASIAI0B)
Imported 'GUID: a0fc465d6cf04254a2938578735e2383' -> (Import Result ID: 'b4a5fd0cdd60420a220246fa1c5b52ee') in 0.017 seconds [static and dynamic dependencies]. Details - ImportResultOutputID=8584b900e4fa3be19adf2d70d7889455 DependenciesID=be0b79ca51e8478b17618a2b5c06d87d StaticDependenciesID=f42646c30db22bdd82e4eb776dde2ea6 
Number of updated asset objects reloaded before import = 0
Number of asset objects unloaded after import = 1
========================================================================
Received Import Request.
  Time of request: 2026-07-11T19:40:25.7096479Z
  Time since last request: 0.0006189 seconds.
  importAddress: GUID: 3ac6db30e75b49b282a3564110579f27 - Path: Assets/TextMesh Pro/Examples & Extras/Resources/Sprite Assets - Importer: ScriptedImporter/UnityEditor.QuickSearchModule:UnityEditor.Search:ASIAI0B
Importing 'GUID: 3ac6db30e75b49b282a3564110579f27 - Path: Assets/TextMesh Pro/Examples & Extras/Resources/Sprite Assets - Importer: ScriptedImporter/UnityEditor.QuickSearchModule:UnityEditor.Search:ASIAI0B' with importer (ScriptedImporter : UnityEditor.QuickSearchModule:UnityEditor.Search:ASIAI0B)
Imported 'GUID: 3ac6db30e75b49b282a3564110579f27' -> (Import Result ID: '41379b2c99dd83ccb15b53b465e1011d') in 0.011 seconds [static and dynamic dependencies]. Details - ImportResultOutputID=567c14cd4f643d3f01462e8bcaafd23b DependenciesID=c4bdb0edf6cd0a5d386e87be52448265 StaticDependenciesID=b9178274e6972e55b61451445e765740 
Number of updated asset objects reloaded before import = 0
Number of asset objects unloaded after import = 1
========================================================================
Received Import Request.
  Time of request: 2026-07-11T19:40:25.7225045Z
  Time since last request: 0.0006053 seconds.
  importAddress: GUID: d2cf87a8a7a94aa8b80dff1c807c1178 - Path: Assets/TextMesh Pro/Examples & Extras/Fonts/Oswald-Bold - OFL.txt - Importer: ScriptedImporter/UnityEditor.QuickSearchModule:UnityEditor.Search:ASIAI0B
Importing 'GUID: d2cf87a8a7a94aa8b80dff1c807c1178 - Path: Assets/TextMesh Pro/Examples & Extras/Fonts/Oswald-Bold - OFL.txt - Importer: ScriptedImporter/UnityEditor.QuickSearchModule:UnityEditor.Search:ASIAI0B' with importer (ScriptedImporter : UnityEditor.QuickSearchModule:UnityEditor.Search:ASIAI0B)
Imported 'GUID: d2cf87a8a7a94aa8b80dff1c807c1178' -> (Import Result ID: 'caec6f51265125f497c3514f6594e75c') in 0.009 seconds [static and dynamic dependencies]. Details - ImportResultOutputID=e2381d8091bb6adba6db163e3f59023d DependenciesID=3e3616171b8981e9f436ce0ec05014f2 StaticDependenciesID=a1a296a8cce95ca10e4fedef49e7cc97 
Number of updated asset objects reloaded before import = 0
Number of asset objects unloaded after import = 1
========================================================================
Received Import Request.
  Time of request: 2026-07-11T19:40:25.7324662Z
  Time since last request: 0.0006106 seconds.
  importAddress: GUID: c3f814e1d12c45568daf3dd9a86a0e61 - Path: Assets/TextMesh Pro/Examples & Extras/Scenes/10 - Bullets & Numbered List Example.unity - Importer: ScriptedImporter/UnityEditor.QuickSearchModule:UnityEditor.Search:ASIAI0B
Importing 'GUID: c3f814e1d12c45568daf3dd9a86a0e61 - Path: Assets/TextMesh Pro/Examples & Extras/Scenes/10 - Bullets & Numbered List Example.unity - Importer: ScriptedImporter/UnityEditor.QuickSearchModule:UnityEditor.Search:ASIAI0B' with importer (ScriptedImporter : UnityEditor.QuickSearchModule:UnityEditor.Search:ASIAI0B)
Imported 'GUID: c3f814e1d12c45568daf3dd9a86a0e61' -> (Import Result ID: '16fd677df82f9c6ad93b26cf5670e4a9') in 0.011 seconds [static and dynamic dependencies]. Details - ImportResultOutputID=2f81b03e65212e6b5ced782461ee8b16 DependenciesID=cd70eeb7094e5f53b1354ff30a941502 StaticDependenciesID=92271f77539657098fca485f7ef113e5 
Number of updated asset objects reloaded before import = 0
Number of asset objects unloaded after import = 1
========================================================================
Received Import Request.
  Time of request: 2026-07-11T19:40:25.7447738Z
  Time since last request: 0.0005588 seconds.
  importAddress: GUID: d412675cfb3441efa3bf8dcd9b7624dc - Path: Assets/TextMesh Pro/Examples & Extras/Scripts/SkewTextExample.cs - Importer: ScriptedImporter/UnityEditor.QuickSearchModule:UnityEditor.Search:ASIAI0B
Importing 'GUID: d412675cfb3441efa3bf8dcd9b7624dc - Path: Assets/TextMesh Pro/Examples & Extras/Scripts/SkewTextExample.cs - Importer: ScriptedImporter/UnityEditor.QuickSearchModule:UnityEditor.Search:ASIAI0B' with importer (ScriptedImporter : UnityEditor.QuickSearchModule:UnityEditor.Search:ASIAI0B)
Imported 'GUID: d412675cfb3441efa3bf8dcd9b7624dc' -> (Import Result ID: '0eef635cea5f44a020067d92569de985') in 0.009 seconds [static and dynamic dependencies]. Details - ImportResultOutputID=4a42e3e17794750b2985c56ef4e97b52 DependenciesID=6454dc36fe4db609c2867ecad97de063 StaticDependenciesID=e990ceafa7a6a4642b0ad549479302b1 
Number of updated asset objects reloaded before import = 0
Number of asset objects unloaded after import = 0
========================================================================
Received Import Request.
  Time of request: 2026-07-11T19:40:25.7553025Z
  Time since last request: 0.0007602 seconds.
  importAddress: GUID: eea2b7206368b444e84fbec4ec32b64a - Path: Assets/TextMesh Pro/Examples & Extras/Scenes/28 - HDRP Shader Example.unity - Importer: ScriptedImporter/UnityEditor.QuickSearchModule:UnityEditor.Search:ASIAI0B
Importing 'GUID: eea2b7206368b444e84fbec4ec32b64a - Path: Assets/TextMesh Pro/Examples & Extras/Scenes/28 - HDRP Shader Example.unity - Importer: ScriptedImporter/UnityEditor.QuickSearchModule:UnityEditor.Search:ASIAI0B' with importer (ScriptedImporter : UnityEditor.QuickSearchModule:UnityEditor.Search:ASIAI0B)
Imported 'GUID: eea2b7206368b444e84fbec4ec32b64a' -> (Import Result ID: '0cdf0449054f5b61a14f336199b8058f') in 0.012 seconds [static and dynamic dependencies]. Details - ImportResultOutputID=fb752024d1ceaaaaf7a9cd6b5cc26585 DependenciesID=87720acaff39feeed562860485fe6ecd StaticDependenciesID=4886db3155415225ff0373bbce242f74 
Number of updated asset objects reloaded before import = 0
Number of asset objects unloaded after import = 1
========================================================================
Received Import Request.
  Time of request: 2026-07-11T19:40:25.7682935Z
  Time since last request: 0.0007866 seconds.
  importAddress: GUID: 5808953df7a24274a851aa6dee52d30e - Path: Assets/TextMesh Pro/Examples & Extras/Materials - Importer: ScriptedImporter/UnityEditor.QuickSearchModule:UnityEditor.Search:ASIAI0B
Importing 'GUID: 5808953df7a24274a851aa6dee52d30e - Path: Assets/TextMesh Pro/Examples & Extras/Materials - Importer: ScriptedImporter/UnityEditor.QuickSearchModule:UnityEditor.Search:ASIAI0B' with importer (ScriptedImporter : UnityEditor.QuickSearchModule:UnityEditor.Search:ASIAI0B)
Imported 'GUID: 5808953df7a24274a851aa6dee52d30e' -> (Import Result ID: 'c6919108144ed279b40719d9db70c1a6') in 0.011 seconds [static and dynamic dependencies]. Details - ImportResultOutputID=7941511ec87bde573ae9909bf9369f51 DependenciesID=f5b6ae30192cc020005cc3794b67c87c StaticDependenciesID=45fc80d006815cad89599a266adcbc43 
Number of updated asset objects reloaded before import = 0
Number of asset objects unloaded after import = 1
========================================================================
Received Import Request.
  Time of request: 2026-07-11T19:40:25.7805168Z
  Time since last request: 0.0005927 seconds.
  importAddress: GUID: 6f2c5b59b6874405865e2616e4ec276a - Path: Assets/TextMesh Pro/Examples & Extras/Scripts/TMP_ExampleScript_01.cs - Importer: ScriptedImporter/UnityEditor.QuickSearchModule:UnityEditor.Search:ASIAI0B
Importing 'GUID: 6f2c5b59b6874405865e2616e4ec276a - Path: Assets/TextMesh Pro/Examples & Extras/Scripts/TMP_ExampleScript_01.cs - Importer: ScriptedImporter/UnityEditor.QuickSearchModule:UnityEditor.Search:ASIAI0B' with importer (ScriptedImporter : UnityEditor.QuickSearchModule:UnityEditor.Search:ASIAI0B)
Imported 'GUID: 6f2c5b59b6874405865e2616e4ec276a' -> (Import Result ID: 'bffbce38c45677786f9c3ff8165a684b') in 0.007 seconds [static and dynamic dependencies]. Details - ImportResultOutputID=cf58c5a556480b7cb042414fe853546c DependenciesID=8c921fe0eea35b816f28042f80612dd1 StaticDependenciesID=e5d04899be3a56c1dafa5ff72b9c4e27 
Number of updated asset objects reloaded before import = 0
Number of asset objects unloaded after import = 0
========================================================================
Received Import Request.
  Time of request: 2026-07-11T19:40:25.7889851Z
  Time since last request: 0.0007764 seconds.
  importAddress: GUID: 21256c5b62f346f18640dad779911e20 - Path: Assets/TextMesh Pro/Examples & Extras/Scripts/TMP_TextInfoDebugTool.cs - Importer: ScriptedImporter/UnityEditor.QuickSearchModule:UnityEditor.Search:ASIAI0B
Importing 'GUID: 21256c5b62f346f18640dad779911e20 - Path: Assets/TextMesh Pro/Examples & Extras/Scripts/TMP_TextInfoDebugTool.cs - Importer: ScriptedImporter/UnityEditor.QuickSearchModule:UnityEditor.Search:ASIAI0B' with importer (ScriptedImporter : UnityEditor.QuickSearchModule:UnityEditor.Search:ASIAI0B)
Imported 'GUID: 21256c5b62f346f18640dad779911e20' -> (Import Result ID: 'ef65534fbcb48d5376c50b18af3c660b') in 0.009 seconds [static and dynamic dependencies]. Details - ImportResultOutputID=3c1a371b26d656bbc59f793aa203c42a DependenciesID=4bae4da5331546cad818b82b7c96b849 StaticDependenciesID=6cb67457161bc8b68a938f34a12afb74 
Number of updated asset objects reloaded before import = 0
Number of asset objects unloaded after import = 0
========================================================================
Received Import Request.
  Time of request: 2026-07-11T19:40:25.799717Z
  Time since last request: 0.0007151 seconds.
  importAddress: GUID: 22262639920f43d6be32430e4e58350d - Path: Assets/TextMesh Pro/Examples & Extras/Materials/Small Crate_diffuse.mat - Importer: ScriptedImporter/UnityEditor.QuickSearchModule:UnityEditor.Search:ASIAI0B
Importing 'GUID: 22262639920f43d6be32430e4e58350d - Path: Assets/TextMesh Pro/Examples & Extras/Materials/Small Crate_diffuse.mat - Importer: ScriptedImporter/UnityEditor.QuickSearchModule:UnityEditor.Search:ASIAI0B' with importer (ScriptedImporter : UnityEditor.QuickSearchModule:UnityEditor.Search:ASIAI0B)
Imported 'GUID: 22262639920f43d6be32430e4e58350d' -> (Import Result ID: '5f349424b0c546f0e15235c3695b87b2') in 0.014 seconds [static and dynamic dependencies]. Details - ImportResultOutputID=d08f965b7a00cb84e8055b0418217c88 DependenciesID=5a27f6adb037afa44c4a695797c27ca2 StaticDependenciesID=bc29d9db99940f20ef94697d5e663d86 
Number of updated asset objects reloaded before import = 0
Number of asset objects unloaded after import = 3
========================================================================
Received Import Request.
  Time of request: 2026-07-11T19:40:25.8151782Z
  Time since last request: 0.0006102 seconds.
  importAddress: GUID: a4b6f99e8bc54541bbd149b014ff441c - Path: Assets/TextMesh Pro/Examples & Extras/Scripts/EnvMapAnimator.cs - Importer: ScriptedImporter/UnityEditor.QuickSearchModule:UnityEditor.Search:ASIAI0B
Importing 'GUID: a4b6f99e8bc54541bbd149b014ff441c - Path: Assets/TextMesh Pro/Examples & Extras/Scripts/EnvMapAnimator.cs - Importer: ScriptedImporter/UnityEditor.QuickSearchModule:UnityEditor.Search:ASIAI0B' with importer (ScriptedImporter : UnityEditor.QuickSearchModule:UnityEditor.Search:ASIAI0B)
Imported 'GUID: a4b6f99e8bc54541bbd149b014ff441c' -> (Import Result ID: 'bb55e15cebd80b45006db7c066ec51a3') in 0.008 seconds [static and dynamic dependencies]. Details - ImportResultOutputID=eb27055d0de7e9b5c00d354055a169c4 DependenciesID=5c4ac839ef6b2acb48c695b495cc4ca3 StaticDependenciesID=95302fbc43624e13e1222234c2f552cd 
Number of updated asset objects reloaded before import = 0
Number of asset objects unloaded after import = 0
========================================================================
Received Import Request.
  Time of request: 2026-07-11T19:40:25.8245388Z
  Time since last request: 0.0003931 seconds.
  importAddress: GUID: 8b29aaa3eec7468097ff07adfcf29ac9 - Path: Assets/TextMesh Pro/Examples & Extras/Resources/Fonts & Materials/LiberationSans SDF - Metalic Green.mat - Importer: ScriptedImporter/UnityEditor.QuickSearchModule:UnityEditor.Search:ASIAI0B
Importing 'GUID: 8b29aaa3eec7468097ff07adfcf29ac9 - Path: Assets/TextMesh Pro/Examples & Extras/Resources/Fonts & Materials/LiberationSans SDF - Metalic Green.mat - Importer: ScriptedImporter/UnityEditor.QuickSearchModule:UnityEditor.Search:ASIAI0B' with importer (ScriptedImporter : UnityEditor.QuickSearchModule:UnityEditor.Search:ASIAI0B)
Imported 'GUID: 8b29aaa3eec7468097ff07adfcf29ac9' -> (Import Result ID: 'fe3dbe9210dba662e84882af07378a99') in 0.032 seconds [static and dynamic dependencies]. Details - ImportResultOutputID=1bdfe927ccd34ce4a114b508c0f90dc6 DependenciesID=8a5e05ec1bdc85f59d4a750e1c0a0752 StaticDependenciesID=26fd20b3906adf5c4c24a25caf5ffb63 
Number of updated asset objects reloaded before import = 0
Number of asset objects unloaded after import = 4
========================================================================
Received Import Request.
  Time of request: 2026-07-11T19:40:25.8581518Z
  Time since last request: 0.0007679 seconds.
  importAddress: GUID: 875684baf40f4d008ce806d03e2a81b2 - Path: Assets/TextMesh Pro/Examples & Extras/Scenes/13 - Soft Hyphenation.unity - Importer: ScriptedImporter/UnityEditor.QuickSearchModule:UnityEditor.Search:ASIAI0B
Importing 'GUID: 875684baf40f4d008ce806d03e2a81b2 - Path: Assets/TextMesh Pro/Examples & Extras/Scenes/13 - Soft Hyphenation.unity - Importer: ScriptedImporter/UnityEditor.QuickSearchModule:UnityEditor.Search:ASIAI0B' with importer (ScriptedImporter : UnityEditor.QuickSearchModule:UnityEditor.Search:ASIAI0B)
Imported 'GUID: 875684baf40f4d008ce806d03e2a81b2' -> (Import Result ID: '3f7c3fdd4a67bc715de8f7760f8549b3') in 0.010 seconds [static and dynamic dependencies]. Details - ImportResultOutputID=0998d0f2f9c5f4c3a96be5e2aae47ca7 DependenciesID=8b8d41f4b8002697a309e862648b4ccb StaticDependenciesID=00314652372ba22df0cef1b3a73ddf14 
Number of updated asset objects reloaded before import = 0
Number of asset objects unloaded after import = 1
========================================================================
Received Import Request.
  Time of request: 2026-07-11T19:40:25.8700948Z
  Time since last request: 0.0003652 seconds.
  importAddress: GUID: 8d176c01131de8f46ad61094e29d79b2 - Path: Assets/TextMesh Pro/Examples & Extras/Resources/Fonts & Materials/Unity SDF - HDRP LIT - Bloom.mat - Importer: ScriptedImporter/UnityEditor.QuickSearchModule:UnityEditor.Search:ASIAI0B
Importing 'GUID: 8d176c01131de8f46ad61094e29d79b2 - Path: Assets/TextMesh Pro/Examples & Extras/Resources/Fonts & Materials/Unity SDF - HDRP LIT - Bloom.mat - Importer: ScriptedImporter/UnityEditor.QuickSearchModule:UnityEditor.Search:ASIAI0B' with importer (ScriptedImporter : UnityEditor.QuickSearchModule:UnityEditor.Search:ASIAI0B)
Imported 'GUID: 8d176c01131de8f46ad61094e29d79b2' -> (Import Result ID: 'f6b364b0fa3879be8ac2ec77e440aa5b') in 0.011 seconds [static and dynamic dependencies]. Details - ImportResultOutputID=c71f2419bb92ab651bc532c7dbaa7819 DependenciesID=c5913eb6ce4cafda2e3d33bd0aeddf38 StaticDependenciesID=2e146f6f599b6c4e045b847ecbf6a29b 
Number of updated asset objects reloaded before import = 0
Number of asset objects unloaded after import = 1
========================================================================
Received Import Request.
  Time of request: 2026-07-11T19:40:25.8829269Z
  Time since last request: 0.0005416 seconds.
  importAddress: GUID: 6e5c6d5e25574122a7a12dbdbbeed156 - Path: Assets/TextMesh Pro/Examples & Extras/Textures - Importer: ScriptedImporter/UnityEditor.QuickSearchModule:UnityEditor.Search:ASIAI0B
Importing 'GUID: 6e5c6d5e25574122a7a12dbdbbeed156 - Path: Assets/TextMesh Pro/Examples & Extras/Textures - Importer: ScriptedImporter/UnityEditor.QuickSearchModule:UnityEditor.Search:ASIAI0B' with importer (ScriptedImporter : UnityEditor.QuickSearchModule:UnityEditor.Search:ASIAI0B)
Imported 'GUID: 6e5c6d5e25574122a7a12dbdbbeed156' -> (Import Result ID: '555ac62b15a20890c6145feb6b150a99') in 0.007 seconds [static and dynamic dependencies]. Details - ImportResultOutputID=daab159cc4a3cbaa8283f8aa115d6f4a DependenciesID=38c9aaf78955243788f00ba527c1397c StaticDependenciesID=2275020766472f99df9966eb208faf2a 
Number of updated asset objects reloaded before import = 0
Number of asset objects unloaded after import = 1
========================================================================
Received Import Request.
  Time of request: 2026-07-11T19:40:25.8917238Z
  Time since last request: 0.0007197 seconds.
  importAddress: GUID: 17c350171f7a3ca479f830547c66d187 - Path: Assets/TextMesh Pro/Examples & Extras/Textures/Sunny Days - Seamless.jpg - Importer: ScriptedImporter/UnityEditor.QuickSearchModule:UnityEditor.Search:ASIAI0B
Importing 'GUID: 17c350171f7a3ca479f830547c66d187 - Path: Assets/TextMesh Pro/Examples & Extras/Textures/Sunny Days - Seamless.jpg - Importer: ScriptedImporter/UnityEditor.QuickSearchModule:UnityEditor.Search:ASIAI0B' with importer (ScriptedImporter : UnityEditor.QuickSearchModule:UnityEditor.Search:ASIAI0B)
Imported 'GUID: 17c350171f7a3ca479f830547c66d187' -> (Import Result ID: '1e5dbc4500d54ffd271eab260413ecb2') in 0.015 seconds [static and dynamic dependencies]. Details - ImportResultOutputID=db904fa717733c6bd2813c41b88d1d92 DependenciesID=2f45d69a709f18a85bde0f9c567ee157 StaticDependenciesID=3ab2418e5dfebb597bc1ef7091f605af 
Number of updated asset objects reloaded before import = 0
Number of asset objects unloaded after import = 1
========================================================================
Received Import Request.
  Time of request: 2026-07-11T19:40:25.9083194Z
  Time since last request: 0.0008027 seconds.
  importAddress: GUID: 8f7137eacd7042d5b17ef0efe5e744f5 - Path: Assets/TextMesh Pro/Examples & Extras/Scenes/04 - Word Wrapping.unity - Importer: ScriptedImporter/UnityEditor.QuickSearchModule:UnityEditor.Search:ASIAI0B
Importing 'GUID: 8f7137eacd7042d5b17ef0efe5e744f5 - Path: Assets/TextMesh Pro/Examples & Extras/Scenes/04 - Word Wrapping.unity - Importer: ScriptedImporter/UnityEditor.QuickSearchModule:UnityEditor.Search:ASIAI0B' with importer (ScriptedImporter : UnityEditor.QuickSearchModule:UnityEditor.Search:ASIAI0B)
Imported 'GUID: 8f7137eacd7042d5b17ef0efe5e744f5' -> (Import Result ID: '3dbb129e91f0cae98ec577e36c8dbf85') in 0.012 seconds [static and dynamic dependencies]. Details - ImportResultOutputID=1fac949e757f55d9c8b1651eaf24c869 DependenciesID=29fac86def542637c160dcd96a14241c StaticDependenciesID=9bea9cf6dd5c991cffbbcce36871a204 
Number of updated asset objects reloaded before import = 0
Number of asset objects unloaded after import = 1
========================================================================
Received Import Request.
  Time of request: 2026-07-11T19:40:25.9568446Z
  Time since last request: 0.0353974 seconds.
  importAddress: GUID: 9747140c28254be2adc582210dfb89b8 - Path: Assets/TextMesh Pro/Examples & Extras/Scenes/12 - Link Example.unity - Importer: ScriptedImporter/UnityEditor.QuickSearchModule:UnityEditor.Search:ASIAI0B
Importing 'GUID: 9747140c28254be2adc582210dfb89b8 - Path: Assets/TextMesh Pro/Examples & Extras/Scenes/12 - Link Example.unity - Importer: ScriptedImporter/UnityEditor.QuickSearchModule:UnityEditor.Search:ASIAI0B' with importer (ScriptedImporter : UnityEditor.QuickSearchModule:UnityEditor.Search:ASIAI0B)
Imported 'GUID: 9747140c28254be2adc582210dfb89b8' -> (Import Result ID: 'be5300a93987ad47ec61fa664f909a1e') in 0.009 seconds [static and dynamic dependencies]. Details - ImportResultOutputID=4a2699651c5c2bbf575f8e944129b744 DependenciesID=7c7eafea3a9eca830f18dba23356dbe6 StaticDependenciesID=29fb1d1bba91635d51f4488a33ea5a3e 
Number of updated asset objects reloaded before import = 0
Number of asset objects unloaded after import = 1
========================================================================
Received Import Request.
  Time of request: 2026-07-11T19:40:25.9669812Z
  Time since last request: 0.0003401 seconds.
  importAddress: GUID: 2ed57967c52645d390a89dcf8f61ba73 - Path: Assets/TextMesh Pro/Examples & Extras/Scripts/VertexJitter.cs - Importer: ScriptedImporter/UnityEditor.QuickSearchModule:UnityEditor.Search:ASIAI0B
Importing 'GUID: 2ed57967c52645d390a89dcf8f61ba73 - Path: Assets/TextMesh Pro/Examples & Extras/Scripts/VertexJitter.cs - Importer: ScriptedImporter/UnityEditor.QuickSearchModule:UnityEditor.Search:ASIAI0B' with importer (ScriptedImporter : UnityEditor.QuickSearchModule:UnityEditor.Search:ASIAI0B)
Imported 'GUID: 2ed57967c52645d390a89dcf8f61ba73' -> (Import Result ID: 'f94eaaa778c16acafa9a17df5e5e8573') in 0.008 seconds [static and dynamic dependencies]. Details - ImportResultOutputID=8af6e11a920a59a82387f25f0a02b5c5 DependenciesID=374f57b03e6a3fce9ec61cd9ba349e76 StaticDependenciesID=537ee5155c04a8615a22a53f3fcccf1f 
Number of updated asset objects reloaded before import = 0
Number of asset objects unloaded after import = 0
========================================================================
Received Import Request.
  Time of request: 2026-07-11T19:40:25.9756288Z
  Time since last request: 0.0005956 seconds.
  importAddress: GUID: 5cf8ae092ca54931b443bec5148f3c59 - Path: Assets/TextMesh Pro/Examples & Extras/Resources/Color Gradient Presets/Light to Dark Green - Vertical.asset - Importer: ScriptedImporter/UnityEditor.QuickSearchModule:UnityEditor.Search:ASIAI0B
Importing 'GUID: 5cf8ae092ca54931b443bec5148f3c59 - Path: Assets/TextMesh Pro/Examples & Extras/Resources/Color Gradient Presets/Light to Dark Green - Vertical.asset - Importer: ScriptedImporter/UnityEditor.QuickSearchModule:UnityEditor.Search:ASIAI0B' with importer (ScriptedImporter : UnityEditor.QuickSearchModule:UnityEditor.Search:ASIAI0B)
Imported 'GUID: 5cf8ae092ca54931b443bec5148f3c59' -> (Import Result ID: '590d7f1e81899f7b1764db909c224e57') in 0.011 seconds [static and dynamic dependencies]. Details - ImportResultOutputID=cf6ffa39d580404e991b7ddb20ce1d5a DependenciesID=040d5ab95c80e19cac30ef7b86875389 StaticDependenciesID=9d3a32522077f057b9b9fca726a77792 
Number of updated asset objects reloaded before import = 0
Number of asset objects unloaded after import = 1
========================================================================
Received Import Request.
  Time of request: 2026-07-11T19:40:25.9871858Z
  Time since last request: 0.0003584 seconds.
  importAddress: GUID: efe0bf4ac872451e91612d1ae593f480 - Path: Assets/TextMesh Pro/Examples & Extras/Fonts/Bangers - OFL.txt - Importer: ScriptedImporter/UnityEditor.QuickSearchModule:UnityEditor.Search:ASIAI0B
Importing 'GUID: efe0bf4ac872451e91612d1ae593f480 - Path: Assets/TextMesh Pro/Examples & Extras/Fonts/Bangers - OFL.txt - Importer: ScriptedImporter/UnityEditor.QuickSearchModule:UnityEditor.Search:ASIAI0B' with importer (ScriptedImporter : UnityEditor.QuickSearchModule:UnityEditor.Search:ASIAI0B)
Imported 'GUID: efe0bf4ac872451e91612d1ae593f480' -> (Import Result ID: 'd15a629e916bebd9731519ee05b09875') in 0.010 seconds [static and dynamic dependencies]. Details - ImportResultOutputID=5a7789633907841dc04b247a29cd6316 DependenciesID=59494270b15730729284c46c0d44a90b StaticDependenciesID=85819cab27fa7975986293111fdc6eeb 
Number of updated asset objects reloaded before import = 0
Number of asset objects unloaded after import = 1
========================================================================
Received Import Request.
  Time of request: 2026-07-11T19:40:25.9988098Z
  Time since last request: 0.0003931 seconds.
  importAddress: GUID: aadd5a709a48466c887296bb5b1b8110 - Path: Assets/TextMesh Pro/Examples & Extras/Materials/Ground - Surface Shader Scene.mat - Importer: ScriptedImporter/UnityEditor.QuickSearchModule:UnityEditor.Search:ASIAI0B
Importing 'GUID: aadd5a709a48466c887296bb5b1b8110 - Path: Assets/TextMesh Pro/Examples & Extras/Materials/Ground - Surface Shader Scene.mat - Importer: ScriptedImporter/UnityEditor.QuickSearchModule:UnityEditor.Search:ASIAI0B' with importer (ScriptedImporter : UnityEditor.QuickSearchModule:UnityEditor.Search:ASIAI0B)
Imported 'GUID: aadd5a709a48466c887296bb5b1b8110' -> (Import Result ID: 'fd14222240e4dd69b0d7c199869a1445') in 0.010 seconds [static and dynamic dependencies]. Details - ImportResultOutputID=c9a0b59c89e3914b1ab40cad79e072ed DependenciesID=032f63894d95ed67afcf3632ac1cb6e6 StaticDependenciesID=69979c63d4fb5b1fd5b16af72da797df 
Number of updated asset objects reloaded before import = 0
Number of asset objects unloaded after import = 2
========================================================================
Received Import Request.
  Time of request: 2026-07-11T19:40:26.0105135Z
  Time since last request: 0.0005132 seconds.
  importAddress: GUID: 3b38a6ba32b869f48812e595baf39746 - Path: Assets/TextMesh Pro/Examples & Extras/Scenes/27 - Double Pass Shader Example.unity - Importer: ScriptedImporter/UnityEditor.QuickSearchModule:UnityEditor.Search:ASIAI0B
Importing 'GUID: 3b38a6ba32b869f48812e595baf39746 - Path: Assets/TextMesh Pro/Examples & Extras/Scenes/27 - Double Pass Shader Example.unity - Importer: ScriptedImporter/UnityEditor.QuickSearchModule:UnityEditor.Search:ASIAI0B' with importer (ScriptedImporter : UnityEditor.QuickSearchModule:UnityEditor.Search:ASIAI0B)
Imported 'GUID: 3b38a6ba32b869f48812e595baf39746' -> (Import Result ID: 'd01d7d09ad0c5e7963df0bccc446e437') in 0.010 seconds [static and dynamic dependencies]. Details - ImportResultOutputID=e9db6750b1e08fcedac3df40e5529e8d DependenciesID=6225a240ba494f3696ef56e770684596 StaticDependenciesID=248392fda9decb4b430df3c06b9fde20 
Number of updated asset objects reloaded before import = 0
Number of asset objects unloaded after import = 1
========================================================================
Received Import Request.
  Time of request: 2026-07-11T19:40:26.0212822Z
  Time since last request: 0.0006614 seconds.
  importAddress: GUID: 52ec835d14bd486f900952b77698b7eb - Path: Assets/TextMesh Pro/Examples & Extras/Scripts/VertexZoom.cs - Importer: ScriptedImporter/UnityEditor.QuickSearchModule:UnityEditor.Search:ASIAI0B
Importing 'GUID: 52ec835d14bd486f900952b77698b7eb - Path: Assets/TextMesh Pro/Examples & Extras/Scripts/VertexZoom.cs - Importer: ScriptedImporter/UnityEditor.QuickSearchModule:UnityEditor.Search:ASIAI0B' with importer (ScriptedImporter : UnityEditor.QuickSearchModule:UnityEditor.Search:ASIAI0B)
Imported 'GUID: 52ec835d14bd486f900952b77698b7eb' -> (Import Result ID: 'ea521e273630c1eb19b17deae616e09f') in 0.006 seconds [static and dynamic dependencies]. Details - ImportResultOutputID=9dde067bd8299cbde2ccf6e49e3ef2ae DependenciesID=6a6ae79c30c7ed9f8216b1df8ffd1423 StaticDependenciesID=ffcd2243110e52d3bd48d5534f517fc1 
Number of updated asset objects reloaded before import = 0
Number of asset objects unloaded after import = 0
========================================================================
Received Import Request.
  Time of request: 2026-07-11T19:40:26.0296019Z
  Time since last request: 0.0015791 seconds.
  importAddress: GUID: 997a43b767814dd0a7642ec9b78cba41 - Path: Assets/TextMesh Pro/Examples & Extras/Fonts/Anton.ttf - Importer: ScriptedImporter/UnityEditor.QuickSearchModule:UnityEditor.Search:ASIAI0B
Importing 'GUID: 997a43b767814dd0a7642ec9b78cba41 - Path: Assets/TextMesh Pro/Examples & Extras/Fonts/Anton.ttf - Importer: ScriptedImporter/UnityEditor.QuickSearchModule:UnityEditor.Search:ASIAI0B' with importer (ScriptedImporter : UnityEditor.QuickSearchModule:UnityEditor.Search:ASIAI0B)
Imported 'GUID: 997a43b767814dd0a7642ec9b78cba41' -> (Import Result ID: 'ce2fef643020a50070bfe7fc9d7bcf60') in 0.018 seconds [static and dynamic dependencies]. Details - ImportResultOutputID=08652b5e992af4b5e633b8561ac8429f DependenciesID=5df813bd1e1f99be2ac7b21ffda74071 StaticDependenciesID=f5a8f414c1ba8a3439441c8a12e796d1 
Number of updated asset objects reloaded before import = 0
Number of asset objects unloaded after import = 3
========================================================================
Received Import Request.
  Time of request: 2026-07-11T19:40:26.0489786Z
  Time since last request: 0.0007227 seconds.
  importAddress: GUID: 39a1fa96ad2a449b908fca29d4297a74 - Path: Assets/TextMesh Pro/Examples & Extras/Scenes/06 - Extra Rich Text Examples.unity - Importer: ScriptedImporter/UnityEditor.QuickSearchModule:UnityEditor.Search:ASIAI0B
Importing 'GUID: 39a1fa96ad2a449b908fca29d4297a74 - Path: Assets/TextMesh Pro/Examples & Extras/Scenes/06 - Extra Rich Text Examples.unity - Importer: ScriptedImporter/UnityEditor.QuickSearchModule:UnityEditor.Search:ASIAI0B' with importer (ScriptedImporter : UnityEditor.QuickSearchModule:UnityEditor.Search:ASIAI0B)
Imported 'GUID: 39a1fa96ad2a449b908fca29d4297a74' -> (Import Result ID: 'c25ad7c8b869acf01b373e1d41a1a008') in 0.030 seconds [static and dynamic dependencies]. Details - ImportResultOutputID=249b1c1c6c8f2b766607caa94022523d DependenciesID=94a0bf679bfe42b769f705f0a477cc06 StaticDependenciesID=1dd5b11da1a12d63b5fb467d636c76d1 
Number of updated asset objects reloaded before import = 0
Number of asset objects unloaded after import = 1
========================================================================
Received Import Request.
  Time of request: 2026-07-11T19:40:26.0812289Z
  Time since last request: 0.0011331 seconds.
  importAddress: GUID: 947a44964e53bf0448ff698b2a2219c0 - Path: Assets/TextMesh Pro/Examples & Extras/Resources/Fonts & Materials/Bangers SDF - Drop Shadow - 2 Pass.mat - Importer: ScriptedImporter/UnityEditor.QuickSearchModule:UnityEditor.Search:ASIAI0B
Importing 'GUID: 947a44964e53bf0448ff698b2a2219c0 - Path: Assets/TextMesh Pro/Examples & Extras/Resources/Fonts & Materials/Bangers SDF - Drop Shadow - 2 Pass.mat - Importer: ScriptedImporter/UnityEditor.QuickSearchModule:UnityEditor.Search:ASIAI0B' with importer (ScriptedImporter : UnityEditor.QuickSearchModule:UnityEditor.Search:ASIAI0B)
Imported 'GUID: 947a44964e53bf0448ff698b2a2219c0' -> (Import Result ID: 'b26e5e235be1e1a29cf9ef9ad319bbb8') in 0.025 seconds [static and dynamic dependencies]. Details - ImportResultOutputID=83937cffed2db771657a5a8c4085820c DependenciesID=bff2919f709637e45c4549b146681022 StaticDependenciesID=f5f66c6f517854215f3b46cdc86f3c4c 
Number of updated asset objects reloaded before import = 0
Number of asset objects unloaded after import = 2
========================================================================
Received Import Request.
  Time of request: 2026-07-11T19:40:26.108561Z
  Time since last request: 0.0006155 seconds.
  importAddress: GUID: c9f6d0e7bc8541498c9a4799ba184ede - Path: Assets/TextMesh Pro/Examples & Extras/Fonts/Oswald-Bold.ttf - Importer: ScriptedImporter/UnityEditor.QuickSearchModule:UnityEditor.Search:ASIAI0B
Importing 'GUID: c9f6d0e7bc8541498c9a4799ba184ede - Path: Assets/TextMesh Pro/Examples & Extras/Fonts/Oswald-Bold.ttf - Importer: ScriptedImporter/UnityEditor.QuickSearchModule:UnityEditor.Search:ASIAI0B' with importer (ScriptedImporter : UnityEditor.QuickSearchModule:UnityEditor.Search:ASIAI0B)
Imported 'GUID: c9f6d0e7bc8541498c9a4799ba184ede' -> (Import Result ID: '505803d5d7fe61c4e91790a31ab796f8') in 0.012 seconds [static and dynamic dependencies]. Details - ImportResultOutputID=0ec91345d1bebee32ecffbdc490a63b2 DependenciesID=e78b48ca55217f0d4f3336b1fc2d0302 StaticDependenciesID=68fc32ca8d72d2892078dd3370319aec 
Number of updated asset objects reloaded before import = 0
Number of asset objects unloaded after import = 3
========================================================================
Received Import Request.
  Time of request: 2026-07-11T19:40:26.1224193Z
  Time since last request: 0.0007146 seconds.
  importAddress: GUID: f629c6e43dba4bf38cb74d8860150664 - Path: Assets/TextMesh Pro/Examples & Extras/Resources/Fonts & Materials/Bangers SDF - Outline.mat - Importer: ScriptedImporter/UnityEditor.QuickSearchModule:UnityEditor.Search:ASIAI0B
Importing 'GUID: f629c6e43dba4bf38cb74d8860150664 - Path: Assets/TextMesh Pro/Examples & Extras/Resources/Fonts & Materials/Bangers SDF - Outline.mat - Importer: ScriptedImporter/UnityEditor.QuickSearchModule:UnityEditor.Search:ASIAI0B' with importer (ScriptedImporter : UnityEditor.QuickSearchModule:UnityEditor.Search:ASIAI0B)
Imported 'GUID: f629c6e43dba4bf38cb74d8860150664' -> (Import Result ID: 'a540fa2c36edab728979c51209428f8d') in 0.026 seconds [static and dynamic dependencies]. Details - ImportResultOutputID=c5015cfd9dae82637412ce6849bd2ed7 DependenciesID=6e3684821cc1483a0cfd17a05e931608 StaticDependenciesID=87b57a6158f94e9407cb984e73aa3eea 
Number of updated asset objects reloaded before import = 0
Number of asset objects unloaded after import = 2
========================================================================
Received Import Request.
  Time of request: 2026-07-11T19:40:26.1497441Z
  Time since last request: 0.0006383 seconds.
  importAddress: GUID: 7f422cd1388b01047a58cd07c7a23d9d - Path: Assets/TextMesh Pro/Examples & Extras/Resources/Color Gradient Presets - Importer: ScriptedImporter/UnityEditor.QuickSearchModule:UnityEditor.Search:ASIAI0B
Importing 'GUID: 7f422cd1388b01047a58cd07c7a23d9d - Path: Assets/TextMesh Pro/Examples & Extras/Resources/Color Gradient Presets - Importer: ScriptedImporter/UnityEditor.QuickSearchModule:UnityEditor.Search:ASIAI0B' with importer (ScriptedImporter : UnityEditor.QuickSearchModule:UnityEditor.Search:ASIAI0B)
Imported 'GUID: 7f422cd1388b01047a58cd07c7a23d9d' -> (Import Result ID: '2c273946fa72d59786b867e761c75e7a') in 0.009 seconds [static and dynamic dependencies]. Details - ImportResultOutputID=7c56a48f5daaa4de843d7049e666e24d DependenciesID=91c7b5bdd1cee4d155961b44ba7c96db StaticDependenciesID=5ad736f1fc9561ae1c6ace5330f05112 
Number of updated asset objects reloaded before import = 0
Number of asset objects unloaded after import = 1
========================================================================
Received Import Request.
  Time of request: 2026-07-11T19:40:26.1604364Z
  Time since last request: 0.0008392 seconds.
  importAddress: GUID: f4eec857a4fdf2f43be0e9f3d1a984e7 - Path: Assets/TextMesh Pro/Examples & Extras/Fonts/Unity.ttf - Importer: ScriptedImporter/UnityEditor.QuickSearchModule:UnityEditor.Search:ASIAI0B
Importing 'GUID: f4eec857a4fdf2f43be0e9f3d1a984e7 - Path: Assets/TextMesh Pro/Examples & Extras/Fonts/Unity.ttf - Importer: ScriptedImporter/UnityEditor.QuickSearchModule:UnityEditor.Search:ASIAI0B' with importer (ScriptedImporter : UnityEditor.QuickSearchModule:UnityEditor.Search:ASIAI0B)
Imported 'GUID: f4eec857a4fdf2f43be0e9f3d1a984e7' -> (Import Result ID: '709c694c4e271144665ce50a873fe6dc') in 0.015 seconds [static and dynamic dependencies]. Details - ImportResultOutputID=fe16f44c1e7bb838504b8d56c9e6c68a DependenciesID=2e53de93abbfff80189de09e7bb14c3e StaticDependenciesID=9b9f2f963caea506e9abb17ebf459559 
Number of updated asset objects reloaded before import = 0
Number of asset objects unloaded after import = 3
========================================================================
Received Import Request.
  Time of request: 2026-07-11T19:40:26.1763675Z
  Time since last request: 0.0004702 seconds.
  importAddress: GUID: 03d0538de6e24c0f819bfc9ce084dfa9 - Path: Assets/TextMesh Pro/Examples & Extras/Textures/Gradient Vertical (Color).jpg - Importer: ScriptedImporter/UnityEditor.QuickSearchModule:UnityEditor.Search:ASIAI0B
Importing 'GUID: 03d0538de6e24c0f819bfc9ce084dfa9 - Path: Assets/TextMesh Pro/Examples & Extras/Textures/Gradient Vertical (Color).jpg - Importer: ScriptedImporter/UnityEditor.QuickSearchModule:UnityEditor.Search:ASIAI0B' with importer (ScriptedImporter : UnityEditor.QuickSearchModule:UnityEditor.Search:ASIAI0B)
Imported 'GUID: 03d0538de6e24c0f819bfc9ce084dfa9' -> (Import Result ID: '24cdf4b17d490458144ba325199aa31c') in 0.014 seconds [static and dynamic dependencies]. Details - ImportResultOutputID=fe6761595a5a95cafd2b04bb071acb22 DependenciesID=3d98b726f08449e747fa0bd09c5507d6 StaticDependenciesID=aa0779c28aae6d28321b7e9638a76d95 
Number of updated asset objects reloaded before import = 0
Number of asset objects unloaded after import = 1
========================================================================
Received Import Request.
  Time of request: 2026-07-11T19:40:26.1913833Z
  Time since last request: 0.0006615 seconds.
  importAddress: GUID: 0251f66ebc602a944b35bccd13be2738 - Path: Assets/TextMesh Pro/Examples & Extras/Fonts/Unity - OFL.txt - Importer: ScriptedImporter/UnityEditor.QuickSearchModule:UnityEditor.Search:ASIAI0B
Importing 'GUID: 0251f66ebc602a944b35bccd13be2738 - Path: Assets/TextMesh Pro/Examples & Extras/Fonts/Unity - OFL.txt - Importer: ScriptedImporter/UnityEditor.QuickSearchModule:UnityEditor.Search:ASIAI0B' with importer (ScriptedImporter : UnityEditor.QuickSearchModule:UnityEditor.Search:ASIAI0B)
Imported 'GUID: 0251f66ebc602a944b35bccd13be2738' -> (Import Result ID: '139d334af6e041a20f32047f396288b1') in 0.009 seconds [static and dynamic dependencies]. Details - ImportResultOutputID=2b3e9c3b780c19cc342f64e6c2be928e DependenciesID=e6ee5253d422955a9fbd9f1e6a847628 StaticDependenciesID=de13593e09016b234b556b07e080f4f2 
Number of updated asset objects reloaded before import = 0
Number of asset objects unloaded after import = 1
========================================================================
Received Import Request.
  Time of request: 2026-07-11T19:40:26.2022614Z
  Time since last request: 0.0007958 seconds.
  importAddress: GUID: 5dd49b3eacc540408c98eee0de38e0f1 - Path: Assets/TextMesh Pro/Examples & Extras/Fonts/Bangers.ttf - Importer: ScriptedImporter/UnityEditor.QuickSearchModule:UnityEditor.Search:ASIAI0B
Importing 'GUID: 5dd49b3eacc540408c98eee0de38e0f1 - Path: Assets/TextMesh Pro/Examples & Extras/Fonts/Bangers.ttf - Importer: ScriptedImporter/UnityEditor.QuickSearchModule:UnityEditor.Search:ASIAI0B' with importer (ScriptedImporter : UnityEditor.QuickSearchModule:UnityEditor.Search:ASIAI0B)
Imported 'GUID: 5dd49b3eacc540408c98eee0de38e0f1' -> (Import Result ID: '83c7a81bc339517548bf9f4b82333c84') in 0.013 seconds [static and dynamic dependencies]. Details - ImportResultOutputID=d105ecbb641a1b503173ce7a4dd0c2fb DependenciesID=59756cf43b7a5de5fdbe2808babdef17 StaticDependenciesID=1279ae53d2b073b4b2027db433ac3e4e 
Number of updated asset objects reloaded before import = 0
Number of asset objects unloaded after import = 3
========================================================================
Received Import Request.
  Time of request: 2026-07-11T19:40:26.2160789Z
  Time since last request: 0.0004665 seconds.
  importAddress: GUID: 2ddca8f46aa0838419d568affb0ca6b4 - Path: Assets/TextMesh Pro/Examples & Extras/Resources/Fonts & Materials/Roboto-Bold SDF - HDRP Unlit.mat - Importer: ScriptedImporter/UnityEditor.QuickSearchModule:UnityEditor.Search:ASIAI0B
Importing 'GUID: 2ddca8f46aa0838419d568affb0ca6b4 - Path: Assets/TextMesh Pro/Examples & Extras/Resources/Fonts & Materials/Roboto-Bold SDF - HDRP Unlit.mat - Importer: ScriptedImporter/UnityEditor.QuickSearchModule:UnityEditor.Search:ASIAI0B' with importer (ScriptedImporter : UnityEditor.QuickSearchModule:UnityEditor.Search:ASIAI0B)
Imported 'GUID: 2ddca8f46aa0838419d568affb0ca6b4' -> (Import Result ID: '755e19f76d28f69210ef028fe3915a8c') in 0.011 seconds [static and dynamic dependencies]. Details - ImportResultOutputID=19d6c7fe25a92a6807f003ea35386a9d DependenciesID=416123ee72dc0cf2bc036d29ceec1e11 StaticDependenciesID=9a45e414c48b8dd1a4d73608c1f4bcf9 
Number of updated asset objects reloaded before import = 0
Number of asset objects unloaded after import = 1
========================================================================
Received Import Request.
  Time of request: 2026-07-11T19:40:26.2293977Z
  Time since last request: 0.0008669 seconds.
  importAddress: GUID: 76c11bbcfddf44e0ba17d6c2751c8d84 - Path: Assets/TextMesh Pro/Examples & Extras/Scripts/TextMeshSpawner.cs - Importer: ScriptedImporter/UnityEditor.QuickSearchModule:UnityEditor.Search:ASIAI0B
Importing 'GUID: 76c11bbcfddf44e0ba17d6c2751c8d84 - Path: Assets/TextMesh Pro/Examples & Extras/Scripts/TextMeshSpawner.cs - Importer: ScriptedImporter/UnityEditor.QuickSearchModule:UnityEditor.Search:ASIAI0B' with importer (ScriptedImporter : UnityEditor.QuickSearchModule:UnityEditor.Search:ASIAI0B)
Imported 'GUID: 76c11bbcfddf44e0ba17d6c2751c8d84' -> (Import Result ID: 'a501e40c47365490becab506165265e9') in 0.008 seconds [static and dynamic dependencies]. Details - ImportResultOutputID=96128dd71a3bea4e28845af0e63d1c28 DependenciesID=b33673a479079a0badac99df17ae0bbd StaticDependenciesID=4fba5560dfaa244363090f2104fb3612 
Number of updated asset objects reloaded before import = 0
Number of asset objects unloaded after import = 0
========================================================================
Received Import Request.
  Time of request: 2026-07-11T19:40:26.238718Z
  Time since last request: 0.0006415 seconds.
  importAddress: GUID: 9eff140b25d64601aabc6ba32245d099 - Path: Assets/TextMesh Pro/Examples & Extras/Scripts/SimpleScript.cs - Importer: ScriptedImporter/UnityEditor.QuickSearchModule:UnityEditor.Search:ASIAI0B
Importing 'GUID: 9eff140b25d64601aabc6ba32245d099 - Path: Assets/TextMesh Pro/Examples & Extras/Scripts/SimpleScript.cs - Importer: ScriptedImporter/UnityEditor.QuickSearchModule:UnityEditor.Search:ASIAI0B' with importer (ScriptedImporter : UnityEditor.QuickSearchModule:UnityEditor.Search:ASIAI0B)
Imported 'GUID: 9eff140b25d64601aabc6ba32245d099' -> (Import Result ID: '7dc86c1ce550a58ab89338f955c2a36a') in 0.007 seconds [static and dynamic dependencies]. Details - ImportResultOutputID=e24d2f4cc5ecf64c6cb91aee6b0d23c2 DependenciesID=f62b00dfcb3309b009362c437cb350a8 StaticDependenciesID=79bd236cacf28b562e2872208fe94683 
Number of updated asset objects reloaded before import = 0
Number of asset objects unloaded after import = 0
========================================================================
Received Import Request.
  Time of request: 2026-07-11T19:40:26.2481192Z
  Time since last request: 0.000817 seconds.
  importAddress: GUID: e4e0d9ccee5f4950be8979268c9014e0 - Path: Assets/TextMesh Pro/Examples & Extras/Scripts/VertexShakeB.cs - Importer: ScriptedImporter/UnityEditor.QuickSearchModule:UnityEditor.Search:ASIAI0B
Importing 'GUID: e4e0d9ccee5f4950be8979268c9014e0 - Path: Assets/TextMesh Pro/Examples & Extras/Scripts/VertexShakeB.cs - Importer: ScriptedImporter/UnityEditor.QuickSearchModule:UnityEditor.Search:ASIAI0B' with importer (ScriptedImporter : UnityEditor.QuickSearchModule:UnityEditor.Search:ASIAI0B)
Imported 'GUID: e4e0d9ccee5f4950be8979268c9014e0' -> (Import Result ID: '260796b653a9d93f80289ffd56a33e32') in 0.007 seconds [static and dynamic dependencies]. Details - ImportResultOutputID=ffdb400c9462308d537ebff7a464c2d2 DependenciesID=744eff63794afea3997f88a559b1439d StaticDependenciesID=cdcb9586492f96a71f10d59ba96668fe 
Number of updated asset objects reloaded before import = 0
Number of asset objects unloaded after import = 0
========================================================================
Received Import Request.
  Time of request: 2026-07-11T19:40:26.2572377Z
  Time since last request: 0.0011655 seconds.
  importAddress: GUID: d6d3a169ad794942a21da6a552d62f6f - Path: Assets/TextMesh Pro/Examples & Extras/Resources - Importer: ScriptedImporter/UnityEditor.QuickSearchModule:UnityEditor.Search:ASIAI0B
Importing 'GUID: d6d3a169ad794942a21da6a552d62f6f - Path: Assets/TextMesh Pro/Examples & Extras/Resources - Importer: ScriptedImporter/UnityEditor.QuickSearchModule:UnityEditor.Search:ASIAI0B' with importer (ScriptedImporter : UnityEditor.QuickSearchModule:UnityEditor.Search:ASIAI0B)
Imported 'GUID: d6d3a169ad794942a21da6a552d62f6f' -> (Import Result ID: '842f61961dd4ddbb40a91db46321a201') in 0.006 seconds [static and dynamic dependencies]. Details - ImportResultOutputID=2a1a50c7092b289daf76f862ceac5c13 DependenciesID=cf805c56215ab03fe6a4487901e4c311 StaticDependenciesID=eeebca9604324bd4a88936f975a238f2 
Number of updated asset objects reloaded before import = 0
Number of asset objects unloaded after import = 1
========================================================================
Received Import Request.
  Time of request: 2026-07-11T19:40:26.2645035Z
  Time since last request: 0.0008448 seconds.
  importAddress: GUID: 69a525efa7e6472eab268f6ea605f06e - Path: Assets/TextMesh Pro/Examples & Extras/Resources/Color Gradient Presets/Yellow to Orange - Vertical.asset - Importer: ScriptedImporter/UnityEditor.QuickSearchModule:UnityEditor.Search:ASIAI0B
Importing 'GUID: 69a525efa7e6472eab268f6ea605f06e - Path: Assets/TextMesh Pro/Examples & Extras/Resources/Color Gradient Presets/Yellow to Orange - Vertical.asset - Importer: ScriptedImporter/UnityEditor.QuickSearchModule:UnityEditor.Search:ASIAI0B' with importer (ScriptedImporter : UnityEditor.QuickSearchModule:UnityEditor.Search:ASIAI0B)
Imported 'GUID: 69a525efa7e6472eab268f6ea605f06e' -> (Import Result ID: 'cecc70c4d08668f6a9afc50748d385a2') in 0.009 seconds [static and dynamic dependencies]. Details - ImportResultOutputID=9802d0e1bcf505b4f187dda5d3f8e0a9 DependenciesID=f6849ab34435443d1d0d8ac836e6eeaf StaticDependenciesID=398cc3581a3b111a4f8f05e57bb8b476 
Number of updated asset objects reloaded before import = 0
Number of asset objects unloaded after import = 1
========================================================================
Received Import Request.
  Time of request: 2026-07-11T19:40:26.2746235Z
  Time since last request: 0.0005492 seconds.
  importAddress: GUID: 349f38d3606449708c7340d26740e1e2 - Path: Assets/TextMesh Pro/Examples & Extras/Scenes/09 - Margin Tag Example.unity - Importer: ScriptedImporter/UnityEditor.QuickSearchModule:UnityEditor.Search:ASIAI0B
Importing 'GUID: 349f38d3606449708c7340d26740e1e2 - Path: Assets/TextMesh Pro/Examples & Extras/Scenes/09 - Margin Tag Example.unity - Importer: ScriptedImporter/UnityEditor.QuickSearchModule:UnityEditor.Search:ASIAI0B' with importer (ScriptedImporter : UnityEditor.QuickSearchModule:UnityEditor.Search:ASIAI0B)
Imported 'GUID: 349f38d3606449708c7340d26740e1e2' -> (Import Result ID: '997626d584d3d4d96abb5230c36bce40') in 0.009 seconds [static and dynamic dependencies]. Details - ImportResultOutputID=0184833392829042ef5100ac3dcde1dc DependenciesID=6204c27ca9ab24f5a1cc76b867bfcddc StaticDependenciesID=c39f714eda91735dbbf5cfe9ff9b7229 
Number of updated asset objects reloaded before import = 0
Number of asset objects unloaded after import = 1
========================================================================
Received Import Request.
  Time of request: 2026-07-11T19:40:26.2849874Z
  Time since last request: 0.0007674 seconds.
  importAddress: GUID: f4e195ac1e204eff960149d1cb34e18c - Path: Assets/TextMesh Pro/Examples & Extras/Resources/Fonts & Materials/Bangers SDF Logo.mat - Importer: ScriptedImporter/UnityEditor.QuickSearchModule:UnityEditor.Search:ASIAI0B
Importing 'GUID: f4e195ac1e204eff960149d1cb34e18c - Path: Assets/TextMesh Pro/Examples & Extras/Resources/Fonts & Materials/Bangers SDF Logo.mat - Importer: ScriptedImporter/UnityEditor.QuickSearchModule:UnityEditor.Search:ASIAI0B' with importer (ScriptedImporter : UnityEditor.QuickSearchModule:UnityEditor.Search:ASIAI0B)
Imported 'GUID: f4e195ac1e204eff960149d1cb34e18c' -> (Import Result ID: '6c839c5c8eee96a0e09d285c56470ded') in 0.029 seconds [static and dynamic dependencies]. Details - ImportResultOutputID=7dbfdb80b4d8204d03832a0abd12fa2e DependenciesID=8f9d323c2852784b1d51fc7e1b0d1580 StaticDependenciesID=81dcda0edc27db52f2bf772f20bfdda8 
Number of updated asset objects reloaded before import = 0
Number of asset objects unloaded after import = 4
========================================================================
Received Import Request.
  Time of request: 2026-07-11T19:40:26.3154102Z
  Time since last request: 0.0003553 seconds.
  importAddress: GUID: bb8dfcd263ad4eb383a33d74a720be6f - Path: Assets/TextMesh Pro/Examples & Extras/Textures/Mask Zig-n-Zag.psd - Importer: ScriptedImporter/UnityEditor.QuickSearchModule:UnityEditor.Search:ASIAI0B
Importing 'GUID: bb8dfcd263ad4eb383a33d74a720be6f - Path: Assets/TextMesh Pro/Examples & Extras/Textures/Mask Zig-n-Zag.psd - Importer: ScriptedImporter/UnityEditor.QuickSearchModule:UnityEditor.Search:ASIAI0B' with importer (ScriptedImporter : UnityEditor.QuickSearchModule:UnityEditor.Search:ASIAI0B)
Imported 'GUID: bb8dfcd263ad4eb383a33d74a720be6f' -> (Import Result ID: 'f0016874db5e02e30a9cc1fe657d128e') in 0.014 seconds [static and dynamic dependencies]. Details - ImportResultOutputID=d72c3af08248d3505bbbe6a3c26bac50 DependenciesID=803fd2889ffec4415bf91d4fcfa1c0ab StaticDependenciesID=3d227e54e9edf179b913e42031ffd13d 
Number of updated asset objects reloaded before import = 0
Number of asset objects unloaded after import = 1
========================================================================
Received Import Request.
  Time of request: 2026-07-11T19:40:26.3312974Z
  Time since last request: 0.0006556 seconds.
  importAddress: GUID: 14aa93acbb234d16aaef0e8b46814db6 - Path: Assets/TextMesh Pro/Examples & Extras/Resources/Sprite Assets/DropCap Numbers.asset - Importer: ScriptedImporter/UnityEditor.QuickSearchModule:UnityEditor.Search:ASIAI0B
Importing 'GUID: 14aa93acbb234d16aaef0e8b46814db6 - Path: Assets/TextMesh Pro/Examples & Extras/Resources/Sprite Assets/DropCap Numbers.asset - Importer: ScriptedImporter/UnityEditor.QuickSearchModule:UnityEditor.Search:ASIAI0B' with importer (ScriptedImporter : UnityEditor.QuickSearchModule:UnityEditor.Search:ASIAI0B)
Imported 'GUID: 14aa93acbb234d16aaef0e8b46814db6' -> (Import Result ID: '16a8ad533d8548bd10eff9a2dafb68c3') in 0.017 seconds [static and dynamic dependencies]. Details - ImportResultOutputID=895f1685f5096179b910f4f08526c3f9 DependenciesID=81c13a11089c2db7e92580f6686561bb StaticDependenciesID=57cbdc32767fbecc60c4c56d2e73fad3 
Number of updated asset objects reloaded before import = 0
Number of asset objects unloaded after import = 3
========================================================================
Received Import Request.
  Time of request: 2026-07-11T19:40:26.3498463Z
  Time since last request: 0.0006779 seconds.
  importAddress: GUID: 83680ab1a69f4102ac67d1459fe76e1f - Path: Assets/TextMesh Pro/Examples & Extras/Scripts/TMP_PhoneNumberValidator.cs - Importer: ScriptedImporter/UnityEditor.QuickSearchModule:UnityEditor.Search:ASIAI0B
Importing 'GUID: 83680ab1a69f4102ac67d1459fe76e1f - Path: Assets/TextMesh Pro/Examples & Extras/Scripts/TMP_PhoneNumberValidator.cs - Importer: ScriptedImporter/UnityEditor.QuickSearchModule:UnityEditor.Search:ASIAI0B' with importer (ScriptedImporter : UnityEditor.QuickSearchModule:UnityEditor.Search:ASIAI0B)
Imported 'GUID: 83680ab1a69f4102ac67d1459fe76e1f' -> (Import Result ID: 'cadfa93348d794dcf436d990096571ee') in 0.009 seconds [static and dynamic dependencies]. Details - ImportResultOutputID=150947801923d6f6a2010ef46823089a DependenciesID=1ad155b52ca7914dd94db1fa9a7427a5 StaticDependenciesID=59725bfc5c077ee03a7b2a5e149c9a5a 
Number of updated asset objects reloaded before import = 0
Number of asset objects unloaded after import = 0
========================================================================
Received Import Request.
  Time of request: 2026-07-11T19:40:26.3605518Z
  Time since last request: 0.0007408 seconds.
  importAddress: GUID: 7631f4eff8f74ed38eb3eb9db17134e1 - Path: Assets/TextMesh Pro/Examples & Extras/Textures/Wipe Pattern - Radial Double.psd - Importer: ScriptedImporter/UnityEditor.QuickSearchModule:UnityEditor.Search:ASIAI0B
Importing 'GUID: 7631f4eff8f74ed38eb3eb9db17134e1 - Path: Assets/TextMesh Pro/Examples & Extras/Textures/Wipe Pattern - Radial Double.psd - Importer: ScriptedImporter/UnityEditor.QuickSearchModule:UnityEditor.Search:ASIAI0B' with importer (ScriptedImporter : UnityEditor.QuickSearchModule:UnityEditor.Search:ASIAI0B)
Imported 'GUID: 7631f4eff8f74ed38eb3eb9db17134e1' -> (Import Result ID: '7d122d4d00f725b3298a88755f8d493f') in 0.013 seconds [static and dynamic dependencies]. Details - ImportResultOutputID=1e8e12b7938b7f42c7b95528f4f544fa DependenciesID=8b4b96e91dd3af272082797fa0c64b90 StaticDependenciesID=5dc664207cee046e900ab0aff29075df 
Number of updated asset objects reloaded before import = 0
Number of asset objects unloaded after import = 1
========================================================================
Received Import Request.
  Time of request: 2026-07-11T19:40:26.3752753Z
  Time since last request: 0.0008583 seconds.
  importAddress: GUID: 83ba2e375bed45f48bce43e5a5f7c88a - Path: Assets/TextMesh Pro/Examples & Extras/Scenes/28 - HDRP Shader Example/Sky and Fog Volume Profile.asset - Importer: ScriptedImporter/UnityEditor.QuickSearchModule:UnityEditor.Search:ASIAI0B
Importing 'GUID: 83ba2e375bed45f48bce43e5a5f7c88a - Path: Assets/TextMesh Pro/Examples & Extras/Scenes/28 - HDRP Shader Example/Sky and Fog Volume Profile.asset - Importer: ScriptedImporter/UnityEditor.QuickSearchModule:UnityEditor.Search:ASIAI0B' with importer (ScriptedImporter : UnityEditor.QuickSearchModule:UnityEditor.Search:ASIAI0B)
Imported 'GUID: 83ba2e375bed45f48bce43e5a5f7c88a' -> (Import Result ID: '3e7b3489c282a8e456124a5c16bca215') in 0.014 seconds [static and dynamic dependencies]. Details - ImportResultOutputID=1eabcfa219d9eb401c8e44b2c23bd3cc DependenciesID=8a53c1a8cf358e1241847c4801ab1485 StaticDependenciesID=710127bfd04329e796d3aada74e3256b 
Number of updated asset objects reloaded before import = 0
Number of asset objects unloaded after import = 1
========================================================================
Received Import Request.
  Time of request: 2026-07-11T19:40:26.3902661Z
  Time since last request: 0.0004535 seconds.
  importAddress: GUID: 4f19c7f94c794c5097d8bd11e39c750d - Path: Assets/TextMesh Pro/Examples & Extras/Scripts/ObjectSpin.cs - Importer: ScriptedImporter/UnityEditor.QuickSearchModule:UnityEditor.Search:ASIAI0B
Importing 'GUID: 4f19c7f94c794c5097d8bd11e39c750d - Path: Assets/TextMesh Pro/Examples & Extras/Scripts/ObjectSpin.cs - Importer: ScriptedImporter/UnityEditor.QuickSearchModule:UnityEditor.Search:ASIAI0B' with importer (ScriptedImporter : UnityEditor.QuickSearchModule:UnityEditor.Search:ASIAI0B)
Imported 'GUID: 4f19c7f94c794c5097d8bd11e39c750d' -> (Import Result ID: '56a377055a87829c564e51836cc73d6a') in 0.007 seconds [static and dynamic dependencies]. Details - ImportResultOutputID=daa225104958da36bebf45201fb02ff4 DependenciesID=83d0c6cc8e53462d24380a21076f9bbb StaticDependenciesID=1294027b68a8e38202d6dfda49f8279b 
Number of updated asset objects reloaded before import = 0
Number of asset objects unloaded after import = 0
========================================================================
Received Import Request.
  Time of request: 2026-07-11T19:40:26.3986698Z
  Time since last request: 0.0007008 seconds.
  importAddress: GUID: 2ac8cf212df6445e8aebbe3cb832e993 - Path: Assets/TextMesh Pro/Examples & Extras/Scenes/01-  Single Line TextMesh Pro.unity - Importer: ScriptedImporter/UnityEditor.QuickSearchModule:UnityEditor.Search:ASIAI0B
Importing 'GUID: 2ac8cf212df6445e8aebbe3cb832e993 - Path: Assets/TextMesh Pro/Examples & Extras/Scenes/01-  Single Line TextMesh Pro.unity - Importer: ScriptedImporter/UnityEditor.QuickSearchModule:UnityEditor.Search:ASIAI0B' with importer (ScriptedImporter : UnityEditor.QuickSearchModule:UnityEditor.Search:ASIAI0B)
Imported 'GUID: 2ac8cf212df6445e8aebbe3cb832e993' -> (Import Result ID: '50b0e6130d91d2fb7578759e6e800174') in 0.011 seconds [static and dynamic dependencies]. Details - ImportResultOutputID=ca539bb885abdb307c610fbae2fe67b7 DependenciesID=3685cfd3b42ba4a24ec35254cca86401 StaticDependenciesID=db9289f28b75c18df287e3814d295c50 
Number of updated asset objects reloaded before import = 0
Number of asset objects unloaded after import = 1
========================================================================
Received Import Request.
  Time of request: 2026-07-11T19:40:26.4113692Z
  Time since last request: 0.001111 seconds.
  importAddress: GUID: 2d687537154440a3913a9a3c7977978c - Path: Assets/TextMesh Pro/Examples & Extras/Scripts/CameraController.cs - Importer: ScriptedImporter/UnityEditor.QuickSearchModule:UnityEditor.Search:ASIAI0B
Importing 'GUID: 2d687537154440a3913a9a3c7977978c - Path: Assets/TextMesh Pro/Examples & Extras/Scripts/CameraController.cs - Importer: ScriptedImporter/UnityEditor.QuickSearchModule:UnityEditor.Search:ASIAI0B' with importer (ScriptedImporter : UnityEditor.QuickSearchModule:UnityEditor.Search:ASIAI0B)
Imported 'GUID: 2d687537154440a3913a9a3c7977978c' -> (Import Result ID: '6e2a0b3d2142bb36ecb2292fd723f716') in 0.009 seconds [static and dynamic dependencies]. Details - ImportResultOutputID=1b8da632923a1f58d5a389309a74d194 DependenciesID=3adc707098c14bbde281fa8562205fa8 StaticDependenciesID=8e860c10fca497d7155ea70f2ca1d85d 
Number of updated asset objects reloaded before import = 0
Number of asset objects unloaded after import = 0
========================================================================
Received Import Request.
  Time of request: 2026-07-11T19:40:26.4218201Z
  Time since last request: 0.0005658 seconds.
  importAddress: GUID: 2787a46a4dc848c1b4b7b9307b614bfd - Path: Assets/TextMesh Pro/Examples & Extras/Scripts/ShaderPropAnimator.cs - Importer: ScriptedImporter/UnityEditor.QuickSearchModule:UnityEditor.Search:ASIAI0B
Importing 'GUID: 2787a46a4dc848c1b4b7b9307b614bfd - Path: Assets/TextMesh Pro/Examples & Extras/Scripts/ShaderPropAnimator.cs - Importer: ScriptedImporter/UnityEditor.QuickSearchModule:UnityEditor.Search:ASIAI0B' with importer (ScriptedImporter : UnityEditor.QuickSearchModule:UnityEditor.Search:ASIAI0B)
Imported 'GUID: 2787a46a4dc848c1b4b7b9307b614bfd' -> (Import Result ID: '91b1124794abe23208ef8b710e4f166e') in 0.007 seconds [static and dynamic dependencies]. Details - ImportResultOutputID=ed0361bb3a70c43db37c852fecd59962 DependenciesID=a794313b3762fddd585cc951e609bfee StaticDependenciesID=f86f91faef191c47f3aebb7350c043aa 
Number of updated asset objects reloaded before import = 0
Number of asset objects unloaded after import = 0
========================================================================
Received Import Request.
  Time of request: 2026-07-11T19:40:26.429769Z
  Time since last request: 0.0006435 seconds.
  importAddress: GUID: 479a66fa4b094512a62b0a8e553ad95a - Path: Assets/TextMesh Pro/Examples & Extras/Resources/Color Gradient Presets/Blue to Purple - Vertical.asset - Importer: ScriptedImporter/UnityEditor.QuickSearchModule:UnityEditor.Search:ASIAI0B
Importing 'GUID: 479a66fa4b094512a62b0a8e553ad95a - Path: Assets/TextMesh Pro/Examples & Extras/Resources/Color Gradient Presets/Blue to Purple - Vertical.asset - Importer: ScriptedImporter/UnityEditor.QuickSearchModule:UnityEditor.Search:ASIAI0B' with importer (ScriptedImporter : UnityEditor.QuickSearchModule:UnityEditor.Search:ASIAI0B)
Imported 'GUID: 479a66fa4b094512a62b0a8e553ad95a' -> (Import Result ID: 'aa58f255abd65cbf2d2878f9be22aff5') in 0.011 seconds [static and dynamic dependencies]. Details - ImportResultOutputID=72f90d82d2f637461e82f508bcbb12d8 DependenciesID=4597228cd4e2ab26682e0954bffd922a StaticDependenciesID=5d2076172f1b08a4ab14f67d0e62a591 
Number of updated asset objects reloaded before import = 0
Number of asset objects unloaded after import = 1
========================================================================
Received Import Request.
  Time of request: 2026-07-11T19:40:26.4418447Z
  Time since last request: 0.0005944 seconds.
  importAddress: GUID: b63e0053080646b9819789bf3bf9fa17 - Path: Assets/TextMesh Pro/Examples & Extras/Fonts - Importer: ScriptedImporter/UnityEditor.QuickSearchModule:UnityEditor.Search:ASIAI0B
Importing 'GUID: b63e0053080646b9819789bf3bf9fa17 - Path: Assets/TextMesh Pro/Examples & Extras/Fonts - Importer: ScriptedImporter/UnityEditor.QuickSearchModule:UnityEditor.Search:ASIAI0B' with importer (ScriptedImporter : UnityEditor.QuickSearchModule:UnityEditor.Search:ASIAI0B)
Imported 'GUID: b63e0053080646b9819789bf3bf9fa17' -> (Import Result ID: 'da0ddb6603a7d19e8ebde89114a22912') in 0.008 seconds [static and dynamic dependencies]. Details - ImportResultOutputID=ffe663e80afbb687040bab9a4231a7f1 DependenciesID=6aec62d3430aef594f44e0ac5d57722c StaticDependenciesID=9148f53066d8f7c9692e6d8747ffc170 
Number of updated asset objects reloaded before import = 0
Number of asset objects unloaded after import = 1
========================================================================
Received Import Request.
  Time of request: 2026-07-11T19:40:26.4506328Z
  Time since last request: 0.0006127 seconds.
  importAddress: GUID: ed5290d8df18488780e2996b9b882f01 - Path: Assets/TextMesh Pro/Examples & Extras/Textures/Wipe Pattern - Diagonal.psd - Importer: ScriptedImporter/UnityEditor.QuickSearchModule:UnityEditor.Search:ASIAI0B
Importing 'GUID: ed5290d8df18488780e2996b9b882f01 - Path: Assets/TextMesh Pro/Examples & Extras/Textures/Wipe Pattern - Diagonal.psd - Importer: ScriptedImporter/UnityEditor.QuickSearchModule:UnityEditor.Search:ASIAI0B' with importer (ScriptedImporter : UnityEditor.QuickSearchModule:UnityEditor.Search:ASIAI0B)
Imported 'GUID: ed5290d8df18488780e2996b9b882f01' -> (Import Result ID: 'e8ea923d615464ccd5a5adc9c78e292a') in 0.014 seconds [static and dynamic dependencies]. Details - ImportResultOutputID=88868f515e3f3ba4b317e78062683e27 DependenciesID=0f93a34fa1fddcd825f626356556a58b StaticDependenciesID=67a5d33ca05c65b5dbbc3b64ff50d4a6 
Number of updated asset objects reloaded before import = 0
Number of asset objects unloaded after import = 1
========================================================================
Received Import Request.
  Time of request: 2026-07-11T19:40:26.5020506Z
  Time since last request: 0.0365155 seconds.
  importAddress: GUID: 4c86a3366cd840348ebe8dc438570ee4 - Path: Assets/TextMesh Pro/Examples & Extras/Resources/Color Gradient Presets/Dark to Light Green - Vertical.asset - Importer: ScriptedImporter/UnityEditor.QuickSearchModule:UnityEditor.Search:ASIAI0B
Importing 'GUID: 4c86a3366cd840348ebe8dc438570ee4 - Path: Assets/TextMesh Pro/Examples & Extras/Resources/Color Gradient Presets/Dark to Light Green - Vertical.asset - Importer: ScriptedImporter/UnityEditor.QuickSearchModule:UnityEditor.Search:ASIAI0B' with importer (ScriptedImporter : UnityEditor.QuickSearchModule:UnityEditor.Search:ASIAI0B)
Imported 'GUID: 4c86a3366cd840348ebe8dc438570ee4' -> (Import Result ID: '01ad07a4a63f8e58b814048daf5d7b87') in 0.007 seconds [static and dynamic dependencies]. Details - ImportResultOutputID=69752223218e52d05eebd02bdad80ea6 DependenciesID=139bcf929c7b4df44db5afc8fc0dbe6d StaticDependenciesID=0e4f01a32d72bf35d13bfa4c14882e38 
Number of updated asset objects reloaded before import = 0
Number of asset objects unloaded after import = 1
========================================================================
Received Import Request.
  Time of request: 2026-07-11T19:40:26.5104517Z
  Time since last request: 0.0005956 seconds.
  importAddress: GUID: 283f897e4925411ebbaa758b4cb13fc2 - Path: Assets/TextMesh Pro/Examples & Extras/Textures/Floor Cement.jpg - Importer: ScriptedImporter/UnityEditor.QuickSearchModule:UnityEditor.Search:ASIAI0B
Importing 'GUID: 283f897e4925411ebbaa758b4cb13fc2 - Path: Assets/TextMesh Pro/Examples & Extras/Textures/Floor Cement.jpg - Importer: ScriptedImporter/UnityEditor.QuickSearchModule:UnityEditor.Search:ASIAI0B' with importer (ScriptedImporter : UnityEditor.QuickSearchModule:UnityEditor.Search:ASIAI0B)
Imported 'GUID: 283f897e4925411ebbaa758b4cb13fc2' -> (Import Result ID: '07032d54009d461aae920db18b30ae5c') in 0.013 seconds [static and dynamic dependencies]. Details - ImportResultOutputID=dd9f48b635ad51babc1545a5957df2cd DependenciesID=8a34de0946ab9a05284fbc01b5b33757 StaticDependenciesID=9e55321f68b9d158caa4e8130febab41 
Number of updated asset objects reloaded before import = 0
Number of asset objects unloaded after import = 1
========================================================================
Received Import Request.
  Time of request: 2026-07-11T19:40:26.5243431Z
  Time since last request: 0.0004148 seconds.
  importAddress: GUID: e8538afcddc14efbb5d9e94b7ae50197 - Path: Assets/TextMesh Pro/Examples & Extras/Scripts/Benchmark02.cs - Importer: ScriptedImporter/UnityEditor.QuickSearchModule:UnityEditor.Search:ASIAI0B
Importing 'GUID: e8538afcddc14efbb5d9e94b7ae50197 - Path: Assets/TextMesh Pro/Examples & Extras/Scripts/Benchmark02.cs - Importer: ScriptedImporter/UnityEditor.QuickSearchModule:UnityEditor.Search:ASIAI0B' with importer (ScriptedImporter : UnityEditor.QuickSearchModule:UnityEditor.Search:ASIAI0B)
Imported 'GUID: e8538afcddc14efbb5d9e94b7ae50197' -> (Import Result ID: '9983c165656968c0fec456a98fe912a6') in 0.009 seconds [static and dynamic dependencies]. Details - ImportResultOutputID=dcfb4e8535a978813bf12811d57f8139 DependenciesID=731402b98f76e0a664a9c6504152829e StaticDependenciesID=2d8069385401871ada8cd208722645b6 
Number of updated asset objects reloaded before import = 0
Number of asset objects unloaded after import = 0
========================================================================
Received Import Request.
  Time of request: 2026-07-11T19:40:26.5344447Z
  Time since last request: 0.0006337 seconds.
  importAddress: GUID: 84ed36ad77dd4956b2ffe3769f759879 - Path: Assets/TextMesh Pro/Examples & Extras/Scenes/11 - The Style Tag.unity - Importer: ScriptedImporter/UnityEditor.QuickSearchModule:UnityEditor.Search:ASIAI0B
Importing 'GUID: 84ed36ad77dd4956b2ffe3769f759879 - Path: Assets/TextMesh Pro/Examples & Extras/Scenes/11 - The Style Tag.unity - Importer: ScriptedImporter/UnityEditor.QuickSearchModule:UnityEditor.Search:ASIAI0B' with importer (ScriptedImporter : UnityEditor.QuickSearchModule:UnityEditor.Search:ASIAI0B)
Imported 'GUID: 84ed36ad77dd4956b2ffe3769f759879' -> (Import Result ID: '2838e90baf994aeb5358e6b4fdd8a513') in 0.009 seconds [static and dynamic dependencies]. Details - ImportResultOutputID=11cbfba2c37bcb0af362e1bc79c27b35 DependenciesID=419f442124bd93645cb14f3a4f14a729 StaticDependenciesID=af566661d253162541f81641bf8a2bbb 
Number of updated asset objects reloaded before import = 0
Number of asset objects unloaded after import = 1
========================================================================
Received Import Request.
  Time of request: 2026-07-11T19:40:26.5452052Z
  Time since last request: 0.000431 seconds.
  importAddress: GUID: a05dcd8be7ec4ccbb35c26219884aa37 - Path: Assets/TextMesh Pro/Examples & Extras/Scripts/TMP_TextSelector_B.cs - Importer: ScriptedImporter/UnityEditor.QuickSearchModule:UnityEditor.Search:ASIAI0B
Importing 'GUID: a05dcd8be7ec4ccbb35c26219884aa37 - Path: Assets/TextMesh Pro/Examples & Extras/Scripts/TMP_TextSelector_B.cs - Importer: ScriptedImporter/UnityEditor.QuickSearchModule:UnityEditor.Search:ASIAI0B' with importer (ScriptedImporter : UnityEditor.QuickSearchModule:UnityEditor.Search:ASIAI0B)
Imported 'GUID: a05dcd8be7ec4ccbb35c26219884aa37' -> (Import Result ID: '2ddaed07956ab6dfac12e9e7894bfde2') in 0.009 seconds [static and dynamic dependencies]. Details - ImportResultOutputID=62c7d6cf53dc6db6c9d0491f45767b66 DependenciesID=f12ae2bece9e084471d5092daa031a1e StaticDependenciesID=846f686097ebbba924f567f81ca5c0cd 
Number of updated asset objects reloaded before import = 0
Number of asset objects unloaded after import = 0
========================================================================
Received Import Request.
  Time of request: 2026-07-11T19:40:26.5554118Z
  Time since last request: 0.0007204 seconds.
  importAddress: GUID: 5fe2257128d9401fad0790f581dc8a6f - Path: Assets/TextMesh Pro/Examples & Extras/Scenes/08 - Improved Text Alignment.unity - Importer: ScriptedImporter/UnityEditor.QuickSearchModule:UnityEditor.Search:ASIAI0B
Importing 'GUID: 5fe2257128d9401fad0790f581dc8a6f - Path: Assets/TextMesh Pro/Examples & Extras/Scenes/08 - Improved Text Alignment.unity - Importer: ScriptedImporter/UnityEditor.QuickSearchModule:UnityEditor.Search:ASIAI0B' with importer (ScriptedImporter : UnityEditor.QuickSearchModule:UnityEditor.Search:ASIAI0B)
Imported 'GUID: 5fe2257128d9401fad0790f581dc8a6f' -> (Import Result ID: '41f9e09ec4acbec38a5290779cc2e53d') in 0.009 seconds [static and dynamic dependencies]. Details - ImportResultOutputID=30cdd211d08482c721f692b0bccfe24d DependenciesID=fc831947f43da0d35094868c3d5248ed StaticDependenciesID=41501f67f120ab0fabece964190605c0 
Number of updated asset objects reloaded before import = 0
Number of asset objects unloaded after import = 1
========================================================================
Received Import Request.
  Time of request: 2026-07-11T19:40:26.5662172Z
  Time since last request: 0.0007886 seconds.
  importAddress: GUID: 1cdc5b506b1a4a33a53c30669ced1f51 - Path: Assets/TextMesh Pro/Examples & Extras/Textures/Fruit Jelly (B&W).jpg - Importer: ScriptedImporter/UnityEditor.QuickSearchModule:UnityEditor.Search:ASIAI0B
Importing 'GUID: 1cdc5b506b1a4a33a53c30669ced1f51 - Path: Assets/TextMesh Pro/Examples & Extras/Textures/Fruit Jelly (B&W).jpg - Importer: ScriptedImporter/UnityEditor.QuickSearchModule:UnityEditor.Search:ASIAI0B' with importer (ScriptedImporter : UnityEditor.QuickSearchModule:UnityEditor.Search:ASIAI0B)
Imported 'GUID: 1cdc5b506b1a4a33a53c30669ced1f51' -> (Import Result ID: '5d56db6f4b856d3fe98ea3be565e5e54') in 0.017 seconds [static and dynamic dependencies]. Details - ImportResultOutputID=b7c10feec25b1c90723c8e0e8393a35f DependenciesID=ad2038c768edafc7287b0473222959cf StaticDependenciesID=e5563df72994f0140a6fb7818eddfa73 
Number of updated asset objects reloaded before import = 0
Number of asset objects unloaded after import = 1
========================================================================
Received Import Request.
  Time of request: 2026-07-11T19:40:26.5847346Z
  Time since last request: 0.000704 seconds.
  importAddress: GUID: 14b27b7246eff854dadc2f73a3fbc69a - Path: Assets/Scenes/MenuPrincipal.unity - Importer: ScriptedImporter/UnityEditor.QuickSearchModule:UnityEditor.Search:ASIAI0B
Importing 'GUID: 14b27b7246eff854dadc2f73a3fbc69a - Path: Assets/Scenes/MenuPrincipal.unity - Importer: ScriptedImporter/UnityEditor.QuickSearchModule:UnityEditor.Search:ASIAI0B' with importer (ScriptedImporter : UnityEditor.QuickSearchModule:UnityEditor.Search:ASIAI0B)
Imported 'GUID: 14b27b7246eff854dadc2f73a3fbc69a' -> (Import Result ID: 'b9afe7228ddd3489c845f14cfc082797') in 0.011 seconds [static and dynamic dependencies]. Details - ImportResultOutputID=3dc5e8e934d1e9346274fc13b30a4e90 DependenciesID=7482da18154e672d23d55b5f4f9b0e28 StaticDependenciesID=7dd49b3f85d31ba7367aba6113c54d95 
Number of updated asset objects reloaded before import = 0
Number of asset objects unloaded after import = 1
========================================================================
Received Import Request.
  Time of request: 2026-07-11T19:40:26.5971998Z
  Time since last request: 0.0009575 seconds.
  importAddress: GUID: f2dcf029949142e28b974630369c8b4e - Path: Assets/TextMesh Pro/Examples & Extras/Resources/Fonts & Materials/Bangers SDF - Drop Shadow.mat - Importer: ScriptedImporter/UnityEditor.QuickSearchModule:UnityEditor.Search:ASIAI0B
Importing 'GUID: f2dcf029949142e28b974630369c8b4e - Path: Assets/TextMesh Pro/Examples & Extras/Resources/Fonts & Materials/Bangers SDF - Drop Shadow.mat - Importer: ScriptedImporter/UnityEditor.QuickSearchModule:UnityEditor.Search:ASIAI0B' with importer (ScriptedImporter : UnityEditor.QuickSearchModule:UnityEditor.Search:ASIAI0B)
Imported 'GUID: f2dcf029949142e28b974630369c8b4e' -> (Import Result ID: 'fef6c4197e1c5ca3c011510ecd8e8a11') in 0.031 seconds [static and dynamic dependencies]. Details - ImportResultOutputID=3c29641a8d7bdd1f06a1cb07b4de4cd7 DependenciesID=ebe41b4efc2324307300ebadb5014465 StaticDependenciesID=e6cbdf7dcd0d69d0f2de5c56b6e3b073 
Number of updated asset objects reloaded before import = 0
Number of asset objects unloaded after import = 2
========================================================================
Received Import Request.
  Time of request: 2026-07-11T19:40:26.6296549Z
  Time since last request: 0.0009256 seconds.
  importAddress: GUID: 5bff2544887143f5807c7d5059d07f79 - Path: Assets/TextMesh Pro/Examples & Extras/Prefabs - Importer: ScriptedImporter/UnityEditor.QuickSearchModule:UnityEditor.Search:ASIAI0B
Importing 'GUID: 5bff2544887143f5807c7d5059d07f79 - Path: Assets/TextMesh Pro/Examples & Extras/Prefabs - Importer: ScriptedImporter/UnityEditor.QuickSearchModule:UnityEditor.Search:ASIAI0B' with importer (ScriptedImporter : UnityEditor.QuickSearchModule:UnityEditor.Search:ASIAI0B)
Imported 'GUID: 5bff2544887143f5807c7d5059d07f79' -> (Import Result ID: '8af1093c72be0662d4cc583553f61db1') in 0.009 seconds [static and dynamic dependencies]. Details - ImportResultOutputID=18917cf0208f0490a1a0269bfb6b4a40 DependenciesID=ffe162bb8ba05f2cd1efc97b5968bcd3 StaticDependenciesID=8841d51e619b6ce73faf76f0b51f58a9 
Number of updated asset objects reloaded before import = 0
Number of asset objects unloaded after import = 1
========================================================================
Received Import Request.
  Time of request: 2026-07-11T19:40:26.639499Z
  Time since last request: 0.0005109 seconds.
  importAddress: GUID: 2ce5c55e85304b819a1826ecbc839aa5 - Path: Assets/TextMesh Pro/Examples & Extras/Textures/Gradient Diagonal (Color).jpg - Importer: ScriptedImporter/UnityEditor.QuickSearchModule:UnityEditor.Search:ASIAI0B
Importing 'GUID: 2ce5c55e85304b819a1826ecbc839aa5 - Path: Assets/TextMesh Pro/Examples & Extras/Textures/Gradient Diagonal (Color).jpg - Importer: ScriptedImporter/UnityEditor.QuickSearchModule:UnityEditor.Search:ASIAI0B' with importer (ScriptedImporter : UnityEditor.QuickSearchModule:UnityEditor.Search:ASIAI0B)
Imported 'GUID: 2ce5c55e85304b819a1826ecbc839aa5' -> (Import Result ID: '275747b5e490b1a4a7a196817383fb6a') in 0.016 seconds [static and dynamic dependencies]. Details - ImportResultOutputID=cbc73ad3f02c45e97f53ba56620a43b9 DependenciesID=98374abcffaff13373d1b550f65b216a StaticDependenciesID=1fb3711365996376ef072b048ec8ce01 
Number of updated asset objects reloaded before import = 0
Number of asset objects unloaded after import = 1
========================================================================
Received Import Request.
  Time of request: 2026-07-11T19:40:26.6569043Z
  Time since last request: 0.0006997 seconds.
  importAddress: GUID: 21a509e1d3cd49978623fa564adb6f02 - Path: Assets/TextMesh Pro/Examples & Extras/Scenes/03 - Line Justification.unity - Importer: ScriptedImporter/UnityEditor.QuickSearchModule:UnityEditor.Search:ASIAI0B
Importing 'GUID: 21a509e1d3cd49978623fa564adb6f02 - Path: Assets/TextMesh Pro/Examples & Extras/Scenes/03 - Line Justification.unity - Importer: ScriptedImporter/UnityEditor.QuickSearchModule:UnityEditor.Search:ASIAI0B' with importer (ScriptedImporter : UnityEditor.QuickSearchModule:UnityEditor.Search:ASIAI0B)
Imported 'GUID: 21a509e1d3cd49978623fa564adb6f02' -> (Import Result ID: '4ed1b3806fcf8bfde111706711e1f0fc') in 0.011 seconds [static and dynamic dependencies]. Details - ImportResultOutputID=b5fd5e98dc04f1627a905211602f695c DependenciesID=5266af6b3eef7bdb72107508c0e82b23 StaticDependenciesID=c3358fdbca47a867f4227d89911f7743 
Number of updated asset objects reloaded before import = 0
Number of asset objects unloaded after import = 1
========================================================================
Received Import Request.
  Time of request: 2026-07-11T19:40:26.6685772Z
  Time since last request: 0.0005205 seconds.
  importAddress: GUID: c3c1afeda5e545e0b19add5373896d2e - Path: Assets/TextMesh Pro/Examples & Extras/Scripts/TMPro_InstructionOverlay.cs - Importer: ScriptedImporter/UnityEditor.QuickSearchModule:UnityEditor.Search:ASIAI0B
Importing 'GUID: c3c1afeda5e545e0b19add5373896d2e - Path: Assets/TextMesh Pro/Examples & Extras/Scripts/TMPro_InstructionOverlay.cs - Importer: ScriptedImporter/UnityEditor.QuickSearchModule:UnityEditor.Search:ASIAI0B' with importer (ScriptedImporter : UnityEditor.QuickSearchModule:UnityEditor.Search:ASIAI0B)
Imported 'GUID: c3c1afeda5e545e0b19add5373896d2e' -> (Import Result ID: '1cbf076d40e155aa9a94265b7f504803') in 0.008 seconds [static and dynamic dependencies]. Details - ImportResultOutputID=320b3b049e6e1632ffc62601698e2109 DependenciesID=4487036ec40dca7858b762f40e18ae7b StaticDependenciesID=95f508129b9e0e07c99a559c05cd610a 
Number of updated asset objects reloaded before import = 0
Number of asset objects unloaded after import = 0
========================================================================
Received Import Request.
  Time of request: 2026-07-11T19:40:26.6778282Z
  Time since last request: 0.0006742 seconds.
  importAddress: GUID: 8ef7be1c625941f7ba8ed7cc71718c0d - Path: Assets/TextMesh Pro/Examples & Extras/Scripts/Benchmark01_UGUI.cs - Importer: ScriptedImporter/UnityEditor.QuickSearchModule:UnityEditor.Search:ASIAI0B
Importing 'GUID: 8ef7be1c625941f7ba8ed7cc71718c0d - Path: Assets/TextMesh Pro/Examples & Extras/Scripts/Benchmark01_UGUI.cs - Importer: ScriptedImporter/UnityEditor.QuickSearchModule:UnityEditor.Search:ASIAI0B' with importer (ScriptedImporter : UnityEditor.QuickSearchModule:UnityEditor.Search:ASIAI0B)
Imported 'GUID: 8ef7be1c625941f7ba8ed7cc71718c0d' -> (Import Result ID: '41ae42ac2927e4dd3b0bf41223318fb3') in 0.012 seconds [static and dynamic dependencies]. Details - ImportResultOutputID=6f2d37450116ccdbd69d0a9a7f6ec346 DependenciesID=88f29b9d9c2662da600cedc01e87cdc2 StaticDependenciesID=98e343f9c8b7b94fb7b12b221e72719c 
Number of updated asset objects reloaded before import = 0
Number of asset objects unloaded after import = 0
========================================================================
Received Import Request.
  Time of request: 2026-07-11T19:40:29.9472131Z
  Time since last request: 3.2557817 seconds.
  importAddress: GUID: dc69cc8fa8bdd1245a22b84a69563fc4 - Path: Assets/PrefabsObstaculos - Importer: PreviewImporter
Importing 'GUID: dc69cc8fa8bdd1245a22b84a69563fc4 - Path: Assets/PrefabsObstaculos - Importer: PreviewImporter' with importer (PreviewImporter)
Imported 'GUID: dc69cc8fa8bdd1245a22b84a69563fc4' -> (Import Result ID: '78c2d9a29901efc6c0c479339beb2e8c') in 0.003 seconds [static and dynamic dependencies]. Details - ImportResultOutputID=7f692af1facb99bc1281414825eee41a DependenciesID=502a90021d6fd7b6d73e4e90d95ff525 StaticDependenciesID=be4f9c93a45035d2ac81181d2d79a52e 
Number of updated asset objects reloaded before import = 0
Number of asset objects unloaded after import = 0
========================================================================
Received Prepare
AcceleratorClientConnectionCallback - disconnected - :0
Unloading 0 Unused Serialized files (Serialized files now loaded: 0)
Unloading 23 unused Assets / (0 B). Loaded Objects now: 1148.
Memory consumption went from 164.2 MB to 164.2 MB.
Total: 9.664800 ms (FindLiveObjects: 0.142300 ms CreateObjectMapping: 0.064100 ms MarkObjects: 9.355900 ms  DeleteObjects: 0.100400 ms)

Prepare: number of updated asset objects reloaded= 0
========================================================================
Received Import Request.
  Time of request: 2026-07-11T19:40:53.1298799Z
  Time since last request: 23.1790455 seconds.
  importAddress: GUID: 5312039f7d992ba45b519fcd6bef2a62 - Path: Assets/Fondos/Nivel 1 No oficial.unity - Importer: ScriptedImporter/UnityEditor.QuickSearchModule:UnityEditor.Search:ASIAI0B
Importing 'GUID: 5312039f7d992ba45b519fcd6bef2a62 - Path: Assets/Fondos/Nivel 1 No oficial.unity - Importer: ScriptedImporter/UnityEditor.QuickSearchModule:UnityEditor.Search:ASIAI0B' with importer (ScriptedImporter : UnityEditor.QuickSearchModule:UnityEditor.Search:ASIAI0B)
Imported 'GUID: 5312039f7d992ba45b519fcd6bef2a62' -> (Import Result ID: 'cff50decf202a6029f7ee37ad8e1b895') in 0.022 seconds [static and dynamic dependencies]. Details - ImportResultOutputID=ab7a96b2c0a6df514191d048693ab04f DependenciesID=422a2f2d1e7cc86bc5311b70b2758034 StaticDependenciesID=0644ae126a5b3c2cac4a34ac562b47ae 
Number of updated asset objects reloaded before import = 0
Number of asset objects unloaded after import = 1
========================================================================
Received Import Request.
  Time of request: 2026-07-11T19:40:59.5466052Z
  Time since last request: 6.3933428 seconds.
  importAddress: GUID: 14b27b7246eff854dadc2f73a3fbc69a - Path: Assets/Scenes/MenuPrincipal.unity - Importer: PreviewImporter
Importing 'GUID: 14b27b7246eff854dadc2f73a3fbc69a - Path: Assets/Scenes/MenuPrincipal.unity - Importer: PreviewImporter' with importer (PreviewImporter)
Imported 'GUID: 14b27b7246eff854dadc2f73a3fbc69a' -> (Import Result ID: '1d85d9cee4f12b0b2aa93e6d94971b45') in 0.001 seconds [static and dynamic dependencies]. Details - ImportResultOutputID=d89a80ab6e7ceedb49c56821209fe44e DependenciesID=6150275e1534e47722f1f3864703bbe8 StaticDependenciesID=f4075b625f04e621d78ec31986255a2f 
Number of updated asset objects reloaded before import = 0
Number of asset objects unloaded after import = 0
========================================================================
Received Prepare
AcceleratorClientConnectionCallback - disconnected - :0
Begin MonoManager ReloadAssembly
[Licensing::Client] Successfully resolved entitlement details
Native extension for WindowsStandalone target not found
[Package Manager] Failed to launch server process. Reason: Unity was launched with the -noUpm command-line argument
[Package Manager] Unable to send message (not connected to server process).
[Package Manager] Cannot connect to Unity Package Manager local server
ScheduleIndexationOnStartup MainProcess:False IndexOnStartup:True
Mono: successfully reloaded assembly
- Finished resetting the current domain, in  0.594 seconds
Domain Reload Profiling: 1254ms
	BeginReloadAssembly (356ms)
		DisableScriptedObjects (12ms)
		CreateAndSetChildDomain (65ms)
	RebuildCommonClasses (18ms)
	RebuildNativeTypeToScriptingClass (40ms)
	initialDomainReloadingComplete (78ms)
	LoadAllAssembliesAndSetupDomain (163ms)
		LoadAssemblies (188ms)
		AnalyzeDomain (11ms)
			TypeCache.Refresh (6ms)
			ResolveRequiredComponents (3ms)
	FinalizeReload (599ms)
		SetupLoadedEditorAssemblies (0ms)
			InitializePlatformSupportModulesInManaged (4ms)
			BeforeProcessingInitializeOnLoad (156ms)
			ProcessInitializeOnLoadAttributes (124ms)
			ProcessInitializeOnLoadMethodAttributes (101ms)
			AfterProcessingInitializeOnLoad (7ms)
		AwakeInstancesAfterBackupRestoration (4ms)
Unloading 0 Unused Serialized files (Serialized files now loaded: 0)
Unloading 520 unused Assets / (56.0 KB). Loaded Objects now: 1148.
Memory consumption went from 164.2 MB to 164.1 MB.
Total: 5.253700 ms (FindLiveObjects: 0.165900 ms CreateObjectMapping: 0.099800 ms MarkObjects: 4.799700 ms  DeleteObjects: 0.186000 ms)

Prepare: number of updated asset objects reloaded= 0
========================================================================
Received Prepare
AcceleratorClientConnectionCallback - disconnected - :0
Unloading 0 Unused Serialized files (Serialized files now loaded: 0)
Unloading 520 unused Assets / (54.4 KB). Loaded Objects now: 1148.
Memory consumption went from 165.0 MB to 164.9 MB.
Total: 9.652900 ms (FindLiveObjects: 0.289300 ms CreateObjectMapping: 0.166100 ms MarkObjects: 8.954900 ms  DeleteObjects: 0.240500 ms)

Prepare: number of updated asset objects reloaded= 0
========================================================================
Received Prepare
AcceleratorClientConnectionCallback - disconnected - :0
Begin MonoManager ReloadAssembly
[Licensing::Client] Successfully resolved entitlement details
Native extension for WindowsStandalone target not found
[Package Manager] Failed to launch server process. Reason: Unity was launched with the -noUpm command-line argument
[Package Manager] Unable to send message (not connected to server process).
[Package Manager] Cannot connect to Unity Package Manager local server
ScheduleIndexationOnStartup MainProcess:False IndexOnStartup:True
Mono: successfully reloaded assembly
- Finished resetting the current domain, in  0.735 seconds
Domain Reload Profiling: 1361ms
	BeginReloadAssembly (309ms)
		DisableScriptedObjects (8ms)
		CreateAndSetChildDomain (42ms)
	RebuildCommonClasses (17ms)
	RebuildNativeTypeToScriptingClass (25ms)
	initialDomainReloadingComplete (64ms)
	LoadAllAssembliesAndSetupDomain (206ms)
		LoadAssemblies (181ms)
		AnalyzeDomain (39ms)
			TypeCache.Refresh (13ms)
			BuildScriptInfoCaches (19ms)
			ResolveRequiredComponents (4ms)
	FinalizeReload (740ms)
		SetupLoadedEditorAssemblies (0ms)
			InitializePlatformSupportModulesInManaged (3ms)
			BeforeProcessingInitializeOnLoad (148ms)
			ProcessInitializeOnLoadAttributes (172ms)
			ProcessInitializeOnLoadMethodAttributes (167ms)
			AfterProcessingInitializeOnLoad (12ms)
		AwakeInstancesAfterBackupRestoration (7ms)
Unloading 0 Unused Serialized files (Serialized files now loaded: 0)
Unloading 520 unused Assets / (42.9 KB). Loaded Objects now: 1148.
Memory consumption went from 165.4 MB to 165.4 MB.
Total: 5.839800 ms (FindLiveObjects: 0.163900 ms CreateObjectMapping: 0.138000 ms MarkObjects: 5.357500 ms  DeleteObjects: 0.176800 ms)

Prepare: number of updated asset objects reloaded= 0
========================================================================
Received Prepare
AcceleratorClientConnectionCallback - disconnected - :0
Unloading 0 Unused Serialized files (Serialized files now loaded: 0)
Unloading 0 unused Assets / (0 B). Loaded Objects now: 1148.
Memory consumption went from 165.8 MB to 165.8 MB.
Total: 214.190900 ms (FindLiveObjects: 3.313600 ms CreateObjectMapping: 0.217400 ms MarkObjects: 210.146600 ms  DeleteObjects: 0.273900 ms)

Prepare: number of updated asset objects reloaded= 0
========================================================================
Received Import Request.
  Time of request: 2026-07-11T19:52:35.9023598Z
  Time since last request: 696.35348350000004 seconds.
  importAddress: GUID: b28199d36e49f2949903d030b102b0ec - Path: Assets/Fondos e iconos - Importer: PreviewImporter
Importing 'GUID: b28199d36e49f2949903d030b102b0ec - Path: Assets/Fondos e iconos - Importer: PreviewImporter' with importer (PreviewImporter)
Imported 'GUID: b28199d36e49f2949903d030b102b0ec' -> (Import Result ID: '214a362520ce72781e433ca859594155') in 0.026 seconds [static and dynamic dependencies]. Details - ImportResultOutputID=551c4f1c488098daf0d6b776c24bb3a1 DependenciesID=055e5c4962272df075cac9a9727f739d StaticDependenciesID=4074c3fd3a1cf4840a228ed0d5d301cf 
Number of updated asset objects reloaded before import = 0
Number of asset objects unloaded after import = 0
========================================================================
Received Import Request.
  Time of request: 2026-07-11T19:52:42.1784626Z
  Time since last request: 6.1844769 seconds.
  importAddress: GUID: 8a6dad9eed4678646b422ef504eb90bf - Path: Assets/Fondos e iconos/FondoSistemas (1).jpeg - Importer: ScriptedImporter/UnityEditor.QuickSearchModule:UnityEditor.Search:ASIAI0B
Importing 'GUID: 8a6dad9eed4678646b422ef504eb90bf - Path: Assets/Fondos e iconos/FondoSistemas (1).jpeg - Importer: ScriptedImporter/UnityEditor.QuickSearchModule:UnityEditor.Search:ASIAI0B' with importer (ScriptedImporter : UnityEditor.QuickSearchModule:UnityEditor.Search:ASIAI0B)
Imported 'GUID: 8a6dad9eed4678646b422ef504eb90bf' -> (Import Result ID: '2814944d169984374c0fa6468e95ac81') in 0.623 seconds [static and dynamic dependencies]. Details - ImportResultOutputID=559f669812a79aab1c5da4337ed9f595 DependenciesID=87a33886a64aeb2c06c9b27209917e36 StaticDependenciesID=694c3b51858bcd187d9da6d7af5c0352 
Number of updated asset objects reloaded before import = 0
Number of asset objects unloaded after import = 3
========================================================================
Received Import Request.
  Time of request: 2026-07-11T19:52:42.8045771Z
  Time since last request: 0.0012437 seconds.
  importAddress: GUID: 20bb298b3b106544eb5b8645de149110 - Path: Assets/Scripts/CamaraSeguir.cs - Importer: ScriptedImporter/UnityEditor.QuickSearchModule:UnityEditor.Search:ASIAI0B
Importing 'GUID: 20bb298b3b106544eb5b8645de149110 - Path: Assets/Scripts/CamaraSeguir.cs - Importer: ScriptedImporter/UnityEditor.QuickSearchModule:UnityEditor.Search:ASIAI0B' with importer (ScriptedImporter : UnityEditor.QuickSearchModule:UnityEditor.Search:ASIAI0B)
Imported 'GUID: 20bb298b3b106544eb5b8645de149110' -> (Import Result ID: 'e858d64ee10d21203e68ea8c76006911') in 0.011 seconds [static and dynamic dependencies]. Details - ImportResultOutputID=3a60e2516922ef5d83b11aef887135b4 DependenciesID=dff60b5f94a0135fa0831ff3cb06581a StaticDependenciesID=f9db0aaf3a88537bf76fc205e17802ff 
Number of updated asset objects reloaded before import = 0
Number of asset objects unloaded after import = 0
========================================================================
Received Import Request.
  Time of request: 2026-07-11T19:52:42.8177653Z
  Time since last request: 0.0013797 seconds.
  importAddress: GUID: 5312039f7d992ba45b519fcd6bef2a62 - Path: Assets/Fondos e iconos/Nivel 1 No oficial.unity - Importer: ScriptedImporter/UnityEditor.QuickSearchModule:UnityEditor.Search:ASIAI0B
Importing 'GUID: 5312039f7d992ba45b519fcd6bef2a62 - Path: Assets/Fondos e iconos/Nivel 1 No oficial.unity - Importer: ScriptedImporter/UnityEditor.QuickSearchModule:UnityEditor.Search:ASIAI0B' with importer (ScriptedImporter : UnityEditor.QuickSearchModule:UnityEditor.Search:ASIAI0B)
Imported 'GUID: 5312039f7d992ba45b519fcd6bef2a62' -> (Import Result ID: '696d48a88ff2ef837db7a9b65eafe939') in 0.012 seconds [static and dynamic dependencies]. Details - ImportResultOutputID=6925d1c0a6da3b83320660ecc2a0203a DependenciesID=b1159d36ddc5f77cd9ef4cfad880f0b4 StaticDependenciesID=0644ae126a5b3c2cac4a34ac562b47ae 
Number of updated asset objects reloaded before import = 0
Number of asset objects unloaded after import = 1
========================================================================
Received Import Request.
  Time of request: 2026-07-11T19:52:42.8310051Z
  Time since last request: 0.0009961 seconds.
  importAddress: GUID: e07d89d39c562fe4588cb18cee907368 - Path: Assets/Fondos e iconos/FondoCivil.jpeg - Importer: ScriptedImporter/UnityEditor.QuickSearchModule:UnityEditor.Search:ASIAI0B
Importing 'GUID: e07d89d39c562fe4588cb18cee907368 - Path: Assets/Fondos e iconos/FondoCivil.jpeg - Importer: ScriptedImporter/UnityEditor.QuickSearchModule:UnityEditor.Search:ASIAI0B' with importer (ScriptedImporter : UnityEditor.QuickSearchModule:UnityEditor.Search:ASIAI0B)
Imported 'GUID: e07d89d39c562fe4588cb18cee907368' -> (Import Result ID: '2d7df7b3d0d7b4afc9d0fc46a63902af') in 0.020 seconds [static and dynamic dependencies]. Details - ImportResultOutputID=6564190c3f5a98c739dd267716918923 DependenciesID=b3a32a6064bd0be73c8cf0f49b175d5c StaticDependenciesID=657d1ed5711056c033eba8d4c2393e33 
Number of updated asset objects reloaded before import = 0
Number of asset objects unloaded after import = 3
========================================================================
Received Import Request.
  Time of request: 2026-07-11T19:52:42.8526863Z
  Time since last request: 0.0011241 seconds.
  importAddress: GUID: f6bb27aaeed6e7c4f85cb651d51e4b8c - Path: Assets/Fondos e iconos/FondoBiblioteca.jpeg - Importer: ScriptedImporter/UnityEditor.QuickSearchModule:UnityEditor.Search:ASIAI0B
Importing 'GUID: f6bb27aaeed6e7c4f85cb651d51e4b8c - Path: Assets/Fondos e iconos/FondoBiblioteca.jpeg - Importer: ScriptedImporter/UnityEditor.QuickSearchModule:UnityEditor.Search:ASIAI0B' with importer (ScriptedImporter : UnityEditor.QuickSearchModule:UnityEditor.Search:ASIAI0B)
Imported 'GUID: f6bb27aaeed6e7c4f85cb651d51e4b8c' -> (Import Result ID: '36846e80250ee27047c7c1f5934092eb') in 0.019 seconds [static and dynamic dependencies]. Details - ImportResultOutputID=e753e15f5cff1eb9dddbee1d0b13d310 DependenciesID=cd47aa7d384848da01a164e42004cd31 StaticDependenciesID=b5e6c8cc5f59a5e9826092cc70eb7b8c 
Number of updated asset objects reloaded before import = 0
Number of asset objects unloaded after import = 3
========================================================================
Received Import Request.
  Time of request: 2026-07-11T19:52:42.8736206Z
  Time since last request: 0.0012004 seconds.
  importAddress: GUID: 362380fe4f430494c93639d483ee1fc7 - Path: Assets/Fondos e iconos/FondoGenralIng.jpeg - Importer: ScriptedImporter/UnityEditor.QuickSearchModule:UnityEditor.Search:ASIAI0B
Importing 'GUID: 362380fe4f430494c93639d483ee1fc7 - Path: Assets/Fondos e iconos/FondoGenralIng.jpeg - Importer: ScriptedImporter/UnityEditor.QuickSearchModule:UnityEditor.Search:ASIAI0B' with importer (ScriptedImporter : UnityEditor.QuickSearchModule:UnityEditor.Search:ASIAI0B)
Imported 'GUID: 362380fe4f430494c93639d483ee1fc7' -> (Import Result ID: '66ceaf21fa3b1761841a5f0464857cd7') in 0.049 seconds [static and dynamic dependencies]. Details - ImportResultOutputID=368bf033e2fa1850d8b77b9daccc9eb8 DependenciesID=f2b7b55e516a8fd46631f8cd6492e85e StaticDependenciesID=47f348c1c8998b2148d39d1143125bad 
Number of updated asset objects reloaded before import = 0
Number of asset objects unloaded after import = 3
========================================================================
Received Import Request.
  Time of request: 2026-07-11T19:53:06.9486184Z
  Time since last request: 24.025564 seconds.
  importAddress: GUID: 84d1a8dc294d6de4188ddc0908bcb878 - Path: Assets/Fondos e iconos/FondoSeleccion.png - Importer: ScriptedImporter/UnityEditor.QuickSearchModule:UnityEditor.Search:ASIAI0B
Importing 'GUID: 84d1a8dc294d6de4188ddc0908bcb878 - Path: Assets/Fondos e iconos/FondoSeleccion.png - Importer: ScriptedImporter/UnityEditor.QuickSearchModule:UnityEditor.Search:ASIAI0B' with importer (ScriptedImporter : UnityEditor.QuickSearchModule:UnityEditor.Search:ASIAI0B)
Imported 'GUID: 84d1a8dc294d6de4188ddc0908bcb878' -> (Import Result ID: '8b36f737cb3e1ffff40e91e7b5fe516f') in 0.029 seconds [static and dynamic dependencies]. Details - ImportResultOutputID=9a32492795e531878d818ec53757da42 DependenciesID=764d4ab6111324c1e72a5511389fa28c StaticDependenciesID=9a5edea791d18f5c91c45c5714cc0568 
Number of updated asset objects reloaded before import = 0
Number of asset objects unloaded after import = 1
========================================================================
Received Import Request.
  Time of request: 2026-07-11T19:53:06.9804648Z
  Time since last request: 0.0006552 seconds.
  importAddress: GUID: dda98f6fa53210c4795eb83b1360e1c6 - Path: Assets/Fondos e iconos/spritecampusmenu2.jpeg - Importer: ScriptedImporter/UnityEditor.QuickSearchModule:UnityEditor.Search:ASIAI0B
Importing 'GUID: dda98f6fa53210c4795eb83b1360e1c6 - Path: Assets/Fondos e iconos/spritecampusmenu2.jpeg - Importer: ScriptedImporter/UnityEditor.QuickSearchModule:UnityEditor.Search:ASIAI0B' with importer (ScriptedImporter : UnityEditor.QuickSearchModule:UnityEditor.Search:ASIAI0B)
Imported 'GUID: dda98f6fa53210c4795eb83b1360e1c6' -> (Import Result ID: '909f34514252db658feea5c43601fe96') in 0.036 seconds [static and dynamic dependencies]. Details - ImportResultOutputID=3d23f147f2103bd2799f21df852e8c49 DependenciesID=2eecebbac99ed1645a34b067a3e513a3 StaticDependenciesID=b1068d45931f63b5ada2fd6269a290ff 
Number of updated asset objects reloaded before import = 0
Number of asset objects unloaded after import = 1
========================================================================
Received Import Request.
  Time of request: 2026-07-11T19:53:07.0183616Z
  Time since last request: 0.0016122 seconds.
  importAddress: GUID: c72b73cc80989dd44b169c78251fa41e - Path: Assets/Fondos e iconos/spritecampusmenu4.jpeg - Importer: ScriptedImporter/UnityEditor.QuickSearchModule:UnityEditor.Search:ASIAI0B
Importing 'GUID: c72b73cc80989dd44b169c78251fa41e - Path: Assets/Fondos e iconos/spritecampusmenu4.jpeg - Importer: ScriptedImporter/UnityEditor.QuickSearchModule:UnityEditor.Search:ASIAI0B' with importer (ScriptedImporter : UnityEditor.QuickSearchModule:UnityEditor.Search:ASIAI0B)
Imported 'GUID: c72b73cc80989dd44b169c78251fa41e' -> (Import Result ID: '273d0db1d8e79638521da2976ce182fc') in 0.021 seconds [static and dynamic dependencies]. Details - ImportResultOutputID=c3eab752466bbfcb8a901f139372d923 DependenciesID=21eff1f45828a54c935d0403ae064014 StaticDependenciesID=83a64794c12f18a5fe570236751a29f0 
Number of updated asset objects reloaded before import = 0
Number of asset objects unloaded after import = 1
========================================================================
Received Import Request.
  Time of request: 2026-07-11T19:53:07.0409215Z
  Time since last request: 0.000991 seconds.
  importAddress: GUID: 7bf8ab25f8693a14f8f0f16d4b6628ce - Path: Assets/Fondos e iconos/spritecampusmenu3.jpeg - Importer: ScriptedImporter/UnityEditor.QuickSearchModule:UnityEditor.Search:ASIAI0B
Importing 'GUID: 7bf8ab25f8693a14f8f0f16d4b6628ce - Path: Assets/Fondos e iconos/spritecampusmenu3.jpeg - Importer: ScriptedImporter/UnityEditor.QuickSearchModule:UnityEditor.Search:ASIAI0B' with importer (ScriptedImporter : UnityEditor.QuickSearchModule:UnityEditor.Search:ASIAI0B)
Imported 'GUID: 7bf8ab25f8693a14f8f0f16d4b6628ce' -> (Import Result ID: '86ba4eac75589c89fe0fecaaad3efb8c') in 0.018 seconds [static and dynamic dependencies]. Details - ImportResultOutputID=cedb2bb813c91e9810542a7cef26485e DependenciesID=b1dce660bc20bf230789f03f5ab42d67 StaticDependenciesID=74bfe4a4456067940a4d1be8f2f1d24e 
Number of updated asset objects reloaded before import = 0
Number of asset objects unloaded after import = 1
========================================================================
Received Import Request.
  Time of request: 2026-07-11T19:53:07.0608055Z
  Time since last request: 0.0010043 seconds.
  importAddress: GUID: 78de518fa5ca2314e9d50e2b9052030a - Path: Assets/Fondos e iconos/spritecampusmenu1.jpeg - Importer: ScriptedImporter/UnityEditor.QuickSearchModule:UnityEditor.Search:ASIAI0B
Importing 'GUID: 78de518fa5ca2314e9d50e2b9052030a - Path: Assets/Fondos e iconos/spritecampusmenu1.jpeg - Importer: ScriptedImporter/UnityEditor.QuickSearchModule:UnityEditor.Search:ASIAI0B' with importer (ScriptedImporter : UnityEditor.QuickSearchModule:UnityEditor.Search:ASIAI0B)
Imported 'GUID: 78de518fa5ca2314e9d50e2b9052030a' -> (Import Result ID: '2f4bbe09800b848748cb3dee383118fb') in 0.017 seconds [static and dynamic dependencies]. Details - ImportResultOutputID=bda50f188f9451039318e1ad338ce119 DependenciesID=36a708adbb6d211c819aaa0746161999 StaticDependenciesID=596185143944826e42e6ce46150868ff 
Number of updated asset objects reloaded before import = 0
Number of asset objects unloaded after import = 1
========================================================================
Received Import Request.
  Time of request: 2026-07-11T19:53:08.0268917Z
  Time since last request: 0.9477931 seconds.
  importAddress: GUID: 58402955b43dbdf459dbf60fe9386aa8 - Path: Assets/Fondos - Importer: PreviewImporter
Importing 'GUID: 58402955b43dbdf459dbf60fe9386aa8 - Path: Assets/Fondos - Importer: PreviewImporter' with importer (PreviewImporter)
Imported 'GUID: 58402955b43dbdf459dbf60fe9386aa8' -> (Import Result ID: 'f0d39ba1cf45a258960b3f8c32d6c5b4') in 0.002 seconds [static and dynamic dependencies]. Details - ImportResultOutputID=da4ed3ee9fe89dbbed55340c5031911b DependenciesID=15ae3fefab38a07387145a89a8234d0e StaticDependenciesID=b6da52d3da7f7c59b4c9dd5888cb7ac4 
Number of updated asset objects reloaded before import = 0
Number of asset objects unloaded after import = 0
========================================================================
Received Import Request.
  Time of request: 2026-07-11T19:54:28.6536468Z
  Time since last request: 80.6238244 seconds.
  importAddress: GUID: 8e6ed6c4e101f3e4c9a57940782b4564 - Path: Assets/Fondos e iconos/sin-sonido.png - Importer: PreviewImporter
Importing 'GUID: 8e6ed6c4e101f3e4c9a57940782b4564 - Path: Assets/Fondos e iconos/sin-sonido.png - Importer: PreviewImporter' with importer (PreviewImporter)
Imported 'GUID: 8e6ed6c4e101f3e4c9a57940782b4564' -> (Import Result ID: '401c3e4e4529fbd8cacf57c8689ca0ca') in 0.220 seconds [static and dynamic dependencies]. Details - ImportResultOutputID=7438656853cb9240a2118d89ea866bc7 DependenciesID=60fdcf5bfc0bb3037a886055d64ff842 StaticDependenciesID=54915e2dc35199628a8695923eba346e 
Number of updated asset objects reloaded before import = 0
Number of asset objects unloaded after import = 2
========================================================================
Received Import Request.
  Time of request: 2026-07-11T19:54:29.3042955Z
  Time since last request: 0.4282831 seconds.
  importAddress: GUID: 0cb8d26491647a14eaedd7f96f9f4fab - Path: Assets/Fondos e iconos/sonido.png - Importer: PreviewImporter
Importing 'GUID: 0cb8d26491647a14eaedd7f96f9f4fab - Path: Assets/Fondos e iconos/sonido.png - Importer: PreviewImporter' with importer (PreviewImporter)
Imported 'GUID: 0cb8d26491647a14eaedd7f96f9f4fab' -> (Import Result ID: '942bbce77fd3899aed529d525d99355d') in 0.015 seconds [static and dynamic dependencies]. Details - ImportResultOutputID=3478fb8978c30d2daa1a926eefb75bf6 DependenciesID=e3c70d7aa2bd6ea0f081382bf57df02b StaticDependenciesID=b8bb3069124f254b8a3fc9fb661e015d 
Number of updated asset objects reloaded before import = 0
Number of asset objects unloaded after import = 2
Editor requested this worker to shutdown with reason: Editor is closing down
AcceleratorClientConnectionCallback - disconnected - :0
AssetImportWorker is now disconnected from the server
Process exiting
Exiting without the bug reporter. Application will terminate with return code 0