[Licensing::Module] Trying to connect to existing licensing client channel...
Built from '6000.5/staging' branch; Version is '6000.5.0f1 (88b47c5e7076) revision 8959100'; Using compiler version '194234433'; Build Type 'Release'
[Licensing::IpcConnector] Successfully connected to: "LicenseClient-Oswel Cardona" at "2026-07-08T02:53:38.5780995Z"
OS: 'Windows 11  (10.0.26200) Core' Language: 'en' Physical Memory: 7975 MB
BatchMode: 0, IsHumanControllingUs: 1, StartBugReporterOnCrash: 1, Is64bit: 1
System  architecture: x64
Process architecture: x64
Date: 2026-07-08T02:53:38Z

COMMAND LINE ARGUMENTS:
C:\Unity Editors\6000.5.0f1\Editor\Unity.exe
-projectpath
C:\Users\Oswel Cardona\OneDrive\Documents\GitHub\scape-from-utp-juego
-acceptSoftwareTermsForThisRunOnly
-useHub
-hubIPC
-cloudEnvironment
production
-licensingIpc
LicenseClient-Oswel Cardona
-hubSessionId
07b350f6-50e0-4e97-b447-ecc79a047de1
-accessToken
RqCbX-2VdWAucSjVMvoaepattrxP_0gdpbnwrYlQDgo004f
Successfully changed project path to: C:\Users\Oswel Cardona\OneDrive\Documents\GitHub\scape-from-utp-juego
C:/Users/Oswel Cardona/OneDrive/Documents/GitHub/scape-from-utp-juego
[UnityMemory] Configuration Parameters - Can be set up in boot.config
    "memorysetup-temp-allocator-size-gi-baking-worker=262144"
    "memorysetup-temp-allocator-size-gi-baking-worker=262144"
    "memorysetup-temp-allocator-size-gi-baking-worker=262144"
    "memorysetup-temp-allocator-size-gi-baking-worker=262144"
    "memorysetup-temp-allocator-size-gi-baking-worker=262144"
    "memorysetup-temp-allocator-size-nav-mesh-worker=65536"
    "memorysetup-temp-allocator-size-audio-worker=65536"
    "memorysetup-temp-allocator-size-cloud-worker=32768"
    "memorysetup-temp-allocator-size-gfx=262144"
    "memorysetup-temp-allocator-size-preload-manager=33554432"
    "memorysetup-allocator-temp-initial-block-size-main=262144"
    "memorysetup-allocator-temp-initial-block-size-worker=262144"
    "memorysetup-temp-allocator-size-job-worker=262144"
    "memorysetup-temp-allocator-size-background-worker=32768"
    "memorysetup-bucket-allocator-granularity=16"
    "memorysetup-bucket-allocator-bucket-count=8"
    "memorysetup-bucket-allocator-block-size=33554432"
    "memorysetup-bucket-allocator-block-count=8"
    "memorysetup-main-allocator-block-size=16777216"
    "memorysetup-thread-allocator-block-size=16777216"
    "memorysetup-main-allocator-mimalloc-enabled=0"
    "memorysetup-gfx-main-allocator-block-size=16777216"
    "memorysetup-gfx-thread-allocator-block-size=16777216"
    "memorysetup-cache-allocator-block-size=4194304"
    "memorysetup-typetree-allocator-block-size=2097152"
    "memorysetup-profiler-bucket-allocator-granularity=16"
    "memorysetup-profiler-bucket-allocator-bucket-count=8"
    "memorysetup-profiler-bucket-allocator-block-size=33554432"
    "memorysetup-profiler-bucket-allocator-block-count=8"
    "memorysetup-profiler-allocator-block-size=16777216"
    "memorysetup-profiler-editor-allocator-block-size=1048576"
    "memorysetup-temp-allocator-size-main=16777216"
    "memorysetup-job-temp-allocator-block-size=2097152"
    "memorysetup-job-temp-allocator-block-size-background=1048576"
    "memorysetup-job-temp-allocator-reduction-small-platforms=262144"
Player connection [2104]  Target information:

Player connection [2104]  * "[IP] 192.168.0.6 [Port] 55504 [Flags] 2 [Guid] 2255201294 [EditorId] 2255201294 [Version] 1048832 [Id] WindowsEditor(7,LAPTOP-5D6TS9H6) [Debug] 1 [PackageName] WindowsEditor [ProjectName] Editor" 

Player connection [2104] Host joined multi-casting on [225.0.0.222:54997]...
Player connection [2104] Host joined alternative multi-casting on [225.0.0.222:34997]...
Input System module state changed to: Initialized.
[Physics::Module] Initialized fallback backend.
[Physics::Module] Id: 0xdecafbad
[Package Manager] Connected to IPC stream "Upm-24876" after 0.5 seconds.
[Licensing::Module] Licensing is not yet initialized.
[Licensing::Client] Error: HandshakeResponse reported an error:
	ResponseCode: 505
	ResponseStatus: Unsupported protocol version '1.18.1'.
[Licensing::Module] Error: Failed to handshake to channel: "LicenseClient-Oswel Cardona"
[Licensing::IpcConnector] LicenseClient-Oswel Cardona channel disconnected successfully.
[Licensing::IpcConnector] Channel LicenseClient-Oswel Cardona-6000.5.0 doesn't exist
[Licensing::Module] Successfully launched the LicensingClient (PId: 26064)
Starting IPC server.
Waiting for clients to connect on \\.\pipe\Unity-LicenseClient-Oswel Cardona-6000.5.0, press Ctrl-C to exit.
[Licensing::IpcConnector] Successfully connected to: "LicenseClient-Oswel Cardona-6000.5.0" at "2026-07-08T02:53:46.548479Z"
[Licensing::Client] Code 10 while verifying Licensing Client signature (process Id: 26064, path: "C:/Unity Editors/6000.5.0f1/Editor/Data/Resources/Licensing/Client/Unity.Licensing.Client.exe")
[Licensing::Module] LicensingClient has failed validation; ignoring
[Licensing::Client] Handshaking with LicensingClient:
  Version:                 1.18.1+9fbee8e
  Session Id:              bfaaeba66972410b8f8db5f699decb8a
  Correlation Id:          118fc05cc1ee09fff41ec54c99a14a1c
  External correlation Id: 4408645096504829376
  Machine Id:              yDNq2MjD93GEw1et6cEFPmy2bPQ=
[Licensing::Module] Successfully connected to LicensingClient on channel: "LicenseClient-Oswel Cardona-6000.5.0" (connect: 4.37s, validation: 0.26s, handshake: 0.01s)
[Licensing::IpcConnector] Successfully connected to: "LicenseClient-Oswel Cardona-6000.5.0-notifications" at "2026-07-08T02:53:46.8200248Z"
[Licensing::Module] Connected to LicensingClient (PId: 26064, launch time: 0.06, total connection time: 4.64s)
[Licensing::Client] Successfully updated the access token
[Licensing::Module] Successfully updated the access token RqCbX-2VdW...
[Licensing::Client] Successfully resolved entitlement details
[Licensing::Module] License group:
  Id: 4674213237775-UnityPersXXXX
  Product: Unity Personal
  Type: Assigned
  Expiration: Unlimited
[Licensing::Client] Successfully updated license, isAsync: True, time: 0.01
[Licensing::Client] Successfully resolved entitlement details
[Licensing::Module] Licensing Background thread has ended after 8.28s
[Licensing::Module] Licensing is initialized (took 5.69s).
[Licensing::Client] Successfully resolved entitlement details
Library Redirect Path: Library/
[Physics::Module] Selected backend.
[Physics::Module] Name: PhysX
[Physics::Module] Id: 0xf2b8ea05
[Physics::Module] SDK Version: 4.1.2
[Physics::Module] Integration Version: 1.0.0
[Physics::Module] Threading Mode: Multi-Threaded
Artifact Garbage Collection - Removed 86 unused hashed content files
Initialize engine version: 6000.5.0f1 (88b47c5e7076)
[Subsystems] Discovering subsystems at path C:/Unity Editors/6000.5.0f1/Editor/Data/Resources/UnitySubsystems
[Subsystems] Discovering subsystems at path C:/Users/Oswel Cardona/OneDrive/Documents/GitHub/scape-from-utp-juego/Assets
[D3D12 Device Filter] Vendor Name: NVIDIA
[D3D12 Device Filter] Device Name: NVIDIA GeForce GTX 1650
[D3D12 Device Filter] Driver Version: 31.0.15.2904
[D3D12 Device Filter] Feature Level: 12.1
[D3D12 Device Filter] Graphics Memory: 3952 MB
[D3D12 Device Filter] Processor Count: 8
[D3D12 Device Filter] Device Type: Discrete
GfxDevice: creating device client; kGfxThreadingModeSplitJobs
d3d12: failed to query info queue interface (0x80004002).
Direct3D:
    Version:         Direct3D 12 [level 12.1]
    Renderer:        NVIDIA GeForce GTX 1650 (ID=0x1f9d)
    Vendor:          NVIDIA
    VRAM:            3952 MB
    App VRAM Budget: 3359 MB
    Driver:          31.0.15.2904
Initialize mono
Mono path[0] = 'C:/Unity Editors/6000.5.0f1/Editor/Data/Managed'
Mono path[1] = 'C:/Unity Editors/6000.5.0f1/Editor/Data/BCLExtensions/runtime/netstandard2.1'
Mono path[2] = 'C:/Unity Editors/6000.5.0f1/Editor/Data/MonoBleedingEdge/lib/mono/unityjit-win32'
Mono config path = 'C:/Unity Editors/6000.5.0f1/Editor/Data/MonoBleedingEdge/etc'
Using monoOptions --debugger-agent=transport=dt_socket,embedding=1,server=y,suspend=n,address=127.0.0.1:56876
CodeReloadManager initialized
ImportWorker Server TCP listen port: 0
AcceleratorClientConnectionCallback - disconnected - :0
Begin MonoManager ReloadAssembly
Registering precompiled unity dll's ...
Register platform support module: C:/Unity Editors/6000.5.0f1/Editor/Data/PlaybackEngines/WindowsStandaloneSupport/UnityEditor.WindowsStandalone.Extensions.dll
Registered in 0.306000 seconds.
Native extension for WindowsStandalone target not found
Package Manager log level set to [2]
ScheduleIndexationOnStartup MainProcess:False IndexOnStartup:True
Mono: successfully reloaded assembly
- Finished resetting the current domain, in  0.565 seconds
Domain Reload Profiling: 3347ms
	BeginReloadAssembly (357ms)
		CreateAndSetChildDomain (27ms)
	RebuildCommonClasses (8ms)
	RebuildNativeTypeToScriptingClass (248ms)
	initialDomainReloadingComplete (551ms)
	LoadAllAssembliesAndSetupDomain (1615ms)
		LoadAssemblies (324ms)
		AnalyzeDomain (1534ms)
			TypeCache.Refresh (1532ms)
				TypeCache.ScanAssembly (1245ms)
	FinalizeReload (569ms)
		SetupLoadedEditorAssemblies (0ms)
			InitializePlatformSupportModulesInManaged (3ms)
			BeforeProcessingInitializeOnLoad (103ms)
			ProcessInitializeOnLoadAttributes (131ms)
			ProcessInitializeOnLoadMethodAttributes (241ms)
[Licensing::Client] Successfully resolved entitlement details
Application.AssetDatabase Initial Refresh Start
[Package Manager] Restoring resolved packages state from cache
[Licensing::Client] Successfully resolved entitlement details
[Package Manager] Registered 39 packages:
  Built-in packages:
    com.unity.2d.sprite@1.0.0 (location: C:\Users\Oswel Cardona\OneDrive\Documents\GitHub\scape-from-utp-juego\Library\PackageCache\com.unity.2d.sprite@053a968eab56)
    com.unity.multiplayer.center@1.0.1 (location: C:\Users\Oswel Cardona\OneDrive\Documents\GitHub\scape-from-utp-juego\Library\PackageCache\com.unity.multiplayer.center@b860850997d0)
    com.unity.ugui@2.5.0 (location: C:\Users\Oswel Cardona\OneDrive\Documents\GitHub\scape-from-utp-juego\Library\PackageCache\com.unity.ugui@4f9b15fd1386)
    com.unity.modules.accessibility@1.0.0 (location: C:\Users\Oswel Cardona\OneDrive\Documents\GitHub\scape-from-utp-juego\Library\PackageCache\com.unity.modules.accessibility)
    com.unity.modules.adaptiveperformance@1.0.0 (location: C:\Users\Oswel Cardona\OneDrive\Documents\GitHub\scape-from-utp-juego\Library\PackageCache\com.unity.modules.adaptiveperformance)
    com.unity.modules.ai@1.0.0 (location: C:\Users\Oswel Cardona\OneDrive\Documents\GitHub\scape-from-utp-juego\Library\PackageCache\com.unity.modules.ai)
    com.unity.modules.androidjni@1.0.0 (location: C:\Users\Oswel Cardona\OneDrive\Documents\GitHub\scape-from-utp-juego\Library\PackageCache\com.unity.modules.androidjni)
    com.unity.modules.animation@1.0.0 (location: C:\Users\Oswel Cardona\OneDrive\Documents\GitHub\scape-from-utp-juego\Library\PackageCache\com.unity.modules.animation)
    com.unity.modules.assetbundle@1.0.0 (location: C:\Users\Oswel Cardona\OneDrive\Documents\GitHub\scape-from-utp-juego\Library\PackageCache\com.unity.modules.assetbundle)
    com.unity.modules.audio@1.0.0 (location: C:\Users\Oswel Cardona\OneDrive\Documents\GitHub\scape-from-utp-juego\Library\PackageCache\com.unity.modules.audio)
    com.unity.modules.cloth@1.0.0 (location: C:\Users\Oswel Cardona\OneDrive\Documents\GitHub\scape-from-utp-juego\Library\PackageCache\com.unity.modules.cloth)
    com.unity.modules.director@1.0.0 (location: C:\Users\Oswel Cardona\OneDrive\Documents\GitHub\scape-from-utp-juego\Library\PackageCache\com.unity.modules.director)
    com.unity.modules.imageconversion@1.0.0 (location: C:\Users\Oswel Cardona\OneDrive\Documents\GitHub\scape-from-utp-juego\Library\PackageCache\com.unity.modules.imageconversion)
    com.unity.modules.imgui@1.0.0 (location: C:\Users\Oswel Cardona\OneDrive\Documents\GitHub\scape-from-utp-juego\Library\PackageCache\com.unity.modules.imgui)
    com.unity.modules.jsonserialize@1.0.0 (location: C:\Users\Oswel Cardona\OneDrive\Documents\GitHub\scape-from-utp-juego\Library\PackageCache\com.unity.modules.jsonserialize)
    com.unity.modules.particlesystem@1.0.0 (location: C:\Users\Oswel Cardona\OneDrive\Documents\GitHub\scape-from-utp-juego\Library\PackageCache\com.unity.modules.particlesystem)
    com.unity.modules.physics@1.0.0 (location: C:\Users\Oswel Cardona\OneDrive\Documents\GitHub\scape-from-utp-juego\Library\PackageCache\com.unity.modules.physics)
    com.unity.modules.physics2d@1.0.0 (location: C:\Users\Oswel Cardona\OneDrive\Documents\GitHub\scape-from-utp-juego\Library\PackageCache\com.unity.modules.physics2d)
    com.unity.modules.physicscore2d@1.0.0 (location: C:\Users\Oswel Cardona\OneDrive\Documents\GitHub\scape-from-utp-juego\Library\PackageCache\com.unity.modules.physicscore2d)
    com.unity.modules.screencapture@1.0.0 (location: C:\Users\Oswel Cardona\OneDrive\Documents\GitHub\scape-from-utp-juego\Library\PackageCache\com.unity.modules.screencapture)
    com.unity.modules.terrain@1.0.0 (location: C:\Users\Oswel Cardona\OneDrive\Documents\GitHub\scape-from-utp-juego\Library\PackageCache\com.unity.modules.terrain)
    com.unity.modules.terrainphysics@1.0.0 (location: C:\Users\Oswel Cardona\OneDrive\Documents\GitHub\scape-from-utp-juego\Library\PackageCache\com.unity.modules.terrainphysics)
    com.unity.modules.tilemap@1.0.0 (location: C:\Users\Oswel Cardona\OneDrive\Documents\GitHub\scape-from-utp-juego\Library\PackageCache\com.unity.modules.tilemap)
    com.unity.modules.ui@1.0.0 (location: C:\Users\Oswel Cardona\OneDrive\Documents\GitHub\scape-from-utp-juego\Library\PackageCache\com.unity.modules.ui)
    com.unity.modules.uielements@1.0.0 (location: C:\Users\Oswel Cardona\OneDrive\Documents\GitHub\scape-from-utp-juego\Library\PackageCache\com.unity.modules.uielements)
    com.unity.modules.umbra@1.0.0 (location: C:\Users\Oswel Cardona\OneDrive\Documents\GitHub\scape-from-utp-juego\Library\PackageCache\com.unity.modules.umbra)
    com.unity.modules.unityanalytics@1.0.0 (location: C:\Users\Oswel Cardona\OneDrive\Documents\GitHub\scape-from-utp-juego\Library\PackageCache\com.unity.modules.unityanalytics)
    com.unity.modules.unitywebrequest@1.0.0 (location: C:\Users\Oswel Cardona\OneDrive\Documents\GitHub\scape-from-utp-juego\Library\PackageCache\com.unity.modules.unitywebrequest)
    com.unity.modules.unitywebrequestassetbundle@1.0.0 (location: C:\Users\Oswel Cardona\OneDrive\Documents\GitHub\scape-from-utp-juego\Library\PackageCache\com.unity.modules.unitywebrequestassetbundle)
    com.unity.modules.unitywebrequestaudio@1.0.0 (location: C:\Users\Oswel Cardona\OneDrive\Documents\GitHub\scape-from-utp-juego\Library\PackageCache\com.unity.modules.unitywebrequestaudio)
    com.unity.modules.unitywebrequesttexture@1.0.0 (location: C:\Users\Oswel Cardona\OneDrive\Documents\GitHub\scape-from-utp-juego\Library\PackageCache\com.unity.modules.unitywebrequesttexture)
    com.unity.modules.unitywebrequestwww@1.0.0 (location: C:\Users\Oswel Cardona\OneDrive\Documents\GitHub\scape-from-utp-juego\Library\PackageCache\com.unity.modules.unitywebrequestwww)
    com.unity.modules.vectorgraphics@1.0.0 (location: C:\Users\Oswel Cardona\OneDrive\Documents\GitHub\scape-from-utp-juego\Library\PackageCache\com.unity.modules.vectorgraphics)
    com.unity.modules.vehicles@1.0.0 (location: C:\Users\Oswel Cardona\OneDrive\Documents\GitHub\scape-from-utp-juego\Library\PackageCache\com.unity.modules.vehicles)
    com.unity.modules.video@1.0.0 (location: C:\Users\Oswel Cardona\OneDrive\Documents\GitHub\scape-from-utp-juego\Library\PackageCache\com.unity.modules.video)
    com.unity.modules.wind@1.0.0 (location: C:\Users\Oswel Cardona\OneDrive\Documents\GitHub\scape-from-utp-juego\Library\PackageCache\com.unity.modules.wind)
    com.unity.modules.xr@1.0.0 (location: C:\Users\Oswel Cardona\OneDrive\Documents\GitHub\scape-from-utp-juego\Library\PackageCache\com.unity.modules.xr)
    com.unity.modules.subsystems@1.0.0 (location: C:\Users\Oswel Cardona\OneDrive\Documents\GitHub\scape-from-utp-juego\Library\PackageCache\com.unity.modules.subsystems)
    com.unity.modules.hierarchycore@1.0.0 (location: C:\Users\Oswel Cardona\OneDrive\Documents\GitHub\scape-from-utp-juego\Library\PackageCache\com.unity.modules.hierarchycore)
[Subsystems] No new subsystems found in resolved package list.
[Package Manager] Done registering packages in 0.01 seconds
info: Microsoft.Hosting.Lifetime[14]
      Now listening on: http://localhost:80
info: Microsoft.Hosting.Lifetime[0]
      Application started. Press Ctrl+C to shut down.
info: Microsoft.Hosting.Lifetime[0]
      Hosting environment: Production
info: Microsoft.Hosting.Lifetime[0]
      Content root path: C:\Users\Oswel Cardona\OneDrive\Documents\GitHub\scape-from-utp-juego
info: Microsoft.AspNetCore.Hosting.Diagnostics[1]
      Request starting HTTP/2 POST http://ilpp/UnityILPP.PostProcessing/Ping - application/grpc -
info: Microsoft.AspNetCore.Routing.EndpointMiddleware[0]
      Executing endpoint 'gRPC - /UnityILPP.PostProcessing/Ping'
info: Microsoft.AspNetCore.Routing.EndpointMiddleware[1]
      Executed endpoint 'gRPC - /UnityILPP.PostProcessing/Ping'
info: Microsoft.AspNetCore.Hosting.Diagnostics[2]
      Request finished HTTP/2 POST http://ilpp/UnityILPP.PostProcessing/Ping - 200 - application/grpc 63.2348ms
Starting: C:\Unity Editors\6000.5.0f1\Editor\Data\Tools\BuildPipeline\bee_backend.exe --ipc --defer-dag-verification --dagfile="Library/Bee/1900b0aE.dag" --continue-on-failure --profile="Library/Bee/backend1.traceevents" ScriptAssemblies
WorkingDir: C:/Users/Oswel Cardona/OneDrive/Documents/GitHub/scape-from-utp-juego
ExitCode: 0 Duration: 0s237ms
*** Tundra build success (0.13 seconds), 0 items updated, 240 evaluated
AssetDatabase: script compilation time: 1.551912s
Begin MonoManager ReloadAssembly
Total cache size 40845628
Total cache size after purge 40845628, took 00:00:00.1463907
Native extension for WindowsStandalone target not found
ScheduleIndexationOnStartup MainProcess:True IndexOnStartup:True
Mono: successfully reloaded assembly
- Finished resetting the current domain, in  0.524 seconds
Domain Reload Profiling: 1159ms
	BeginReloadAssembly (331ms)
		DisableScriptedObjects (58ms)
		CreateAndSetChildDomain (74ms)
	RebuildCommonClasses (14ms)
	RebuildNativeTypeToScriptingClass (23ms)
	initialDomainReloadingComplete (53ms)
	LoadAllAssembliesAndSetupDomain (211ms)
		LoadAssemblies (217ms)
		AnalyzeDomain (34ms)
			TypeCache.Refresh (20ms)
				TypeCache.ScanAssembly (12ms)
			BuildScriptInfoCaches (10ms)
	FinalizeReload (527ms)
		SetupLoadedEditorAssemblies (0ms)
			InitializePlatformSupportModulesInManaged (3ms)
			BeforeProcessingInitializeOnLoad (94ms)
			ProcessInitializeOnLoadAttributes (104ms)
			ProcessInitializeOnLoadMethodAttributes (89ms)
			AfterProcessingInitializeOnLoad (6ms)
		AwakeInstancesAfterBackupRestoration (24ms)
Starting new worker id: 0 with log in C:/Users/Oswel Cardona/OneDrive/Documents/GitHub/scape-from-utp-juego/Logs/AssetImportWorkerHW0.log

Asset Pipeline Refresh (id=d872bae5f7b609245adb366287482373): Total: 4.292 seconds - Initiated by InitialRefreshV2(ForceSynchronousImport)
	(Values over 0.05ms)
	Summary:
		Imports: total=0 (actual=0, local cache=0, cache server=0)
		Asset DB Process Time: managed=0 ms, native=1954 ms
		Asset DB Callback time: managed=31 ms, native=46 ms
		Scripting: domain reloads=1, domain reload time=681 ms, compile time=1557 ms, other=21 ms
		Project Asset Count: scripts=234, non-scripts=227
		Asset File Changes: new=0, changed=0, moved=0, deleted=0
		Scan Filter Count: 0
	InvokePackagesCallback: 49.960ms
	ApplyChangesToAssetFolders: 1.075ms
	Scan: 58.960ms
	Collect global state as custom dependencies: 6.160ms
	CategorizeScriptCompilationAssets: 2.122ms
	ProcessAssetsWithTransientArtifactChanges: 10.965ms
	CategorizeAssets: 18.014ms
	CompileScripts: 1556.832ms
	ImportOutOfDateAssets: 552.094ms (533.350ms without children)
		UnloadImportedAssets: 0.192ms
		EnsureUptoDateAssetsAreRegisteredWithGuidPM: 0.220ms
		ImportSchedulerStart: 18.327ms
	PostProcessAllAssets: 31.434ms
		MonoPostProcessAllAssets: 31.296ms
			WindowAssetPostprocessingWatcher.OnPostprocessAllAssets 10.916ms
			SyncVS.PostprocessSyncProject 5.737ms
			SpeedTree9Postprocessor.OnPostprocessAllAssets 1.035ms
			TerrainToolbarOverlayPostProcessor.OnPostprocessAllAssets 0.369ms
			ReferencedClipsPostProcessor.OnPostprocessAllAssets 0.363ms
			AssetDatabaseCallbacks.OnPostprocessAllAssets 0.194ms
			RenderPipelineGlobalSettingsPostprocessor.OnPostprocessAllAssets 0.111ms
	UnloadStreamsBegin: 2.394ms
	GenerateScriptTypeHashes: 2.443ms
	GenerateScriptTypeSerializationHashes: 5.386ms
	Untracked: 1994.060ms

Application.AssetDatabase Initial Refresh End
Launched and connected shader compiler UnityShaderCompiler.exe after 0.05 seconds
Scanning for USB devices : 3.278ms
Initializing Unity extensions:
[MODES] ModeService[none].Initialize
[MODES] ModeService[none].LoadModes
[MODES] Loading mode Default (0) for mode-current-id-scape-from-utp-juego
Unloading 2 Unused Serialized files (Serialized files now loaded: 0)
Loaded scene 'Assets/Nivel 1.unity'
	Deserialize:            26.889 ms
	Integration:            254.265 ms
	Integration of assets:  0.237 ms
	Thread Wait Time:       -0.216 ms
	Total Operation Time:   281.175 ms
Unloading 497 unused Assets / (0.6 MB). Loaded Objects now: 1209.
Memory consumption went from 208.7 MB to 208.0 MB.
Total: 11.733900 ms (FindLiveObjects: 0.410600 ms CreateObjectMapping: 0.176900 ms MarkObjects: 9.726000 ms  DeleteObjects: 1.172900 ms)

[LAYOUT] About to load UserSettings\Layouts\default-6000.dwlt, keepMainWindow=False
[LAYOUT] About to save layout C:\Users\Oswel Cardona\OneDrive\Documents\GitHub\scape-from-utp-juego\UserSettings\Layouts\default-6000.dwlt
[LAYOUT] About to save layout C:/Users/Oswel Cardona/AppData/Roaming/Unity/Editor-5.x/Preferences\Layouts\current\default-6000.dwlt
[MODES] ModeService[default].InitializeCurrentMode
[MODES] ModeService[default].RaiseModeChanged(default, default)
This project uses Input Manager, which is marked for deprecation. To manage input in your project, use the <a href="https://docs.unity3d.com/Packages/com.unity.inputsystem@latest">Input System package</a> instead.
<RI> Initializing input.
<RI> Input initialized.
Worker ready: AssetImportWorkerHW0 0
[Project] Loading completed in 32.014 seconds
	Project init time: 				29.357 seconds
		Template init time: 		0.000 seconds
		Package Manager init time: 		6.236 seconds
		Asset Database init time: 		1.282 seconds
		Global illumination init time: 	0.033 seconds
		Assemblies load time: 			12.801 seconds
		Unity extensions init time: 	0.005 seconds
		Asset Database refresh time: 	4.293 seconds
	Scene opening time: 			2.177 seconds
##utp:{"type":"ProjectInfo","version":2,"phase":"Immediate","time":1783479250492,"processId":24876,"projectLoad":32.0139938,"projectInit":29.3572196,"templateInit":0.0,"packageManagerInit":6.2355204,"assetDatabaseInit":1.2822305,"globalIlluminationInit":0.0334187,"assembliesLoad":12.8007832,"unityExtensionsInit":0.0045582,"assetDatabaseRefresh":4.2930789,"sceneOpening":2.1774783}
##utp:{"type":"EditorInfo","version":2,"phase":"Immediate","time":1783479250493,"processId":24876,"editorVersion":"6000.5.0f1 (88b47c5e7076)","branch":"6000.5/staging","buildType":"Release","platform":"Windows"}
Asset Pipeline Refresh (id=2141f38a070634b4eb78d3a2304b11e2): Total: 0.057 seconds - Initiated by RefreshV2(AllowForceSynchronousImport)
Dynamic Batching is deprecated and will be removed in a future release. Use GPU Instancing instead. Disable Dynamic Batching in Project Settings > Player > Other Settings to remove this warning.
UnityEngine.Debug:ExtractStackTraceNoAlloc (byte*,int,string)
UnityEngine.StackTraceUtility:ExtractStackTrace ()
UnityEngine.DebugLogHandler:Internal_Log (UnityEngine.LogType,UnityEngine.LogOption,string,UnityEngine.Object)
UnityEngine.DebugLogHandler:LogFormat (UnityEngine.LogType,UnityEngine.Object,string,object[])
UnityEngine.Logger:Log (UnityEngine.LogType,object)
UnityEngine.Debug:LogWarning (object)
UnityEditor.PlayerSettingsBatchingWarning:WarnIfDynamicBatchingEnabled ()
UnityEditor.EditorApplication:Internal_CallUpdateFunctions ()

[Licensing::Client] Successfully resolved entitlement details
[Licensing::Client] Successfully resolved entitlement details
[Licensing::Client] Successfully updated the access token
[Licensing::Module] Successfully updated access token: "RqCbX-2V"... (expires: 2026-07-08T04:52:30Z)
Created GICache directory at C:/Users/Oswel Cardona/AppData/LocalLow/Unity/Caches/GiCache. Took: 0.032s, timestamps: [36.997 - 37.029]
Asset Pipeline Refresh (id=706e309bf92823d4887350f177cd3027): Total: 0.014 seconds - Initiated by RefreshV2(AllowForceSynchronousImport)
Start Indexing on Editor startup
[Indexing] Starting Initial Indexing for Assets
TrimDiskCacheJob: Current cache size 0mb
Asset Pipeline Refresh (id=9012f1c9cd495c9439be730703da26ca): Total: 0.056 seconds - Initiated by RefreshV2(AllowForceSynchronousImport)
Asset Pipeline Refresh (id=ba9c564ac41abba43a0d921292659024): Total: 0.071 seconds - Initiated by RefreshV2(AllowForceSynchronousImport)
Asset Pipeline Refresh (id=55754d9ae10a33447a3a4ef886f35fe7): Total: 0.009 seconds - Initiated by RefreshV2(AllowForceSynchronousImport)
Asset Pipeline Refresh (id=e1b3c209fda7fb645a58c8438d2a45b7): Total: 0.010 seconds - Initiated by RefreshV2(AllowForceSynchronousImport)
Asset Pipeline Refresh (id=1793a88d6f35d6b4fa5c66d9d1791b06): Total: 0.007 seconds - Initiated by RefreshV2(AllowForceSynchronousImport)
Asset Pipeline Refresh (id=5ab778cbd6b6dd94d934dd89cef319ce): Total: 0.011 seconds - Initiated by RefreshV2(AllowForceSynchronousImport)
Starting new worker id: 1 with log in C:/Users/Oswel Cardona/OneDrive/Documents/GitHub/scape-from-utp-juego/Logs/AssetImportWorkerHW1.log
[Worker0] Imported GUID: 14b27b7246eff854dadc2f73a3fbc69a - Path: Assets/MenuPrincipal.unity - Importer: PreviewImporter -> (ImportResultId: 'b3fd1ee4a59eb78127b67257aa6bf3ef') in 0.2990854 seconds
Worker ready: AssetImportWorkerHW1 1
Opening scene 'Assets/MenuPrincipal.unity additively'
Loaded scene 'Assets/MenuPrincipal.unity'
	Deserialize:            57.374 ms
	Integration:            13.361 ms
	Integration of assets:  0.018 ms
	Thread Wait Time:       -0.001 ms
	Total Operation Time:   70.753 ms
Loaded scene 'Library/Unused/315a9dee7b4901043bb6f2b051bd606f'
	Deserialize:            0.600 ms
	Integration:            0.696 ms
	Integration of assets:  0.003 ms
	Thread Wait Time:       0.026 ms
	Total Operation Time:   1.324 ms
Unloading 5 Unused Serialized files (Serialized files now loaded: 0)
Unloading 62 unused Assets / (17.2 MB). Loaded Objects now: 2378.
Memory consumption went from 413.5 MB to 396.4 MB.
Total: 135.482800 ms (FindLiveObjects: 0.244300 ms CreateObjectMapping: 1.253500 ms MarkObjects: 79.618200 ms  DeleteObjects: 54.362000 ms)

Unloading 1 Unused Serialized files (Serialized files now loaded: 0)
Unloading 0 unused Assets / (60.7 KB). Loaded Objects now: 2381.
Memory consumption went from 391.0 MB to 390.9 MB.
Total: 15.449900 ms (FindLiveObjects: 0.332100 ms CreateObjectMapping: 0.084500 ms MarkObjects: 15.016500 ms  DeleteObjects: 0.012700 ms)

Asset Pipeline Refresh (id=c90eb5c9a8d3ba846a6a8ba22d0e9b7f): Total: 0.022 seconds - Initiated by RefreshV2(AllowForceSynchronousImport)
Importing 'GUID: f54d1bd14bd3ca042bd867b519fee8cc - Path: Assets/TextMesh Pro' with importer (DefaultImporter)
Imported 'GUID: f54d1bd14bd3ca042bd867b519fee8cc' -> (Import Result ID: '0017850b1cc0d8935007fcf3cc1d26c2') in 0.024 seconds [static dependencies only]. Details - ImportResultOutputID=557aa16bff1fbbdf58ca7fb84f237fd8 DependenciesID=ac7e4a2425da1062e0ff42823ad9add0 StaticDependenciesID=131756df98bf4b89be992c4e23362381 
Importing 'GUID: 243e06394e614e5d99fab26083b707fa - Path: Assets/TextMesh Pro/Resources' with importer (DefaultImporter)
Imported 'GUID: 243e06394e614e5d99fab26083b707fa' -> (Import Result ID: '1795669bef589f41f65e5b5a1ba7e39c') in 0.002 seconds [static dependencies only]. Details - ImportResultOutputID=382f7cc76f7e0ef44c3e00e0c51ddb0e DependenciesID=8c54250bdf78ade8fd1a16af3b85506d StaticDependenciesID=06f56e13cb1e3043e10f00113a136709 
Importing 'GUID: e9f693669af91aa45ad615fc681ed29f - Path: Assets/TextMesh Pro/Shaders' with importer (DefaultImporter)
Imported 'GUID: e9f693669af91aa45ad615fc681ed29f' -> (Import Result ID: '43b76911144b1550a04aa8d032441da0') in 0.003 seconds [static dependencies only]. Details - ImportResultOutputID=c55828ba2a08028dd91c5ff527d45c01 DependenciesID=ecfcaca5d83a0adfa6f6e9850b510900 StaticDependenciesID=deb4015ae3a00789ccbf32f3dc66088d 
Importing 'GUID: 6ab70aee4d56447429c680537fbf93ed - Path: Assets/TextMesh Pro/Fonts' with importer (DefaultImporter)
Imported 'GUID: 6ab70aee4d56447429c680537fbf93ed' -> (Import Result ID: 'e252175a7f1be1e3a49ee3c515d4df2c') in 0.002 seconds [static dependencies only]. Details - ImportResultOutputID=f0bff5ce80c71aee7b4896349cd22958 DependenciesID=6e3631f064b6985639b9212b237cca7d StaticDependenciesID=7f7677a7df09ee425cee3b782621474e 
Importing 'GUID: 731f1baa9d144a9897cb1d341c2092b8 - Path: Assets/TextMesh Pro/Resources/Fonts & Materials' with importer (DefaultImporter)
Imported 'GUID: 731f1baa9d144a9897cb1d341c2092b8' -> (Import Result ID: '54cedab0ffe5c516e3414022bf581fa7') in 0.002 seconds [static dependencies only]. Details - ImportResultOutputID=cf24996e50fb4ab70ff6e0410592c4d4 DependenciesID=75f690b4b9db00c2cf466ff41bfda445 StaticDependenciesID=f7b54e65ec517d4dfa4056d7a71dd310 
Importing 'GUID: 4aecb92fff08436c8303b10eab8da368 - Path: Assets/TextMesh Pro/Resources/Style Sheets' with importer (DefaultImporter)
Imported 'GUID: 4aecb92fff08436c8303b10eab8da368' -> (Import Result ID: '69787c6d3a2840f971edfa9c373f86ac') in 0.003 seconds [static dependencies only]. Details - ImportResultOutputID=f378c55f2a9550ce27e4502ec7e8aa57 DependenciesID=a5f74ce777c4240404b27739e23a8bbb StaticDependenciesID=9f33d1836065238c392f8a479fc6190f 
Importing 'GUID: 124c112a6e8f1a54e8b0870e881b56d8 - Path: Assets/TextMesh Pro/Shaders/TMP_SDF-URP Unlit.shadergraph' with importer (DefaultImporter)
Imported 'GUID: 124c112a6e8f1a54e8b0870e881b56d8' -> (Import Result ID: '7a8ec7f6a627f5ab50b268f49a5c0196') in 0.070 seconds [static dependencies only]. Details - ImportResultOutputID=3bdb64179b1687430e17c372a60e230c DependenciesID=219c6dfd8b2f4f66a5eb8bf1ede397a7 StaticDependenciesID=a44f3c65acb32a0649d7e5efbc3ea03c 
Importing 'GUID: a3d800b099a06e0478fb790c5e79057a - Path: Assets/TextMesh Pro/Shaders/TMP_SDF-URP Lit.shadergraph' with importer (DefaultImporter)
Imported 'GUID: a3d800b099a06e0478fb790c5e79057a' -> (Import Result ID: 'e63f734a15fcd8399ecfd9ac8216ee2e') in 0.005 seconds [static dependencies only]. Details - ImportResultOutputID=b0737424a86d17413e22efd4b05d14d9 DependenciesID=e030668b0faa3592f71c46b708b6966f StaticDependenciesID=03807e28210a7577c2db5d4aaa2e1313 
Importing 'GUID: f63d574838ccfb44f84acc05fed0af48 - Path: Assets/TextMesh Pro/Shaders/TMP_SDF-HDRP UNLIT.shadergraph' with importer (DefaultImporter)
Imported 'GUID: f63d574838ccfb44f84acc05fed0af48' -> (Import Result ID: '05116faa89bffd4a3b4f2ef0965e3f89') in 0.004 seconds [static dependencies only]. Details - ImportResultOutputID=a002d4f71fdb3e63c9f70062605785b3 DependenciesID=a0fc3f5bd1fca6c9cb9f9128f89dca73 StaticDependenciesID=ef24b446c1bfe6a994918eb1e08243e9 
Importing 'GUID: ca2ed216f98028c4dae6c5224a952b3c - Path: Assets/TextMesh Pro/Shaders/TMP_SDF-HDRP LIT.shadergraph' with importer (DefaultImporter)
Imported 'GUID: ca2ed216f98028c4dae6c5224a952b3c' -> (Import Result ID: '69b6b90d269b74660ed9c6bf2b64e406') in 0.003 seconds [static dependencies only]. Details - ImportResultOutputID=ee6afe84a6b089e251dcb4d1d57cee2b DependenciesID=d9512165d424efdbd46ccd6953d1a8ee StaticDependenciesID=c3630bf2aefe9c259e98130b6071d953 
Importing 'GUID: 407bc68d299748449bbf7f48ee690f8d - Path: Assets/TextMesh Pro/Shaders/TMPro.cginc' with importer (ShaderIncludeImporter)
Imported 'GUID: 407bc68d299748449bbf7f48ee690f8d' -> (Import Result ID: '755691b39a7eaf9a01ccf06b67d7de2e') in 0.005 seconds [static dependencies only]. Details - ImportResultOutputID=1bd22da0221ba991566ca4e6dfae75f5 DependenciesID=5889aa507d4a06388365cb826a98c438 StaticDependenciesID=521d6c93053fc029167aa11c355be29c 
Importing 'GUID: c334973cef89a9840b0b0c507e0377ab - Path: Assets/TextMesh Pro/Shaders/TMPro_Mobile.cginc' with importer (ShaderIncludeImporter)
Imported 'GUID: c334973cef89a9840b0b0c507e0377ab' -> (Import Result ID: '31376ab28a9a8e81f026341ccce59d09') in 0.004 seconds [static dependencies only]. Details - ImportResultOutputID=9e8a43846baefc8da31eb43e9237046f DependenciesID=37d8cacc1d3c05971f436d902e8eab4f StaticDependenciesID=e0421e9f6d278ebb9dc61c887ea15b29 
Importing 'GUID: 96de908384869cd409c75efa351d5edf - Path: Assets/TextMesh Pro/Shaders/SDFFunctions.hlsl' with importer (ShaderIncludeImporter)
Imported 'GUID: 96de908384869cd409c75efa351d5edf' -> (Import Result ID: 'b6890be2d552e53322ab781ee7090e66') in 0.004 seconds [static dependencies only]. Details - ImportResultOutputID=32e6910ee6b9c4e28f824306c10569da DependenciesID=90aabc7a50f64addd4f40407e8f29857 StaticDependenciesID=ea2fe5af8cc97904c571f815349b6092 
Importing 'GUID: 3997e2241185407d80309a82f9148466 - Path: Assets/TextMesh Pro/Shaders/TMPro_Properties.cginc' with importer (ShaderIncludeImporter)
Imported 'GUID: 3997e2241185407d80309a82f9148466' -> (Import Result ID: '5b67ef15f8bfd78451ff3a968156b7f5') in 0.004 seconds [static dependencies only]. Details - ImportResultOutputID=d4afa331a41c35391aae778b3b6475ec DependenciesID=b80d35624f3cf730970fae06de86d16d StaticDependenciesID=541c287f2051d708758ecc434b7cb58b 
Importing 'GUID: d930090c0cd643c7b55f19a38538c162 - Path: Assets/TextMesh Pro/Shaders/TMPro_Surface.cginc' with importer (ShaderIncludeImporter)
Imported 'GUID: d930090c0cd643c7b55f19a38538c162' -> (Import Result ID: '528ed2b89101001d10a990ea4bf01cc6') in 0.003 seconds [static dependencies only]. Details - ImportResultOutputID=458955789dc03a0d58de79767947df90 DependenciesID=0e5e8da774def45ef6ba13ceeace65a9 StaticDependenciesID=75c4313cf57c58c19dc0c730a6b2fbfc 
Importing 'GUID: a02a7d8c237544f1962732b55a9aebf1 - Path: Assets/TextMesh Pro/Shaders/TMP_SDF-Mobile Overlay.shader' with importer (ShaderImporter)
Imported 'GUID: a02a7d8c237544f1962732b55a9aebf1' -> (Import Result ID: '089edfc5d0fa03ba3d62df40824e712c') in 0.039 seconds [static and dynamic dependencies]. Details - ImportResultOutputID=2b74d16fbeacfe2875c39f3aec85e823 DependenciesID=435e0cd870fe1a4b9d5129a30ae5562c StaticDependenciesID=5cce7fb4abf2fe8cba544b942f9c445f 
Importing 'GUID: 0178fcb869bafef4690d177d31d17db8 - Path: Assets/TextMesh Pro/Shaders/TMP_SDF-Mobile-2-Pass.shader' with importer (ShaderImporter)
Imported 'GUID: 0178fcb869bafef4690d177d31d17db8' -> (Import Result ID: '3997b5141dea3ec98429c24cdb947bb7') in 0.011 seconds [static and dynamic dependencies]. Details - ImportResultOutputID=76ca6b4a7648d9be783483d1f59a6902 DependenciesID=3f3c12ddbc49fdf00d4a209c06b12fe8 StaticDependenciesID=e5b7ec745476634faf5287bce5823f70 
Importing 'GUID: 128e987d567d4e2c824d754223b3f3b0 - Path: Assets/TextMesh Pro/Shaders/TMP_Bitmap.shader' with importer (ShaderImporter)
Imported 'GUID: 128e987d567d4e2c824d754223b3f3b0' -> (Import Result ID: 'a6210f73c1348e0dad193ab27b583e3d') in 0.012 seconds [static and dynamic dependencies]. Details - ImportResultOutputID=1aea37352a424b4c3acb40217d428405 DependenciesID=e0c72b47bede24b67bbb00660ba833e1 StaticDependenciesID=26c489bb0cd3813725bde94de7053b1a 
Importing 'GUID: 14eb328de4b8eb245bb7cea29e4ac00b - Path: Assets/TextMesh Pro/Shaders/TMP_SDF SSD.shader' with importer (ShaderImporter)
Imported 'GUID: 14eb328de4b8eb245bb7cea29e4ac00b' -> (Import Result ID: '5d9f374e3104af4aab08b6986a234c5e') in 0.011 seconds [static and dynamic dependencies]. Details - ImportResultOutputID=b6201e8866c54c34d604b02f1070fea4 DependenciesID=9eaf9ed542039341865390b83c7df52e StaticDependenciesID=2e495aefa14ac23412e96b01952d1a0f 
Importing 'GUID: 85187c2149c549c5b33f0cdb02836b17 - Path: Assets/TextMesh Pro/Shaders/TMP_SDF-Surface-Mobile.shader' with importer (ShaderImporter)
Imported 'GUID: 85187c2149c549c5b33f0cdb02836b17' -> (Import Result ID: 'aa79c3eed3b21f957dabaf4f52d0e251') in 0.302 seconds [static and dynamic dependencies]. Details - ImportResultOutputID=7fad1b1717a0d8fb67f389fb7680c1fe DependenciesID=310e77b0748fca6644269d52f5825380 StaticDependenciesID=ffeb4f45e28e65505d4ee25b8da72696 
Importing 'GUID: f7ada0af4f174f0694ca6a487b8f543d - Path: Assets/TextMesh Pro/Shaders/TMP_SDF-Surface.shader' with importer (ShaderImporter)
Imported 'GUID: f7ada0af4f174f0694ca6a487b8f543d' -> (Import Result ID: '5597c7a2c5294e28d254cd512318c927') in 0.513 seconds [static and dynamic dependencies]. Details - ImportResultOutputID=a6f4a25894090073221af34a1b144c85 DependenciesID=c3314b9ce9b72fa23eb7f9c605ab139b StaticDependenciesID=d3bcdb9df70bb81643e3691663bf096f 
Importing 'GUID: 48bb5f55d8670e349b6e614913f9d910 - Path: Assets/TextMesh Pro/Shaders/TMP_Bitmap-Custom-Atlas.shader' with importer (ShaderImporter)
Imported 'GUID: 48bb5f55d8670e349b6e614913f9d910' -> (Import Result ID: '7e721cd162f5d9eaf24cd99f99f61f94') in 0.007 seconds [static and dynamic dependencies]. Details - ImportResultOutputID=c2486a4c31bed7bacdfd6794fea3205c DependenciesID=8a60a1eb9165b68e8eacb1fbdb15ad59 StaticDependenciesID=eecfc2e69e8d4fafd164b6460bdb3e48 
Importing 'GUID: 68e6db2ebdc24f95958faec2be5558d6 - Path: Assets/TextMesh Pro/Shaders/TMP_SDF.shader' with importer (ShaderImporter)
Imported 'GUID: 68e6db2ebdc24f95958faec2be5558d6' -> (Import Result ID: '37bcb5c9fec5edfffa6ae6af1aa4ae06') in 0.008 seconds [static and dynamic dependencies]. Details - ImportResultOutputID=4d67c4dc18bb9f7bd04a2e78e07b6ef5 DependenciesID=5a970f3e91f6de7f3b1f9cc30646cbf7 StaticDependenciesID=ce46f6b8173b936aa86ff4da14988f5e 
Importing 'GUID: c8d12adcee749c344b8117cf7c7eb912 - Path: Assets/TextMesh Pro/Shaders/TMP_SDF-Mobile SSD.shader' with importer (ShaderImporter)
Imported 'GUID: c8d12adcee749c344b8117cf7c7eb912' -> (Import Result ID: '64dfcdb9b620c98fca5e6c3ffcce2098') in 0.007 seconds [static and dynamic dependencies]. Details - ImportResultOutputID=cdae873562d46c8ca7327f44da105fb8 DependenciesID=7b02e6ec041814b14ea142c4e2cfc9b9 StaticDependenciesID=1693b0f3b602df34fb05cd0ca65ce651 
Importing 'GUID: bc1ede39bf3643ee8e493720e4259791 - Path: Assets/TextMesh Pro/Shaders/TMP_SDF-Mobile Masking.shader' with importer (ShaderImporter)
Imported 'GUID: bc1ede39bf3643ee8e493720e4259791' -> (Import Result ID: '90c96b396dccfd700771c73dfc0066cf') in 0.008 seconds [static and dynamic dependencies]. Details - ImportResultOutputID=b7870331dd29eb9b8f14bb2e40c66fb9 DependenciesID=1a8a795e1f078ddb4dd75e14022bf241 StaticDependenciesID=b990e054b50fb1dd9be86c1d8b26a2e4 
Importing 'GUID: dd89cf5b9246416f84610a006f916af7 - Path: Assets/TextMesh Pro/Shaders/TMP_SDF Overlay.shader' with importer (ShaderImporter)
Imported 'GUID: dd89cf5b9246416f84610a006f916af7' -> (Import Result ID: 'eb6312e7215a0f1894388fc5d3d8e972') in 0.007 seconds [static and dynamic dependencies]. Details - ImportResultOutputID=f4ca6216cf1c9854ddab89982447affe DependenciesID=5143755d7bc484a6f67bb5435e8cdd4f StaticDependenciesID=ddb73010edf3141e4a2300c00b290ce1 
Importing 'GUID: 1e3b057af24249748ff873be7fafee47 - Path: Assets/TextMesh Pro/Shaders/TMP_Bitmap-Mobile.shader' with importer (ShaderImporter)
Imported 'GUID: 1e3b057af24249748ff873be7fafee47' -> (Import Result ID: '66ca9861a8de7f8e3f1237c7f7273e6c') in 0.007 seconds [static and dynamic dependencies]. Details - ImportResultOutputID=2a1945fbc39cb9d3777fc871d492af93 DependenciesID=89669a5af1a3fa0eed176dc4dc479fbd StaticDependenciesID=443c6c89ff3c66d5b3a8eb511638b2f2 
Importing 'GUID: fe393ace9b354375a9cb14cdbbc28be4 - Path: Assets/TextMesh Pro/Shaders/TMP_SDF-Mobile.shader' with importer (ShaderImporter)
Imported 'GUID: fe393ace9b354375a9cb14cdbbc28be4' -> (Import Result ID: '40d05be9be84d00131eaaf4e10905140') in 0.007 seconds [static and dynamic dependencies]. Details - ImportResultOutputID=279153efe01ccf1d989db4c204d93970 DependenciesID=ed23aba5332019b9e78f191c27ab4009 StaticDependenciesID=29781338420a4779e7771f833bf64b82 
Importing 'GUID: cf81c85f95fe47e1a27f6ae460cf182c - Path: Assets/TextMesh Pro/Shaders/TMP_Sprite.shader' with importer (ShaderImporter)
Imported 'GUID: cf81c85f95fe47e1a27f6ae460cf182c' -> (Import Result ID: '99744b0a2d739ed83da72298cbf2ab20') in 0.006 seconds [static and dynamic dependencies]. Details - ImportResultOutputID=1b064a08fe9cc7d36c1f926ed72ac187 DependenciesID=184f784298a34538505850b5080163d0 StaticDependenciesID=0ff142873cec264322f12ce089275c18 
Importing 'GUID: e73a58f6e2794ae7b1b7e50b7fb811b0 - Path: Assets/TextMesh Pro/Resources/Fonts & Materials/LiberationSans SDF - Drop Shadow.mat' with importer (NativeFormatImporter)
Imported 'GUID: e73a58f6e2794ae7b1b7e50b7fb811b0' -> (Import Result ID: '7a3f1f05de6ae894fe04e3fbc1dc3a8d') in 0.007 seconds [static dependencies only]. Details - ImportResultOutputID=88f815c0edef55493545dd7260b6379b DependenciesID=9b68c155c860efd2bd2bd7a5d138332a StaticDependenciesID=2c70f428f5d8a9d0e59b14cf9522aaee 
Importing 'GUID: 79459efec17a4d00a321bdcc27bbc385 - Path: Assets/TextMesh Pro/Resources/Fonts & Materials/LiberationSans SDF - Outline.mat' with importer (NativeFormatImporter)
Imported 'GUID: 79459efec17a4d00a321bdcc27bbc385' -> (Import Result ID: 'dbd51e9af9d561abcd481289f7ceb675') in 0.002 seconds [static dependencies only]. Details - ImportResultOutputID=f742fd837be57d5b294f4214e1f60ced DependenciesID=f83383c0c8b8187af0d43a0d31cf2cd6 StaticDependenciesID=983484032344b40f7260cac14d64dd2e 
Importing 'GUID: e3265ab4bf004d28a9537516768c1c75 - Path: Assets/TextMesh Pro/Fonts/LiberationSans.ttf' with importer (TrueTypeFontImporter)
Imported 'GUID: e3265ab4bf004d28a9537516768c1c75' -> (Import Result ID: 'b4efd3ecd86579bef3d02333fc84ec09') in 0.385 seconds [static and dynamic dependencies]. Details - ImportResultOutputID=0961a0baf0eafb599aee9d0864ed0035 DependenciesID=5b11b41e74c0b8776d89691def1a7dee StaticDependenciesID=a52300c23b5ce3f9302cee57c0af6ee3 
Importing 'GUID: f952c082cb03451daed3ee968ac6c63e - Path: Assets/TextMesh Pro/Resources/Style Sheets/Default Style Sheet.asset' with importer (NativeFormatImporter)
Imported 'GUID: f952c082cb03451daed3ee968ac6c63e' -> (Import Result ID: '3be2ed5059c1d0369d573b349821e61a') in 0.004 seconds [static dependencies only]. Details - ImportResultOutputID=8dd71883b584e82682a3aae71db361b6 DependenciesID=15f5bbfea9fd2cc58aea88e012eadd5d StaticDependenciesID=f1ad0af2836a1865a7a28db8e458bc73 
Importing 'GUID: 2e498d1c8094910479dc3e1b768306a4 - Path: Assets/TextMesh Pro/Resources/Fonts & Materials/LiberationSans SDF - Fallback.asset' with importer (NativeFormatImporter)
Imported 'GUID: 2e498d1c8094910479dc3e1b768306a4' -> (Import Result ID: '234e9c263eada405fd5a36ab18d8a247') in 0.011 seconds [static dependencies only]. Details - ImportResultOutputID=94ce4dace069634644df4d315a8acf11 DependenciesID=70b8c9bd8e14d94a8a513898ff99d5f9 StaticDependenciesID=6fcd5c0b43ca802d606f116cfd5e2612 
Importing 'GUID: 3f5b5dff67a942289a9defa416b206f3 - Path: Assets/TextMesh Pro/Resources/TMP Settings.asset' with importer (NativeFormatImporter)
Imported 'GUID: 3f5b5dff67a942289a9defa416b206f3' -> (Import Result ID: 'f841acd4b471cbf3ea47f014d12be7a0') in 0.013 seconds [static dependencies only]. Details - ImportResultOutputID=f3a7f958421f64c2182feeeb9c024eba DependenciesID=545a642f532dfaa0a233aefc317afcc3 StaticDependenciesID=d9eadb4150c61ca5c5b338afd4c83175 
Importing 'GUID: 8f586378b4e144a9851e7b34d9b748ee - Path: Assets/TextMesh Pro/Resources/Fonts & Materials/LiberationSans SDF.asset' with importer (NativeFormatImporter)
Imported 'GUID: 8f586378b4e144a9851e7b34d9b748ee' -> (Import Result ID: '3c8b323e7d320dcd0fe18f56eb6ab594') in 0.001 seconds [static dependencies only]. Details - ImportResultOutputID=240fd601d528dfe2404501a6b4c703ff DependenciesID=06bb1279a8342a44092c1a2615127508 StaticDependenciesID=5157efe91d1109108bc5056f5e2a9749 
Importing 'GUID: d82c1b31c7e74239bff1220585707d2b - Path: Assets/TextMesh Pro/Resources/LineBreaking Leading Characters.txt' with importer (TextScriptImporter)
Imported 'GUID: d82c1b31c7e74239bff1220585707d2b' -> (Import Result ID: '4a02e700c34c2ad1cde970c1a8cc443f') in 0.003 seconds [static dependencies only]. Details - ImportResultOutputID=656c264a72560bc6d5d4ff81ebbbd71e DependenciesID=f834cbd335f632acacd8815172c13c5c StaticDependenciesID=d7840e64148846ba609ef7d12d657b95 
Importing 'GUID: fade42e8bc714b018fac513c043d323b - Path: Assets/TextMesh Pro/Resources/LineBreaking Following Characters.txt' with importer (TextScriptImporter)
Imported 'GUID: fade42e8bc714b018fac513c043d323b' -> (Import Result ID: 'c328e9a06595bd53e85ca959a0cd4837') in 0.003 seconds [static dependencies only]. Details - ImportResultOutputID=e7a4faf6f5567055bb2bb9f81ed43db7 DependenciesID=9f9546246fb8524ed520672a20bea9c6 StaticDependenciesID=db80cf50901edf496ff4be0daacaa63e 
Importing 'GUID: 6e59c59b81ab47f9b6ec5781fa725d2c - Path: Assets/TextMesh Pro/Fonts/LiberationSans - OFL.txt' with importer (TextScriptImporter)
Imported 'GUID: 6e59c59b81ab47f9b6ec5781fa725d2c' -> (Import Result ID: 'cdb621947239b8fd72d72b1d7a9bb22c') in 0.003 seconds [static dependencies only]. Details - ImportResultOutputID=743c8d75f946ab41679b34651b3ba806 DependenciesID=f6073ec9658273740d6b349bfbd9b8b4 StaticDependenciesID=f22bf5ef59c26993cff677f464e4a9a5 
Launched and connected shader compiler UnityShaderCompiler.exe after 0.02 seconds
Launched and connected shader compiler UnityShaderCompiler.exe after 0.02 seconds
Launched and connected shader compiler UnityShaderCompiler.exe after 0.03 seconds

Asset Pipeline Refresh (id=4e3ae43a41d94934f814eaee720b5451): Total: 2.231 seconds - Initiated by RefreshV2(ForceSynchronousImport)
	(Values over 0.05ms)
	Summary:
		Imports: total=39 (actual=39, local cache=0, cache server=0)
		Asset DB Process Time: managed=11 ms, native=1882 ms
		Asset DB Callback time: managed=138 ms, native=199 ms
		Scripting: domain reloads=0, domain reload time=0 ms, compile time=0 ms, other=0 ms
		Project Asset Count: scripts=240, non-scripts=260
		Asset File Changes: new=39, changed=39, moved=0, deleted=0
		Scan Filter Count: 0
	InvokePackagesCallback: 1.711ms
	ApplyChangesToAssetFolders: 0.142ms
	Scan: 195.221ms
	Collect global state as custom dependencies: 0.072ms
	OnSourceAssetsModified: 58.886ms
	CategorizeScriptCompilationAssets: 0.053ms
	ProcessAssetsWithTransientArtifactChanges: 0.436ms
	CategorizeAssets: 4.221ms
	ImportOutOfDateAssets: 1673.796ms (4.058ms without children)
		ImportManagerImport: 1665.050ms (7.730ms without children)
			UpdateCategorizedAssets: 1.065ms
		UnloadImportedAssets: 0.360ms
		EnsureUptoDateAssetsAreRegisteredWithGuidPM: 0.127ms
		ImportSchedulerStart: 4.135ms
	PostProcessAllAssets: 263.852ms
		ShaderAssetModifiedCallback 135.204ms
		VersionControlSettings.HiddenFilePostprocess 1.465ms
		PostProcessCallbackCreateDeferredMaterials 0.300ms
		AssemblyValidation.PostprocessAllAssets 0.172ms
		ComputeShaderImportPostprocess 0.141ms
		PostprocessAssetsUpdateCachedIcon 0.125ms
		RaytracingShaderImportPostprocess 0.096ms
		MonoPostProcessAllAssets: 120.763ms
			TMPro_TexturePostProcessor.OnPostprocessAllAssets 37.091ms
			AssetPostprocessor.OnPostprocessAllAssets 23.642ms
			SpriteSlicePostprocessor.OnPostprocessAllAssets 19.063ms
			RetainedModeAssetPostprocessor.OnPostprocessAllAssets 5.526ms
			AssetChangedListener.OnPostprocessAllAssets 5.086ms
			BuilderAssetPostprocessor.OnPostprocessAllAssets 4.137ms
			SpriteEditorTexturePostprocessor.OnPostprocessAllAssets 4.034ms
			TextAssetPostProcessor.OnPostprocessAllAssets 3.200ms
			ArtifactBrowserPostProcessor.OnPostprocessAllAssets 3.080ms
			AudioMixerPostprocessor.OnPostprocessAllAssets 2.959ms
			AssetEvents.OnPostprocessAllAssets 1.689ms
			ScenarioDriftAssetsTracker.OnPostprocessAllAssets 1.656ms
			ConfigAssetsTracker.OnPostprocessAllAssets 1.646ms
			SpeedTreePostProcessor.OnPostprocessAllAssets 1.348ms
			StyleCatalogPostProcessor.OnPostprocessAllAssets 0.766ms
			AudioContainerPostProcessor.OnPostprocessAllAssets 0.668ms
			SpeedTree9Postprocessor.OnPostprocessAllAssets 0.611ms
			SyncVS.PostprocessSyncProject 0.118ms
			RenderPipelineGlobalSettingsPostprocessor.OnPostprocessAllAssets 0.065ms
			WindowAssetPostprocessingWatcher.OnPostprocessAllAssets 0.053ms
	PostAssetChangesProfiler: 13.680ms
	GatherAllCurrentPrimaryImportResultRevisions: 0.056ms
	UnloadStreamsBegin: 3.222ms
	PersistCurrentRevisions: 1.790ms
	Untracked: 13.745ms

Asset Pipeline Refresh (id=aa6acfe8b9773ea4f9720689f2551880): Total: 0.024 seconds - Initiated by RefreshV2(ForceSynchronousImport)
Launched and connected shader compiler UnityShaderCompiler.exe after 0.06 seconds
[TMP Essential Resources] have been imported.
UnityEngine.Debug:ExtractStackTraceNoAlloc (byte*,int,string)
UnityEngine.StackTraceUtility:ExtractStackTrace ()
UnityEngine.DebugLogHandler:Internal_Log (UnityEngine.LogType,UnityEngine.LogOption,string,UnityEngine.Object)
UnityEngine.DebugLogHandler:LogFormat (UnityEngine.LogType,UnityEngine.Object,string,object[])
UnityEngine.Logger:Log (UnityEngine.LogType,object)
UnityEngine.Debug:Log (object)
TMPro.TMP_PackageResourceImporter:ImportCallback (string) (at ./Library/PackageCache/com.unity.ugui@4f9b15fd1386/Runtime/TMP/TMP_PackageResourceImporter.cs:160)
UnityEditor.AssetDatabase:Internal_CallImportPackageCompleted (string)

(Filename: ./Library/PackageCache/com.unity.ugui@4f9b15fd1386/Runtime/TMP/TMP_PackageResourceImporter.cs Line: 160)

Launched and connected shader compiler UnityShaderCompiler.exe after 0.26 seconds
Launched and connected shader compiler UnityShaderCompiler.exe after 0.03 seconds
Launched and connected shader compiler UnityShaderCompiler.exe after 0.03 seconds
[Worker1] Imported GUID: 243e06394e614e5d99fab26083b707fa - Path: Assets/TextMesh Pro/Resources - Importer: ScriptedImporter/UnityEditor.QuickSearchModule:UnityEditor.Search:ASIAI0B -> (ImportResultId: '12b418ed8199462553d0c167732e4d83') in 0.0989968 seconds
[Worker1] Imported GUID: 3997e2241185407d80309a82f9148466 - Path: Assets/TextMesh Pro/Shaders/TMPro_Properties.cginc - Importer: ScriptedImporter/UnityEditor.QuickSearchModule:UnityEditor.Search:ASIAI0B -> (ImportResultId: 'e2a9378b1315087c337c66494972c7c0') in 0.0468661 seconds
[Worker1] Imported GUID: c334973cef89a9840b0b0c507e0377ab - Path: Assets/TextMesh Pro/Shaders/TMPro_Mobile.cginc - Importer: ScriptedImporter/UnityEditor.QuickSearchModule:UnityEditor.Search:ASIAI0B -> (ImportResultId: '30b4834cb9903f33a8947ccb8eee3e67') in 0.015774 seconds
[Worker1] Imported GUID: e73a58f6e2794ae7b1b7e50b7fb811b0 - Path: Assets/TextMesh Pro/Resources/Fonts & Materials/LiberationSans SDF - Drop Shadow.mat - Importer: ScriptedImporter/UnityEditor.QuickSearchModule:UnityEditor.Search:ASIAI0B -> (ImportResultId: '66f1873080050e59f858dd6899d4cefa') in 0.0963062 seconds
[Worker1] Imported GUID: 124c112a6e8f1a54e8b0870e881b56d8 - Path: Assets/TextMesh Pro/Shaders/TMP_SDF-URP Unlit.shadergraph - Importer: ScriptedImporter/UnityEditor.QuickSearchModule:UnityEditor.Search:ASIAI0B -> (ImportResultId: 'cc0361786fdad461a4a1616999fd4e8d') in 0.0139842 seconds
[Worker1] Imported GUID: 8f586378b4e144a9851e7b34d9b748ee - Path: Assets/TextMesh Pro/Resources/Fonts & Materials/LiberationSans SDF.asset - Importer: ScriptedImporter/UnityEditor.QuickSearchModule:UnityEditor.Search:ASIAI0B -> (ImportResultId: 'c2f451098173c5cb959787f948c82235') in 0.1049644 seconds
[Worker1] Imported GUID: 6e59c59b81ab47f9b6ec5781fa725d2c - Path: Assets/TextMesh Pro/Fonts/LiberationSans - OFL.txt - Importer: ScriptedImporter/UnityEditor.QuickSearchModule:UnityEditor.Search:ASIAI0B -> (ImportResultId: 'f28e1f7a9a021fafb5402c02602af353') in 0.0149343 seconds
[Worker1] Imported GUID: bc1ede39bf3643ee8e493720e4259791 - Path: Assets/TextMesh Pro/Shaders/TMP_SDF-Mobile Masking.shader - Importer: ScriptedImporter/UnityEditor.QuickSearchModule:UnityEditor.Search:ASIAI0B -> (ImportResultId: '2f1087e25fad1561345dcb00497a7f11') in 0.0115706 seconds
[Worker1] Imported GUID: c8d12adcee749c344b8117cf7c7eb912 - Path: Assets/TextMesh Pro/Shaders/TMP_SDF-Mobile SSD.shader - Importer: ScriptedImporter/UnityEditor.QuickSearchModule:UnityEditor.Search:ASIAI0B -> (ImportResultId: '09c64a555e54f77519a1ceb64435a85b') in 0.017011 seconds
[Worker1] Imported GUID: 85187c2149c549c5b33f0cdb02836b17 - Path: Assets/TextMesh Pro/Shaders/TMP_SDF-Surface-Mobile.shader - Importer: ScriptedImporter/UnityEditor.QuickSearchModule:UnityEditor.Search:ASIAI0B -> (ImportResultId: 'dc7fd7e320587bee43743a8ae450a2b7') in 0.0189821 seconds
[Worker1] Imported GUID: e9f693669af91aa45ad615fc681ed29f - Path: Assets/TextMesh Pro/Shaders - Importer: ScriptedImporter/UnityEditor.QuickSearchModule:UnityEditor.Search:ASIAI0B -> (ImportResultId: '341724044feb61d5f31a60d82045d17a') in 0.0080828 seconds
[Worker1] Imported GUID: fade42e8bc714b018fac513c043d323b - Path: Assets/TextMesh Pro/Resources/LineBreaking Following Characters.txt - Importer: ScriptedImporter/UnityEditor.QuickSearchModule:UnityEditor.Search:ASIAI0B -> (ImportResultId: 'ec0351d5fc733cae3782ab4fe1c31d8e') in 0.0229407 seconds
[Worker1] Imported GUID: 2e498d1c8094910479dc3e1b768306a4 - Path: Assets/TextMesh Pro/Resources/Fonts & Materials/LiberationSans SDF - Fallback.asset - Importer: ScriptedImporter/UnityEditor.QuickSearchModule:UnityEditor.Search:ASIAI0B -> (ImportResultId: '6317eca242390b421cae05fb1d489966') in 0.0233584 seconds
[Worker1] Imported GUID: e3265ab4bf004d28a9537516768c1c75 - Path: Assets/TextMesh Pro/Fonts/LiberationSans.ttf - Importer: ScriptedImporter/UnityEditor.QuickSearchModule:UnityEditor.Search:ASIAI0B -> (ImportResultId: '87330bd443113a1ff93f84ffec56de0a') in 0.0556085 seconds
[Worker1] Imported GUID: f54d1bd14bd3ca042bd867b519fee8cc - Path: Assets/TextMesh Pro - Importer: ScriptedImporter/UnityEditor.QuickSearchModule:UnityEditor.Search:ASIAI0B -> (ImportResultId: '74d3ddbfcbe0de6ba6c23186e5c116f0') in 0.0223551 seconds
[Worker1] Imported GUID: f7ada0af4f174f0694ca6a487b8f543d - Path: Assets/TextMesh Pro/Shaders/TMP_SDF-Surface.shader - Importer: ScriptedImporter/UnityEditor.QuickSearchModule:UnityEditor.Search:ASIAI0B -> (ImportResultId: '1950ad60b7937b313ad9bbadebe81874') in 0.0202027 seconds
[Worker1] Imported GUID: 79459efec17a4d00a321bdcc27bbc385 - Path: Assets/TextMesh Pro/Resources/Fonts & Materials/LiberationSans SDF - Outline.mat - Importer: ScriptedImporter/UnityEditor.QuickSearchModule:UnityEditor.Search:ASIAI0B -> (ImportResultId: 'a397d32ed9de774e1df6eb36c5e4ce54') in 0.0419815 seconds
[Worker1] Imported GUID: f952c082cb03451daed3ee968ac6c63e - Path: Assets/TextMesh Pro/Resources/Style Sheets/Default Style Sheet.asset - Importer: ScriptedImporter/UnityEditor.QuickSearchModule:UnityEditor.Search:ASIAI0B -> (ImportResultId: '210f323e085524219c7b96db5c839baf') in 0.0130975 seconds
[Worker1] Imported GUID: a3d800b099a06e0478fb790c5e79057a - Path: Assets/TextMesh Pro/Shaders/TMP_SDF-URP Lit.shadergraph - Importer: ScriptedImporter/UnityEditor.QuickSearchModule:UnityEditor.Search:ASIAI0B -> (ImportResultId: '5852030b87cbc55404741d80e78350f1') in 0.0100307 seconds
[Worker1] Imported GUID: 48bb5f55d8670e349b6e614913f9d910 - Path: Assets/TextMesh Pro/Shaders/TMP_Bitmap-Custom-Atlas.shader - Importer: ScriptedImporter/UnityEditor.QuickSearchModule:UnityEditor.Search:ASIAI0B -> (ImportResultId: '1f450ff02a9c7d368f37aba838946d6c') in 0.0336907 seconds
[Worker1] Imported GUID: d930090c0cd643c7b55f19a38538c162 - Path: Assets/TextMesh Pro/Shaders/TMPro_Surface.cginc - Importer: ScriptedImporter/UnityEditor.QuickSearchModule:UnityEditor.Search:ASIAI0B -> (ImportResultId: 'ac3c4836c035e135acd338ac5a1bfb1d') in 0.0176098 seconds
[Worker1] Imported GUID: 4aecb92fff08436c8303b10eab8da368 - Path: Assets/TextMesh Pro/Resources/Style Sheets - Importer: ScriptedImporter/UnityEditor.QuickSearchModule:UnityEditor.Search:ASIAI0B -> (ImportResultId: '54be69ea3daec85090106e5227bc6b70') in 0.0088086 seconds
[Worker1] Imported GUID: d82c1b31c7e74239bff1220585707d2b - Path: Assets/TextMesh Pro/Resources/LineBreaking Leading Characters.txt - Importer: ScriptedImporter/UnityEditor.QuickSearchModule:UnityEditor.Search:ASIAI0B -> (ImportResultId: '1eda3e4f2eaa039f906e97d1acca75aa') in 0.0156321 seconds
[Worker1] Imported GUID: fe393ace9b354375a9cb14cdbbc28be4 - Path: Assets/TextMesh Pro/Shaders/TMP_SDF-Mobile.shader - Importer: ScriptedImporter/UnityEditor.QuickSearchModule:UnityEditor.Search:ASIAI0B -> (ImportResultId: '5cea903e36d620ddc362abe06f21e02f') in 0.0363419 seconds
[Worker1] Imported GUID: 6ab70aee4d56447429c680537fbf93ed - Path: Assets/TextMesh Pro/Fonts - Importer: ScriptedImporter/UnityEditor.QuickSearchModule:UnityEditor.Search:ASIAI0B -> (ImportResultId: '8afb5805d24af7eda1ff0b28ef33a0a3') in 0.0245434 seconds
[Worker1] Imported GUID: 96de908384869cd409c75efa351d5edf - Path: Assets/TextMesh Pro/Shaders/SDFFunctions.hlsl - Importer: ScriptedImporter/UnityEditor.QuickSearchModule:UnityEditor.Search:ASIAI0B -> (ImportResultId: 'e84a48ccff5800de950e92795cad5e53') in 0.0137117 seconds
[Worker1] Imported GUID: a02a7d8c237544f1962732b55a9aebf1 - Path: Assets/TextMesh Pro/Shaders/TMP_SDF-Mobile Overlay.shader - Importer: ScriptedImporter/UnityEditor.QuickSearchModule:UnityEditor.Search:ASIAI0B -> (ImportResultId: '62baed3898670d7bd9baf91d872dea48') in 0.0110952 seconds
[Worker1] Imported GUID: 731f1baa9d144a9897cb1d341c2092b8 - Path: Assets/TextMesh Pro/Resources/Fonts & Materials - Importer: ScriptedImporter/UnityEditor.QuickSearchModule:UnityEditor.Search:ASIAI0B -> (ImportResultId: '6672952d9d7a789653e883d6e2284f38') in 0.0134887 seconds
[Worker1] Imported GUID: f63d574838ccfb44f84acc05fed0af48 - Path: Assets/TextMesh Pro/Shaders/TMP_SDF-HDRP UNLIT.shadergraph - Importer: ScriptedImporter/UnityEditor.QuickSearchModule:UnityEditor.Search:ASIAI0B -> (ImportResultId: '5529fabf3a2d282d797c8226b6d9aa38') in 0.0115902 seconds
[Worker1] Imported GUID: 0178fcb869bafef4690d177d31d17db8 - Path: Assets/TextMesh Pro/Shaders/TMP_SDF-Mobile-2-Pass.shader - Importer: ScriptedImporter/UnityEditor.QuickSearchModule:UnityEditor.Search:ASIAI0B -> (ImportResultId: '4a3ff0756524ef12a596dd8547610757') in 0.0185255 seconds
[Worker1] Imported GUID: ca2ed216f98028c4dae6c5224a952b3c - Path: Assets/TextMesh Pro/Shaders/TMP_SDF-HDRP LIT.shadergraph - Importer: ScriptedImporter/UnityEditor.QuickSearchModule:UnityEditor.Search:ASIAI0B -> (ImportResultId: 'd15e560be07c72fa6e9613ba84b0f240') in 0.0164665 seconds
[Worker1] Imported GUID: cf81c85f95fe47e1a27f6ae460cf182c - Path: Assets/TextMesh Pro/Shaders/TMP_Sprite.shader - Importer: ScriptedImporter/UnityEditor.QuickSearchModule:UnityEditor.Search:ASIAI0B -> (ImportResultId: '7cacc3a55f7dec1db4e5e856e8126cd6') in 0.0187608 seconds
[Worker1] Imported GUID: 1e3b057af24249748ff873be7fafee47 - Path: Assets/TextMesh Pro/Shaders/TMP_Bitmap-Mobile.shader - Importer: ScriptedImporter/UnityEditor.QuickSearchModule:UnityEditor.Search:ASIAI0B -> (ImportResultId: 'baf561ef422dc32e4d4faa410b8ad7c3') in 0.0097292 seconds
[Worker1] Imported GUID: 14eb328de4b8eb245bb7cea29e4ac00b - Path: Assets/TextMesh Pro/Shaders/TMP_SDF SSD.shader - Importer: ScriptedImporter/UnityEditor.QuickSearchModule:UnityEditor.Search:ASIAI0B -> (ImportResultId: '4e3c1f267bddde6c7ce9f5c7c0591833') in 0.025804 seconds
[Worker1] Imported GUID: 407bc68d299748449bbf7f48ee690f8d - Path: Assets/TextMesh Pro/Shaders/TMPro.cginc - Importer: ScriptedImporter/UnityEditor.QuickSearchModule:UnityEditor.Search:ASIAI0B -> (ImportResultId: '0c6ff6b62c92d8a1cf801e4542a85b24') in 0.0208176 seconds
[Worker1] Imported GUID: dd89cf5b9246416f84610a006f916af7 - Path: Assets/TextMesh Pro/Shaders/TMP_SDF Overlay.shader - Importer: ScriptedImporter/UnityEditor.QuickSearchModule:UnityEditor.Search:ASIAI0B -> (ImportResultId: '82ee2975bb3e5fec82243d660a51d53b') in 0.0152819 seconds
[Worker1] Imported GUID: 3f5b5dff67a942289a9defa416b206f3 - Path: Assets/TextMesh Pro/Resources/TMP Settings.asset - Importer: ScriptedImporter/UnityEditor.QuickSearchModule:UnityEditor.Search:ASIAI0B -> (ImportResultId: '2c25bc460e2c36c34750d47111575e80') in 0.0580275 seconds
[Worker0] Imported GUID: 68e6db2ebdc24f95958faec2be5558d6 - Path: Assets/TextMesh Pro/Shaders/TMP_SDF.shader - Importer: ScriptedImporter/UnityEditor.QuickSearchModule:UnityEditor.Search:ASIAI0B -> (ImportResultId: '35294299acb5bcfdf7f259daa2c8ac4c') in 1.1613778 seconds
[Worker1] Imported GUID: 128e987d567d4e2c824d754223b3f3b0 - Path: Assets/TextMesh Pro/Shaders/TMP_Bitmap.shader - Importer: ScriptedImporter/UnityEditor.QuickSearchModule:UnityEditor.Search:ASIAI0B -> (ImportResultId: '9266526ecc2808e6749645a4f2cdb9b0') in 0.012247 seconds
Asset Pipeline Refresh (id=ed051cbb8d23acc4f915c2e9cc98d3fa): Total: 0.025 seconds - Initiated by RefreshV2(AllowForceSynchronousImport)
[Licensing::Client] Successfully resolved entitlement details
Asset Pipeline Refresh (id=fd1bbe2a2c33d5642b4293326efb7f45): Total: 0.010 seconds - Initiated by RefreshV2(AllowForceSynchronousImport)
The character with Unicode value \u90A3 was not found in the [LiberationSans SDF] font asset or any potential fallbacks. It was replaced by Unicode character \u25A1 in text object [TextoPuntaje].
UnityEngine.Debug:ExtractStackTraceNoAlloc (byte*,int,string)
UnityEngine.StackTraceUtility:ExtractStackTrace ()
UnityEngine.DebugLogHandler:Internal_Log (UnityEngine.LogType,UnityEngine.LogOption,string,UnityEngine.Object)
UnityEngine.DebugLogHandler:LogFormat (UnityEngine.LogType,UnityEngine.Object,string,object[])
UnityEngine.Logger:Log (UnityEngine.LogType,object,UnityEngine.Object)
UnityEngine.Debug:LogWarning (object,UnityEngine.Object)
TMPro.TextMeshProUGUI:SetArraySizes (TMPro.TMP_Text/TextProcessingElement[]) (at ./Library/PackageCache/com.unity.ugui@4f9b15fd1386/Runtime/TMP/TextMeshProUGUI.cs:2012)
TMPro.TMP_Text:ParseInputText () (at ./Library/PackageCache/com.unity.ugui@4f9b15fd1386/Runtime/TMP/TMP_Text.cs:2063)
TMPro.TextMeshProUGUI:OnPreRenderCanvas () (at ./Library/PackageCache/com.unity.ugui@4f9b15fd1386/Runtime/TMP/TextMeshProUGUI.cs:2496)
TMPro.TextMeshProUGUI:Rebuild (UnityEngine.UI.CanvasUpdate) (at ./Library/PackageCache/com.unity.ugui@4f9b15fd1386/Runtime/TMP/TextMeshProUGUI.cs:229)
UnityEngine.UI.CanvasUpdateRegistry:PerformUpdate () (at ./Library/PackageCache/com.unity.ugui@4f9b15fd1386/Runtime/UGUI/UI/Core/CanvasUpdateRegistry.cs:215)
UnityEngine.Canvas:SendWillRenderCanvases ()

(Filename: ./Library/PackageCache/com.unity.ugui@4f9b15fd1386/Runtime/TMP/TextMeshProUGUI.cs Line: 2012)

The character with Unicode value \u4ED6 was not found in the [LiberationSans SDF] font asset or any potential fallbacks. It was replaced by Unicode character \u25A1 in text object [TextoPuntaje].
UnityEngine.Debug:ExtractStackTraceNoAlloc (byte*,int,string)
UnityEngine.StackTraceUtility:ExtractStackTrace ()
UnityEngine.DebugLogHandler:Internal_Log (UnityEngine.LogType,UnityEngine.LogOption,string,UnityEngine.Object)
UnityEngine.DebugLogHandler:LogFormat (UnityEngine.LogType,UnityEngine.Object,string,object[])
UnityEngine.Logger:Log (UnityEngine.LogType,object,UnityEngine.Object)
UnityEngine.Debug:LogWarning (object,UnityEngine.Object)
TMPro.TextMeshProUGUI:SetArraySizes (TMPro.TMP_Text/TextProcessingElement[]) (at ./Library/PackageCache/com.unity.ugui@4f9b15fd1386/Runtime/TMP/TextMeshProUGUI.cs:2012)
TMPro.TMP_Text:ParseInputText () (at ./Library/PackageCache/com.unity.ugui@4f9b15fd1386/Runtime/TMP/TMP_Text.cs:2063)
TMPro.TextMeshProUGUI:OnPreRenderCanvas () (at ./Library/PackageCache/com.unity.ugui@4f9b15fd1386/Runtime/TMP/TextMeshProUGUI.cs:2496)
TMPro.TextMeshProUGUI:Rebuild (UnityEngine.UI.CanvasUpdate) (at ./Library/PackageCache/com.unity.ugui@4f9b15fd1386/Runtime/TMP/TextMeshProUGUI.cs:229)
UnityEngine.UI.CanvasUpdateRegistry:PerformUpdate () (at ./Library/PackageCache/com.unity.ugui@4f9b15fd1386/Runtime/UGUI/UI/Core/CanvasUpdateRegistry.cs:215)
UnityEngine.Canvas:SendWillRenderCanvases ()

(Filename: ./Library/PackageCache/com.unity.ugui@4f9b15fd1386/Runtime/TMP/TextMeshProUGUI.cs Line: 2012)

The character with Unicode value \u5C31 was not found in the [LiberationSans SDF] font asset or any potential fallbacks. It was replaced by Unicode character \u25A1 in text object [TextoPuntaje].
UnityEngine.Debug:ExtractStackTraceNoAlloc (byte*,int,string)
UnityEngine.StackTraceUtility:ExtractStackTrace ()
UnityEngine.DebugLogHandler:Internal_Log (UnityEngine.LogType,UnityEngine.LogOption,string,UnityEngine.Object)
UnityEngine.DebugLogHandler:LogFormat (UnityEngine.LogType,UnityEngine.Object,string,object[])
UnityEngine.Logger:Log (UnityEngine.LogType,object,UnityEngine.Object)
UnityEngine.Debug:LogWarning (object,UnityEngine.Object)
TMPro.TextMeshProUGUI:SetArraySizes (TMPro.TMP_Text/TextProcessingElement[]) (at ./Library/PackageCache/com.unity.ugui@4f9b15fd1386/Runtime/TMP/TextMeshProUGUI.cs:2012)
TMPro.TMP_Text:ParseInputText () (at ./Library/PackageCache/com.unity.ugui@4f9b15fd1386/Runtime/TMP/TMP_Text.cs:2063)
TMPro.TextMeshProUGUI:OnPreRenderCanvas () (at ./Library/PackageCache/com.unity.ugui@4f9b15fd1386/Runtime/TMP/TextMeshProUGUI.cs:2496)
TMPro.TextMeshProUGUI:Rebuild (UnityEngine.UI.CanvasUpdate) (at ./Library/PackageCache/com.unity.ugui@4f9b15fd1386/Runtime/TMP/TextMeshProUGUI.cs:229)
UnityEngine.UI.CanvasUpdateRegistry:PerformUpdate () (at ./Library/PackageCache/com.unity.ugui@4f9b15fd1386/Runtime/UGUI/UI/Core/CanvasUpdateRegistry.cs:215)
UnityEngine.Canvas:SendWillRenderCanvases ()

(Filename: ./Library/PackageCache/com.unity.ugui@4f9b15fd1386/Runtime/TMP/TextMeshProUGUI.cs Line: 2012)

The character with Unicode value \u4E8C was not found in the [LiberationSans SDF] font asset or any potential fallbacks. It was replaced by Unicode character \u25A1 in text object [TextoPuntaje].
UnityEngine.Debug:ExtractStackTraceNoAlloc (byte*,int,string)
UnityEngine.StackTraceUtility:ExtractStackTrace ()
UnityEngine.DebugLogHandler:Internal_Log (UnityEngine.LogType,UnityEngine.LogOption,string,UnityEngine.Object)
UnityEngine.DebugLogHandler:LogFormat (UnityEngine.LogType,UnityEngine.Object,string,object[])
UnityEngine.Logger:Log (UnityEngine.LogType,object,UnityEngine.Object)
UnityEngine.Debug:LogWarning (object,UnityEngine.Object)
TMPro.TextMeshProUGUI:SetArraySizes (TMPro.TMP_Text/TextProcessingElement[]) (at ./Library/PackageCache/com.unity.ugui@4f9b15fd1386/Runtime/TMP/TextMeshProUGUI.cs:2012)
TMPro.TMP_Text:ParseInputText () (at ./Library/PackageCache/com.unity.ugui@4f9b15fd1386/Runtime/TMP/TMP_Text.cs:2063)
TMPro.TextMeshProUGUI:OnPreRenderCanvas () (at ./Library/PackageCache/com.unity.ugui@4f9b15fd1386/Runtime/TMP/TextMeshProUGUI.cs:2496)
TMPro.TextMeshProUGUI:Rebuild (UnityEngine.UI.CanvasUpdate) (at ./Library/PackageCache/com.unity.ugui@4f9b15fd1386/Runtime/TMP/TextMeshProUGUI.cs:229)
UnityEngine.UI.CanvasUpdateRegistry:PerformUpdate () (at ./Library/PackageCache/com.unity.ugui@4f9b15fd1386/Runtime/UGUI/UI/Core/CanvasUpdateRegistry.cs:215)
UnityEngine.Canvas:SendWillRenderCanvases ()

(Filename: ./Library/PackageCache/com.unity.ugui@4f9b15fd1386/Runtime/TMP/TextMeshProUGUI.cs Line: 2012)

The character with Unicode value \u90A3 was not found in the [LiberationSans SDF] font asset or any potential fallbacks. It was replaced by Unicode character \u25A1 in text object [TextoPuntaje].
UnityEngine.Debug:ExtractStackTraceNoAlloc (byte*,int,string)
UnityEngine.StackTraceUtility:ExtractStackTrace ()
UnityEngine.DebugLogHandler:Internal_Log (UnityEngine.LogType,UnityEngine.LogOption,string,UnityEngine.Object)
UnityEngine.DebugLogHandler:LogFormat (UnityEngine.LogType,UnityEngine.Object,string,object[])
UnityEngine.Logger:Log (UnityEngine.LogType,object,UnityEngine.Object)
UnityEngine.Debug:LogWarning (object,UnityEngine.Object)
TMPro.TextMeshProUGUI:SetArraySizes (TMPro.TMP_Text/TextProcessingElement[]) (at ./Library/PackageCache/com.unity.ugui@4f9b15fd1386/Runtime/TMP/TextMeshProUGUI.cs:2012)
TMPro.TMP_Text:ParseInputText () (at ./Library/PackageCache/com.unity.ugui@4f9b15fd1386/Runtime/TMP/TMP_Text.cs:2063)
TMPro.TextMeshProUGUI:OnPreRenderCanvas () (at ./Library/PackageCache/com.unity.ugui@4f9b15fd1386/Runtime/TMP/TextMeshProUGUI.cs:2496)
TMPro.TextMeshProUGUI:Rebuild (UnityEngine.UI.CanvasUpdate) (at ./Library/PackageCache/com.unity.ugui@4f9b15fd1386/Runtime/TMP/TextMeshProUGUI.cs:229)
UnityEngine.UI.CanvasUpdateRegistry:PerformUpdate () (at ./Library/PackageCache/com.unity.ugui@4f9b15fd1386/Runtime/UGUI/UI/Core/CanvasUpdateRegistry.cs:215)
UnityEngine.Canvas:SendWillRenderCanvases ()

(Filename: ./Library/PackageCache/com.unity.ugui@4f9b15fd1386/Runtime/TMP/TextMeshProUGUI.cs Line: 2012)

The character with Unicode value \u4ED6 was not found in the [LiberationSans SDF] font asset or any potential fallbacks. It was replaced by Unicode character \u25A1 in text object [TextoPuntaje].
UnityEngine.Debug:ExtractStackTraceNoAlloc (byte*,int,string)
UnityEngine.StackTraceUtility:ExtractStackTrace ()
UnityEngine.DebugLogHandler:Internal_Log (UnityEngine.LogType,UnityEngine.LogOption,string,UnityEngine.Object)
UnityEngine.DebugLogHandler:LogFormat (UnityEngine.LogType,UnityEngine.Object,string,object[])
UnityEngine.Logger:Log (UnityEngine.LogType,object,UnityEngine.Object)
UnityEngine.Debug:LogWarning (object,UnityEngine.Object)
TMPro.TextMeshProUGUI:SetArraySizes (TMPro.TMP_Text/TextProcessingElement[]) (at ./Library/PackageCache/com.unity.ugui@4f9b15fd1386/Runtime/TMP/TextMeshProUGUI.cs:2012)
TMPro.TMP_Text:ParseInputText () (at ./Library/PackageCache/com.unity.ugui@4f9b15fd1386/Runtime/TMP/TMP_Text.cs:2063)
TMPro.TextMeshProUGUI:OnPreRenderCanvas () (at ./Library/PackageCache/com.unity.ugui@4f9b15fd1386/Runtime/TMP/TextMeshProUGUI.cs:2496)
TMPro.TextMeshProUGUI:Rebuild (UnityEngine.UI.CanvasUpdate) (at ./Library/PackageCache/com.unity.ugui@4f9b15fd1386/Runtime/TMP/TextMeshProUGUI.cs:229)
UnityEngine.UI.CanvasUpdateRegistry:PerformUpdate () (at ./Library/PackageCache/com.unity.ugui@4f9b15fd1386/Runtime/UGUI/UI/Core/CanvasUpdateRegistry.cs:215)
UnityEngine.Canvas:SendWillRenderCanvases ()

(Filename: ./Library/PackageCache/com.unity.ugui@4f9b15fd1386/Runtime/TMP/TextMeshProUGUI.cs Line: 2012)

The character with Unicode value \u5C31 was not found in the [LiberationSans SDF] font asset or any potential fallbacks. It was replaced by Unicode character \u25A1 in text object [TextoPuntaje].
UnityEngine.Debug:ExtractStackTraceNoAlloc (byte*,int,string)
UnityEngine.StackTraceUtility:ExtractStackTrace ()
UnityEngine.DebugLogHandler:Internal_Log (UnityEngine.LogType,UnityEngine.LogOption,string,UnityEngine.Object)
UnityEngine.DebugLogHandler:LogFormat (UnityEngine.LogType,UnityEngine.Object,string,object[])
UnityEngine.Logger:Log (UnityEngine.LogType,object,UnityEngine.Object)
UnityEngine.Debug:LogWarning (object,UnityEngine.Object)
TMPro.TextMeshProUGUI:SetArraySizes (TMPro.TMP_Text/TextProcessingElement[]) (at ./Library/PackageCache/com.unity.ugui@4f9b15fd1386/Runtime/TMP/TextMeshProUGUI.cs:2012)
TMPro.TMP_Text:ParseInputText () (at ./Library/PackageCache/com.unity.ugui@4f9b15fd1386/Runtime/TMP/TMP_Text.cs:2063)
TMPro.TextMeshProUGUI:OnPreRenderCanvas () (at ./Library/PackageCache/com.unity.ugui@4f9b15fd1386/Runtime/TMP/TextMeshProUGUI.cs:2496)
TMPro.TextMeshProUGUI:Rebuild (UnityEngine.UI.CanvasUpdate) (at ./Library/PackageCache/com.unity.ugui@4f9b15fd1386/Runtime/TMP/TextMeshProUGUI.cs:229)
UnityEngine.UI.CanvasUpdateRegistry:PerformUpdate () (at ./Library/PackageCache/com.unity.ugui@4f9b15fd1386/Runtime/UGUI/UI/Core/CanvasUpdateRegistry.cs:215)
UnityEngine.Canvas:SendWillRenderCanvases ()

(Filename: ./Library/PackageCache/com.unity.ugui@4f9b15fd1386/Runtime/TMP/TextMeshProUGUI.cs Line: 2012)

The character with Unicode value \u90A3 was not found in the [LiberationSans SDF] font asset or any potential fallbacks. It was replaced by Unicode character \u25A1 in text object [TextoPuntaje].
UnityEngine.Debug:ExtractStackTraceNoAlloc (byte*,int,string)
UnityEngine.StackTraceUtility:ExtractStackTrace ()
UnityEngine.DebugLogHandler:Internal_Log (UnityEngine.LogType,UnityEngine.LogOption,string,UnityEngine.Object)
UnityEngine.DebugLogHandler:LogFormat (UnityEngine.LogType,UnityEngine.Object,string,object[])
UnityEngine.Logger:Log (UnityEngine.LogType,object,UnityEngine.Object)
UnityEngine.Debug:LogWarning (object,UnityEngine.Object)
TMPro.TextMeshProUGUI:SetArraySizes (TMPro.TMP_Text/TextProcessingElement[]) (at ./Library/PackageCache/com.unity.ugui@4f9b15fd1386/Runtime/TMP/TextMeshProUGUI.cs:2012)
TMPro.TMP_Text:ParseInputText () (at ./Library/PackageCache/com.unity.ugui@4f9b15fd1386/Runtime/TMP/TMP_Text.cs:2063)
TMPro.TextMeshProUGUI:OnPreRenderCanvas () (at ./Library/PackageCache/com.unity.ugui@4f9b15fd1386/Runtime/TMP/TextMeshProUGUI.cs:2496)
TMPro.TextMeshProUGUI:Rebuild (UnityEngine.UI.CanvasUpdate) (at ./Library/PackageCache/com.unity.ugui@4f9b15fd1386/Runtime/TMP/TextMeshProUGUI.cs:229)
UnityEngine.UI.CanvasUpdateRegistry:PerformUpdate () (at ./Library/PackageCache/com.unity.ugui@4f9b15fd1386/Runtime/UGUI/UI/Core/CanvasUpdateRegistry.cs:215)
UnityEngine.Canvas:SendWillRenderCanvases ()

(Filename: ./Library/PackageCache/com.unity.ugui@4f9b15fd1386/Runtime/TMP/TextMeshProUGUI.cs Line: 2012)

The character with Unicode value \u4ED6 was not found in the [LiberationSans SDF] font asset or any potential fallbacks. It was replaced by Unicode character \u25A1 in text object [TextoPuntaje].
UnityEngine.Debug:ExtractStackTraceNoAlloc (byte*,int,string)
UnityEngine.StackTraceUtility:ExtractStackTrace ()
UnityEngine.DebugLogHandler:Internal_Log (UnityEngine.LogType,UnityEngine.LogOption,string,UnityEngine.Object)
UnityEngine.DebugLogHandler:LogFormat (UnityEngine.LogType,UnityEngine.Object,string,object[])
UnityEngine.Logger:Log (UnityEngine.LogType,object,UnityEngine.Object)
UnityEngine.Debug:LogWarning (object,UnityEngine.Object)
TMPro.TextMeshProUGUI:SetArraySizes (TMPro.TMP_Text/TextProcessingElement[]) (at ./Library/PackageCache/com.unity.ugui@4f9b15fd1386/Runtime/TMP/TextMeshProUGUI.cs:2012)
TMPro.TMP_Text:ParseInputText () (at ./Library/PackageCache/com.unity.ugui@4f9b15fd1386/Runtime/TMP/TMP_Text.cs:2063)
TMPro.TextMeshProUGUI:OnPreRenderCanvas () (at ./Library/PackageCache/com.unity.ugui@4f9b15fd1386/Runtime/TMP/TextMeshProUGUI.cs:2496)
TMPro.TextMeshProUGUI:Rebuild (UnityEngine.UI.CanvasUpdate) (at ./Library/PackageCache/com.unity.ugui@4f9b15fd1386/Runtime/TMP/TextMeshProUGUI.cs:229)
UnityEngine.UI.CanvasUpdateRegistry:PerformUpdate () (at ./Library/PackageCache/com.unity.ugui@4f9b15fd1386/Runtime/UGUI/UI/Core/CanvasUpdateRegistry.cs:215)
UnityEngine.Canvas:SendWillRenderCanvases ()

(Filename: ./Library/PackageCache/com.unity.ugui@4f9b15fd1386/Runtime/TMP/TextMeshProUGUI.cs Line: 2012)

The character with Unicode value \u90A3 was not found in the [LiberationSans SDF] font asset or any potential fallbacks. It was replaced by Unicode character \u25A1 in text object [TextoPuntaje].
UnityEngine.Debug:ExtractStackTraceNoAlloc (byte*,int,string)
UnityEngine.StackTraceUtility:ExtractStackTrace ()
UnityEngine.DebugLogHandler:Internal_Log (UnityEngine.LogType,UnityEngine.LogOption,string,UnityEngine.Object)
UnityEngine.DebugLogHandler:LogFormat (UnityEngine.LogType,UnityEngine.Object,string,object[])
UnityEngine.Logger:Log (UnityEngine.LogType,object,UnityEngine.Object)
UnityEngine.Debug:LogWarning (object,UnityEngine.Object)
TMPro.TextMeshProUGUI:SetArraySizes (TMPro.TMP_Text/TextProcessingElement[]) (at ./Library/PackageCache/com.unity.ugui@4f9b15fd1386/Runtime/TMP/TextMeshProUGUI.cs:2012)
TMPro.TMP_Text:ParseInputText () (at ./Library/PackageCache/com.unity.ugui@4f9b15fd1386/Runtime/TMP/TMP_Text.cs:2063)
TMPro.TextMeshProUGUI:OnPreRenderCanvas () (at ./Library/PackageCache/com.unity.ugui@4f9b15fd1386/Runtime/TMP/TextMeshProUGUI.cs:2496)
TMPro.TextMeshProUGUI:Rebuild (UnityEngine.UI.CanvasUpdate) (at ./Library/PackageCache/com.unity.ugui@4f9b15fd1386/Runtime/TMP/TextMeshProUGUI.cs:229)
UnityEngine.UI.CanvasUpdateRegistry:PerformUpdate () (at ./Library/PackageCache/com.unity.ugui@4f9b15fd1386/Runtime/UGUI/UI/Core/CanvasUpdateRegistry.cs:215)
UnityEngine.Canvas:SendWillRenderCanvases ()

(Filename: ./Library/PackageCache/com.unity.ugui@4f9b15fd1386/Runtime/TMP/TextMeshProUGUI.cs Line: 2012)

[Worker0] Imported GUID: 8f586378b4e144a9851e7b34d9b748ee - Path: Assets/TextMesh Pro/Resources/Fonts & Materials/LiberationSans SDF.asset - Importer: PreviewImporter -> (ImportResultId: '9d94e63fa3decb1dfb604072b9aab266') in 1.1954852 seconds
[Worker1] Imported GUID: 2e498d1c8094910479dc3e1b768306a4 - Path: Assets/TextMesh Pro/Resources/Fonts & Materials/LiberationSans SDF - Fallback.asset - Importer: PreviewImporter -> (ImportResultId: 'dfa6dc770df7cd2bdac2c679014d3ca3') in 1.1942716 seconds
Asset Pipeline Refresh (id=36db45de176c1ce44bb39b4ee79521a3): Total: 0.014 seconds - Initiated by RefreshV2(AllowForceSynchronousImport)
Asset Pipeline Refresh (id=b7b01f3f4858a554abd89efb67e7e513): Total: 0.007 seconds - Initiated by RefreshV2(AllowForceSynchronousImport)
Reloading assemblies for play mode.
Reloading assemblies after forced synchronous recompile.
Begin MonoManager ReloadAssembly
[Licensing::Client] Successfully resolved entitlement details
Native extension for WindowsStandalone target not found
ScheduleIndexationOnStartup MainProcess:True IndexOnStartup:True
[MODES] ModeService[none].Initialize
[MODES] ModeService[none].LoadModes
Mono: successfully reloaded assembly
- Finished resetting the current domain, in  1.588 seconds
Domain Reload Profiling: 3240ms
	BeginReloadAssembly (1344ms)
		DisableScriptedObjects (273ms)
		CreateAndSetChildDomain (563ms)
	RebuildCommonClasses (20ms)
	RebuildNativeTypeToScriptingClass (24ms)
	initialDomainReloadingComplete (76ms)
	LoadAllAssembliesAndSetupDomain (186ms)
		LoadAssemblies (295ms)
		AnalyzeDomain (34ms)
			TypeCache.Refresh (15ms)
			ResolveRequiredComponents (3ms)
	FinalizeReload (1590ms)
		SetupLoadedEditorAssemblies (0ms)
			InitializePlatformSupportModulesInManaged (3ms)
			BeforeProcessingInitializeOnLoad (125ms)
			ProcessInitializeOnLoadAttributes (105ms)
			ProcessInitializeOnLoadMethodAttributes (85ms)
			AfterProcessingInitializeOnLoad (5ms)
		AwakeInstancesAfterBackupRestoration (783ms)

Asset Pipeline Refresh (id=a8a7d4b59f9fb2a4180e40b73fa28919): Total: 3.705 seconds - Initiated by StopAssetImportingV2(ForceSynchronousImport | ForceDomainReload)
	(Values over 0.05ms)
	Summary:
		Imports: total=0 (actual=0, local cache=0, cache server=0)
		Asset DB Process Time: managed=0 ms, native=1761 ms
		Asset DB Callback time: managed=68 ms, native=74 ms
		Scripting: domain reloads=1, domain reload time=1797 ms, compile time=3 ms, other=0 ms
		Project Asset Count: scripts=240, non-scripts=260
		Asset File Changes: new=0, changed=0, moved=0, deleted=0
		Scan Filter Count: 0
	InvokePackagesCallback: 2.576ms
	ApplyChangesToAssetFolders: 0.380ms
	Collect global state as custom dependencies: 0.188ms
	CategorizeScriptCompilationAssets: 0.199ms
	ProcessAssetsWithTransientArtifactChanges: 28.747ms
	CategorizeAssets: 32.078ms
	CompileScripts: 3.281ms
	ImportOutOfDateAssets: 1604.374ms (1595.855ms without children)
		CollectScriptTypesHashes: 0.762ms
		ReloadNativeAssets: 0.489ms
		UnloadImportedAssets: 2.911ms
		EnsureUptoDateAssetsAreRegisteredWithGuidPM: 0.129ms
		ImportSchedulerStart: 4.978ms
	PostProcessAllAssets: 136.096ms
		PostProcessCallbackCreateDeferredMaterials 1.422ms
		PostprocessAssetsUpdateCachedIcon 1.025ms
		ComputeShaderImportPostprocess 0.799ms
		ShaderAssetModifiedCallback 0.611ms
		RaytracingShaderImportPostprocess 0.590ms
		SpeedTreeImporter.PostprocessAllAssets 0.317ms
		LocalizationDatabase.AssetDatabasePostprocessCallback 0.210ms
		VersionControlSettings.HiddenFilePostprocess 0.208ms
		AssemblyValidation.PostprocessAllAssets 0.176ms
		BlockShaderImporter.PostprocessAllAssets 0.160ms
		MonoPostProcessAllAssets: 65.242ms
			WindowAssetPostprocessingWatcher.OnPostprocessAllAssets 12.941ms
			BuilderAssetPostprocessor.OnPostprocessAllAssets 9.055ms
			SyncVS.PostprocessSyncProject 7.310ms
			AssetPostprocessor.OnPostprocessAllAssets 7.101ms
			SpriteSlicePostprocessor.OnPostprocessAllAssets 4.396ms
			AssetChangedListener.OnPostprocessAllAssets 3.004ms
			TextAssetPostProcessor.OnPostprocessAllAssets 2.255ms
			RetainedModeAssetPostprocessor.OnPostprocessAllAssets 1.457ms
			SpeedTree9Postprocessor.OnPostprocessAllAssets 1.170ms
			SpriteEditorTexturePostprocessor.OnPostprocessAllAssets 0.939ms
			ReferencedClipsPostProcessor.OnPostprocessAllAssets 0.680ms
			TMPro_TexturePostProcessor.OnPostprocessAllAssets 0.670ms
			ArtifactBrowserPostProcessor.OnPostprocessAllAssets 0.653ms
			AssetEvents.OnPostprocessAllAssets 0.362ms
			AudioMixerPostprocessor.OnPostprocessAllAssets 0.344ms
			StyleCatalogPostProcessor.OnPostprocessAllAssets 0.285ms
			SpeedTreePostProcessor.OnPostprocessAllAssets 0.207ms
			AssetDatabaseCallbacks.OnPostprocessAllAssets 0.165ms
			TerrainToolbarOverlayPostProcessor.OnPostprocessAllAssets 0.162ms
			ScenarioDriftAssetsTracker.OnPostprocessAllAssets 0.145ms
			ConfigAssetsTracker.OnPostprocessAllAssets 0.131ms
			RenderPipelineGlobalSettingsPostprocessor.OnPostprocessAllAssets 0.128ms
			AudioContainerPostProcessor.OnPostprocessAllAssets 0.085ms
	PostAssetChangesProfiler: 6.748ms
	GatherAllCurrentPrimaryImportResultRevisions: 0.057ms
	UnloadStreamsBegin: 1.713ms
	GenerateScriptTypeHashes: 1.375ms
	GenerateScriptTypeSerializationHashes: 2.825ms
	Untracked: 1878.100ms

Loaded scene 'Temp/__Backupscenes/0.backup'
	Deserialize:            6.057 ms
	Integration:            50.803 ms
	Integration of assets:  0.008 ms
	Thread Wait Time:       0.003 ms
	Total Operation Time:   56.871 ms
[Licensing::Client] Successfully resolved entitlement details
Unloading 1 Unused Serialized files (Serialized files now loaded: 0)
Loaded scene 'Temp/__Backupscenes/0.backup'
	Deserialize:            1.974 ms
	Integration:            14.577 ms
	Integration of assets:  0.003 ms
	Thread Wait Time:       0.094 ms
	Total Operation Time:   16.648 ms
Unloading 367 unused Assets / (240.9 KB). Loaded Objects now: 2503.
Memory consumption went from 410.9 MB to 410.7 MB.
Total: 18.219300 ms (FindLiveObjects: 0.322600 ms CreateObjectMapping: 0.150500 ms MarkObjects: 16.319800 ms  DeleteObjects: 1.418300 ms)

[Licensing::Client] Successfully resolved entitlement details
Asset Pipeline Refresh (id=482f044af1ecebc45a7bcf2c76418472): Total: 0.063 seconds - Initiated by RefreshV2(AllowForceSynchronousImport)
[Worker0] Imported GUID: c945a625f3c668d4d813c3cfc9011cf8 - Path: Assets/Scripts/ObstaculoDanino.cs - Importer: PreviewImporter -> (ImportResultId: 'b062668223fd25caa9545bd3369ca943') in 0.041584 seconds
[Worker0] Imported GUID: dd6992767f392ed4a95985a117a09dc7 - Path: Assets/Scripts/Pendulo.cs - Importer: PreviewImporter -> (ImportResultId: 'fab3dee29b6c150a0c77bc04bbd1c02d') in 0.0053291 seconds
[Worker0] Imported GUID: f54d1bd14bd3ca042bd867b519fee8cc - Path: Assets/TextMesh Pro - Importer: PreviewImporter -> (ImportResultId: '7e11696a173da8f6b559f62b1949e6c1') in 0.0019313 seconds
[Worker0] Imported GUID: 20bb298b3b106544eb5b8645de149110 - Path: Assets/CamaraSeguir.cs - Importer: PreviewImporter -> (ImportResultId: 'bec549b98cbfd818ba4a0272c3394914') in 0.0015292 seconds
[ScriptCompilation] Requested script compilation because: AssetDatabase observed changes in script compilation related files
Asset Pipeline Refresh (id=df752bdd83ae2ab44806e98eaffd406e): Total: 0.179 seconds - Initiated by StopAssetImportingV2(NoUpdateAssetOptions)
Asset Pipeline Refresh (id=576cfbcb6ef4192439ad89750f7b35c6): Total: 0.001 seconds - Initiated by StopAssetImportingV2(NoUpdateAssetOptions)
[Licensing::Client] Successfully resolved entitlement details
info: Microsoft.AspNetCore.Hosting.Diagnostics[1]
      Request starting HTTP/2 POST http://ilpp/UnityILPP.PostProcessing/Ping - application/grpc -
info: Microsoft.AspNetCore.Routing.EndpointMiddleware[0]
      Executing endpoint 'gRPC - /UnityILPP.PostProcessing/Ping'
info: Microsoft.AspNetCore.Routing.EndpointMiddleware[1]
      Executed endpoint 'gRPC - /UnityILPP.PostProcessing/Ping'
info: Microsoft.AspNetCore.Hosting.Diagnostics[2]
      Request finished HTTP/2 POST http://ilpp/UnityILPP.PostProcessing/Ping - 200 - application/grpc 46.9533ms
Starting: C:\Unity Editors\6000.5.0f1\Editor\Data\Tools\BuildPipeline\bee_backend.exe --ipc --defer-dag-verification --dagfile="Library/Bee/1900b0aE.dag" --continue-on-failure --profile="Library/Bee/backend1.traceevents" ScriptAssemblies
WorkingDir: C:/Users/Oswel Cardona/OneDrive/Documents/GitHub/scape-from-utp-juego
ExitCode: 4 Duration: 5s573ms
Rebuilding DAG because FileSignature timestamp changed: Library/Bee/1900b0aE-inputdata.json
*** Tundra requires additional run (5.03 seconds), 1 items updated, 236 evaluated
Starting: C:\Unity Editors\6000.5.0f1\Editor\Data\netcorerun\netcorerun.exe "C:\Unity Editors\6000.5.0f1\Editor\Data\Tools\BuildPipeline\ScriptCompilationBuildProgram.exe" "Library/Bee/1900b0aE.dag.json" "Library/Bee/1900b0aE-inputdata.json" "Library\Bee\buildprogram0.traceevents"
WorkingDir: C:/Users/Oswel Cardona/OneDrive/Documents/GitHub/scape-from-utp-juego
[ScriptCompilation] Requested script compilation because: AssetDatabase observed changes in script compilation related files
Asset Pipeline Refresh (id=d9093bf75f3d33444b99b8eeacfa8e81): Total: 0.099 seconds - Initiated by StopAssetImportingV2(NoUpdateAssetOptions)
Asset Pipeline Refresh (id=cc56a109f08a1d740b427cfc76445b42): Total: 0.001 seconds - Initiated by StopAssetImportingV2(NoUpdateAssetOptions)
ExitCode: 0 Duration: 3s648ms
Starting: C:\Unity Editors\6000.5.0f1\Editor\Data\Tools\BuildPipeline\bee_backend.exe --ipc --defer-dag-verification --dagfile="Library/Bee/1900b0aE.dag" --continue-on-failure --dagfilejson="Library\Bee\1900b0aE.dag.json" --profile="Library/Bee/backend2.traceevents" ScriptAssemblies
WorkingDir: C:/Users/Oswel Cardona/OneDrive/Documents/GitHub/scape-from-utp-juego
ExitCode: 2 Duration: 0s29ms
bee_backend: error: Failed IPC_Client_InitializeAndConnectToParent: WaitNamedPipeA on \\.\pipe\ipc_24876_cth_1 failed. GetLastError The system cannot find the file specified.



info: Microsoft.AspNetCore.Hosting.Diagnostics[1]
      Request starting HTTP/2 POST http://ilpp/UnityILPP.PostProcessing/Ping - application/grpc -
info: Microsoft.AspNetCore.Routing.EndpointMiddleware[0]
      Executing endpoint 'gRPC - /UnityILPP.PostProcessing/Ping'
info: Microsoft.AspNetCore.Routing.EndpointMiddleware[1]
      Executed endpoint 'gRPC - /UnityILPP.PostProcessing/Ping'
info: Microsoft.AspNetCore.Hosting.Diagnostics[2]
      Request finished HTTP/2 POST http://ilpp/UnityILPP.PostProcessing/Ping - 200 - application/grpc 1.3061ms
Starting: C:\Unity Editors\6000.5.0f1\Editor\Data\Tools\BuildPipeline\bee_backend.exe --ipc --defer-dag-verification --dagfile="Library/Bee/1900b0aE.dag" --continue-on-failure --profile="Library/Bee/backend1.traceevents" ScriptAssemblies
WorkingDir: C:/Users/Oswel Cardona/OneDrive/Documents/GitHub/scape-from-utp-juego
Total cache size 40845628
Starting: C:\Unity Editors\6000.5.0f1\Editor\Data\netcorerun\netcorerun.exe "C:\Unity Editors\6000.5.0f1\Editor\Data\Tools\BuildPipeline\ScriptCompilationBuildProgram.exe" "Library/Bee/1900b0aE.dag.json" "Library/Bee/1900b0aE-inputdata.json" "Library\Bee\buildprogram0.traceevents"
WorkingDir: C:/Users/Oswel Cardona/OneDrive/Documents/GitHub/scape-from-utp-juego
ExitCode: 4 Duration: 0s74ms
Rebuilding DAG because FileSignature timestamp changed: Library/Bee/1900b0aE-inputdata.json
*** Tundra requires additional run (0.04 seconds), 0 items updated, 191 evaluated
Total cache size after purge 40845628, took 00:00:00.1389642
ExitCode: 0 Duration: 0s381ms
Starting: C:\Unity Editors\6000.5.0f1\Editor\Data\Tools\BuildPipeline\bee_backend.exe --ipc --defer-dag-verification --dagfile="Library/Bee/1900b0aE.dag" --continue-on-failure --dagfilejson="Library\Bee\1900b0aE.dag.json" --profile="Library/Bee/backend2.traceevents" ScriptAssemblies
WorkingDir: C:/Users/Oswel Cardona/OneDrive/Documents/GitHub/scape-from-utp-juego
ExitCode: 0 Duration: 1s755ms
Finished compiling graph: 243 nodes, 2160 flattened edges (2046 ToBuild, 20 ToUse), maximum node priority 109
[237/240    1s] Csc Library/Bee/artifacts/1900b0aE.dag/Assembly-CSharp.dll (+2 others)
*** Tundra build success (1.72 seconds), 1 items updated, 240 evaluated
Reloading assemblies after finishing script compilation.
Reloading assemblies after forced synchronous recompile.
Total cache size 40845628
Total cache size after purge 40845628, took 00:00:00.0457675
Begin MonoManager ReloadAssembly
Native extension for WindowsStandalone target not found
[MODES] ModeService[none].Initialize
[MODES] ModeService[none].LoadModes
ScheduleIndexationOnStartup MainProcess:True IndexOnStartup:True
Mono: successfully reloaded assembly
- Finished resetting the current domain, in  1.583 seconds
Domain Reload Profiling: 2843ms
	BeginReloadAssembly (1021ms)
		DisableScriptedObjects (251ms)
		CreateAndSetChildDomain (229ms)
	RebuildCommonClasses (19ms)
	RebuildNativeTypeToScriptingClass (21ms)
	initialDomainReloadingComplete (73ms)
	LoadAllAssembliesAndSetupDomain (125ms)
		LoadAssemblies (243ms)
		AnalyzeDomain (10ms)
			TypeCache.Refresh (5ms)
	FinalizeReload (1584ms)
		SetupLoadedEditorAssemblies (0ms)
			BeforeProcessingInitializeOnLoad (180ms)
			ProcessInitializeOnLoadAttributes (109ms)
			ProcessInitializeOnLoadMethodAttributes (81ms)
			AfterProcessingInitializeOnLoad (5ms)
		AwakeInstancesAfterBackupRestoration (725ms)

Asset Pipeline Refresh (id=47566b4cd2ab6fe408e7cdf16624815b): Total: 3.010 seconds - Initiated by StopAssetImportingV2(ForceSynchronousImport | ForceDomainReload)
	(Values over 0.05ms)
	Summary:
		Imports: total=0 (actual=0, local cache=0, cache server=0)
		Asset DB Process Time: managed=0 ms, native=1632 ms
		Asset DB Callback time: managed=29 ms, native=1 ms
		Scripting: domain reloads=1, domain reload time=1343 ms, compile time=2 ms, other=0 ms
		Project Asset Count: scripts=240, non-scripts=260
		Asset File Changes: new=0, changed=0, moved=0, deleted=0
		Scan Filter Count: 0
	InvokePackagesCallback: 3.679ms
	ApplyChangesToAssetFolders: 0.368ms
	Collect global state as custom dependencies: 0.147ms
	CategorizeAssets: 4.585ms
	CompileScripts: 2.198ms
	ImportOutOfDateAssets: 1589.742ms (1586.580ms without children)
		CollectScriptTypesHashes: 0.053ms
		ReloadNativeAssets: 0.328ms
		UnloadImportedAssets: 0.273ms
		EnsureUptoDateAssetsAreRegisteredWithGuidPM: 0.077ms
		ImportSchedulerStart: 2.459ms
	PostProcessAllAssets: 29.399ms
		MonoPostProcessAllAssets: 29.394ms
			WindowAssetPostprocessingWatcher.OnPostprocessAllAssets 13.129ms
			SyncVS.PostprocessSyncProject 3.622ms
			SpeedTree9Postprocessor.OnPostprocessAllAssets 1.241ms
			AssetChangedListener.OnPostprocessAllAssets 0.835ms
			ReferencedClipsPostProcessor.OnPostprocessAllAssets 0.433ms
			SpriteEditorTexturePostprocessor.OnPostprocessAllAssets 0.320ms
			AssetPostprocessor.OnPostprocessAllAssets 0.228ms
			AssetDatabaseCallbacks.OnPostprocessAllAssets 0.192ms
			TerrainToolbarOverlayPostProcessor.OnPostprocessAllAssets 0.166ms
			RenderPipelineGlobalSettingsPostprocessor.OnPostprocessAllAssets 0.127ms
	GatherAllCurrentPrimaryImportResultRevisions: 0.096ms
	GenerateScriptTypeHashes: 0.922ms
	GenerateScriptTypeSerializationHashes: 1.975ms
	Untracked: 1375.014ms

[Licensing::Client] Successfully resolved entitlement details

Asset Pipeline Refresh (id=933fb7817cf46b84fba61ad09ebfb585): Total: 0.498 seconds - Initiated by RefreshV2(AllowForceSynchronousImport)
	(Values over 0.05ms)
	Summary:
		Imports: total=0 (actual=0, local cache=0, cache server=0)
		Asset DB Process Time: managed=0 ms, native=450 ms
		Asset DB Callback time: managed=0 ms, native=44 ms
		Scripting: domain reloads=0, domain reload time=0 ms, compile time=0 ms, other=0 ms
		Project Asset Count: scripts=240, non-scripts=260
		Asset File Changes: new=0, changed=0, moved=0, deleted=0
		Scan Filter Count: 0
	InvokeCustomDependenciesCallbacks: 0.295ms
	InvokePackagesCallback: 42.834ms
	ApplyChangesToAssetFolders: 7.721ms
	Scan: 405.613ms
	Collect global state as custom dependencies: 4.340ms
	GatherAllCurrentPrimaryImportResultRevisions: 5.132ms
	UnloadStreamsBegin: 0.149ms
	UnloadStreamsEnd: 0.515ms
	Untracked: 30.082ms

Asset Pipeline Refresh (id=8bbd85f7dae897046895f5fc9463eb5d): Total: 0.132 seconds - Initiated by RefreshV2(AllowForceSynchronousImport)
Importing 'GUID: 2e498d1c8094910479dc3e1b768306a4 - Path: Assets/TextMesh Pro/Resources/Fonts & Materials/LiberationSans SDF - Fallback.asset' with importer (NativeFormatImporter)
Imported 'GUID: 2e498d1c8094910479dc3e1b768306a4' -> (Import Result ID: '18cbeb836b00d537e4848607ba79be24') in 0.120 seconds [static dependencies only]. Details - ImportResultOutputID=94ce4dace069634644df4d315a8acf11 DependenciesID=a9ff4dc4cedb07f4cfda4f4a655076a9 StaticDependenciesID=51cdb3ee44fd2918063fcf8284a20806 

Asset Pipeline Refresh (id=f268b29949c7d9146915862dec5faa30): Total: 0.885 seconds - Initiated by StopAssetImportingV2(NoUpdateAssetOptions)
	(Values over 0.05ms)
	Summary:
		Imports: total=1 (actual=1, local cache=0, cache server=0)
		Asset DB Process Time: managed=15 ms, native=447 ms
		Asset DB Callback time: managed=398 ms, native=22 ms
		Scripting: domain reloads=0, domain reload time=0 ms, compile time=0 ms, other=0 ms
		Project Asset Count: scripts=240, non-scripts=260
		Asset File Changes: new=0, changed=1, moved=0, deleted=0
		Scan Filter Count: 5
	ApplyChangesToAssetFolders: 0.209ms
	Scan: 270.889ms
	OnSourceAssetsModified: 18.760ms
	ProcessAssetsWithTransientArtifactChanges: 0.362ms
	CategorizeAssets: 9.952ms
	ImportOutOfDateAssets: 165.738ms (17.651ms without children)
		ImportManagerImport: 137.042ms (12.812ms without children)
		UnloadImportedAssets: 0.301ms
		EnsureUptoDateAssetsAreRegisteredWithGuidPM: 0.080ms
		ImportSchedulerStart: 10.625ms
	PostProcessAllAssets: 391.807ms
		XRBuildSystem.XRAssetImported 0.581ms
		PostProcessCallbackCreateDeferredMaterials 0.561ms
		VersionControlSettings.HiddenFilePostprocess 0.251ms
		AssemblyValidation.PostprocessAllAssets 0.225ms
		ShaderAssetModifiedCallback 0.068ms
		MonoPostProcessAllAssets: 381.416ms
			AssetChangedListener.OnPostprocessAllAssets 98.422ms
			BuilderAssetPostprocessor.OnPostprocessAllAssets 64.619ms
			AssetPostprocessor.OnPostprocessAllAssets 52.483ms
			TMPro_TexturePostProcessor.OnPostprocessAllAssets 50.015ms
			SpriteSlicePostprocessor.OnPostprocessAllAssets 30.122ms
			RetainedModeAssetPostprocessor.OnPostprocessAllAssets 24.143ms
			ArtifactBrowserPostProcessor.OnPostprocessAllAssets 15.615ms
			SpriteEditorTexturePostprocessor.OnPostprocessAllAssets 10.620ms
			TextAssetPostProcessor.OnPostprocessAllAssets 4.473ms
			ScenarioDriftAssetsTracker.OnPostprocessAllAssets 4.223ms
			ConfigAssetsTracker.OnPostprocessAllAssets 3.478ms
			StyleCatalogPostProcessor.OnPostprocessAllAssets 2.763ms
			SpeedTreePostProcessor.OnPostprocessAllAssets 2.046ms
			AudioMixerPostprocessor.OnPostprocessAllAssets 1.886ms
			AssetEvents.OnPostprocessAllAssets 1.591ms
			AudioContainerPostProcessor.OnPostprocessAllAssets 0.665ms
			AssetDatabaseCallbacks.OnPostprocessAllAssets 0.657ms
			SyncVS.PostprocessSyncProject 0.589ms
			WindowAssetPostprocessingWatcher.OnPostprocessAllAssets 0.554ms
			TerrainToolbarOverlayPostProcessor.OnPostprocessAllAssets 0.147ms
			SpeedTree9Postprocessor.OnPostprocessAllAssets 0.071ms
	PostAssetChangesProfiler: 10.662ms
	PersistCurrentRevisions: 0.429ms
	UnloadStreamsEnd: 0.135ms
	Untracked: 15.826ms

Importing 'GUID: 6d80ddc6e593cd64db0ab2136b82fe05 - Path: Assets/Nivel 1.unity' with importer (DefaultImporter)
Imported 'GUID: 6d80ddc6e593cd64db0ab2136b82fe05' -> (Import Result ID: 'e6604317c839cfeaf13170ffa7a67908') in 0.014 seconds [static dependencies only]. Details - ImportResultOutputID=3e8ff5ebde786a207796b54c223af9fb DependenciesID=fb0921d52a7af32faccce9c31b4d179d StaticDependenciesID=21b89e378fa730bfd77b06b462f3f192 
Asset Pipeline Refresh (id=b3b3578884e22f249b06d3e13dc39322): Total: 0.043 seconds - Initiated by StopAssetImportingV2(NoUpdateAssetOptions)
[Licensing::Client] Successfully resolved entitlement details
Asset Pipeline Refresh (id=902614ba24c3f4647b7037c79ef4e86c): Total: 0.188 seconds - Initiated by RefreshV2(AllowForceSynchronousImport)
Asset Pipeline Refresh (id=3c88bf40560e55e4b9b98b906de40a6d): Total: 0.016 seconds - Initiated by RefreshV2(AllowForceSynchronousImport)
Scanning for USB devices : 28.192ms
Scanning for USB devices : 8.409ms
Scanning for USB devices : 1.379ms
Scanning for USB devices : 2.256ms
Scanning for USB devices : 1.491ms
Scanning for USB devices : 1.315ms
Scanning for USB devices : 1.236ms
Importing 'GUID: b9fe26ed8fbda6749ad18eda195e1cc9 - Path: Assets/Obstacle' with importer (DefaultImporter)
Imported 'GUID: b9fe26ed8fbda6749ad18eda195e1cc9' -> (Import Result ID: '34c89e465ea4b78b3a39f733d789c093') in 0.062 seconds [static dependencies only]. Details - ImportResultOutputID=b4fbe5da05e6e8aa6945e60e915e5c46 DependenciesID=349cd44b03ceb218a3ca627b99409a40 StaticDependenciesID=4e398ae18fc23d2f3b966a9f68cf0350 
Importing 'GUID: 20994f3f6f51e2e41904279d1cc95b39 - Path: Assets/Obstacle/image-removebg-preview 1.png' with importer (TextureImporter)
Imported 'GUID: 20994f3f6f51e2e41904279d1cc95b39' -> (Import Result ID: '1ae6b5ebbbb65c4380887e526d884fc7') in 0.094 seconds [static and dynamic dependencies]. Details - ImportResultOutputID=1ed0d28263ecdff563559f822e55f0b5 DependenciesID=b346a30a0d7ea57e0a887d2cbec6a146 StaticDependenciesID=185fdf59b09af7fce635acd89d3b16e8 
Importing 'GUID: 537401119a536b54a8ee311ef2428ac8 - Path: Assets/Obstacle/sierra.png' with importer (TextureImporter)
Imported 'GUID: 537401119a536b54a8ee311ef2428ac8' -> (Import Result ID: 'e9e196984cf76e9cdc35817c27bfac46') in 0.026 seconds [static and dynamic dependencies]. Details - ImportResultOutputID=5e08bde380453eab47c49f200dc922de DependenciesID=b0fcfa38c6b3f8895940602c98a45b92 StaticDependenciesID=3b3cb94ee8befc33ea8581bf48399e2f 
Importing 'GUID: f7ceb58bcc3ba6147a9291c5e4b20c19 - Path: Assets/Obstacle/troncopuas.png' with importer (TextureImporter)
Imported 'GUID: f7ceb58bcc3ba6147a9291c5e4b20c19' -> (Import Result ID: 'd271aef8f58a8aba18de6eda7607db8e') in 0.032 seconds [static and dynamic dependencies]. Details - ImportResultOutputID=ccc8dfaca2097732f089a7d4b8f9d757 DependenciesID=b40d4bc657a1d4a1e267130b6c1bd9b9 StaticDependenciesID=86d5a70d08c6b17c5d7e3c914bfc206a 
Importing 'GUID: 491ee04b31539c54083c58a263d76539 - Path: Assets/Obstacle/Tronco.png' with importer (TextureImporter)
Imported 'GUID: 491ee04b31539c54083c58a263d76539' -> (Import Result ID: 'd016435786774a4c028805f4a04e6f57') in 0.082 seconds [static and dynamic dependencies]. Details - ImportResultOutputID=0defe2bad6ba30364be87a9019903275 DependenciesID=b2bbd63a0890c37f6619719941a1def2 StaticDependenciesID=dc66dfaf41e104e09629f17567706360 
Importing 'GUID: 0e926f2630ac17c43895448aa5e819af - Path: Assets/Obstacle/puas.png' with importer (TextureImporter)
Imported 'GUID: 0e926f2630ac17c43895448aa5e819af' -> (Import Result ID: '6a284d421ff973e9b538d02dd726a8a5') in 0.046 seconds [static and dynamic dependencies]. Details - ImportResultOutputID=6cc656efebd353a82f129cb2d406c5f7 DependenciesID=6e747fad5380891e915380406c15ff2c StaticDependenciesID=32507f65869a84ca4e75c4aad74c682f 

Asset Pipeline Refresh (id=8ea012d3c1b993344be636d80c59f160): Total: 0.759 seconds - Initiated by RefreshV2(AllowForceSynchronousImport)
	(Values over 0.05ms)
	Summary:
		Imports: total=6 (actual=6, local cache=0, cache server=0)
		Asset DB Process Time: managed=58 ms, native=438 ms
		Asset DB Callback time: managed=248 ms, native=12 ms
		Scripting: domain reloads=0, domain reload time=0 ms, compile time=0 ms, other=0 ms
		Project Asset Count: scripts=241, non-scripts=265
		Asset File Changes: new=6, changed=6, moved=0, deleted=0
		Scan Filter Count: 0
	InvokePackagesCallback: 1.565ms
	ApplyChangesToAssetFolders: 0.196ms
	Scan: 71.165ms
	OnSourceAssetsModified: 3.611ms
	ProcessAssetsWithTransientArtifactChanges: 0.515ms
	CategorizeAssets: 12.013ms
	ImportOutOfDateAssets: 386.904ms (14.673ms without children)
		ImportManagerImport: 360.620ms (2.492ms without children)
			UpdateCategorizedAssets: 0.103ms
		ReloadNativeAssets: 0.269ms
		UnloadImportedAssets: 0.231ms
		EnsureUptoDateAssetsAreRegisteredWithGuidPM: 0.066ms
		ImportSchedulerStart: 11.031ms
	PostProcessAllAssets: 208.383ms
		VersionControlSettings.HiddenFilePostprocess 0.683ms
		PostprocessAssetsUpdateCachedIcon 0.679ms
		XRBuildSystem.XRAssetImported 0.461ms
		AssemblyValidation.PostprocessAllAssets 0.260ms
		PostProcessCallbackCreateDeferredMaterials 0.052ms
		MonoPostProcessAllAssets: 202.054ms
			SpriteSlicePostprocessor.OnPostprocessAllAssets 152.343ms
			TextAssetPostProcessor.OnPostprocessAllAssets 17.505ms
			AssetChangedListener.OnPostprocessAllAssets 14.859ms
			TMPro_TexturePostProcessor.OnPostprocessAllAssets 4.741ms
			AssetPostprocessor.OnPostprocessAllAssets 3.319ms
			SpriteEditorTexturePostprocessor.OnPostprocessAllAssets 1.731ms
			StyleCatalogPostProcessor.OnPostprocessAllAssets 0.725ms
			SyncVS.PostprocessSyncProject 0.259ms
			ArtifactBrowserPostProcessor.OnPostprocessAllAssets 0.259ms
			ConfigAssetsTracker.OnPostprocessAllAssets 0.251ms
			WindowAssetPostprocessingWatcher.OnPostprocessAllAssets 0.205ms
			SpeedTreePostProcessor.OnPostprocessAllAssets 0.103ms
			SpeedTree9Postprocessor.OnPostprocessAllAssets 0.098ms
			RetainedModeAssetPostprocessor.OnPostprocessAllAssets 0.087ms
	PostAssetChangesProfiler: 48.089ms
	GatherAllCurrentPrimaryImportResultRevisions: 0.059ms
	PersistCurrentRevisions: 0.442ms
	Untracked: 25.861ms

Asset Pipeline Refresh (id=dde61f0236d6a1147b85223238c60319): Total: 0.048 seconds - Initiated by RefreshV2(AllowForceSynchronousImport)
[Worker0] Imported GUID: 0e926f2630ac17c43895448aa5e819af - Path: Assets/Obstacle/puas.png - Importer: PreviewImporter -> (ImportResultId: 'e22770279a0db17aef1aa6b3b1098c56') in 1.3317279 seconds
[Worker0] Imported GUID: 20994f3f6f51e2e41904279d1cc95b39 - Path: Assets/Obstacle/image-removebg-preview 1.png - Importer: PreviewImporter -> (ImportResultId: 'fbf7ea18d3767bc88aa9cf666358e7b8') in 0.0226133 seconds
[Worker0] Imported GUID: 537401119a536b54a8ee311ef2428ac8 - Path: Assets/Obstacle/sierra.png - Importer: PreviewImporter -> (ImportResultId: '2761adb24ed83a7d884a55885ae364a4') in 0.0308018 seconds
Asset Pipeline Refresh (id=39a2fec1d0a161a4193fadecc05b52af): Total: 0.016 seconds - Initiated by RefreshV2(AllowForceSynchronousImport)
Asset Pipeline Refresh (id=fc2049058944bae43ae96743569020b6): Total: 0.017 seconds - Initiated by RefreshV2(AllowForceSynchronousImport)
Asset Pipeline Refresh (id=5df1148a5f7cbb644a5df658676cb58a): Total: 0.014 seconds - Initiated by RefreshV2(AllowForceSynchronousImport)
Asset Pipeline Refresh (id=c3fecba67d13e2549bd993c4221f7d5d): Total: 0.020 seconds - Initiated by RefreshV2(AllowForceSynchronousImport)
Asset Pipeline Refresh (id=5eb3d5bf5fa683444a827559db7c60fa): Total: 0.011 seconds - Initiated by RefreshV2(AllowForceSynchronousImport)
Asset Pipeline Refresh (id=88530dc08224d4244b6e0067979a52cd): Total: 0.017 seconds - Initiated by RefreshV2(AllowForceSynchronousImport)
Asset Pipeline Refresh (id=56577ea4c8f0c7841a3b9d8f69a032e4): Total: 0.007 seconds - Initiated by RefreshV2(AllowForceSynchronousImport)
Scanning for USB devices : 11.739ms
Asset Pipeline Refresh (id=95cdd68b6d23b12488d714332cb54359): Total: 0.006 seconds - Initiated by RefreshV2(AllowForceSynchronousImport)
Asset Pipeline Refresh (id=35bbc6d6da4fa9342951a62e7349eade): Total: 0.007 seconds - Initiated by RefreshV2(AllowForceSynchronousImport)
Importing 'GUID: dc69cc8fa8bdd1245a22b84a69563fc4 - Path: Assets/PrefabsObstaculos' with importer (DefaultImporter)
Imported 'GUID: dc69cc8fa8bdd1245a22b84a69563fc4' -> (Import Result ID: '2bbaed6907cee90440416ce256a8c18f') in 0.027 seconds [static dependencies only]. Details - ImportResultOutputID=47753b1ee147799e1b32846e9d404bfb DependenciesID=e2a3389b910e512ce011d417aa789857 StaticDependenciesID=97a4fd5440054b496282302314230448 
Asset Pipeline Refresh (id=1cd83a3951dec8e43a9b98dd2d4ce38c): Total: 0.169 seconds - Initiated by StopAssetImportingV2(NoUpdateAssetOptions)
[Worker0] Imported GUID: dc69cc8fa8bdd1245a22b84a69563fc4 - Path: Assets/PrefabsObstaculos - Importer: PreviewImporter -> (ImportResultId: 'a4b4183940d49d689f5c369bb62e8c3e') in 0.0728491 seconds
Asset Pipeline Refresh (id=576c8b2b34195e64a97fe243afd93daf): Total: 0.044 seconds - Initiated by RefreshV2(AllowForceSynchronousImport)
Importing 'GUID: a16a58de9f219c2469fcb05759bbb4df - Path: Assets/PrefabsObstaculos/sierra_0.prefab' with importer (PrefabImporter)
Imported 'GUID: a16a58de9f219c2469fcb05759bbb4df' -> (Import Result ID: '4b0cad3a3aa7dd2617eaa52de2fae6fd') in 0.029 seconds [static and dynamic dependencies]. Details - ImportResultOutputID=2d58f92b4f9cc745270f50d11042ff6e DependenciesID=f6034eaeaab66e7d0e512741b7c82060 StaticDependenciesID=8487fd2a152657ec40bcfaa3025841c2 
Asset Pipeline Refresh (id=39fc89335c0f35d4d8682c8e9e03e22c): Total: 0.115 seconds - Initiated by StopAssetImportingV2(NoUpdateAssetOptions)
[Worker0] Imported GUID: a16a58de9f219c2469fcb05759bbb4df - Path: Assets/PrefabsObstaculos/sierra_0.prefab - Importer: PreviewImporter -> (ImportResultId: '568e796f818fd1cd5fb6b258e817ea99') in 0.6917385 seconds
Reloading assemblies for play mode.
Reloading assemblies after forced synchronous recompile.
Begin MonoManager ReloadAssembly
[Licensing::Client] Successfully resolved entitlement details
Native extension for WindowsStandalone target not found
ScheduleIndexationOnStartup MainProcess:True IndexOnStartup:True
[MODES] ModeService[none].Initialize
[MODES] ModeService[none].LoadModes
Mono: successfully reloaded assembly
- Finished resetting the current domain, in  2.581 seconds
Domain Reload Profiling: 5189ms
	BeginReloadAssembly (1899ms)
		DisableScriptedObjects (381ms)
		CreateAndSetChildDomain (607ms)
	RebuildCommonClasses (20ms)
	RebuildNativeTypeToScriptingClass (147ms)
	initialDomainReloadingComplete (278ms)
	LoadAllAssembliesAndSetupDomain (263ms)
		LoadAssemblies (721ms)
		AnalyzeDomain (37ms)
			TypeCache.Refresh (20ms)
			ResolveRequiredComponents (3ms)
	FinalizeReload (2582ms)
		SetupLoadedEditorAssemblies (0ms)
			InitializePlatformSupportModulesInManaged (3ms)
			BeforeProcessingInitializeOnLoad (124ms)
			ProcessInitializeOnLoadAttributes (115ms)
			ProcessInitializeOnLoadMethodAttributes (105ms)
			AfterProcessingInitializeOnLoad (5ms)
		AwakeInstancesAfterBackupRestoration (1053ms)

Asset Pipeline Refresh (id=1e062d0404808224c90ce963e502a168): Total: 17.188 seconds - Initiated by StopAssetImportingV2(ForceSynchronousImport | ForceDomainReload)
	(Values over 0.05ms)
	Summary:
		Imports: total=0 (actual=0, local cache=0, cache server=0)
		Asset DB Process Time: managed=0 ms, native=2675 ms
		Asset DB Callback time: managed=29 ms, native=0 ms
		Scripting: domain reloads=1, domain reload time=14433 ms, compile time=48 ms, other=0 ms
		Project Asset Count: scripts=242, non-scripts=266
		Asset File Changes: new=0, changed=0, moved=0, deleted=0
		Scan Filter Count: 0
	InvokePackagesCallback: 3.196ms
	ApplyChangesToAssetFolders: 0.427ms
	Collect global state as custom dependencies: 0.184ms
	ProcessAssetsWithTransientArtifactChanges: 0.328ms
	CategorizeAssets: 8.774ms
	CompileScripts: 47.545ms
	ImportOutOfDateAssets: 2590.255ms (2586.037ms without children)
		ReloadNativeAssets: 0.417ms
		UnloadImportedAssets: 0.251ms
		EnsureUptoDateAssetsAreRegisteredWithGuidPM: 0.075ms
		ImportSchedulerStart: 3.447ms
	PostProcessAllAssets: 29.928ms
		MonoPostProcessAllAssets: 29.919ms
			WindowAssetPostprocessingWatcher.OnPostprocessAllAssets 13.787ms
			SyncVS.PostprocessSyncProject 4.085ms
			AssetChangedListener.OnPostprocessAllAssets 1.086ms
			SpeedTree9Postprocessor.OnPostprocessAllAssets 0.829ms
			ReferencedClipsPostProcessor.OnPostprocessAllAssets 0.397ms
			SpriteEditorTexturePostprocessor.OnPostprocessAllAssets 0.228ms
			AssetDatabaseCallbacks.OnPostprocessAllAssets 0.157ms
			TerrainToolbarOverlayPostProcessor.OnPostprocessAllAssets 0.155ms
			RenderPipelineGlobalSettingsPostprocessor.OnPostprocessAllAssets 0.095ms
			AssetPostprocessor.OnPostprocessAllAssets 0.083ms
			SpriteSlicePostprocessor.OnPostprocessAllAssets 0.052ms
	GatherAllCurrentPrimaryImportResultRevisions: 0.294ms
	GenerateScriptTypeHashes: 1.100ms
	GenerateScriptTypeSerializationHashes: 2.296ms
	Untracked: 14499.035ms

Loaded scene 'Temp/__Backupscenes/0.backup'
	Deserialize:            7.452 ms
	Integration:            66.764 ms
	Integration of assets:  0.013 ms
	Thread Wait Time:       -0.004 ms
	Total Operation Time:   74.224 ms
[Licensing::Client] Successfully resolved entitlement details
Unloading 1 Unused Serialized files (Serialized files now loaded: 0)
Loaded scene 'Temp/__Backupscenes/0.backup'
	Deserialize:            2.882 ms
	Integration:            18.595 ms
	Integration of assets:  0.004 ms
	Thread Wait Time:       0.047 ms
	Total Operation Time:   21.528 ms
Unloading 40 unused Assets / (25.8 KB). Loaded Objects now: 2670.
Memory consumption went from 423.4 MB to 423.4 MB.
Total: 19.714400 ms (FindLiveObjects: 0.289300 ms CreateObjectMapping: 0.090600 ms MarkObjects: 17.662800 ms  DeleteObjects: 1.664100 ms)

[Licensing::Client] Successfully resolved entitlement details
[Worker0] Imported GUID: 79221cc19950c7b4298702a92a918624 - Path: Assets/Scripts/SierraGiratoria.cs - Importer: PreviewImporter -> (ImportResultId: '1ed4cc0ae793b5457a9593d67fe7fe92') in 0.0067762 seconds
Asset Pipeline Refresh (id=f2bfc729b8197f8419eae32111763043): Total: 0.063 seconds - Initiated by RefreshV2(AllowForceSynchronousImport)
Asset Pipeline Refresh (id=ba10c0d86ce3c9a488a8f8ec92620a55): Total: 0.006 seconds - Initiated by RefreshV2(AllowForceSynchronousImport)
Asset Pipeline Refresh (id=35143a47038063048acc6828725c580e): Total: 0.009 seconds - Initiated by RefreshV2(AllowForceSynchronousImport)
Importing 'GUID: a16a58de9f219c2469fcb05759bbb4df - Path: Assets/PrefabsObstaculos/sierra_0.prefab' with importer (PrefabImporter)
Imported 'GUID: a16a58de9f219c2469fcb05759bbb4df' -> (Import Result ID: '4baea6ac77653caa2e6b86ec3a8481ca') in 0.018 seconds [static and dynamic dependencies]. Details - ImportResultOutputID=f10e98d55e1b100f14e1af25689b14c4 DependenciesID=4ee5867ccdd6b9a2436c6f28943176e1 StaticDependenciesID=8d33a99f3ef592b980ac88e76281921c 
Asset Pipeline Refresh (id=d060337f4d516bb43a134c108802180b): Total: 0.146 seconds - Initiated by StopAssetImportingV2(NoUpdateAssetOptions)
[Worker1] Imported GUID: a16a58de9f219c2469fcb05759bbb4df - Path: Assets/PrefabsObstaculos/sierra_0.prefab - Importer: PreviewImporter -> (ImportResultId: '3b5919a110d4f58c532db491f3c2e188') in 0.7088486 seconds
Reloading assemblies for play mode.
Reloading assemblies after forced synchronous recompile.
Begin MonoManager ReloadAssembly
[Licensing::Client] Successfully resolved entitlement details
Native extension for WindowsStandalone target not found
ScheduleIndexationOnStartup MainProcess:True IndexOnStartup:True
[MODES] ModeService[none].Initialize
[MODES] ModeService[none].LoadModes
Mono: successfully reloaded assembly
- Finished resetting the current domain, in  1.417 seconds
Domain Reload Profiling: 2548ms
	BeginReloadAssembly (888ms)
		DisableScriptedObjects (209ms)
		CreateAndSetChildDomain (234ms)
	RebuildCommonClasses (15ms)
	RebuildNativeTypeToScriptingClass (19ms)
	initialDomainReloadingComplete (78ms)
	LoadAllAssembliesAndSetupDomain (130ms)
		LoadAssemblies (255ms)
		AnalyzeDomain (12ms)
			TypeCache.Refresh (6ms)
	FinalizeReload (1418ms)
		SetupLoadedEditorAssemblies (0ms)
			BeforeProcessingInitializeOnLoad (95ms)
			ProcessInitializeOnLoadAttributes (81ms)
			ProcessInitializeOnLoadMethodAttributes (82ms)
			AfterProcessingInitializeOnLoad (5ms)
		AwakeInstancesAfterBackupRestoration (682ms)

Asset Pipeline Refresh (id=25c954f5c86162046af4b76c3fdd50e3): Total: 2.797 seconds - Initiated by StopAssetImportingV2(ForceSynchronousImport | ForceDomainReload)
	(Values over 0.05ms)
	Summary:
		Imports: total=0 (actual=0, local cache=0, cache server=0)
		Asset DB Process Time: managed=0 ms, native=1484 ms
		Asset DB Callback time: managed=23 ms, native=1 ms
		Scripting: domain reloads=1, domain reload time=1285 ms, compile time=2 ms, other=0 ms
		Project Asset Count: scripts=242, non-scripts=266
		Asset File Changes: new=0, changed=0, moved=0, deleted=0
		Scan Filter Count: 0
	InvokePackagesCallback: 3.249ms
	ApplyChangesToAssetFolders: 0.371ms
	Collect global state as custom dependencies: 0.163ms
	CategorizeAssets: 4.943ms
	CompileScripts: 2.263ms
	ImportOutOfDateAssets: 1422.729ms (1420.003ms without children)
		CollectScriptTypesHashes: 0.837ms
		ReloadNativeAssets: 0.378ms
		UnloadImportedAssets: 0.380ms
		EnsureUptoDateAssetsAreRegisteredWithGuidPM: 0.093ms
		ImportSchedulerStart: 1.868ms
	PostProcessAllAssets: 23.243ms
		MonoPostProcessAllAssets: 23.237ms
			BuilderAssetPostprocessor.OnPostprocessAllAssets 16.202ms
			WindowAssetPostprocessingWatcher.OnPostprocessAllAssets 8.471ms
			AssetPostprocessor.OnPostprocessAllAssets 6.228ms
			AssetChangedListener.OnPostprocessAllAssets 5.857ms
			SpriteSlicePostprocessor.OnPostprocessAllAssets 4.777ms
			SyncVS.PostprocessSyncProject 3.324ms
			SpriteEditorTexturePostprocessor.OnPostprocessAllAssets 1.525ms
			RetainedModeAssetPostprocessor.OnPostprocessAllAssets 1.483ms
			TMPro_TexturePostProcessor.OnPostprocessAllAssets 1.004ms
			SpeedTree9Postprocessor.OnPostprocessAllAssets 0.776ms
			TextAssetPostProcessor.OnPostprocessAllAssets 0.766ms
			ArtifactBrowserPostProcessor.OnPostprocessAllAssets 0.707ms
			AudioMixerPostprocessor.OnPostprocessAllAssets 0.437ms
			SpeedTreePostProcessor.OnPostprocessAllAssets 0.416ms
			StyleCatalogPostProcessor.OnPostprocessAllAssets 0.382ms
			AssetEvents.OnPostprocessAllAssets 0.358ms
			ReferencedClipsPostProcessor.OnPostprocessAllAssets 0.352ms
			ConfigAssetsTracker.OnPostprocessAllAssets 0.221ms
			ScenarioDriftAssetsTracker.OnPostprocessAllAssets 0.181ms
			AssetDatabaseCallbacks.OnPostprocessAllAssets 0.150ms
			TerrainToolbarOverlayPostProcessor.OnPostprocessAllAssets 0.144ms
			AudioContainerPostProcessor.OnPostprocessAllAssets 0.100ms
			RenderPipelineGlobalSettingsPostprocessor.OnPostprocessAllAssets 0.085ms
	UnloadStreamsBegin: 2.435ms
	GenerateScriptTypeHashes: 0.962ms
	GenerateScriptTypeSerializationHashes: 2.000ms
	Untracked: 1330.639ms

Loaded scene 'Temp/__Backupscenes/0.backup'
	Deserialize:            3.795 ms
	Integration:            50.798 ms
	Integration of assets:  0.010 ms
	Thread Wait Time:       0.013 ms
	Total Operation Time:   54.617 ms
[Licensing::Client] Successfully resolved entitlement details
Unloading 0 Unused Serialized files (Serialized files now loaded: 0)
Loaded scene 'Temp/__Backupscenes/0.backup'
	Deserialize:            3.207 ms
	Integration:            17.736 ms
	Integration of assets:  0.004 ms
	Thread Wait Time:       0.036 ms
	Total Operation Time:   20.982 ms
Unloading 9 unused Assets / (0.6 MB). Loaded Objects now: 2702.
Memory consumption went from 423.3 MB to 422.7 MB.
Total: 18.544700 ms (FindLiveObjects: 0.337400 ms CreateObjectMapping: 0.100400 ms MarkObjects: 17.842500 ms  DeleteObjects: 0.257300 ms)

[Licensing::Client] Successfully resolved entitlement details
[Worker0] Imported GUID: 491ee04b31539c54083c58a263d76539 - Path: Assets/Obstacle/Tronco.png - Importer: PreviewImporter -> (ImportResultId: 'a834e13f5357cd3f76d4d14953c4775c') in 0.1958641 seconds
[Worker0] Imported GUID: f7ceb58bcc3ba6147a9291c5e4b20c19 - Path: Assets/Obstacle/troncopuas.png - Importer: PreviewImporter -> (ImportResultId: '26ff15bbf7efd9b8dc37405d87043eac') in 0.0353733 seconds
Asset Pipeline Refresh (id=e9e1427a740a2cd469524c33f9c02973): Total: 0.056 seconds - Initiated by RefreshV2(AllowForceSynchronousImport)
Asset Pipeline Refresh (id=369d58aad3f1a9a4c997fb96d4d60234): Total: 0.010 seconds - Initiated by RefreshV2(AllowForceSynchronousImport)
Reloading assemblies for play mode.
Reloading assemblies after forced synchronous recompile.
Begin MonoManager ReloadAssembly
[Licensing::Client] Successfully resolved entitlement details
Native extension for WindowsStandalone target not found
ScheduleIndexationOnStartup MainProcess:True IndexOnStartup:True
[MODES] ModeService[none].Initialize
[MODES] ModeService[none].LoadModes
Mono: successfully reloaded assembly
- Finished resetting the current domain, in  1.448 seconds
Domain Reload Profiling: 2216ms
	BeginReloadAssembly (575ms)
		DisableScriptedObjects (159ms)
		CreateAndSetChildDomain (146ms)
	RebuildCommonClasses (10ms)
	RebuildNativeTypeToScriptingClass (18ms)
	initialDomainReloadingComplete (54ms)
	LoadAllAssembliesAndSetupDomain (109ms)
		LoadAssemblies (159ms)
		AnalyzeDomain (9ms)
			TypeCache.Refresh (4ms)
	FinalizeReload (1449ms)
		SetupLoadedEditorAssemblies (0ms)
			BeforeProcessingInitializeOnLoad (102ms)
			ProcessInitializeOnLoadAttributes (95ms)
			ProcessInitializeOnLoadMethodAttributes (97ms)
			AfterProcessingInitializeOnLoad (6ms)
		AwakeInstancesAfterBackupRestoration (714ms)

Asset Pipeline Refresh (id=48c105d038e5cae4999cc0f89c8c099b): Total: 2.441 seconds - Initiated by StopAssetImportingV2(ForceSynchronousImport | ForceDomainReload)
	(Values over 0.05ms)
	Summary:
		Imports: total=0 (actual=0, local cache=0, cache server=0)
		Asset DB Process Time: managed=0 ms, native=1509 ms
		Asset DB Callback time: managed=25 ms, native=0 ms
		Scripting: domain reloads=1, domain reload time=902 ms, compile time=3 ms, other=0 ms
		Project Asset Count: scripts=242, non-scripts=266
		Asset File Changes: new=0, changed=0, moved=0, deleted=0
		Scan Filter Count: 0
	InvokePackagesCallback: 2.737ms
	ApplyChangesToAssetFolders: 0.403ms
	Collect global state as custom dependencies: 0.168ms
	ProcessAssetsWithTransientArtifactChanges: 0.156ms
	CategorizeAssets: 5.273ms
	CompileScripts: 2.865ms
	ImportOutOfDateAssets: 1455.943ms (1452.021ms without children)
		ReloadNativeAssets: 0.401ms
		UnloadImportedAssets: 0.411ms
		EnsureUptoDateAssetsAreRegisteredWithGuidPM: 0.092ms
		ImportSchedulerStart: 2.997ms
	PostProcessAllAssets: 25.242ms
		MonoPostProcessAllAssets: 25.232ms
			BuilderAssetPostprocessor.OnPostprocessAllAssets 16.202ms
			WindowAssetPostprocessingWatcher.OnPostprocessAllAssets 8.663ms
			AssetPostprocessor.OnPostprocessAllAssets 6.228ms
			AssetChangedListener.OnPostprocessAllAssets 5.857ms
			SyncVS.PostprocessSyncProject 4.892ms
			SpriteSlicePostprocessor.OnPostprocessAllAssets 4.777ms
			SpriteEditorTexturePostprocessor.OnPostprocessAllAssets 1.525ms
			RetainedModeAssetPostprocessor.OnPostprocessAllAssets 1.483ms
			SpeedTree9Postprocessor.OnPostprocessAllAssets 1.244ms
			TMPro_TexturePostProcessor.OnPostprocessAllAssets 1.004ms
			TextAssetPostProcessor.OnPostprocessAllAssets 0.766ms
			ArtifactBrowserPostProcessor.OnPostprocessAllAssets 0.707ms
			AudioMixerPostprocessor.OnPostprocessAllAssets 0.437ms
			SpeedTreePostProcessor.OnPostprocessAllAssets 0.416ms
			ReferencedClipsPostProcessor.OnPostprocessAllAssets 0.390ms
			StyleCatalogPostProcessor.OnPostprocessAllAssets 0.382ms
			AssetEvents.OnPostprocessAllAssets 0.358ms
			ConfigAssetsTracker.OnPostprocessAllAssets 0.221ms
			TerrainToolbarOverlayPostProcessor.OnPostprocessAllAssets 0.212ms
			AssetDatabaseCallbacks.OnPostprocessAllAssets 0.188ms
			ScenarioDriftAssetsTracker.OnPostprocessAllAssets 0.181ms
			AudioContainerPostProcessor.OnPostprocessAllAssets 0.100ms
			RenderPipelineGlobalSettingsPostprocessor.OnPostprocessAllAssets 0.095ms
	GatherAllCurrentPrimaryImportResultRevisions: 0.095ms
	GenerateScriptTypeHashes: 1.071ms
	GenerateScriptTypeSerializationHashes: 2.256ms
	Untracked: 941.321ms

Loaded scene 'Temp/__Backupscenes/0.backup'
	Deserialize:            2.831 ms
	Integration:            33.053 ms
	Integration of assets:  0.005 ms
	Thread Wait Time:       0.002 ms
	Total Operation Time:   35.891 ms
[Licensing::Client] Successfully resolved entitlement details
Unloading 0 Unused Serialized files (Serialized files now loaded: 0)
Loaded scene 'Temp/__Backupscenes/0.backup'
	Deserialize:            1.792 ms
	Integration:            16.263 ms
	Integration of assets:  0.003 ms
	Thread Wait Time:       0.043 ms
	Total Operation Time:   18.100 ms
Unloading 16 unused Assets / (216.8 KB). Loaded Objects now: 2705.
Memory consumption went from 428.3 MB to 428.0 MB.
Total: 16.094400 ms (FindLiveObjects: 0.279700 ms CreateObjectMapping: 0.086900 ms MarkObjects: 15.524300 ms  DeleteObjects: 0.194400 ms)

[Licensing::Client] Successfully resolved entitlement details
Asset Pipeline Refresh (id=93e3880a681d0d949b5c988e38556e97): Total: 0.032 seconds - Initiated by RefreshV2(AllowForceSynchronousImport)
Asset Pipeline Refresh (id=fa5bad11c47ab234e827744232350c1f): Total: 0.033 seconds - Initiated by RefreshV2(AllowForceSynchronousImport)
Importing 'GUID: b7e3268df6e39e646adb7c9f802267df - Path: Assets/PrefabsObstaculos/HachaGiratoria.prefab' with importer (PrefabImporter)
Imported 'GUID: b7e3268df6e39e646adb7c9f802267df' -> (Import Result ID: '89a3fc39f3407615a3f5131116246279') in 0.038 seconds [static and dynamic dependencies]. Details - ImportResultOutputID=87a06115df9f23d795b55ef3bfd1b29c DependenciesID=2991b62e0105a0a8a45ddfd01e54c580 StaticDependenciesID=9762197c39d960b5796720134a71ad9c 
Asset Pipeline Refresh (id=e4987ad3825d3164b9ac2134cd2d9897): Total: 0.263 seconds - Initiated by StopAssetImportingV2(NoUpdateAssetOptions)
[Worker0] Imported GUID: b7e3268df6e39e646adb7c9f802267df - Path: Assets/PrefabsObstaculos/HachaGiratoria.prefab - Importer: PreviewImporter -> (ImportResultId: 'e397b56fe41ba66080b663bebb56d5f4') in 0.6572109 seconds
Importing 'GUID: 2749e00524edd9d43a0961654955b704 - Path: Assets/PrefabsObstaculos/puas_0.prefab' with importer (PrefabImporter)
Imported 'GUID: 2749e00524edd9d43a0961654955b704' -> (Import Result ID: '354cd15aae7d36e7f3b989710f3df87f') in 0.017 seconds [static and dynamic dependencies]. Details - ImportResultOutputID=f736df3b6da55f5fbd4a2709c1b26312 DependenciesID=3df0a7d93b15fbbc28bdc4c5d1a25ec4 StaticDependenciesID=05098b3dc681f6967b9c7053f1bdb326 
Asset Pipeline Refresh (id=56c8cfdb09151db469ab47ec07f28458): Total: 0.059 seconds - Initiated by StopAssetImportingV2(NoUpdateAssetOptions)
[Worker0] Imported GUID: 2749e00524edd9d43a0961654955b704 - Path: Assets/PrefabsObstaculos/puas_0.prefab - Importer: PreviewImporter -> (ImportResultId: 'e5dc3b94ed0a45754511e720bd0eef50') in 0.0454243 seconds
Importing 'GUID: 4aae5b6916695f043a5d1e091eb793fb - Path: Assets/PrefabsObstaculos/Tronco_0.prefab' with importer (PrefabImporter)
Imported 'GUID: 4aae5b6916695f043a5d1e091eb793fb' -> (Import Result ID: '18cdaf3f9b7bc4d7ba55cca5ff4d09b7') in 0.016 seconds [static and dynamic dependencies]. Details - ImportResultOutputID=89ea237daf201fa0a799c3eb27240b3f DependenciesID=55c6b0cf38d24df30e808d1d06a3fa80 StaticDependenciesID=df3fce4d9bba161bd7e230ff0a9338bb 
Asset Pipeline Refresh (id=648233c0f51ea4445a962a403fc98ebd): Total: 0.062 seconds - Initiated by StopAssetImportingV2(NoUpdateAssetOptions)
[Worker0] Imported GUID: 4aae5b6916695f043a5d1e091eb793fb - Path: Assets/PrefabsObstaculos/Tronco_0.prefab - Importer: PreviewImporter -> (ImportResultId: 'b4aa78929d8c87e289921d6c094b964b') in 0.037868 seconds
Importing 'GUID: cf64f34d3fcb83840b260dbe95bcc1f5 - Path: Assets/PrefabsObstaculos/troncopuas_0.prefab' with importer (PrefabImporter)
Imported 'GUID: cf64f34d3fcb83840b260dbe95bcc1f5' -> (Import Result ID: '5a7610ef94cbb477587b4fe751c72668') in 0.016 seconds [static and dynamic dependencies]. Details - ImportResultOutputID=e14898e79f89237c9fa9f615067d17c1 DependenciesID=6243953ad20123bac82417a5dbb1763b StaticDependenciesID=b5f7dda6c36dcb22d0f054e28366dcdc 
Asset Pipeline Refresh (id=2fa609500a00fb341a971cdb19a93fe4): Total: 0.059 seconds - Initiated by StopAssetImportingV2(NoUpdateAssetOptions)
[Worker0] Imported GUID: cf64f34d3fcb83840b260dbe95bcc1f5 - Path: Assets/PrefabsObstaculos/troncopuas_0.prefab - Importer: PreviewImporter -> (ImportResultId: '5380e0ee390cc5bea071c3766a1e03c7') in 0.0314801 seconds
Asset Pipeline Refresh (id=9929798956804294ba2477966b1f4da9): Total: 0.036 seconds - Initiated by RefreshV2(AllowForceSynchronousImport)
Reloading assemblies for play mode.
Reloading assemblies after forced synchronous recompile.
Begin MonoManager ReloadAssembly
[Licensing::Client] Successfully resolved entitlement details
Native extension for WindowsStandalone target not found
ScheduleIndexationOnStartup MainProcess:True IndexOnStartup:True
[MODES] ModeService[none].Initialize
[MODES] ModeService[none].LoadModes
Mono: successfully reloaded assembly
- Finished resetting the current domain, in  1.610 seconds
Domain Reload Profiling: 2892ms
	BeginReloadAssembly (991ms)
		DisableScriptedObjects (230ms)
		CreateAndSetChildDomain (276ms)
	RebuildCommonClasses (20ms)
	RebuildNativeTypeToScriptingClass (23ms)
	initialDomainReloadingComplete (88ms)
	LoadAllAssembliesAndSetupDomain (159ms)
		LoadAssemblies (301ms)
		AnalyzeDomain (19ms)
			TypeCache.Refresh (9ms)
			ResolveRequiredComponents (3ms)
	FinalizeReload (1611ms)
		SetupLoadedEditorAssemblies (0ms)
			BeforeProcessingInitializeOnLoad (120ms)
			ProcessInitializeOnLoadAttributes (107ms)
			ProcessInitializeOnLoadMethodAttributes (84ms)
			AfterProcessingInitializeOnLoad (5ms)
		AwakeInstancesAfterBackupRestoration (785ms)

Asset Pipeline Refresh (id=052c5cd9c1fe3f94f84b70b1884ac294): Total: 3.157 seconds - Initiated by StopAssetImportingV2(ForceSynchronousImport | ForceDomainReload)
	(Values over 0.05ms)
	Summary:
		Imports: total=0 (actual=0, local cache=0, cache server=0)
		Asset DB Process Time: managed=0 ms, native=1673 ms
		Asset DB Callback time: managed=32 ms, native=0 ms
		Scripting: domain reloads=1, domain reload time=1447 ms, compile time=3 ms, other=0 ms
		Project Asset Count: scripts=242, non-scripts=270
		Asset File Changes: new=0, changed=0, moved=0, deleted=0
		Scan Filter Count: 0
	InvokePackagesCallback: 2.574ms
	ApplyChangesToAssetFolders: 0.363ms
	Collect global state as custom dependencies: 0.171ms
	ProcessAssetsWithTransientArtifactChanges: 0.301ms
	CategorizeAssets: 5.833ms
	CompileScripts: 3.267ms
	ImportOutOfDateAssets: 1617.648ms (1613.450ms without children)
		CollectScriptTypesHashes: 0.215ms
		ReloadNativeAssets: 0.637ms
		UnloadImportedAssets: 0.359ms
		EnsureUptoDateAssetsAreRegisteredWithGuidPM: 0.082ms
		ImportSchedulerStart: 3.102ms
	PostProcessAllAssets: 32.231ms
		MonoPostProcessAllAssets: 32.224ms
			WindowAssetPostprocessingWatcher.OnPostprocessAllAssets 13.935ms
			SyncVS.PostprocessSyncProject 3.987ms
			SpeedTree9Postprocessor.OnPostprocessAllAssets 1.302ms
			ReferencedClipsPostProcessor.OnPostprocessAllAssets 0.492ms
			TerrainToolbarOverlayPostProcessor.OnPostprocessAllAssets 0.274ms
			AssetDatabaseCallbacks.OnPostprocessAllAssets 0.234ms
			SpriteEditorTexturePostprocessor.OnPostprocessAllAssets 0.167ms
			AssetPostprocessor.OnPostprocessAllAssets 0.152ms
			RenderPipelineGlobalSettingsPostprocessor.OnPostprocessAllAssets 0.123ms
			AssetChangedListener.OnPostprocessAllAssets 0.078ms
	GenerateScriptTypeHashes: 1.493ms
	GenerateScriptTypeSerializationHashes: 3.160ms
	Untracked: 1487.836ms

Loaded scene 'Temp/__Backupscenes/0.backup'
	Deserialize:            8.939 ms
	Integration:            59.812 ms
	Integration of assets:  0.017 ms
	Thread Wait Time:       0.008 ms
	Total Operation Time:   68.775 ms
[Licensing::Client] Successfully resolved entitlement details
Unloading 0 Unused Serialized files (Serialized files now loaded: 0)
Loaded scene 'Temp/__Backupscenes/0.backup'
	Deserialize:            1.759 ms
	Integration:            16.925 ms
	Integration of assets:  0.002 ms
	Thread Wait Time:       0.089 ms
	Total Operation Time:   18.775 ms
Unloading 67 unused Assets / (0.6 MB). Loaded Objects now: 2717.
Memory consumption went from 437.0 MB to 436.4 MB.
Total: 22.031800 ms (FindLiveObjects: 0.295900 ms CreateObjectMapping: 0.141000 ms MarkObjects: 18.664300 ms  DeleteObjects: 2.903500 ms)

[Licensing::Client] Successfully resolved entitlement details
Importing 'GUID: cf64f34d3fcb83840b260dbe95bcc1f5 - Path: Assets/PrefabsObstaculos/troncopuas_0.prefab' with importer (PrefabImporter)
Imported 'GUID: cf64f34d3fcb83840b260dbe95bcc1f5' -> (Import Result ID: '5618a8fb1efd912b950619a838fa5b2e') in 0.013 seconds [static and dynamic dependencies]. Details - ImportResultOutputID=b16f0493f5542bdcce33ca86ccac79e5 DependenciesID=f2860e95455d5e58e34f2f0f2b8f326f StaticDependenciesID=8e3ee759710d1ff398da98be170b4c8c 
Asset Pipeline Refresh (id=398706bdb133066449a25e16e0e7379e): Total: 0.132 seconds - Initiated by StopAssetImportingV2(NoUpdateAssetOptions)
[Worker1] Imported GUID: cf64f34d3fcb83840b260dbe95bcc1f5 - Path: Assets/PrefabsObstaculos/troncopuas_0.prefab - Importer: PreviewImporter -> (ImportResultId: 'facb33b0c7e56232f215866ed73631da') in 0.3151247 seconds
Reloading assemblies for play mode.
Reloading assemblies after forced synchronous recompile.
Begin MonoManager ReloadAssembly
[Licensing::Client] Successfully resolved entitlement details
Native extension for WindowsStandalone target not found
ScheduleIndexationOnStartup MainProcess:True IndexOnStartup:True
[MODES] ModeService[none].Initialize
[MODES] ModeService[none].LoadModes
Mono: successfully reloaded assembly
- Finished resetting the current domain, in  1.366 seconds
Domain Reload Profiling: 2100ms
	BeginReloadAssembly (545ms)
		DisableScriptedObjects (163ms)
		CreateAndSetChildDomain (134ms)
	RebuildCommonClasses (10ms)
	RebuildNativeTypeToScriptingClass (17ms)
	initialDomainReloadingComplete (57ms)
	LoadAllAssembliesAndSetupDomain (105ms)
		LoadAssemblies (146ms)
		AnalyzeDomain (9ms)
			TypeCache.Refresh (5ms)
	FinalizeReload (1367ms)
		SetupLoadedEditorAssemblies (0ms)
			BeforeProcessingInitializeOnLoad (99ms)
			ProcessInitializeOnLoadAttributes (92ms)
			ProcessInitializeOnLoadMethodAttributes (91ms)
			AfterProcessingInitializeOnLoad (7ms)
		AwakeInstancesAfterBackupRestoration (666ms)

Asset Pipeline Refresh (id=1aa3fc0f1c207b5449e99ff217d7f660): Total: 2.280 seconds - Initiated by StopAssetImportingV2(ForceSynchronousImport | ForceDomainReload)
	(Values over 0.05ms)
	Summary:
		Imports: total=0 (actual=0, local cache=0, cache server=0)
		Asset DB Process Time: managed=0 ms, native=1417 ms
		Asset DB Callback time: managed=23 ms, native=1 ms
		Scripting: domain reloads=1, domain reload time=835 ms, compile time=2 ms, other=0 ms
		Project Asset Count: scripts=242, non-scripts=270
		Asset File Changes: new=0, changed=0, moved=0, deleted=0
		Scan Filter Count: 0
	InvokePackagesCallback: 3.326ms
	ApplyChangesToAssetFolders: 0.356ms
	Collect global state as custom dependencies: 0.178ms
	CategorizeAssets: 3.642ms
	CompileScripts: 2.400ms
	ImportOutOfDateAssets: 1372.258ms (1369.727ms without children)
		ReloadNativeAssets: 0.327ms
		UnloadImportedAssets: 0.293ms
		EnsureUptoDateAssetsAreRegisteredWithGuidPM: 0.073ms
		ImportSchedulerStart: 1.817ms
	PostProcessAllAssets: 23.783ms
		MonoPostProcessAllAssets: 23.777ms
			BuilderAssetPostprocessor.OnPostprocessAllAssets 8.567ms
			WindowAssetPostprocessingWatcher.OnPostprocessAllAssets 8.452ms
			AssetChangedListener.OnPostprocessAllAssets 6.602ms
			AssetPostprocessor.OnPostprocessAllAssets 4.427ms
			SpriteSlicePostprocessor.OnPostprocessAllAssets 4.244ms
			SyncVS.PostprocessSyncProject 3.234ms
			SpriteEditorTexturePostprocessor.OnPostprocessAllAssets 1.478ms
			TMPro_TexturePostProcessor.OnPostprocessAllAssets 1.254ms
			RetainedModeAssetPostprocessor.OnPostprocessAllAssets 1.210ms
			SpeedTree9Postprocessor.OnPostprocessAllAssets 0.844ms
			ArtifactBrowserPostProcessor.OnPostprocessAllAssets 0.670ms
			TextAssetPostProcessor.OnPostprocessAllAssets 0.644ms
			ReferencedClipsPostProcessor.OnPostprocessAllAssets 0.448ms
			SpeedTreePostProcessor.OnPostprocessAllAssets 0.404ms
			AudioMixerPostprocessor.OnPostprocessAllAssets 0.392ms
			StyleCatalogPostProcessor.OnPostprocessAllAssets 0.226ms
			ScenarioDriftAssetsTracker.OnPostprocessAllAssets 0.217ms
			AssetEvents.OnPostprocessAllAssets 0.211ms
			ConfigAssetsTracker.OnPostprocessAllAssets 0.190ms
			AssetDatabaseCallbacks.OnPostprocessAllAssets 0.187ms
			TerrainToolbarOverlayPostProcessor.OnPostprocessAllAssets 0.154ms
			RenderPipelineGlobalSettingsPostprocessor.OnPostprocessAllAssets 0.090ms
			AudioContainerPostProcessor.OnPostprocessAllAssets 0.074ms
	GenerateScriptTypeHashes: 0.987ms
	GenerateScriptTypeSerializationHashes: 2.102ms
	Untracked: 867.713ms

Loaded scene 'Temp/__Backupscenes/0.backup'
	Deserialize:            3.411 ms
	Integration:            35.194 ms
	Integration of assets:  0.005 ms
	Thread Wait Time:       0.012 ms
	Total Operation Time:   38.623 ms
[Licensing::Client] Successfully resolved entitlement details
Unloading 0 Unused Serialized files (Serialized files now loaded: 0)
Loaded scene 'Temp/__Backupscenes/0.backup'
	Deserialize:            2.137 ms
	Integration:            19.869 ms
	Integration of assets:  0.003 ms
	Thread Wait Time:       0.008 ms
	Total Operation Time:   22.017 ms
Unloading 10 unused Assets / (2.8 KB). Loaded Objects now: 2763.
Memory consumption went from 431.1 MB to 431.1 MB.
Total: 12.767200 ms (FindLiveObjects: 0.227800 ms CreateObjectMapping: 0.105400 ms MarkObjects: 12.268800 ms  DeleteObjects: 0.157100 ms)

[Licensing::Client] Successfully resolved entitlement details
Reloading assemblies for play mode.
Reloading assemblies after forced synchronous recompile.
Begin MonoManager ReloadAssembly
Native extension for WindowsStandalone target not found
ScheduleIndexationOnStartup MainProcess:True IndexOnStartup:True
[MODES] ModeService[none].Initialize
[MODES] ModeService[none].LoadModes
Mono: successfully reloaded assembly
- Finished resetting the current domain, in  1.288 seconds
Domain Reload Profiling: 1959ms
	BeginReloadAssembly (490ms)
		DisableScriptedObjects (142ms)
		CreateAndSetChildDomain (125ms)
	RebuildCommonClasses (10ms)
	RebuildNativeTypeToScriptingClass (17ms)
	initialDomainReloadingComplete (52ms)
	LoadAllAssembliesAndSetupDomain (100ms)
		LoadAssemblies (123ms)
		AnalyzeDomain (9ms)
			TypeCache.Refresh (5ms)
	FinalizeReload (1289ms)
		SetupLoadedEditorAssemblies (0ms)
			BeforeProcessingInitializeOnLoad (90ms)
			ProcessInitializeOnLoadAttributes (79ms)
			ProcessInitializeOnLoadMethodAttributes (97ms)
			AfterProcessingInitializeOnLoad (5ms)
		AwakeInstancesAfterBackupRestoration (650ms)

Asset Pipeline Refresh (id=e0095e35191ce5140ac38b087bbce0a9): Total: 2.073 seconds - Initiated by StopAssetImportingV2(ForceSynchronousImport | ForceDomainReload)
	(Values over 0.05ms)
	Summary:
		Imports: total=0 (actual=0, local cache=0, cache server=0)
		Asset DB Process Time: managed=0 ms, native=1345 ms
		Asset DB Callback time: managed=22 ms, native=0 ms
		Scripting: domain reloads=1, domain reload time=701 ms, compile time=3 ms, other=0 ms
		Project Asset Count: scripts=242, non-scripts=270
		Asset File Changes: new=0, changed=0, moved=0, deleted=0
		Scan Filter Count: 0
	InvokePackagesCallback: 2.274ms
	ApplyChangesToAssetFolders: 0.354ms
	Collect global state as custom dependencies: 0.933ms
	CategorizeAssets: 4.002ms
	CompileScripts: 2.609ms
	ImportOutOfDateAssets: 1294.727ms (1291.145ms without children)
		ReloadNativeAssets: 0.414ms
		UnloadImportedAssets: 0.452ms
		EnsureUptoDateAssetsAreRegisteredWithGuidPM: 0.080ms
		ImportSchedulerStart: 2.628ms
	PostProcessAllAssets: 22.653ms
		MonoPostProcessAllAssets: 22.644ms
			WindowAssetPostprocessingWatcher.OnPostprocessAllAssets 8.842ms
			BuilderAssetPostprocessor.OnPostprocessAllAssets 8.567ms
			AssetChangedListener.OnPostprocessAllAssets 6.602ms
			AssetPostprocessor.OnPostprocessAllAssets 4.427ms
			SpriteSlicePostprocessor.OnPostprocessAllAssets 4.244ms
			SyncVS.PostprocessSyncProject 2.459ms
			SpriteEditorTexturePostprocessor.OnPostprocessAllAssets 1.478ms
			TMPro_TexturePostProcessor.OnPostprocessAllAssets 1.254ms
			RetainedModeAssetPostprocessor.OnPostprocessAllAssets 1.210ms
			SpeedTree9Postprocessor.OnPostprocessAllAssets 0.861ms
			ArtifactBrowserPostProcessor.OnPostprocessAllAssets 0.670ms
			TextAssetPostProcessor.OnPostprocessAllAssets 0.644ms
			SpeedTreePostProcessor.OnPostprocessAllAssets 0.404ms
			AudioMixerPostprocessor.OnPostprocessAllAssets 0.392ms
			ReferencedClipsPostProcessor.OnPostprocessAllAssets 0.360ms
			StyleCatalogPostProcessor.OnPostprocessAllAssets 0.226ms
			ScenarioDriftAssetsTracker.OnPostprocessAllAssets 0.217ms
			AssetEvents.OnPostprocessAllAssets 0.211ms
			ConfigAssetsTracker.OnPostprocessAllAssets 0.190ms
			AssetDatabaseCallbacks.OnPostprocessAllAssets 0.158ms
			TerrainToolbarOverlayPostProcessor.OnPostprocessAllAssets 0.154ms
			RenderPipelineGlobalSettingsPostprocessor.OnPostprocessAllAssets 0.087ms
			AudioContainerPostProcessor.OnPostprocessAllAssets 0.074ms
	UnloadStreamsBegin: 0.114ms
	GenerateScriptTypeHashes: 1.044ms
	GenerateScriptTypeSerializationHashes: 2.222ms
	Untracked: 736.394ms

Loaded scene 'Temp/__Backupscenes/0.backup'
	Deserialize:            4.651 ms
	Integration:            37.072 ms
	Integration of assets:  0.015 ms
	Thread Wait Time:       0.012 ms
	Total Operation Time:   41.750 ms
[Licensing::Client] Successfully resolved entitlement details
Unloading 0 Unused Serialized files (Serialized files now loaded: 0)
Loaded scene 'Temp/__Backupscenes/0.backup'
	Deserialize:            2.109 ms
	Integration:            16.504 ms
	Integration of assets:  0.005 ms
	Thread Wait Time:       0.095 ms
	Total Operation Time:   18.713 ms
Unloading 10 unused Assets / (92.9 KB). Loaded Objects now: 2764.
Memory consumption went from 431.5 MB to 431.4 MB.
Total: 11.772000 ms (FindLiveObjects: 0.267900 ms CreateObjectMapping: 0.109100 ms MarkObjects: 11.314400 ms  DeleteObjects: 0.079300 ms)

Asset Pipeline Refresh (id=2463eecef10d61447a2c3a3e739ad03e): Total: 0.122 seconds - Initiated by RefreshV2(AllowForceSynchronousImport)
Importing 'GUID: 715b0b9b9a7a6c04cb5167d82049df34 - Path: Assets/3 PERSONAJES/Jugador.prefab' with importer (PrefabImporter)
Imported 'GUID: 715b0b9b9a7a6c04cb5167d82049df34' -> (Import Result ID: '197b29e60919fa8db0a18b88372445f4') in 0.031 seconds [static and dynamic dependencies]. Details - ImportResultOutputID=60673be1da28d29152e17147fa1bb9f7 DependenciesID=967d1ceb391b4f77ba5349d110625a20 StaticDependenciesID=6dc5a5de08f827c1ab5b2bdc3bdd0e70 
Asset Pipeline Refresh (id=7fc2d4f64f67ac94583492549c929f4e): Total: 0.156 seconds - Initiated by StopAssetImportingV2(NoUpdateAssetOptions)
Importing 'GUID: 715b0b9b9a7a6c04cb5167d82049df34 - Path: Assets/3 PERSONAJES/Jugador.prefab' with importer (PrefabImporter)
Imported 'GUID: 715b0b9b9a7a6c04cb5167d82049df34' -> (Import Result ID: '74ef8b5d45e13c8fdbb6afbd7b890a9e') in 0.005 seconds [static and dynamic dependencies]. Details - ImportResultOutputID=035ce79a0d1c731528a18ae9a278e242 DependenciesID=bbd9f0bbf9acd5b2b2524977d5634ba7 StaticDependenciesID=829636a96c1e63f4ec25d052ddcc3f58 
Asset Pipeline Refresh (id=e35ce2bf1d44f4b4f96b144fd4f9a575): Total: 0.055 seconds - Initiated by StopAssetImportingV2(NoUpdateAssetOptions)
Reloading assemblies for play mode.
Reloading assemblies after forced synchronous recompile.
Begin MonoManager ReloadAssembly
[Licensing::Client] Successfully resolved entitlement details
Native extension for WindowsStandalone target not found
ScheduleIndexationOnStartup MainProcess:True IndexOnStartup:True
[MODES] ModeService[none].Initialize
[MODES] ModeService[none].LoadModes
Mono: successfully reloaded assembly
- Finished resetting the current domain, in  1.471 seconds
Domain Reload Profiling: 2491ms
	BeginReloadAssembly (810ms)
		DisableScriptedObjects (276ms)
		CreateAndSetChildDomain (204ms)
	RebuildCommonClasses (14ms)
	RebuildNativeTypeToScriptingClass (21ms)
	initialDomainReloadingComplete (60ms)
	LoadAllAssembliesAndSetupDomain (115ms)
		LoadAssemblies (201ms)
		AnalyzeDomain (10ms)
			TypeCache.Refresh (6ms)
	FinalizeReload (1472ms)
		SetupLoadedEditorAssemblies (0ms)
			BeforeProcessingInitializeOnLoad (111ms)
			ProcessInitializeOnLoadAttributes (89ms)
			ProcessInitializeOnLoadMethodAttributes (84ms)
			AfterProcessingInitializeOnLoad (6ms)
		AwakeInstancesAfterBackupRestoration (733ms)

Asset Pipeline Refresh (id=d015590ce18794346857b825bfcb4279): Total: 2.727 seconds - Initiated by StopAssetImportingV2(ForceSynchronousImport | ForceDomainReload)
	(Values over 0.05ms)
	Summary:
		Imports: total=0 (actual=0, local cache=0, cache server=0)
		Asset DB Process Time: managed=0 ms, native=1527 ms
		Asset DB Callback time: managed=26 ms, native=0 ms
		Scripting: domain reloads=1, domain reload time=1168 ms, compile time=3 ms, other=0 ms
		Project Asset Count: scripts=242, non-scripts=270
		Asset File Changes: new=0, changed=0, moved=0, deleted=0
		Scan Filter Count: 0
	InvokePackagesCallback: 2.528ms
	ApplyChangesToAssetFolders: 0.377ms
	Collect global state as custom dependencies: 0.212ms
	CategorizeAssets: 4.163ms
	CompileScripts: 3.157ms
	ImportOutOfDateAssets: 1477.050ms (1473.872ms without children)
		ReloadNativeAssets: 0.533ms
		UnloadImportedAssets: 0.342ms
		EnsureUptoDateAssetsAreRegisteredWithGuidPM: 0.079ms
		ImportSchedulerStart: 2.216ms
	PostProcessAllAssets: 26.434ms
		MonoPostProcessAllAssets: 26.428ms
			WindowAssetPostprocessingWatcher.OnPostprocessAllAssets 8.545ms
			SyncVS.PostprocessSyncProject 4.162ms
			SpeedTree9Postprocessor.OnPostprocessAllAssets 1.308ms
			ReferencedClipsPostProcessor.OnPostprocessAllAssets 0.668ms
			AssetChangedListener.OnPostprocessAllAssets 0.259ms
			TerrainToolbarOverlayPostProcessor.OnPostprocessAllAssets 0.224ms
			AssetDatabaseCallbacks.OnPostprocessAllAssets 0.153ms
			RenderPipelineGlobalSettingsPostprocessor.OnPostprocessAllAssets 0.140ms
			SpriteEditorTexturePostprocessor.OnPostprocessAllAssets 0.128ms
			AssetPostprocessor.OnPostprocessAllAssets 0.076ms
	GatherAllCurrentPrimaryImportResultRevisions: 0.055ms
	GenerateScriptTypeHashes: 1.131ms
	GenerateScriptTypeSerializationHashes: 2.306ms
	Untracked: 1205.250ms

Loaded scene 'Temp/__Backupscenes/0.backup'
	Deserialize:            3.922 ms
	Integration:            55.564 ms
	Integration of assets:  0.024 ms
	Thread Wait Time:       -0.008 ms
	Total Operation Time:   59.502 ms
[Licensing::Client] Successfully resolved entitlement details
Unloading 0 Unused Serialized files (Serialized files now loaded: 0)
Loaded scene 'Temp/__Backupscenes/0.backup'
	Deserialize:            1.942 ms
	Integration:            16.806 ms
	Integration of assets:  0.004 ms
	Thread Wait Time:       0.028 ms
	Total Operation Time:   18.781 ms
Unloading 60 unused Assets / (112.9 KB). Loaded Objects now: 2710.
Memory consumption went from 439.9 MB to 439.8 MB.
Total: 16.434100 ms (FindLiveObjects: 0.234600 ms CreateObjectMapping: 0.107000 ms MarkObjects: 14.293800 ms  DeleteObjects: 1.796400 ms)

[Licensing::Client] Successfully resolved entitlement details
Asset Pipeline Refresh (id=1ad052789d6c5864890ce1b8f2b3f4c5): Total: 0.070 seconds - Initiated by RefreshV2(AllowForceSynchronousImport)
Importing 'GUID: b7e3268df6e39e646adb7c9f802267df - Path: Assets/PrefabsObstaculos/HachaGiratoria.prefab' with importer (PrefabImporter)
Imported 'GUID: b7e3268df6e39e646adb7c9f802267df' -> (Import Result ID: '9ce237e94c4fea27649b3200a31a1bd2') in 0.022 seconds [static and dynamic dependencies]. Details - ImportResultOutputID=368b8ba30b062b3368546602d33d9035 DependenciesID=75d1a63a7f9f368daf763ad6ee47ed85 StaticDependenciesID=302392f794724171e73742e73f9a6764 
Asset Pipeline Refresh (id=ab517de118d34944abbf251a15df9f6d): Total: 0.175 seconds - Initiated by StopAssetImportingV2(NoUpdateAssetOptions)
[Worker0] Imported GUID: b7e3268df6e39e646adb7c9f802267df - Path: Assets/PrefabsObstaculos/HachaGiratoria.prefab - Importer: PreviewImporter -> (ImportResultId: '7cffc4dfc0164a01b8b627ccbdc5273a') in 0.4436515 seconds
Importing 'GUID: 2749e00524edd9d43a0961654955b704 - Path: Assets/PrefabsObstaculos/puas_0.prefab' with importer (PrefabImporter)
Imported 'GUID: 2749e00524edd9d43a0961654955b704' -> (Import Result ID: '7e85bacb1b804ff6220002c51abb5776') in 0.005 seconds [static and dynamic dependencies]. Details - ImportResultOutputID=b2d0c3c0455b52c8eaff9a00cae92fed DependenciesID=aa52860842745945554f60fe12e38b79 StaticDependenciesID=04f0e2ca93ec8684fc9fb27effe5c06d 
Asset Pipeline Refresh (id=10b511abe74a3e04e9cd6190cb47f147): Total: 0.066 seconds - Initiated by StopAssetImportingV2(NoUpdateAssetOptions)
[Worker0] Imported GUID: 2749e00524edd9d43a0961654955b704 - Path: Assets/PrefabsObstaculos/puas_0.prefab - Importer: PreviewImporter -> (ImportResultId: 'a676e4e30dab1cae3e617ffe940019a8') in 0.0378389 seconds
Importing 'GUID: a16a58de9f219c2469fcb05759bbb4df - Path: Assets/PrefabsObstaculos/sierra_0.prefab' with importer (PrefabImporter)
Imported 'GUID: a16a58de9f219c2469fcb05759bbb4df' -> (Import Result ID: 'b2828b78d6d9186d20c64eabb6a6df41') in 0.005 seconds [static and dynamic dependencies]. Details - ImportResultOutputID=d6f922b13fc70ad105fe5022c77ab41d DependenciesID=f3a117edcec00c8fa91e3a73dc96f2aa StaticDependenciesID=dc6a5bb743b23292b604dd44aefc96dd 
Asset Pipeline Refresh (id=5c32d2895254dee40b812de8ba1aa34e): Total: 0.055 seconds - Initiated by StopAssetImportingV2(NoUpdateAssetOptions)
[Worker0] Imported GUID: a16a58de9f219c2469fcb05759bbb4df - Path: Assets/PrefabsObstaculos/sierra_0.prefab - Importer: PreviewImporter -> (ImportResultId: '41c72ae14032e5abb709d941e8739628') in 0.0272772 seconds
Importing 'GUID: 4aae5b6916695f043a5d1e091eb793fb - Path: Assets/PrefabsObstaculos/Tronco_0.prefab' with importer (PrefabImporter)
Imported 'GUID: 4aae5b6916695f043a5d1e091eb793fb' -> (Import Result ID: '08e72eddb3a8ade60256d3e9fb3bfbd6') in 0.005 seconds [static dependencies only]. Details - ImportResultOutputID=f0c77485bad372bb0c614cd5d7f86408 DependenciesID=d23d2d0b954c1dcc242807e6dba8d952 StaticDependenciesID=77ccf67432d5d2b9955f13bad5961727 
Asset Pipeline Refresh (id=bba1dd674fc3bc2429fb7a6a44107f66): Total: 0.052 seconds - Initiated by StopAssetImportingV2(NoUpdateAssetOptions)
[Worker0] Imported GUID: 4aae5b6916695f043a5d1e091eb793fb - Path: Assets/PrefabsObstaculos/Tronco_0.prefab - Importer: PreviewImporter -> (ImportResultId: '64f554192ec09b236be8d1ddfb428efd') in 0.0261188 seconds
Importing 'GUID: cf64f34d3fcb83840b260dbe95bcc1f5 - Path: Assets/PrefabsObstaculos/troncopuas_0.prefab' with importer (PrefabImporter)
Imported 'GUID: cf64f34d3fcb83840b260dbe95bcc1f5' -> (Import Result ID: '89de3107c75f54737e2a801185957afc') in 0.006 seconds [static and dynamic dependencies]. Details - ImportResultOutputID=e9253e0a869bfaae9b0fc540873fe865 DependenciesID=6f754a6f6f178b8d8450ae6fec773260 StaticDependenciesID=12380fe6bb53bd751aeb36930d70a98c 
Asset Pipeline Refresh (id=b67c68e7e5820494d966d3f0a271f17a): Total: 0.052 seconds - Initiated by StopAssetImportingV2(NoUpdateAssetOptions)
[Worker0] Imported GUID: cf64f34d3fcb83840b260dbe95bcc1f5 - Path: Assets/PrefabsObstaculos/troncopuas_0.prefab - Importer: PreviewImporter -> (ImportResultId: '88d7680a5baaf156ef624beebc64595a') in 0.013726 seconds
Asset Pipeline Refresh (id=d7cb7f13fb53b504c86ee10be8945dcc): Total: 0.135 seconds - Initiated by RefreshV2(AllowForceSynchronousImport)
Importing 'GUID: 715b0b9b9a7a6c04cb5167d82049df34 - Path: Assets/3 PERSONAJES/Jugador.prefab' with importer (PrefabImporter)
Imported 'GUID: 715b0b9b9a7a6c04cb5167d82049df34' -> (Import Result ID: '11cb229da1140836f498dcba97c80944') in 0.022 seconds [static and dynamic dependencies]. Details - ImportResultOutputID=1126f7eb57a01a187e706615924e1f07 DependenciesID=8819289af55c5e5a823b4332de644bc2 StaticDependenciesID=d7cfbf7e54adca77f60a608c7d5819fa 
Asset Pipeline Refresh (id=de8b3aabe37662a4d86811b85eff615d): Total: 0.142 seconds - Initiated by StopAssetImportingV2(NoUpdateAssetOptions)
[Licensing::Client] Successfully updated the access token
[Licensing::Module] Successfully updated access token: "GYDRhnCX"... (expires: 2026-07-08T06:51:55Z)
Asset Pipeline Refresh (id=6327eb6c9ffc840468ac24853a063b69): Total: 0.226 seconds - Initiated by RefreshV2(AllowForceSynchronousImport)
Importing 'GUID: b7e3268df6e39e646adb7c9f802267df - Path: Assets/PrefabsObstaculos/HachaGiratoria.prefab' with importer (PrefabImporter)
Imported 'GUID: b7e3268df6e39e646adb7c9f802267df' -> (Import Result ID: '43a3269ab7eb15c66fe0157c2c0f2f39') in 0.038 seconds [static and dynamic dependencies]. Details - ImportResultOutputID=5fa3936d128e5301950a8b9e2f191540 DependenciesID=92397f18361d14bb48f3c4e73e07e476 StaticDependenciesID=5becfec3be1198e78b1e3050495ed2a8 
Asset Pipeline Refresh (id=31c33a647f5cc4c468c91d1c0a44e1ec): Total: 0.279 seconds - Initiated by StopAssetImportingV2(NoUpdateAssetOptions)
[Worker0] Imported GUID: b7e3268df6e39e646adb7c9f802267df - Path: Assets/PrefabsObstaculos/HachaGiratoria.prefab - Importer: PreviewImporter -> (ImportResultId: 'cc5fdd0592c163402c62db46b1cbd998') in 0.1192107 seconds
Importing 'GUID: b7e3268df6e39e646adb7c9f802267df - Path: Assets/PrefabsObstaculos/HachaGiratoria.prefab' with importer (PrefabImporter)
Imported 'GUID: b7e3268df6e39e646adb7c9f802267df' -> (Import Result ID: '7f39606902024769d19bafe295dfed70') in 0.004 seconds [static and dynamic dependencies]. Details - ImportResultOutputID=9596ea6e801d74346653d12c2cce2be2 DependenciesID=968e8888576c6c5ef29d0274f3c5099b StaticDependenciesID=8da5654465825a9fd3be3b4ca8778ac7 
Asset Pipeline Refresh (id=d0e0e3778192208418fe931bb79213ff): Total: 0.059 seconds - Initiated by StopAssetImportingV2(NoUpdateAssetOptions)
[Worker0] Imported GUID: b7e3268df6e39e646adb7c9f802267df - Path: Assets/PrefabsObstaculos/HachaGiratoria.prefab - Importer: PreviewImporter -> (ImportResultId: '89b75d005767577f93dbcea9ea7094b7') in 0.0222079 seconds
Importing 'GUID: 2749e00524edd9d43a0961654955b704 - Path: Assets/PrefabsObstaculos/puas_0.prefab' with importer (PrefabImporter)
Imported 'GUID: 2749e00524edd9d43a0961654955b704' -> (Import Result ID: 'ec0a282bdd8b7c37349b69aba53ef56f') in 0.005 seconds [static and dynamic dependencies]. Details - ImportResultOutputID=c9d012f11a55987f06bc8173bae2ce67 DependenciesID=e550093d44217bbad770a16be348d078 StaticDependenciesID=65c843cd1c11a4debf6bfccaf1554c7c 
Asset Pipeline Refresh (id=3e6583eccd2fc274dbc81ca1eb1940b9): Total: 0.068 seconds - Initiated by StopAssetImportingV2(NoUpdateAssetOptions)
[Worker0] Imported GUID: 2749e00524edd9d43a0961654955b704 - Path: Assets/PrefabsObstaculos/puas_0.prefab - Importer: PreviewImporter -> (ImportResultId: '26319b562ab4af3c09cf59987d0ae138') in 0.0356303 seconds
[Licensing::Client] Successfully resolved entitlement details
Importing 'GUID: 2749e00524edd9d43a0961654955b704 - Path: Assets/PrefabsObstaculos/puas_0.prefab' with importer (PrefabImporter)
Imported 'GUID: 2749e00524edd9d43a0961654955b704' -> (Import Result ID: '17bc79da2fcd1b48075991ba2e7cfeab') in 0.005 seconds [static and dynamic dependencies]. Details - ImportResultOutputID=3a42c0620903a76f8781d95ab2abed0b DependenciesID=b6964f71adda9e7b8b67765413613496 StaticDependenciesID=c5fe94eacd39907c316fd5b01227ad79 
Asset Pipeline Refresh (id=4ce3b00d249d31a4e967d7e93f61728a): Total: 0.047 seconds - Initiated by StopAssetImportingV2(NoUpdateAssetOptions)
Importing 'GUID: a16a58de9f219c2469fcb05759bbb4df - Path: Assets/PrefabsObstaculos/sierra_0.prefab' with importer (PrefabImporter)
Imported 'GUID: a16a58de9f219c2469fcb05759bbb4df' -> (Import Result ID: '3673ad87887d0a3ad8386e1ba4be24cb') in 0.005 seconds [static and dynamic dependencies]. Details - ImportResultOutputID=ddfba39235886ffd49d46ed32233b4e2 DependenciesID=c720bf7b889eef4c4bcbdbfc6ff37013 StaticDependenciesID=d7e3af3a2784ee09f8ff7357c794a3c5 
Asset Pipeline Refresh (id=06fa739799fd252439e3f131f558e077): Total: 0.066 seconds - Initiated by StopAssetImportingV2(NoUpdateAssetOptions)
[Worker0] Imported GUID: a16a58de9f219c2469fcb05759bbb4df - Path: Assets/PrefabsObstaculos/sierra_0.prefab - Importer: PreviewImporter -> (ImportResultId: 'e6e6ad6a1256734e0954e79c6eac96dd') in 0.0262769 seconds
Importing 'GUID: a16a58de9f219c2469fcb05759bbb4df - Path: Assets/PrefabsObstaculos/sierra_0.prefab' with importer (PrefabImporter)
Imported 'GUID: a16a58de9f219c2469fcb05759bbb4df' -> (Import Result ID: '9117e904f0f05e716f801b18d2ba3dfd') in 0.004 seconds [static and dynamic dependencies]. Details - ImportResultOutputID=82792df6c30bc452c61681e195949b70 DependenciesID=ad450170314b47e826ef6a8ed1d6d2d3 StaticDependenciesID=b8997ddb94ddf398b095bf55a35805a3 
Asset Pipeline Refresh (id=7b304ab64fc57c24ca1c5e3745e7c6e6): Total: 0.058 seconds - Initiated by StopAssetImportingV2(NoUpdateAssetOptions)
[Worker0] Imported GUID: a16a58de9f219c2469fcb05759bbb4df - Path: Assets/PrefabsObstaculos/sierra_0.prefab - Importer: PreviewImporter -> (ImportResultId: '5c4ca6b3bb2c3b0b9fc528c702820fd9') in 0.0253983 seconds
[ScriptCompilation] Requested script compilation because: AssetDatabase observed changes in script compilation related files
Asset Pipeline Refresh (id=264c4669e0df9a8408b79f345c41d319): Total: 0.142 seconds - Initiated by StopAssetImportingV2(NoUpdateAssetOptions)
Asset Pipeline Refresh (id=c0bbf58ddd7a2324ea9f1482e3bdf176): Total: 0.002 seconds - Initiated by StopAssetImportingV2(NoUpdateAssetOptions)
[Licensing::Client] Successfully resolved entitlement details
info: Microsoft.AspNetCore.Hosting.Diagnostics[1]
      Request starting HTTP/2 POST http://ilpp/UnityILPP.PostProcessing/Ping - application/grpc -
info: Microsoft.AspNetCore.Routing.EndpointMiddleware[0]
      Executing endpoint 'gRPC - /UnityILPP.PostProcessing/Ping'
info: Microsoft.AspNetCore.Routing.EndpointMiddleware[1]
      Executed endpoint 'gRPC - /UnityILPP.PostProcessing/Ping'
info: Microsoft.AspNetCore.Hosting.Diagnostics[2]
      Request finished HTTP/2 POST http://ilpp/UnityILPP.PostProcessing/Ping - 200 - application/grpc 12.3523ms
Starting: C:\Unity Editors\6000.5.0f1\Editor\Data\Tools\BuildPipeline\bee_backend.exe --ipc --defer-dag-verification --dagfile="Library/Bee/1900b0aE.dag" --continue-on-failure --profile="Library/Bee/backend1.traceevents" ScriptAssemblies
WorkingDir: C:/Users/Oswel Cardona/OneDrive/Documents/GitHub/scape-from-utp-juego
Starting: C:\Unity Editors\6000.5.0f1\Editor\Data\netcorerun\netcorerun.exe "C:\Unity Editors\6000.5.0f1\Editor\Data\Tools\BuildPipeline\ScriptCompilationBuildProgram.exe" "Library/Bee/1900b0aE.dag.json" "Library/Bee/1900b0aE-inputdata.json" "Library\Bee\buildprogram0.traceevents"
WorkingDir: C:/Users/Oswel Cardona/OneDrive/Documents/GitHub/scape-from-utp-juego
ExitCode: 4 Duration: 2s524ms
Rebuilding DAG because FileSignature timestamp changed: Library/Bee/1900b0aE-inputdata.json
*** Tundra requires additional run (2.32 seconds), 1 items updated, 236 evaluated
ExitCode: 0 Duration: 2s125ms
Starting: C:\Unity Editors\6000.5.0f1\Editor\Data\Tools\BuildPipeline\bee_backend.exe --ipc --defer-dag-verification --dagfile="Library/Bee/1900b0aE.dag" --continue-on-failure --dagfilejson="Library\Bee\1900b0aE.dag.json" --profile="Library/Bee/backend2.traceevents" ScriptAssemblies
WorkingDir: C:/Users/Oswel Cardona/OneDrive/Documents/GitHub/scape-from-utp-juego
ExitCode: 0 Duration: 1s679ms
Finished compiling graph: 243 nodes, 2160 flattened edges (2046 ToBuild, 20 ToUse), maximum node priority 109
[191/240    0s] WriteText Library/Bee/artifacts/1900b0aE.dag/Assembly-CSharp.rsp
[237/240    1s] Csc Library/Bee/artifacts/1900b0aE.dag/Assembly-CSharp.dll (+2 others)
[238/240    0s] CopyFiles Library/ScriptAssemblies/Assembly-CSharp.dll
[239/240    0s] CopyFiles Library/ScriptAssemblies/Assembly-CSharp.pdb
*** Tundra build success (1.64 seconds), 4 items updated, 240 evaluated
[ScriptCompilation] Requested script compilation because: AssetDatabase observed changes in script compilation related files
Asset Pipeline Refresh (id=3596cb280690c2a4598c48b244629cb2): Total: 0.050 seconds - Initiated by StopAssetImportingV2(NoUpdateAssetOptions)
info: Microsoft.AspNetCore.Hosting.Diagnostics[1]
      Request starting HTTP/2 POST http://ilpp/UnityILPP.PostProcessing/Ping - application/grpc -
info: Microsoft.AspNetCore.Routing.EndpointMiddleware[0]
      Executing endpoint 'gRPC - /UnityILPP.PostProcessing/Ping'
info: Microsoft.AspNetCore.Routing.EndpointMiddleware[1]
      Executed endpoint 'gRPC - /UnityILPP.PostProcessing/Ping'
info: Microsoft.AspNetCore.Hosting.Diagnostics[2]
      Request finished HTTP/2 POST http://ilpp/UnityILPP.PostProcessing/Ping - 200 - application/grpc 0.9661ms
Total cache size 40845628
Starting: C:\Unity Editors\6000.5.0f1\Editor\Data\Tools\BuildPipeline\bee_backend.exe --ipc --defer-dag-verification --dagfile="Library/Bee/1900b0aE.dag" --continue-on-failure --profile="Library/Bee/backend1.traceevents" ScriptAssemblies
WorkingDir: C:/Users/Oswel Cardona/OneDrive/Documents/GitHub/scape-from-utp-juego
Total cache size after purge 40845628, took 00:00:00.1497260
Starting: C:\Unity Editors\6000.5.0f1\Editor\Data\netcorerun\netcorerun.exe "C:\Unity Editors\6000.5.0f1\Editor\Data\Tools\BuildPipeline\ScriptCompilationBuildProgram.exe" "Library/Bee/1900b0aE.dag.json" "Library/Bee/1900b0aE-inputdata.json" "Library\Bee\buildprogram0.traceevents"
WorkingDir: C:/Users/Oswel Cardona/OneDrive/Documents/GitHub/scape-from-utp-juego
ExitCode: 4 Duration: 0s70ms
Rebuilding DAG because FileSignature timestamp changed: Library/Bee/1900b0aE-inputdata.json
*** Tundra requires additional run (0.03 seconds), 0 items updated, 114 evaluated
ExitCode: 0 Duration: 0s458ms
Starting: C:\Unity Editors\6000.5.0f1\Editor\Data\Tools\BuildPipeline\bee_backend.exe --ipc --defer-dag-verification --dagfile="Library/Bee/1900b0aE.dag" --continue-on-failure --dagfilejson="Library\Bee\1900b0aE.dag.json" --profile="Library/Bee/backend2.traceevents" ScriptAssemblies
WorkingDir: C:/Users/Oswel Cardona/OneDrive/Documents/GitHub/scape-from-utp-juego
ExitCode: 0 Duration: 0s314ms
Finished compiling graph: 243 nodes, 2160 flattened edges (2046 ToBuild, 20 ToUse), maximum node priority 109
[190/240    0s] WriteText Library/Bee/artifacts/1900b0aE.dag/Assembly-CSharp.rsp
[237/240    0s] Csc Library/Bee/artifacts/1900b0aE.dag/Assembly-CSharp.dll (+2 others)
[238/240    0s] CopyFiles Library/ScriptAssemblies/Assembly-CSharp.dll
[239/240    0s] CopyFiles Library/ScriptAssemblies/Assembly-CSharp.pdb
*** Tundra build success (0.28 seconds), 4 items updated, 240 evaluated
Total cache size 40845628
Total cache size after purge 40845628, took 00:00:00.0470221
Reloading assemblies after forced synchronous recompile.
Begin MonoManager ReloadAssembly
Native extension for WindowsStandalone target not found
[MODES] ModeService[none].Initialize
[MODES] ModeService[none].LoadModes
ScheduleIndexationOnStartup MainProcess:True IndexOnStartup:True
Mono: successfully reloaded assembly
- Finished resetting the current domain, in  2.010 seconds
Domain Reload Profiling: 3945ms
	BeginReloadAssembly (1576ms)
		DisableScriptedObjects (254ms)
		CreateAndSetChildDomain (683ms)
	RebuildCommonClasses (20ms)
	RebuildNativeTypeToScriptingClass (25ms)
	initialDomainReloadingComplete (90ms)
	LoadAllAssembliesAndSetupDomain (221ms)
		LoadAssemblies (408ms)
		AnalyzeDomain (76ms)
			TypeCache.Refresh (38ms)
			BuildScriptInfoCaches (23ms)
	FinalizeReload (2013ms)
		SetupLoadedEditorAssemblies (0ms)
			InitializePlatformSupportModulesInManaged (3ms)
			BeforeProcessingInitializeOnLoad (200ms)
			ProcessInitializeOnLoadAttributes (150ms)
			ProcessInitializeOnLoadMethodAttributes (106ms)
			AfterProcessingInitializeOnLoad (6ms)
		AwakeInstancesAfterBackupRestoration (953ms)
Importing 'GUID: a16a58de9f219c2469fcb05759bbb4df - Path: Assets/PrefabsObstaculos/sierra_0.prefab' with importer (PrefabImporter)
Imported 'GUID: a16a58de9f219c2469fcb05759bbb4df' -> (Import Result ID: '33f7a09daa00ec28c95a6ba3e271d159') in 0.015 seconds [static and dynamic dependencies]. Details - ImportResultOutputID=19cdc5e3746b02e2cece65d25ab7b663 DependenciesID=48e7986cc954e111a4796062392ee3a0 StaticDependenciesID=b8997ddb94ddf398b095bf55a35805a3 
Importing 'GUID: 2749e00524edd9d43a0961654955b704 - Path: Assets/PrefabsObstaculos/puas_0.prefab' with importer (PrefabImporter)
Imported 'GUID: 2749e00524edd9d43a0961654955b704' -> (Import Result ID: '2df9f6c89080717fc4fd422cf001f5fa') in 0.005 seconds [static and dynamic dependencies]. Details - ImportResultOutputID=98778e7fe60991168f08a72d62811ea6 DependenciesID=321d2b5e7ac60ea3806d9872280f9371 StaticDependenciesID=c5fe94eacd39907c316fd5b01227ad79 
Importing 'GUID: b7e3268df6e39e646adb7c9f802267df - Path: Assets/PrefabsObstaculos/HachaGiratoria.prefab' with importer (PrefabImporter)
Imported 'GUID: b7e3268df6e39e646adb7c9f802267df' -> (Import Result ID: 'd2da809dfc95f2fcbdceccc3f4da9f12') in 0.006 seconds [static and dynamic dependencies]. Details - ImportResultOutputID=65d2d18dbffdd02cc1681c32321048d5 DependenciesID=6e1d3a56347ad3aea35236c89e165959 StaticDependenciesID=8da5654465825a9fd3be3b4ca8778ac7 

Asset Pipeline Refresh (id=9392021023f3d9b439645d38345be7f3): Total: 5.051 seconds - Initiated by RefreshV2(ForceSynchronousImport)
	(Values over 0.05ms)
	Summary:
		Imports: total=3 (actual=3, local cache=0, cache server=0)
		Asset DB Process Time: managed=2 ms, native=2153 ms
		Asset DB Callback time: managed=94 ms, native=8 ms
		Scripting: domain reloads=1, domain reload time=2060 ms, compile time=732 ms, other=0 ms
		Project Asset Count: scripts=242, non-scripts=270
		Asset File Changes: new=0, changed=0, moved=0, deleted=0
		Scan Filter Count: 0
	InvokePackagesCallback: 4.295ms
	ApplyChangesToAssetFolders: 0.612ms
	Scan: 17.488ms
	Collect global state as custom dependencies: 0.342ms
	ProcessAssetsWithTransientArtifactChanges: 0.378ms
	CategorizeAssets: 6.968ms
	CompileScripts: 732.209ms
	ImportOutOfDateAssets: 2080.460ms (2015.982ms without children)
		ImportManagerImport: 59.361ms (4.261ms without children)
			UpdateCategorizedAssets: 0.087ms
		CollectScriptTypesHashes: 2.275ms
		ReloadNativeAssets: 0.493ms
		UnloadImportedAssets: 0.927ms
		ReloadImportedAssets: 14.680ms
		EnsureUptoDateAssetsAreRegisteredWithGuidPM: 0.115ms
		ImportSchedulerStart: 3.244ms
	PostProcessAllAssets: 94.934ms
		MonoPostProcessAllAssets: 94.031ms
			BuilderAssetPostprocessor.OnPostprocessAllAssets 20.598ms
			WindowAssetPostprocessingWatcher.OnPostprocessAllAssets 16.947ms
			AssetChangedListener.OnPostprocessAllAssets 10.340ms
			SyncVS.PostprocessSyncProject 7.408ms
			AssetPostprocessor.OnPostprocessAllAssets 5.890ms
			SpriteSlicePostprocessor.OnPostprocessAllAssets 5.621ms
			SpeedTree9Postprocessor.OnPostprocessAllAssets 2.488ms
			SpriteEditorTexturePostprocessor.OnPostprocessAllAssets 1.976ms
			RetainedModeAssetPostprocessor.OnPostprocessAllAssets 1.791ms
			TMPro_TexturePostProcessor.OnPostprocessAllAssets 1.317ms
			ArtifactBrowserPostProcessor.OnPostprocessAllAssets 1.033ms
			TextAssetPostProcessor.OnPostprocessAllAssets 0.839ms
			SpeedTreePostProcessor.OnPostprocessAllAssets 0.454ms
			AudioMixerPostprocessor.OnPostprocessAllAssets 0.409ms
			ReferencedClipsPostProcessor.OnPostprocessAllAssets 0.382ms
			TerrainToolbarOverlayPostProcessor.OnPostprocessAllAssets 0.300ms
			AssetEvents.OnPostprocessAllAssets 0.244ms
			StyleCatalogPostProcessor.OnPostprocessAllAssets 0.237ms
			ConfigAssetsTracker.OnPostprocessAllAssets 0.196ms
			AssetDatabaseCallbacks.OnPostprocessAllAssets 0.163ms
			RenderPipelineGlobalSettingsPostprocessor.OnPostprocessAllAssets 0.150ms
			ScenarioDriftAssetsTracker.OnPostprocessAllAssets 0.140ms
			AudioContainerPostProcessor.OnPostprocessAllAssets 0.083ms
	PostAssetChangesProfiler: 6.258ms
	GatherAllCurrentPrimaryImportResultRevisions: 0.052ms
	PersistCurrentRevisions: 1.458ms
	GenerateScriptTypeHashes: 2.013ms
	GenerateScriptTypeSerializationHashes: 3.790ms
	Untracked: 2093.833ms

[Licensing::Client] Successfully resolved entitlement details
[Worker0] Imported GUID: b7e3268df6e39e646adb7c9f802267df - Path: Assets/PrefabsObstaculos/HachaGiratoria.prefab - Importer: PreviewImporter -> (ImportResultId: 'b3fbcd1687c6b473e24630fa64db1707') in 0.1382682 seconds
Asset Pipeline Refresh (id=fe408e57d9e606949b15f8c7d8814c16): Total: 0.033 seconds - Initiated by RefreshV2(AllowForceSynchronousImport)
[Worker0] Imported GUID: 2749e00524edd9d43a0961654955b704 - Path: Assets/PrefabsObstaculos/puas_0.prefab - Importer: PreviewImporter -> (ImportResultId: 'f4be0cc1cb409d424a17d128d106d3c6') in 0.0935518 seconds
Scanning for USB devices : 45.206ms
Scanning for USB devices : 22.072ms
Scanning for USB devices : 8.014ms
Scanning for USB devices : 4.773ms
[ScriptCompilation] Requested script compilation because: AssetDatabase observed changes in script compilation related files
[Licensing::Client] Successfully resolved entitlement details
info: Microsoft.AspNetCore.Hosting.Diagnostics[1]
      Request starting HTTP/2 POST http://ilpp/UnityILPP.PostProcessing/Ping - application/grpc -
info: Microsoft.AspNetCore.Routing.EndpointMiddleware[0]
      Executing endpoint 'gRPC - /UnityILPP.PostProcessing/Ping'
info: Microsoft.AspNetCore.Routing.EndpointMiddleware[1]
      Executed endpoint 'gRPC - /UnityILPP.PostProcessing/Ping'
info: Microsoft.AspNetCore.Hosting.Diagnostics[2]
      Request finished HTTP/2 POST http://ilpp/UnityILPP.PostProcessing/Ping - 200 - application/grpc 13.2261ms
Starting: C:\Unity Editors\6000.5.0f1\Editor\Data\Tools\BuildPipeline\bee_backend.exe --ipc --defer-dag-verification --dagfile="Library/Bee/1900b0aE.dag" --continue-on-failure --profile="Library/Bee/backend1.traceevents" ScriptAssemblies
WorkingDir: C:/Users/Oswel Cardona/OneDrive/Documents/GitHub/scape-from-utp-juego
Starting: C:\Unity Editors\6000.5.0f1\Editor\Data\netcorerun\netcorerun.exe "C:\Unity Editors\6000.5.0f1\Editor\Data\Tools\BuildPipeline\ScriptCompilationBuildProgram.exe" "Library/Bee/1900b0aE.dag.json" "Library/Bee/1900b0aE-inputdata.json" "Library\Bee\buildprogram0.traceevents"
WorkingDir: C:/Users/Oswel Cardona/OneDrive/Documents/GitHub/scape-from-utp-juego
ExitCode: 4 Duration: 0s228ms
Rebuilding DAG because FileSignature timestamp changed: Library/Bee/1900b0aE-inputdata.json
*** Tundra requires additional run (0.16 seconds), 0 items updated, 240 evaluated
ExitCode: 0 Duration: 0s613ms
Starting: C:\Unity Editors\6000.5.0f1\Editor\Data\Tools\BuildPipeline\bee_backend.exe --ipc --defer-dag-verification --dagfile="Library/Bee/1900b0aE.dag" --continue-on-failure --dagfilejson="Library\Bee\1900b0aE.dag.json" --profile="Library/Bee/backend2.traceevents" ScriptAssemblies
WorkingDir: C:/Users/Oswel Cardona/OneDrive/Documents/GitHub/scape-from-utp-juego
ExitCode: 0 Duration: 0s943ms
Finished compiling graph: 243 nodes, 2160 flattened edges (2046 ToBuild, 20 ToUse), maximum node priority 109
[191/240    0s] WriteText Library/Bee/artifacts/1900b0aE.dag/Assembly-CSharp.rsp
[237/240    0s] Csc Library/Bee/artifacts/1900b0aE.dag/Assembly-CSharp.dll (+2 others)
[238/240    0s] CopyFiles Library/ScriptAssemblies/Assembly-CSharp.pdb
[239/240    0s] CopyFiles Library/ScriptAssemblies/Assembly-CSharp.dll
*** Tundra build success (0.90 seconds), 4 items updated, 240 evaluated
Reloading assemblies after forced synchronous recompile.
Total cache size 40845628
Total cache size after purge 40845628, took 00:00:00.1301988
Begin MonoManager ReloadAssembly
Native extension for WindowsStandalone target not found
[MODES] ModeService[none].Initialize
[MODES] ModeService[none].LoadModes
ScheduleIndexationOnStartup MainProcess:True IndexOnStartup:True
Mono: successfully reloaded assembly
- Finished resetting the current domain, in  2.054 seconds
Domain Reload Profiling: 3814ms
	BeginReloadAssembly (1336ms)
		DisableScriptedObjects (277ms)
		CreateAndSetChildDomain (442ms)
	RebuildCommonClasses (23ms)
	RebuildNativeTypeToScriptingClass (29ms)
	initialDomainReloadingComplete (115ms)
	LoadAllAssembliesAndSetupDomain (255ms)
		LoadAssemblies (389ms)
		AnalyzeDomain (70ms)
			TypeCache.Refresh (26ms)
			BuildScriptInfoCaches (33ms)
			ResolveRequiredComponents (5ms)
	FinalizeReload (2055ms)
		SetupLoadedEditorAssemblies (0ms)
			BeforeProcessingInitializeOnLoad (259ms)
			ProcessInitializeOnLoadAttributes (179ms)
			ProcessInitializeOnLoadMethodAttributes (105ms)
			AfterProcessingInitializeOnLoad (6ms)
		AwakeInstancesAfterBackupRestoration (886ms)

Asset Pipeline Refresh (id=8a0a9bf98691db648870c48ab3c50236): Total: 6.870 seconds - Initiated by RefreshV2(AllowForceSynchronousImport)
	(Values over 0.05ms)
	Summary:
		Imports: total=0 (actual=0, local cache=0, cache server=0)
		Asset DB Process Time: managed=0 ms, native=2426 ms
		Asset DB Callback time: managed=73 ms, native=8 ms
		Scripting: domain reloads=1, domain reload time=1954 ms, compile time=2406 ms, other=0 ms
		Project Asset Count: scripts=242, non-scripts=270
		Asset File Changes: new=1, changed=1, moved=0, deleted=0
		Scan Filter Count: 0
	InvokePackagesCallback: 4.950ms
	ApplyChangesToAssetFolders: 1.642ms
	Scan: 205.521ms
	Collect global state as custom dependencies: 0.443ms
	OnSourceAssetsModified: 11.834ms
	CategorizeScriptCompilationAssets: 0.095ms
	ProcessAssetsWithTransientArtifactChanges: 5.473ms
	CategorizeAssets: 8.899ms
	CompileScripts: 2405.501ms
	ImportOutOfDateAssets: 2069.304ms (2064.000ms without children)
		CollectScriptTypesHashes: 0.420ms
		ReloadNativeAssets: 0.600ms
		UnloadImportedAssets: 0.271ms
		EnsureUptoDateAssetsAreRegisteredWithGuidPM: 0.150ms
		ImportSchedulerStart: 4.255ms
	PostProcessAllAssets: 62.728ms
		PostProcessCallbackCreateDeferredMaterials 0.465ms
		VersionControlSettings.HiddenFilePostprocess 0.250ms
		ComputeShaderImportPostprocess 0.164ms
		MonoPostProcessAllAssets: 58.970ms
			BuilderAssetPostprocessor.OnPostprocessAllAssets 11.900ms
			WindowAssetPostprocessingWatcher.OnPostprocessAllAssets 8.983ms
			AssetChangedListener.OnPostprocessAllAssets 8.080ms
			AssetPostprocessor.OnPostprocessAllAssets 4.409ms
			SyncVS.PostprocessSyncProject 4.188ms
			SpriteSlicePostprocessor.OnPostprocessAllAssets 4.180ms
			SpeedTree9Postprocessor.OnPostprocessAllAssets 1.444ms
			RetainedModeAssetPostprocessor.OnPostprocessAllAssets 1.418ms
			SpriteEditorTexturePostprocessor.OnPostprocessAllAssets 0.880ms
			TMPro_TexturePostProcessor.OnPostprocessAllAssets 0.790ms
			ArtifactBrowserPostProcessor.OnPostprocessAllAssets 0.627ms
			TextAssetPostProcessor.OnPostprocessAllAssets 0.374ms
			ReferencedClipsPostProcessor.OnPostprocessAllAssets 0.374ms
			AudioMixerPostprocessor.OnPostprocessAllAssets 0.336ms
			AssetEvents.OnPostprocessAllAssets 0.257ms
			SpeedTreePostProcessor.OnPostprocessAllAssets 0.246ms
			StyleCatalogPostProcessor.OnPostprocessAllAssets 0.216ms
			TerrainToolbarOverlayPostProcessor.OnPostprocessAllAssets 0.207ms
			AssetDatabaseCallbacks.OnPostprocessAllAssets 0.159ms
			ConfigAssetsTracker.OnPostprocessAllAssets 0.133ms
			ScenarioDriftAssetsTracker.OnPostprocessAllAssets 0.131ms
			RenderPipelineGlobalSettingsPostprocessor.OnPostprocessAllAssets 0.109ms
			AudioContainerPostProcessor.OnPostprocessAllAssets 0.084ms
	PostAssetChangesProfiler: 6.853ms
	GatherAllCurrentPrimaryImportResultRevisions: 2.003ms
	GenerateScriptTypeHashes: 1.413ms
	GenerateScriptTypeSerializationHashes: 2.998ms
	Untracked: 2078.017ms

[Licensing::Client] Successfully resolved entitlement details
[Worker0] Imported GUID: 6967c4aef5b01b64794d0716efa1d81c - Path: Assets/Scripts/ObstaculoDanino.cs - Importer: PreviewImporter -> (ImportResultId: '5bc092715ac2f329d18cc99b01a9f577') in 0.0124142 seconds
Error while saving Prefab: 'Assets/PrefabsObstaculos/HachaGiratoria.prefab'. You are trying to save a Prefab with a missing script. This is not allowed.
Please change the script or remove it from the GameObject 'HachaGiratoria'.
UnityEngine.Debug:ExtractStackTraceNoAlloc (byte*,int,string)
UnityEngine.StackTraceUtility:ExtractStackTrace ()
UnityEditor.DragAndDrop:DefaultProjectBrowserDropHandlerImpl (UnityEngine.EntityId,string,bool)
System.Reflection.RuntimeMethodInfo:Invoke (object,System.Reflection.BindingFlags,System.Reflection.Binder,object[],System.Globalization.CultureInfo)
System.Reflection.MethodBase:Invoke (object,object[])
System.Delegate:DynamicInvokeImpl (object[])
System.MulticastDelegate:DynamicInvokeImpl (object[])
System.Delegate:DynamicInvoke (object[])
UnityEditor.DragAndDrop:Drop (int,object[])
UnityEditor.DragAndDrop:DropOnProjectBrowserWindow (UnityEngine.EntityId,string,bool)
UnityEditor.AssetsTreeViewDragging:DoDrag (UnityEditor.IMGUI.Controls.TreeViewItem`1<UnityEngine.EntityId>,UnityEditor.IMGUI.Controls.TreeViewItem`1<UnityEngine.EntityId>,bool,UnityEditor.IMGUI.Controls.TreeViewDragging`1/DropPosition<UnityEngine.EntityId>)
UnityEditor.IMGUI.Controls.TreeViewDragging`1<UnityEngine.EntityId>:DragElementInternal (UnityEditor.IMGUI.Controls.TreeViewItem`1<UnityEngine.EntityId>,UnityEngine.Rect,int)
UnityEditor.IMGUI.Controls.TreeViewDragging`1<UnityEngine.EntityId>:DragElement (UnityEditor.IMGUI.Controls.TreeViewItem`1<UnityEngine.EntityId>,UnityEngine.Rect,int)
UnityEditor.IMGUI.Controls.TreeViewController`1<UnityEngine.EntityId>:HandleUnusedMouseEventsForItem (UnityEngine.Rect,UnityEditor.IMGUI.Controls.TreeViewItem`1<UnityEngine.EntityId>,int)
UnityEditor.IMGUI.Controls.TreeViewController`1<UnityEngine.EntityId>:DoItemGUI (UnityEditor.IMGUI.Controls.TreeViewItem`1<UnityEngine.EntityId>,int,single,bool)
UnityEditor.IMGUI.Controls.TreeViewController`1<UnityEngine.EntityId>:IterateVisibleItems (int,int,single,bool)
UnityEditor.IMGUI.Controls.TreeViewController`1<UnityEngine.EntityId>:OnGUI (UnityEngine.Rect,int)
UnityEditor.ProjectBrowser:OnGUI ()
UnityEditor.HostView:InvokeOnGUI (UnityEngine.Rect)
UnityEditor.DockArea:DrawView (UnityEngine.Rect)
UnityEditor.DockArea:OldOnGUI ()
UnityEngine.UIElements.IMGUIContainer:DoOnGUI (UnityEngine.Event,UnityEngine.Matrix4x4,UnityEngine.Rect,bool,UnityEngine.Rect,System.Action,bool)
UnityEngine.UIElements.IMGUIContainer:HandleIMGUIEvent (UnityEngine.Event,UnityEngine.Matrix4x4,UnityEngine.Rect,System.Action,bool)
UnityEngine.UIElements.IMGUIContainer:HandleIMGUIEvent (UnityEngine.Event,System.Action,bool)
UnityEngine.UIElements.IMGUIContainer:HandleIMGUIEvent (UnityEngine.Event,bool)
UnityEngine.UIElements.IMGUIContainer:SendEventToIMGUIRaw (UnityEngine.UIElements.EventBase,bool,bool)
UnityEngine.UIElements.IMGUIContainer:SendEventToIMGUI (UnityEngine.UIElements.EventBase,bool,bool)
UnityEngine.UIElements.IMGUIContainer:HandleEventBubbleUp (UnityEngine.UIElements.EventBase)
UnityEngine.UIElements.EventDispatchUtilities:HandleEventAcrossPropagationPath (UnityEngine.UIElements.EventBase,UnityEngine.UIElements.BaseVisualElementPanel,UnityEngine.UIElements.VisualElement,bool)
UnityEngine.UIElements.EventDispatchUtilities:DispatchToElementUnderPointerOrPanelRoot (UnityEngine.UIElements.EventBase,UnityEngine.UIElements.BaseVisualElementPanel,int,UnityEngine.Vector2)
UnityEngine.UIElements.EventDispatchUtilities:DispatchToCapturingElementOrElementUnderPointer (UnityEngine.UIElements.EventBase,UnityEngine.UIElements.BaseVisualElementPanel,int,UnityEngine.Vector2)
UnityEngine.UIElements.MouseEventBase`1<UnityEngine.UIElements.DragPerformEvent>:Dispatch (UnityEngine.UIElements.BaseVisualElementPanel)
UnityEngine.UIElements.EventDispatcher:ProcessEvent (UnityEngine.UIElements.EventBase,UnityEngine.UIElements.BaseVisualElementPanel)
UnityEngine.UIElements.EventDispatcher:Dispatch (UnityEngine.UIElements.EventBase,UnityEngine.UIElements.BaseVisualElementPanel,UnityEngine.UIElements.DispatchMode)
UnityEngine.UIElements.BaseVisualElementPanel:SendEvent (UnityEngine.UIElements.EventBase,UnityEngine.UIElements.DispatchMode)
UnityEditor.UIElements.EditorEventDispatchUtility:DoDispatch (UnityEngine.UIElements.BaseVisualElementPanel,UnityEngine.Event)
UnityEditor.UIElements.DefaultWindowBackend:ProcessEvent (UnityEngine.Event)
UnityEditor.GUIView:ProcessEvent (UnityEngine.EntityId,intptr,bool&)

[C:\build\output\unity\unity\Editor\Src\Prefabs\PrefabCreation.cpp line 364]

Error while saving Prefab: 'Assets/PrefabsObstaculos/HachaGiratoria.prefab'. You are trying to save a Prefab with a missing script. This is not allowed.
Please change the script or remove it from the GameObject 'HachaGiratoria'.
Asset Pipeline Refresh (id=45b89929f0c5b4c45bd1342b15632a90): Total: 0.004 seconds - Initiated by StopAssetImportingV2(NoUpdateAssetOptions)
Error while saving Prefab: 'Assets/PrefabsObstaculos/HachaGiratoria.prefab'. You are trying to save a Prefab with a missing script. This is not allowed.
Please change the script or remove it from the GameObject 'HachaGiratoria'.
UnityEngine.Debug:ExtractStackTraceNoAlloc (byte*,int,string)
UnityEngine.StackTraceUtility:ExtractStackTrace ()
UnityEditor.PrefabUtility:SavePrefabAsset_Internal (UnityEngine.GameObject,bool&)
UnityEditor.PrefabUtility:SavePrefabAsset (UnityEngine.GameObject,bool&)
UnityEditor.PrefabImporterEditor:SaveDirtyPrefabAssets (bool)
UnityEditor.PrefabImporterEditor:OnDestroy ()

[C:\build\output\unity\unity\Editor\Src\Prefabs\PrefabCreation.cpp line 364]

Asset Pipeline Refresh (id=af041f9d41e93ce4590787af53fa1949): Total: 0.002 seconds - Initiated by StopAssetImportingV2(NoUpdateAssetOptions)
Error while saving Prefab: 'Assets/PrefabsObstaculos/HachaGiratoria.prefab'. You are trying to save a Prefab with a missing script. This is not allowed.
Please change the script or remove it from the GameObject 'HachaGiratoria'.
UnityEngine.Debug:ExtractStackTraceNoAlloc (byte*,int,string)
UnityEngine.StackTraceUtility:ExtractStackTrace ()
UnityEditor.PrefabUtility:SavePrefabAsset_Internal (UnityEngine.GameObject,bool&)
UnityEditor.PrefabUtility:SavePrefabAsset (UnityEngine.GameObject,bool&)
UnityEditor.PrefabImporterEditor:SaveDirtyPrefabAssets (bool)
UnityEditor.PrefabImporterEditor:ObjectChangeEventPublished (UnityEditor.ObjectChangeEventStream&)
UnityEditor.ObjectChangeEvents:InvokeChangeEvent (intptr,int,intptr,int)

[C:\build\output\unity\unity\Editor\Src\Prefabs\PrefabCreation.cpp line 364]

Asset Pipeline Refresh (id=bff4f46bcbc492e468bdfc1f2ed03a10): Total: 0.001 seconds - Initiated by StopAssetImportingV2(NoUpdateAssetOptions)
Error while saving Prefab: 'Assets/PrefabsObstaculos/HachaGiratoria.prefab'. You are trying to save a Prefab with a missing script. This is not allowed.
Please change the script or remove it from the GameObject 'HachaGiratoria'.
UnityEngine.Debug:ExtractStackTraceNoAlloc (byte*,int,string)
UnityEngine.StackTraceUtility:ExtractStackTrace ()
UnityEditor.PrefabUtility:SavePrefabAsset_Internal (UnityEngine.GameObject,bool&)
UnityEditor.PrefabUtility:SavePrefabAsset (UnityEngine.GameObject,bool&)
UnityEditor.PrefabImporterEditor:SaveDirtyPrefabAssets (bool)
UnityEditor.PrefabImporterEditor:OnDestroy ()

[C:\build\output\unity\unity\Editor\Src\Prefabs\PrefabCreation.cpp line 364]

Asset Pipeline Refresh (id=7d61959014576784b9dbd33809393d33): Total: 0.002 seconds - Initiated by StopAssetImportingV2(NoUpdateAssetOptions)
[Worker0] Imported GUID: a16a58de9f219c2469fcb05759bbb4df - Path: Assets/PrefabsObstaculos/sierra_0.prefab - Importer: PreviewImporter -> (ImportResultId: '581c95f33efb086f0cdc1283722d7746') in 0.1612892 seconds
Error while saving Prefab: 'Assets/PrefabsObstaculos/HachaGiratoria.prefab'. You are trying to save a Prefab with a missing script. This is not allowed.
Please change the script or remove it from the GameObject 'HachaGiratoria'.
UnityEngine.Debug:ExtractStackTraceNoAlloc (byte*,int,string)
UnityEngine.StackTraceUtility:ExtractStackTrace ()
UnityEditor.EditorApplication:ExecuteMenuItemInternal (string,bool)
UnityEditor.EditorApplication:ExecuteMenuItem (string)
UnityEditor.ShortcutManagement.MenuItemEntryDiscoveryInfo:<.ctor>b__7_0 (UnityEditor.ShortcutManagement.ShortcutArguments)
UnityEditor.ShortcutManagement.Trigger:ExecuteShortcut (UnityEditor.ShortcutManagement.ShortcutEntry,UnityEditor.ShortcutManagement.ShortcutStage,object,bool)
UnityEditor.ShortcutManagement.Trigger:HandleKeyEvent (UnityEngine.Event,UnityEditor.ShortcutManagement.IContextManager)
UnityEditor.ShortcutManagement.ShortcutController:HandleKeyEvent (UnityEngine.Event)
UnityEditor.ShortcutManagement.ShortcutIntegration:EventHandler ()
UnityEditor.EditorApplication:Internal_CallGlobalEventHandler ()

[C:\build\output\unity\unity\Editor\Src\Prefabs\PrefabCreation.cpp line 364]

Importing 'GUID: b7e3268df6e39e646adb7c9f802267df - Path: Assets/PrefabsObstaculos/HachaGiratoria.prefab' with importer (PrefabImporter)
Imported 'GUID: b7e3268df6e39e646adb7c9f802267df' -> (Import Result ID: 'd2da809dfc95f2fcbdceccc3f4da9f12') in 0.016 seconds [static and dynamic dependencies]. Details - ImportResultOutputID=65d2d18dbffdd02cc1681c32321048d5 DependenciesID=6e1d3a56347ad3aea35236c89e165959 StaticDependenciesID=8da5654465825a9fd3be3b4ca8778ac7 
Asset Pipeline Refresh (id=341b4c9cc57f3c049941938cc4882676): Total: 0.077 seconds - Initiated by StopAssetImportingV2(NoUpdateAssetOptions)
Importing 'GUID: 6d80ddc6e593cd64db0ab2136b82fe05 - Path: Assets/Nivel 1.unity' with importer (DefaultImporter)
Imported 'GUID: 6d80ddc6e593cd64db0ab2136b82fe05' -> (Import Result ID: '3a46050559cb41f403c2adfd30421302') in 0.002 seconds [static dependencies only]. Details - ImportResultOutputID=3e8ff5ebde786a207796b54c223af9fb DependenciesID=4049f4e7e5736b01cadd752bd9d1d382 StaticDependenciesID=3d711818c708c8910910f82e2702f8ce 
Asset Pipeline Refresh (id=5413d3057886dff499b8542261eb3dc3): Total: 0.043 seconds - Initiated by StopAssetImportingV2(NoUpdateAssetOptions)
Error while saving Prefab: 'Assets/PrefabsObstaculos/HachaGiratoria.prefab'. You are trying to save a Prefab with a missing script. This is not allowed.
Please change the script or remove it from the GameObject 'HachaGiratoria'.
UnityEngine.Debug:ExtractStackTraceNoAlloc (byte*,int,string)
UnityEngine.StackTraceUtility:ExtractStackTrace ()
UnityEditor.DragAndDrop:DefaultProjectBrowserDropHandlerImpl (UnityEngine.EntityId,string,bool)
System.Reflection.RuntimeMethodInfo:Invoke (object,System.Reflection.BindingFlags,System.Reflection.Binder,object[],System.Globalization.CultureInfo)
System.Reflection.MethodBase:Invoke (object,object[])
System.Delegate:DynamicInvokeImpl (object[])
System.MulticastDelegate:DynamicInvokeImpl (object[])
System.Delegate:DynamicInvoke (object[])
UnityEditor.DragAndDrop:Drop (int,object[])
UnityEditor.DragAndDrop:DropOnProjectBrowserWindow (UnityEngine.EntityId,string,bool)
UnityEditor.AssetsTreeViewDragging:DoDrag (UnityEditor.IMGUI.Controls.TreeViewItem`1<UnityEngine.EntityId>,UnityEditor.IMGUI.Controls.TreeViewItem`1<UnityEngine.EntityId>,bool,UnityEditor.IMGUI.Controls.TreeViewDragging`1/DropPosition<UnityEngine.EntityId>)
UnityEditor.IMGUI.Controls.TreeViewDragging`1<UnityEngine.EntityId>:DragElementInternal (UnityEditor.IMGUI.Controls.TreeViewItem`1<UnityEngine.EntityId>,UnityEngine.Rect,int)
UnityEditor.IMGUI.Controls.TreeViewDragging`1<UnityEngine.EntityId>:DragElement (UnityEditor.IMGUI.Controls.TreeViewItem`1<UnityEngine.EntityId>,UnityEngine.Rect,int)
UnityEditor.IMGUI.Controls.TreeViewController`1<UnityEngine.EntityId>:HandleUnusedMouseEventsForItem (UnityEngine.Rect,UnityEditor.IMGUI.Controls.TreeViewItem`1<UnityEngine.EntityId>,int)
UnityEditor.IMGUI.Controls.TreeViewController`1<UnityEngine.EntityId>:DoItemGUI (UnityEditor.IMGUI.Controls.TreeViewItem`1<UnityEngine.EntityId>,int,single,bool)
UnityEditor.IMGUI.Controls.TreeViewController`1<UnityEngine.EntityId>:IterateVisibleItems (int,int,single,bool)
UnityEditor.IMGUI.Controls.TreeViewController`1<UnityEngine.EntityId>:OnGUI (UnityEngine.Rect,int)
UnityEditor.ProjectBrowser:OnGUI ()
UnityEditor.HostView:InvokeOnGUI (UnityEngine.Rect)
UnityEditor.DockArea:DrawView (UnityEngine.Rect)
UnityEditor.DockArea:OldOnGUI ()
UnityEngine.UIElements.IMGUIContainer:DoOnGUI (UnityEngine.Event,UnityEngine.Matrix4x4,UnityEngine.Rect,bool,UnityEngine.Rect,System.Action,bool)
UnityEngine.UIElements.IMGUIContainer:HandleIMGUIEvent (UnityEngine.Event,UnityEngine.Matrix4x4,UnityEngine.Rect,System.Action,bool)
UnityEngine.UIElements.IMGUIContainer:HandleIMGUIEvent (UnityEngine.Event,System.Action,bool)
UnityEngine.UIElements.IMGUIContainer:HandleIMGUIEvent (UnityEngine.Event,bool)
UnityEngine.UIElements.IMGUIContainer:SendEventToIMGUIRaw (UnityEngine.UIElements.EventBase,bool,bool)
UnityEngine.UIElements.IMGUIContainer:SendEventToIMGUI (UnityEngine.UIElements.EventBase,bool,bool)
UnityEngine.UIElements.IMGUIContainer:HandleEventBubbleUp (UnityEngine.UIElements.EventBase)
UnityEngine.UIElements.EventDispatchUtilities:HandleEventAcrossPropagationPath (UnityEngine.UIElements.EventBase,UnityEngine.UIElements.BaseVisualElementPanel,UnityEngine.UIElements.VisualElement,bool)
UnityEngine.UIElements.EventDispatchUtilities:DispatchToElementUnderPointerOrPanelRoot (UnityEngine.UIElements.EventBase,UnityEngine.UIElements.BaseVisualElementPanel,int,UnityEngine.Vector2)
UnityEngine.UIElements.EventDispatchUtilities:DispatchToCapturingElementOrElementUnderPointer (UnityEngine.UIElements.EventBase,UnityEngine.UIElements.BaseVisualElementPanel,int,UnityEngine.Vector2)
UnityEngine.UIElements.MouseEventBase`1<UnityEngine.UIElements.DragPerformEvent>:Dispatch (UnityEngine.UIElements.BaseVisualElementPanel)
UnityEngine.UIElements.EventDispatcher:ProcessEvent (UnityEngine.UIElements.EventBase,UnityEngine.UIElements.BaseVisualElementPanel)
UnityEngine.UIElements.EventDispatcher:Dispatch (UnityEngine.UIElements.EventBase,UnityEngine.UIElements.BaseVisualElementPanel,UnityEngine.UIElements.DispatchMode)
UnityEngine.UIElements.BaseVisualElementPanel:SendEvent (UnityEngine.UIElements.EventBase,UnityEngine.UIElements.DispatchMode)
UnityEditor.UIElements.EditorEventDispatchUtility:DoDispatch (UnityEngine.UIElements.BaseVisualElementPanel,UnityEngine.Event)
UnityEditor.UIElements.DefaultWindowBackend:ProcessEvent (UnityEngine.Event)
UnityEditor.GUIView:ProcessEvent (UnityEngine.EntityId,intptr,bool&)

[C:\build\output\unity\unity\Editor\Src\Prefabs\PrefabCreation.cpp line 364]

Loaded scene 'Library/Unused/cb1b88ad7ab68f543bfd28d12470a3d8'
	Deserialize:            0.732 ms
	Integration:            1.691 ms
	Integration of assets:  0.286 ms
	Thread Wait Time:       0.038 ms
	Total Operation Time:   2.746 ms
Unloading 1 Unused Serialized files (Serialized files now loaded: 0)
Unloading 38 unused Assets / (28.2 KB). Loaded Objects now: 2776.
Memory consumption went from 450.6 MB to 450.6 MB.
Total: 23.313300 ms (FindLiveObjects: 0.306900 ms CreateObjectMapping: 0.113700 ms MarkObjects: 21.431800 ms  DeleteObjects: 1.456500 ms)

Asset Pipeline Refresh (id=0708b02bb8e5b824e921a1e2173b277b): Total: 0.048 seconds - Initiated by StopAssetImportingV2(NoUpdateAssetOptions)
Importing 'GUID: b7e3268df6e39e646adb7c9f802267df - Path: Assets/PrefabsObstaculos/HachaGiratoria.prefab' with importer (PrefabImporter)
Imported 'GUID: b7e3268df6e39e646adb7c9f802267df' -> (Import Result ID: '125e416e62c31936c55ab663307238a1') in 0.005 seconds [static and dynamic dependencies]. Details - ImportResultOutputID=12a9248b9a993bffadb350a99ab0fec8 DependenciesID=821eaab22a7683711c9264562eb83d9f StaticDependenciesID=345c58a4d51a015dc0bac81d85384a5e 
Asset Pipeline Refresh (id=5b11d98a04b82a34c844380a174010c6): Total: 0.049 seconds - Initiated by StopAssetImportingV2(NoUpdateAssetOptions)
Unloading 0 Unused Serialized files (Serialized files now loaded: 0)
Unloading 23 unused Assets / (47.6 KB). Loaded Objects now: 2756.
Memory consumption went from 449.8 MB to 449.7 MB.
Total: 18.631600 ms (FindLiveObjects: 0.751000 ms CreateObjectMapping: 0.153300 ms MarkObjects: 17.399400 ms  DeleteObjects: 0.324800 ms)

[Worker0] Imported GUID: b7e3268df6e39e646adb7c9f802267df - Path: Assets/PrefabsObstaculos/HachaGiratoria.prefab - Importer: PreviewImporter -> (ImportResultId: '92aa7792ebaa5292fbf50e3c0d396641') in 0.0238304 seconds
Importing 'GUID: b7e3268df6e39e646adb7c9f802267df - Path: Assets/PrefabsObstaculos/HachaGiratoria.prefab' with importer (PrefabImporter)
Imported 'GUID: b7e3268df6e39e646adb7c9f802267df' -> (Import Result ID: '485f748705d3da5f057d41ffeba4ec66') in 0.005 seconds [static and dynamic dependencies]. Details - ImportResultOutputID=9dd1a47aba332b571922efbd64ae51c3 DependenciesID=be3d723322a6842fbecdf88e93430f4f StaticDependenciesID=82a7ea8eaa30d9bfb3b4ee2a407b0071 
Asset Pipeline Refresh (id=ce4396b27317db44aaed44411e068c63): Total: 0.052 seconds - Initiated by StopAssetImportingV2(NoUpdateAssetOptions)
Loaded scene 'Library/Unused/1d34d00016e27d44a81d48fa686f4356'
	Deserialize:            0.326 ms
	Integration:            0.120 ms
	Integration of assets:  0.001 ms
	Thread Wait Time:       0.038 ms
	Total Operation Time:   0.484 ms
Unloading 4 Unused Serialized files (Serialized files now loaded: 0)
Unloading 16 unused Assets / (10.3 KB). Loaded Objects now: 2788.
Memory consumption went from 448.4 MB to 448.4 MB.
Total: 15.003100 ms (FindLiveObjects: 0.440100 ms CreateObjectMapping: 0.255800 ms MarkObjects: 14.182100 ms  DeleteObjects: 0.122100 ms)

Asset Pipeline Refresh (id=5c0a6a0fd7273d44eb519cdf6690d5fb): Total: 0.041 seconds - Initiated by StopAssetImportingV2(NoUpdateAssetOptions)
Importing 'GUID: 2749e00524edd9d43a0961654955b704 - Path: Assets/PrefabsObstaculos/puas_0.prefab' with importer (PrefabImporter)
Imported 'GUID: 2749e00524edd9d43a0961654955b704' -> (Import Result ID: '669e5ee6fcf8b601c1874fe76d5e7943') in 0.004 seconds [static and dynamic dependencies]. Details - ImportResultOutputID=37292e55efe3877905beb78a7cd0b093 DependenciesID=a936d26f1a811f49d79041157ac67628 StaticDependenciesID=b520fa4d1af9302d8ab24f03cca88ce0 
Asset Pipeline Refresh (id=d1ae434cb052c05429c34e13f6a4c026): Total: 0.041 seconds - Initiated by StopAssetImportingV2(NoUpdateAssetOptions)
Loaded scene 'Library/Unused/54045fcd7284f4742b92ab3a951dff8c'
	Deserialize:            0.771 ms
	Integration:            0.163 ms
	Integration of assets:  0.002 ms
	Thread Wait Time:       0.013 ms
	Total Operation Time:   0.949 ms
Unloading 2 Unused Serialized files (Serialized files now loaded: 0)
Unloading 32 unused Assets / (39.5 KB). Loaded Objects now: 2768.
Memory consumption went from 452.0 MB to 451.9 MB.
Total: 17.199900 ms (FindLiveObjects: 0.309800 ms CreateObjectMapping: 0.175900 ms MarkObjects: 16.529100 ms  DeleteObjects: 0.183600 ms)

Asset Pipeline Refresh (id=3cf3596871c34444ebd5bfb3eb887ce8): Total: 0.046 seconds - Initiated by StopAssetImportingV2(NoUpdateAssetOptions)
Importing 'GUID: a16a58de9f219c2469fcb05759bbb4df - Path: Assets/PrefabsObstaculos/sierra_0.prefab' with importer (PrefabImporter)
Imported 'GUID: a16a58de9f219c2469fcb05759bbb4df' -> (Import Result ID: 'b3322e1df1bd11c4355560cfcbf81cea') in 0.005 seconds [static and dynamic dependencies]. Details - ImportResultOutputID=a38195326ba656064e43e62011231b29 DependenciesID=fdf1dd74d1e5cf0f929e02a13b81550b StaticDependenciesID=5c27a2b2e54690e627a8df4ee60d3d22 
Asset Pipeline Refresh (id=1c9166e106ab9fa4eb72f150068ff1e5): Total: 0.059 seconds - Initiated by StopAssetImportingV2(NoUpdateAssetOptions)
Unloading 0 Unused Serialized files (Serialized files now loaded: 0)
Unloading 24 unused Assets / (23.7 KB). Loaded Objects now: 2774.
Memory consumption went from 448.8 MB to 448.8 MB.
Total: 17.122900 ms (FindLiveObjects: 0.286900 ms CreateObjectMapping: 0.325300 ms MarkObjects: 16.335900 ms  DeleteObjects: 0.172300 ms)

Importing 'GUID: 4aae5b6916695f043a5d1e091eb793fb - Path: Assets/PrefabsObstaculos/Tronco_0.prefab' with importer (PrefabImporter)
Imported 'GUID: 4aae5b6916695f043a5d1e091eb793fb' -> (Import Result ID: 'e618e66aa8fc7f9a41872ef986c5264c') in 0.005 seconds [static and dynamic dependencies]. Details - ImportResultOutputID=11a2a3946eaabf4b93081843f34e587b DependenciesID=68d7bfe71215a9ec3d83d73955efa657 StaticDependenciesID=dd86e66071071fdf08af9b9065cd95b6 
Asset Pipeline Refresh (id=f7829d7d76e1f4440b10a1d7076c1928): Total: 0.071 seconds - Initiated by StopAssetImportingV2(NoUpdateAssetOptions)
[Worker0] Imported GUID: 4aae5b6916695f043a5d1e091eb793fb - Path: Assets/PrefabsObstaculos/Tronco_0.prefab - Importer: PreviewImporter -> (ImportResultId: '3c1a8df7a4cef3cdcbbf14d51cd8c5b2') in 0.0284297 seconds
Importing 'GUID: cf64f34d3fcb83840b260dbe95bcc1f5 - Path: Assets/PrefabsObstaculos/troncopuas_0.prefab' with importer (PrefabImporter)
Imported 'GUID: cf64f34d3fcb83840b260dbe95bcc1f5' -> (Import Result ID: '3ca64fdf5d9a20cbf689d44481edd455') in 0.005 seconds [static and dynamic dependencies]. Details - ImportResultOutputID=bd5b4791706c5efd9f1deb8c1605227f DependenciesID=51dd714bf2dc18b92db34cb4a8e9c52e StaticDependenciesID=8345ac7b936cdb69e7ac5305959e02b0 
Asset Pipeline Refresh (id=b9c9a9bc947d2cb42b190066c01f1f9b): Total: 0.051 seconds - Initiated by StopAssetImportingV2(NoUpdateAssetOptions)
[Worker0] Imported GUID: cf64f34d3fcb83840b260dbe95bcc1f5 - Path: Assets/PrefabsObstaculos/troncopuas_0.prefab - Importer: PreviewImporter -> (ImportResultId: '6e4bf4b4a21b4a53ca20db6ac8887b33') in 0.0245075 seconds
[Worker0] Imported GUID: b7e3268df6e39e646adb7c9f802267df - Path: Assets/PrefabsObstaculos/HachaGiratoria.prefab - Importer: PreviewImporter -> (ImportResultId: 'b1caa1d48690285183eec2ec4693b624') in 0.012483 seconds
[Worker0] Imported GUID: 2749e00524edd9d43a0961654955b704 - Path: Assets/PrefabsObstaculos/puas_0.prefab - Importer: PreviewImporter -> (ImportResultId: '1fe7d4c651d3a5a920db1b5808e73d4f') in 0.0184477 seconds
Scanning for USB devices : 14.132ms
Importing 'GUID: 2749e00524edd9d43a0961654955b704 - Path: Assets/PrefabsObstaculos/puas_0.prefab' with importer (PrefabImporter)
Imported 'GUID: 2749e00524edd9d43a0961654955b704' -> (Import Result ID: '3ee13537298ff5ed9aaf8b279ddeaf8c') in 0.007 seconds [static and dynamic dependencies]. Details - ImportResultOutputID=ee89fbcb8c47e1d5641916cc850d586b DependenciesID=54f862879ea23876ceb4b80f489e573b StaticDependenciesID=4606e1b1f2dd5e6c501be5d3080a92cd 
Asset Pipeline Refresh (id=11b54a81d221a9a40868b8297539aef6): Total: 0.061 seconds - Initiated by StopAssetImportingV2(NoUpdateAssetOptions)
[Worker0] Imported GUID: a16a58de9f219c2469fcb05759bbb4df - Path: Assets/PrefabsObstaculos/sierra_0.prefab - Importer: PreviewImporter -> (ImportResultId: '2c7f93972e2f9eb823f32cb37d4c86cc') in 0.0160286 seconds
Importing 'GUID: a16a58de9f219c2469fcb05759bbb4df - Path: Assets/PrefabsObstaculos/sierra_0.prefab' with importer (PrefabImporter)
Imported 'GUID: a16a58de9f219c2469fcb05759bbb4df' -> (Import Result ID: '0cb1d7fda8cf8b8fcc8f19462d09bf86') in 0.005 seconds [static and dynamic dependencies]. Details - ImportResultOutputID=8f703e89295a26f5b0873d88518f1ce7 DependenciesID=0198413e7fc2fa1e14e03593e639f5fe StaticDependenciesID=a876dd8334843727d78045f80da0418b 
Asset Pipeline Refresh (id=e8d28c3c581f86c4db0a25468b19d24e): Total: 0.041 seconds - Initiated by StopAssetImportingV2(NoUpdateAssetOptions)
[Worker0] Imported GUID: a16a58de9f219c2469fcb05759bbb4df - Path: Assets/PrefabsObstaculos/sierra_0.prefab - Importer: PreviewImporter -> (ImportResultId: '97d97ff720378994ca0fb0f5867b5600') in 0.0123146 seconds
Importing 'GUID: 4aae5b6916695f043a5d1e091eb793fb - Path: Assets/PrefabsObstaculos/Tronco_0.prefab' with importer (PrefabImporter)
Imported 'GUID: 4aae5b6916695f043a5d1e091eb793fb' -> (Import Result ID: '20f7cfe317c97a2e2cee0a81d12dbc41') in 0.004 seconds [static and dynamic dependencies]. Details - ImportResultOutputID=9e38d8eb7393f46f4299f0ebc3b4630e DependenciesID=2ce11ea7c7081c9681667b538d444b67 StaticDependenciesID=35e360bcc1dd14a0aff472cfef948b2e 
Asset Pipeline Refresh (id=68e03fed5686d864b944b8611feeadef): Total: 0.040 seconds - Initiated by StopAssetImportingV2(NoUpdateAssetOptions)
Asset Pipeline Refresh (id=5003420928e602d4fa6d495e9156a21d): Total: 0.059 seconds - Initiated by RefreshV2(AllowForceSynchronousImport)
Reloading assemblies for play mode.
Reloading assemblies after forced synchronous recompile.
Begin MonoManager ReloadAssembly
[Licensing::Client] Successfully resolved entitlement details
Native extension for WindowsStandalone target not found
ScheduleIndexationOnStartup MainProcess:True IndexOnStartup:True
[MODES] ModeService[none].Initialize
[MODES] ModeService[none].LoadModes
Mono: successfully reloaded assembly
- Finished resetting the current domain, in  1.539 seconds
Domain Reload Profiling: 2661ms
	BeginReloadAssembly (856ms)
		DisableScriptedObjects (183ms)
		CreateAndSetChildDomain (255ms)
	RebuildCommonClasses (17ms)
	RebuildNativeTypeToScriptingClass (19ms)
	initialDomainReloadingComplete (83ms)
	LoadAllAssembliesAndSetupDomain (145ms)
		LoadAssemblies (269ms)
		AnalyzeDomain (20ms)
			TypeCache.Refresh (10ms)
	FinalizeReload (1540ms)
		SetupLoadedEditorAssemblies (0ms)
			InitializePlatformSupportModulesInManaged (3ms)
			BeforeProcessingInitializeOnLoad (116ms)
			ProcessInitializeOnLoadAttributes (103ms)
			ProcessInitializeOnLoadMethodAttributes (90ms)
			AfterProcessingInitializeOnLoad (7ms)
		AwakeInstancesAfterBackupRestoration (753ms)

Asset Pipeline Refresh (id=05351e957b122f14eb1d851ee55e9dd6): Total: 2.960 seconds - Initiated by StopAssetImportingV2(ForceSynchronousImport | ForceDomainReload)
	(Values over 0.05ms)
	Summary:
		Imports: total=0 (actual=0, local cache=0, cache server=0)
		Asset DB Process Time: managed=0 ms, native=1598 ms
		Asset DB Callback time: managed=23 ms, native=0 ms
		Scripting: domain reloads=1, domain reload time=1335 ms, compile time=3 ms, other=0 ms
		Project Asset Count: scripts=242, non-scripts=270
		Asset File Changes: new=0, changed=0, moved=0, deleted=0
		Scan Filter Count: 0
	InvokePackagesCallback: 2.182ms
	ApplyChangesToAssetFolders: 0.397ms
	Collect global state as custom dependencies: 0.146ms
	CategorizeAssets: 5.639ms
	CompileScripts: 2.548ms
	ImportOutOfDateAssets: 1546.095ms (1542.123ms without children)
		CollectScriptTypesHashes: 0.355ms
		ReloadNativeAssets: 0.407ms
		UnloadImportedAssets: 0.452ms
		EnsureUptoDateAssetsAreRegisteredWithGuidPM: 0.082ms
		ImportSchedulerStart: 3.008ms
	PostProcessAllAssets: 23.400ms
		MonoPostProcessAllAssets: 23.392ms
			WindowAssetPostprocessingWatcher.OnPostprocessAllAssets 9.199ms
			SyncVS.PostprocessSyncProject 3.491ms
			SpeedTree9Postprocessor.OnPostprocessAllAssets 0.849ms
			AssetChangedListener.OnPostprocessAllAssets 0.585ms
			ReferencedClipsPostProcessor.OnPostprocessAllAssets 0.360ms
			AssetDatabaseCallbacks.OnPostprocessAllAssets 0.159ms
			TerrainToolbarOverlayPostProcessor.OnPostprocessAllAssets 0.148ms
			SpriteEditorTexturePostprocessor.OnPostprocessAllAssets 0.133ms
			RenderPipelineGlobalSettingsPostprocessor.OnPostprocessAllAssets 0.083ms
			AssetPostprocessor.OnPostprocessAllAssets 0.059ms
	GenerateScriptTypeHashes: 1.111ms
	GenerateScriptTypeSerializationHashes: 2.222ms
	Untracked: 1372.268ms

Loaded scene 'Temp/__Backupscenes/0.backup'
	Deserialize:            6.105 ms
	Integration:            66.653 ms
	Integration of assets:  0.012 ms
	Thread Wait Time:       0.003 ms
	Total Operation Time:   72.774 ms
[Licensing::Client] Successfully resolved entitlement details
¡Auch! Vida restante: 130
UnityEngine.Debug:ExtractStackTraceNoAlloc (byte*,int,string)
UnityEngine.StackTraceUtility:ExtractStackTrace ()
UnityEngine.DebugLogHandler:Internal_Log (UnityEngine.LogType,UnityEngine.LogOption,string,UnityEngine.Object)
UnityEngine.DebugLogHandler:LogFormat (UnityEngine.LogType,UnityEngine.Object,string,object[])
UnityEngine.Logger:Log (UnityEngine.LogType,object)
UnityEngine.Debug:Log (object)
SaludJugador:RecibirDaño (int) (at Assets/Scripts/SaludJugador.cs:16)
ObstaculoDanino:OnTriggerEnter2D (UnityEngine.Collider2D) (at Assets/Scripts/ObstaculoDanino.cs:19)

(Filename: Assets/Scripts/SaludJugador.cs Line: 16)

¡Auch! Vida restante: 110
UnityEngine.Debug:ExtractStackTraceNoAlloc (byte*,int,string)
UnityEngine.StackTraceUtility:ExtractStackTrace ()
UnityEngine.DebugLogHandler:Internal_Log (UnityEngine.LogType,UnityEngine.LogOption,string,UnityEngine.Object)
UnityEngine.DebugLogHandler:LogFormat (UnityEngine.LogType,UnityEngine.Object,string,object[])
UnityEngine.Logger:Log (UnityEngine.LogType,object)
UnityEngine.Debug:Log (object)
SaludJugador:RecibirDaño (int) (at Assets/Scripts/SaludJugador.cs:16)
ObstaculoDanino:OnTriggerEnter2D (UnityEngine.Collider2D) (at Assets/Scripts/ObstaculoDanino.cs:19)

(Filename: Assets/Scripts/SaludJugador.cs Line: 16)

¡Auch! Vida restante: 90
UnityEngine.Debug:ExtractStackTraceNoAlloc (byte*,int,string)
UnityEngine.StackTraceUtility:ExtractStackTrace ()
UnityEngine.DebugLogHandler:Internal_Log (UnityEngine.LogType,UnityEngine.LogOption,string,UnityEngine.Object)
UnityEngine.DebugLogHandler:LogFormat (UnityEngine.LogType,UnityEngine.Object,string,object[])
UnityEngine.Logger:Log (UnityEngine.LogType,object)
UnityEngine.Debug:Log (object)
SaludJugador:RecibirDaño (int) (at Assets/Scripts/SaludJugador.cs:16)
ObstaculoDanino:OnTriggerEnter2D (UnityEngine.Collider2D) (at Assets/Scripts/ObstaculoDanino.cs:19)

(Filename: Assets/Scripts/SaludJugador.cs Line: 16)

¡Auch! Vida restante: 70
UnityEngine.Debug:ExtractStackTraceNoAlloc (byte*,int,string)
UnityEngine.StackTraceUtility:ExtractStackTrace ()
UnityEngine.DebugLogHandler:Internal_Log (UnityEngine.LogType,UnityEngine.LogOption,string,UnityEngine.Object)
UnityEngine.DebugLogHandler:LogFormat (UnityEngine.LogType,UnityEngine.Object,string,object[])
UnityEngine.Logger:Log (UnityEngine.LogType,object)
UnityEngine.Debug:Log (object)
SaludJugador:RecibirDaño (int) (at Assets/Scripts/SaludJugador.cs:16)
ObstaculoDanino:OnTriggerEnter2D (UnityEngine.Collider2D) (at Assets/Scripts/ObstaculoDanino.cs:19)

(Filename: Assets/Scripts/SaludJugador.cs Line: 16)

¡Auch! Vida restante: 50
UnityEngine.Debug:ExtractStackTraceNoAlloc (byte*,int,string)
UnityEngine.StackTraceUtility:ExtractStackTrace ()
UnityEngine.DebugLogHandler:Internal_Log (UnityEngine.LogType,UnityEngine.LogOption,string,UnityEngine.Object)
UnityEngine.DebugLogHandler:LogFormat (UnityEngine.LogType,UnityEngine.Object,string,object[])
UnityEngine.Logger:Log (UnityEngine.LogType,object)
UnityEngine.Debug:Log (object)
SaludJugador:RecibirDaño (int) (at Assets/Scripts/SaludJugador.cs:16)
ObstaculoDanino:OnTriggerEnter2D (UnityEngine.Collider2D) (at Assets/Scripts/ObstaculoDanino.cs:19)

(Filename: Assets/Scripts/SaludJugador.cs Line: 16)

¡Auch! Vida restante: 30
UnityEngine.Debug:ExtractStackTraceNoAlloc (byte*,int,string)
UnityEngine.StackTraceUtility:ExtractStackTrace ()
UnityEngine.DebugLogHandler:Internal_Log (UnityEngine.LogType,UnityEngine.LogOption,string,UnityEngine.Object)
UnityEngine.DebugLogHandler:LogFormat (UnityEngine.LogType,UnityEngine.Object,string,object[])
UnityEngine.Logger:Log (UnityEngine.LogType,object)
UnityEngine.Debug:Log (object)
SaludJugador:RecibirDaño (int) (at Assets/Scripts/SaludJugador.cs:16)
ObstaculoDanino:OnTriggerEnter2D (UnityEngine.Collider2D) (at Assets/Scripts/ObstaculoDanino.cs:19)

(Filename: Assets/Scripts/SaludJugador.cs Line: 16)

¡Auch! Vida restante: 10
UnityEngine.Debug:ExtractStackTraceNoAlloc (byte*,int,string)
UnityEngine.StackTraceUtility:ExtractStackTrace ()
UnityEngine.DebugLogHandler:Internal_Log (UnityEngine.LogType,UnityEngine.LogOption,string,UnityEngine.Object)
UnityEngine.DebugLogHandler:LogFormat (UnityEngine.LogType,UnityEngine.Object,string,object[])
UnityEngine.Logger:Log (UnityEngine.LogType,object)
UnityEngine.Debug:Log (object)
SaludJugador:RecibirDaño (int) (at Assets/Scripts/SaludJugador.cs:16)
ObstaculoDanino:OnTriggerEnter2D (UnityEngine.Collider2D) (at Assets/Scripts/ObstaculoDanino.cs:19)

(Filename: Assets/Scripts/SaludJugador.cs Line: 16)

¡Auch! Vida restante: -10
UnityEngine.Debug:ExtractStackTraceNoAlloc (byte*,int,string)
UnityEngine.StackTraceUtility:ExtractStackTrace ()
UnityEngine.DebugLogHandler:Internal_Log (UnityEngine.LogType,UnityEngine.LogOption,string,UnityEngine.Object)
UnityEngine.DebugLogHandler:LogFormat (UnityEngine.LogType,UnityEngine.Object,string,object[])
UnityEngine.Logger:Log (UnityEngine.LogType,object)
UnityEngine.Debug:Log (object)
SaludJugador:RecibirDaño (int) (at Assets/Scripts/SaludJugador.cs:16)
ObstaculoDanino:OnTriggerEnter2D (UnityEngine.Collider2D) (at Assets/Scripts/ObstaculoDanino.cs:19)

(Filename: Assets/Scripts/SaludJugador.cs Line: 16)

El jugador ha muerto.
UnityEngine.Debug:ExtractStackTraceNoAlloc (byte*,int,string)
UnityEngine.StackTraceUtility:ExtractStackTrace ()
UnityEngine.DebugLogHandler:Internal_Log (UnityEngine.LogType,UnityEngine.LogOption,string,UnityEngine.Object)
UnityEngine.DebugLogHandler:LogFormat (UnityEngine.LogType,UnityEngine.Object,string,object[])
UnityEngine.Logger:Log (UnityEngine.LogType,object)
UnityEngine.Debug:Log (object)
SaludJugador:Morir () (at Assets/Scripts/SaludJugador.cs:26)
SaludJugador:RecibirDaño (int) (at Assets/Scripts/SaludJugador.cs:20)
ObstaculoDanino:OnTriggerEnter2D (UnityEngine.Collider2D) (at Assets/Scripts/ObstaculoDanino.cs:19)

(Filename: Assets/Scripts/SaludJugador.cs Line: 26)

¡Auch! Vida restante: -30
UnityEngine.Debug:ExtractStackTraceNoAlloc (byte*,int,string)
UnityEngine.StackTraceUtility:ExtractStackTrace ()
UnityEngine.DebugLogHandler:Internal_Log (UnityEngine.LogType,UnityEngine.LogOption,string,UnityEngine.Object)
UnityEngine.DebugLogHandler:LogFormat (UnityEngine.LogType,UnityEngine.Object,string,object[])
UnityEngine.Logger:Log (UnityEngine.LogType,object)
UnityEngine.Debug:Log (object)
SaludJugador:RecibirDaño (int) (at Assets/Scripts/SaludJugador.cs:16)
ObstaculoDanino:OnTriggerEnter2D (UnityEngine.Collider2D) (at Assets/Scripts/ObstaculoDanino.cs:19)

(Filename: Assets/Scripts/SaludJugador.cs Line: 16)

El jugador ha muerto.
UnityEngine.Debug:ExtractStackTraceNoAlloc (byte*,int,string)
UnityEngine.StackTraceUtility:ExtractStackTrace ()
UnityEngine.DebugLogHandler:Internal_Log (UnityEngine.LogType,UnityEngine.LogOption,string,UnityEngine.Object)
UnityEngine.DebugLogHandler:LogFormat (UnityEngine.LogType,UnityEngine.Object,string,object[])
UnityEngine.Logger:Log (UnityEngine.LogType,object)
UnityEngine.Debug:Log (object)
SaludJugador:Morir () (at Assets/Scripts/SaludJugador.cs:26)
SaludJugador:RecibirDaño (int) (at Assets/Scripts/SaludJugador.cs:20)
ObstaculoDanino:OnTriggerEnter2D (UnityEngine.Collider2D) (at Assets/Scripts/ObstaculoDanino.cs:19)

(Filename: Assets/Scripts/SaludJugador.cs Line: 26)

Unloading 0 Unused Serialized files (Serialized files now loaded: 0)
Loaded scene 'Temp/__Backupscenes/0.backup'
	Deserialize:            3.802 ms
	Integration:            24.939 ms
	Integration of assets:  0.005 ms
	Thread Wait Time:       0.047 ms
	Total Operation Time:   28.792 ms
Unloading 49 unused Assets / (41.6 KB). Loaded Objects now: 2776.
Memory consumption went from 447.1 MB to 447.0 MB.
Total: 20.635200 ms (FindLiveObjects: 0.310700 ms CreateObjectMapping: 0.180600 ms MarkObjects: 19.251400 ms  DeleteObjects: 0.881000 ms)

[Licensing::Client] Successfully resolved entitlement details
[Worker0] Imported GUID: 35dd2c3c68eb9e34fb7e001c18399185 - Path: Assets/Sistema de puntuacion - Importer: PreviewImporter -> (ImportResultId: 'a03ddb70ea0b2259d46a1fcbc85325bd') in 0.0146245 seconds
[Worker0] Imported GUID: 1229d781143f9554fa7e799203edebb7 - Path: Assets/Scripts - Importer: PreviewImporter -> (ImportResultId: '5dacf071a6ca39e2275afe8e9b194982') in 0.0037002 seconds
[Worker0] Imported GUID: 7e6967aafd5237e4e82250ee65303194 - Path: Assets/Personaje 1/spritesheet - P1 Jorge +_11.controller - Importer: PreviewImporter -> (ImportResultId: '39d3dad843629f7dc32fe53a502f3fcf') in 0.0954202 seconds
[Worker0] Imported GUID: 8a6dad9eed4678646b422ef504eb90bf - Path: Assets/Fondos/FondoSistemas (1).jpeg - Importer: PreviewImporter -> (ImportResultId: '3d4af80bd11f051664ba6b2a9f9b79f5') in 0.1469484 seconds
Reloading assemblies for play mode.
Reloading assemblies after forced synchronous recompile.
Begin MonoManager ReloadAssembly
[Licensing::Client] Successfully resolved entitlement details
Native extension for WindowsStandalone target not found
ScheduleIndexationOnStartup MainProcess:True IndexOnStartup:True
[MODES] ModeService[none].Initialize
[MODES] ModeService[none].LoadModes
Mono: successfully reloaded assembly
- Finished resetting the current domain, in  1.444 seconds
Domain Reload Profiling: 2277ms
	BeginReloadAssembly (635ms)
		DisableScriptedObjects (170ms)
		CreateAndSetChildDomain (160ms)
	RebuildCommonClasses (12ms)
	RebuildNativeTypeToScriptingClass (18ms)
	initialDomainReloadingComplete (58ms)
	LoadAllAssembliesAndSetupDomain (108ms)
		LoadAssemblies (161ms)
		AnalyzeDomain (9ms)
			TypeCache.Refresh (4ms)
	FinalizeReload (1445ms)
		SetupLoadedEditorAssemblies (0ms)
			BeforeProcessingInitializeOnLoad (101ms)
			ProcessInitializeOnLoadAttributes (88ms)
			ProcessInitializeOnLoadMethodAttributes (103ms)
			AfterProcessingInitializeOnLoad (9ms)
		AwakeInstancesAfterBackupRestoration (711ms)

Asset Pipeline Refresh (id=6952b63457b27cd459aea20ba67f8d55): Total: 2.447 seconds - Initiated by StopAssetImportingV2(ForceSynchronousImport | ForceDomainReload)
	(Values over 0.05ms)
	Summary:
		Imports: total=0 (actual=0, local cache=0, cache server=0)
		Asset DB Process Time: managed=0 ms, native=1517 ms
		Asset DB Callback time: managed=30 ms, native=0 ms
		Scripting: domain reloads=1, domain reload time=896 ms, compile time=2 ms, other=0 ms
		Project Asset Count: scripts=242, non-scripts=270
		Asset File Changes: new=0, changed=0, moved=0, deleted=0
		Scan Filter Count: 0
	InvokePackagesCallback: 2.542ms
	ApplyChangesToAssetFolders: 0.467ms
	Collect global state as custom dependencies: 1.408ms
	ProcessAssetsWithTransientArtifactChanges: 0.148ms
	CategorizeAssets: 3.818ms
	CompileScripts: 2.327ms
	ImportOutOfDateAssets: 1453.732ms (1448.241ms without children)
		ReloadNativeAssets: 0.898ms
		UnloadImportedAssets: 0.536ms
		EnsureUptoDateAssetsAreRegisteredWithGuidPM: 0.132ms
		ImportSchedulerStart: 3.912ms
	PostProcessAllAssets: 30.192ms
		MonoPostProcessAllAssets: 30.183ms
			WindowAssetPostprocessingWatcher.OnPostprocessAllAssets 12.275ms
			SyncVS.PostprocessSyncProject 3.619ms
			SpeedTree9Postprocessor.OnPostprocessAllAssets 0.875ms
			AssetChangedListener.OnPostprocessAllAssets 0.585ms
			ReferencedClipsPostProcessor.OnPostprocessAllAssets 0.416ms
			AssetDatabaseCallbacks.OnPostprocessAllAssets 0.206ms
			TerrainToolbarOverlayPostProcessor.OnPostprocessAllAssets 0.149ms
			SpriteEditorTexturePostprocessor.OnPostprocessAllAssets 0.133ms
			RenderPipelineGlobalSettingsPostprocessor.OnPostprocessAllAssets 0.091ms
			AssetPostprocessor.OnPostprocessAllAssets 0.059ms
	GatherAllCurrentPrimaryImportResultRevisions: 0.269ms
	UnloadStreamsBegin: 2.663ms
	GenerateScriptTypeHashes: 1.474ms
	GenerateScriptTypeSerializationHashes: 3.069ms
	Untracked: 941.343ms

Loaded scene 'Temp/__Backupscenes/0.backup'
	Deserialize:            3.241 ms
	Integration:            42.478 ms
	Integration of assets:  0.007 ms
	Thread Wait Time:       0.011 ms
	Total Operation Time:   45.736 ms
[Licensing::Client] Successfully resolved entitlement details
¡Auch! Vida restante: 80
UnityEngine.Debug:ExtractStackTraceNoAlloc (byte*,int,string)
UnityEngine.StackTraceUtility:ExtractStackTrace ()
UnityEngine.DebugLogHandler:Internal_Log (UnityEngine.LogType,UnityEngine.LogOption,string,UnityEngine.Object)
UnityEngine.DebugLogHandler:LogFormat (UnityEngine.LogType,UnityEngine.Object,string,object[])
UnityEngine.Logger:Log (UnityEngine.LogType,object)
UnityEngine.Debug:Log (object)
SaludJugador:RecibirDaño (int) (at Assets/Scripts/SaludJugador.cs:16)
ObstaculoDanino:OnTriggerEnter2D (UnityEngine.Collider2D) (at Assets/Scripts/ObstaculoDanino.cs:19)

(Filename: Assets/Scripts/SaludJugador.cs Line: 16)

¡Auch! Vida restante: 60
UnityEngine.Debug:ExtractStackTraceNoAlloc (byte*,int,string)
UnityEngine.StackTraceUtility:ExtractStackTrace ()
UnityEngine.DebugLogHandler:Internal_Log (UnityEngine.LogType,UnityEngine.LogOption,string,UnityEngine.Object)
UnityEngine.DebugLogHandler:LogFormat (UnityEngine.LogType,UnityEngine.Object,string,object[])
UnityEngine.Logger:Log (UnityEngine.LogType,object)
UnityEngine.Debug:Log (object)
SaludJugador:RecibirDaño (int) (at Assets/Scripts/SaludJugador.cs:16)
ObstaculoDanino:OnTriggerEnter2D (UnityEngine.Collider2D) (at Assets/Scripts/ObstaculoDanino.cs:19)

(Filename: Assets/Scripts/SaludJugador.cs Line: 16)

¡Auch! Vida restante: 40
UnityEngine.Debug:ExtractStackTraceNoAlloc (byte*,int,string)
UnityEngine.StackTraceUtility:ExtractStackTrace ()
UnityEngine.DebugLogHandler:Internal_Log (UnityEngine.LogType,UnityEngine.LogOption,string,UnityEngine.Object)
UnityEngine.DebugLogHandler:LogFormat (UnityEngine.LogType,UnityEngine.Object,string,object[])
UnityEngine.Logger:Log (UnityEngine.LogType,object)
UnityEngine.Debug:Log (object)
SaludJugador:RecibirDaño (int) (at Assets/Scripts/SaludJugador.cs:16)
ObstaculoDanino:OnTriggerEnter2D (UnityEngine.Collider2D) (at Assets/Scripts/ObstaculoDanino.cs:19)

(Filename: Assets/Scripts/SaludJugador.cs Line: 16)

¡Auch! Vida restante: 20
UnityEngine.Debug:ExtractStackTraceNoAlloc (byte*,int,string)
UnityEngine.StackTraceUtility:ExtractStackTrace ()
UnityEngine.DebugLogHandler:Internal_Log (UnityEngine.LogType,UnityEngine.LogOption,string,UnityEngine.Object)
UnityEngine.DebugLogHandler:LogFormat (UnityEngine.LogType,UnityEngine.Object,string,object[])
UnityEngine.Logger:Log (UnityEngine.LogType,object)
UnityEngine.Debug:Log (object)
SaludJugador:RecibirDaño (int) (at Assets/Scripts/SaludJugador.cs:16)
ObstaculoDanino:OnTriggerEnter2D (UnityEngine.Collider2D) (at Assets/Scripts/ObstaculoDanino.cs:19)

(Filename: Assets/Scripts/SaludJugador.cs Line: 16)

¡Auch! Vida restante: 0
UnityEngine.Debug:ExtractStackTraceNoAlloc (byte*,int,string)
UnityEngine.StackTraceUtility:ExtractStackTrace ()
UnityEngine.DebugLogHandler:Internal_Log (UnityEngine.LogType,UnityEngine.LogOption,string,UnityEngine.Object)
UnityEngine.DebugLogHandler:LogFormat (UnityEngine.LogType,UnityEngine.Object,string,object[])
UnityEngine.Logger:Log (UnityEngine.LogType,object)
UnityEngine.Debug:Log (object)
SaludJugador:RecibirDaño (int) (at Assets/Scripts/SaludJugador.cs:16)
ObstaculoDanino:OnTriggerEnter2D (UnityEngine.Collider2D) (at Assets/Scripts/ObstaculoDanino.cs:19)

(Filename: Assets/Scripts/SaludJugador.cs Line: 16)

El jugador ha muerto.
UnityEngine.Debug:ExtractStackTraceNoAlloc (byte*,int,string)
UnityEngine.StackTraceUtility:ExtractStackTrace ()
UnityEngine.DebugLogHandler:Internal_Log (UnityEngine.LogType,UnityEngine.LogOption,string,UnityEngine.Object)
UnityEngine.DebugLogHandler:LogFormat (UnityEngine.LogType,UnityEngine.Object,string,object[])
UnityEngine.Logger:Log (UnityEngine.LogType,object)
UnityEngine.Debug:Log (object)
SaludJugador:Morir () (at Assets/Scripts/SaludJugador.cs:26)
SaludJugador:RecibirDaño (int) (at Assets/Scripts/SaludJugador.cs:20)
ObstaculoDanino:OnTriggerEnter2D (UnityEngine.Collider2D) (at Assets/Scripts/ObstaculoDanino.cs:19)

(Filename: Assets/Scripts/SaludJugador.cs Line: 26)

¡Auch! Vida restante: -20
UnityEngine.Debug:ExtractStackTraceNoAlloc (byte*,int,string)
UnityEngine.StackTraceUtility:ExtractStackTrace ()
UnityEngine.DebugLogHandler:Internal_Log (UnityEngine.LogType,UnityEngine.LogOption,string,UnityEngine.Object)
UnityEngine.DebugLogHandler:LogFormat (UnityEngine.LogType,UnityEngine.Object,string,object[])
UnityEngine.Logger:Log (UnityEngine.LogType,object)
UnityEngine.Debug:Log (object)
SaludJugador:RecibirDaño (int) (at Assets/Scripts/SaludJugador.cs:16)
ObstaculoDanino:OnTriggerEnter2D (UnityEngine.Collider2D) (at Assets/Scripts/ObstaculoDanino.cs:19)

(Filename: Assets/Scripts/SaludJugador.cs Line: 16)

El jugador ha muerto.
UnityEngine.Debug:ExtractStackTraceNoAlloc (byte*,int,string)
UnityEngine.StackTraceUtility:ExtractStackTrace ()
UnityEngine.DebugLogHandler:Internal_Log (UnityEngine.LogType,UnityEngine.LogOption,string,UnityEngine.Object)
UnityEngine.DebugLogHandler:LogFormat (UnityEngine.LogType,UnityEngine.Object,string,object[])
UnityEngine.Logger:Log (UnityEngine.LogType,object)
UnityEngine.Debug:Log (object)
SaludJugador:Morir () (at Assets/Scripts/SaludJugador.cs:26)
SaludJugador:RecibirDaño (int) (at Assets/Scripts/SaludJugador.cs:20)
ObstaculoDanino:OnTriggerEnter2D (UnityEngine.Collider2D) (at Assets/Scripts/ObstaculoDanino.cs:19)

(Filename: Assets/Scripts/SaludJugador.cs Line: 26)

Unloading 0 Unused Serialized files (Serialized files now loaded: 0)
Loaded scene 'Temp/__Backupscenes/0.backup'
	Deserialize:            2.678 ms
	Integration:            15.466 ms
	Integration of assets:  0.005 ms
	Thread Wait Time:       0.031 ms
	Total Operation Time:   18.180 ms
Unloading 17 unused Assets / (265.4 KB). Loaded Objects now: 2787.
Memory consumption went from 444.5 MB to 444.2 MB.
Total: 13.926500 ms (FindLiveObjects: 0.288400 ms CreateObjectMapping: 0.136200 ms MarkObjects: 13.303500 ms  DeleteObjects: 0.196600 ms)

[Licensing::Client] Successfully resolved entitlement details
[Worker0] Imported GUID: 0674d53d05456e240be7a39abb2789cc - Path: Assets/Suelos/ChatGPT Image 18 jun 2026, 13_24_04.png - Importer: PreviewImporter -> (ImportResultId: '91a7bedee061481e66c5376b684dfc77') in 0.1170976 seconds
Reloading assemblies for play mode.
Reloading assemblies after forced synchronous recompile.
Begin MonoManager ReloadAssembly
Native extension for WindowsStandalone target not found
ScheduleIndexationOnStartup MainProcess:True IndexOnStartup:True
[MODES] ModeService[none].Initialize
[MODES] ModeService[none].LoadModes
Mono: successfully reloaded assembly
- Finished resetting the current domain, in  1.375 seconds
Domain Reload Profiling: 2074ms
	BeginReloadAssembly (519ms)
		DisableScriptedObjects (153ms)
		CreateAndSetChildDomain (127ms)
	RebuildCommonClasses (11ms)
	RebuildNativeTypeToScriptingClass (18ms)
	initialDomainReloadingComplete (50ms)
	LoadAllAssembliesAndSetupDomain (99ms)
		LoadAssemblies (121ms)
		AnalyzeDomain (8ms)
			TypeCache.Refresh (4ms)
	FinalizeReload (1377ms)
		SetupLoadedEditorAssemblies (0ms)
			BeforeProcessingInitializeOnLoad (102ms)
			ProcessInitializeOnLoadAttributes (82ms)
			ProcessInitializeOnLoadMethodAttributes (92ms)
			AfterProcessingInitializeOnLoad (6ms)
		AwakeInstancesAfterBackupRestoration (692ms)

Asset Pipeline Refresh (id=ae90f96c3a4eb9344b6e3dbbb636662a): Total: 2.196 seconds - Initiated by StopAssetImportingV2(ForceSynchronousImport | ForceDomainReload)
	(Values over 0.05ms)
	Summary:
		Imports: total=0 (actual=0, local cache=0, cache server=0)
		Asset DB Process Time: managed=0 ms, native=1433 ms
		Asset DB Callback time: managed=21 ms, native=0 ms
		Scripting: domain reloads=1, domain reload time=737 ms, compile time=3 ms, other=0 ms
		Project Asset Count: scripts=242, non-scripts=270
		Asset File Changes: new=0, changed=0, moved=0, deleted=0
		Scan Filter Count: 0
	InvokePackagesCallback: 2.474ms
	ApplyChangesToAssetFolders: 0.417ms
	Collect global state as custom dependencies: 0.546ms
	CategorizeAssets: 3.707ms
	CompileScripts: 3.200ms
	ImportOutOfDateAssets: 1382.965ms (1379.488ms without children)
		ReloadNativeAssets: 0.841ms
		UnloadImportedAssets: 0.486ms
		EnsureUptoDateAssetsAreRegisteredWithGuidPM: 0.075ms
		ImportSchedulerStart: 2.066ms
	PostProcessAllAssets: 21.846ms
		MonoPostProcessAllAssets: 21.840ms
			WindowAssetPostprocessingWatcher.OnPostprocessAllAssets 9.219ms
			SyncVS.PostprocessSyncProject 1.743ms
			SpeedTree9Postprocessor.OnPostprocessAllAssets 1.081ms
			AssetChangedListener.OnPostprocessAllAssets 0.585ms
			ReferencedClipsPostProcessor.OnPostprocessAllAssets 0.353ms
			AssetDatabaseCallbacks.OnPostprocessAllAssets 0.191ms
			TerrainToolbarOverlayPostProcessor.OnPostprocessAllAssets 0.142ms
			SpriteEditorTexturePostprocessor.OnPostprocessAllAssets 0.133ms
			RenderPipelineGlobalSettingsPostprocessor.OnPostprocessAllAssets 0.077ms
			AssetPostprocessor.OnPostprocessAllAssets 0.059ms
	GatherAllCurrentPrimaryImportResultRevisions: 0.146ms
	UnloadStreamsBegin: 0.220ms
	GenerateScriptTypeHashes: 1.354ms
	GenerateScriptTypeSerializationHashes: 2.646ms
	Untracked: 770.862ms

Loaded scene 'Temp/__Backupscenes/0.backup'
	Deserialize:            2.746 ms
	Integration:            42.875 ms
	Integration of assets:  0.003 ms
	Thread Wait Time:       0.036 ms
	Total Operation Time:   45.660 ms
Parameter 'isRunning' does not exist.
UnityEngine.Debug:ExtractStackTraceNoAlloc (byte*,int,string)
UnityEngine.StackTraceUtility:ExtractStackTrace ()
UnityEngine.Animator:GetBoolString (string)
UnityEngine.Animator:GetBool (string)
ControladorJugador:FixedUpdate () (at Assets/Scripts/ControladorJugador.cs:83)

[Assets/Scripts/ControladorJugador.cs line 83]

Parameter 'isWalking' does not exist.
UnityEngine.Debug:ExtractStackTraceNoAlloc (byte*,int,string)
UnityEngine.StackTraceUtility:ExtractStackTrace ()
UnityEngine.Animator:SetBoolString (string,bool)
UnityEngine.Animator:SetBool (string,bool)
ControladorJugador:Update () (at Assets/Scripts/ControladorJugador.cs:56)

[Assets/Scripts/ControladorJugador.cs line 56]

Parameter 'isRunning' does not exist.
UnityEngine.Debug:ExtractStackTraceNoAlloc (byte*,int,string)
UnityEngine.StackTraceUtility:ExtractStackTrace ()
UnityEngine.Animator:SetBoolString (string,bool)
UnityEngine.Animator:SetBool (string,bool)
ControladorJugador:Update () (at Assets/Scripts/ControladorJugador.cs:57)

[Assets/Scripts/ControladorJugador.cs line 57]

[Licensing::Client] Successfully resolved entitlement details
Parameter 'isRunning' does not exist.
UnityEngine.Debug:ExtractStackTraceNoAlloc (byte*,int,string)
UnityEngine.StackTraceUtility:ExtractStackTrace ()
UnityEngine.Animator:GetBoolString (string)
UnityEngine.Animator:GetBool (string)
ControladorJugador:FixedUpdate () (at Assets/Scripts/ControladorJugador.cs:83)

[Assets/Scripts/ControladorJugador.cs line 83]

Parameter 'isWalking' does not exist.
UnityEngine.Debug:ExtractStackTraceNoAlloc (byte*,int,string)
UnityEngine.StackTraceUtility:ExtractStackTrace ()
UnityEngine.Animator:SetBoolString (string,bool)
UnityEngine.Animator:SetBool (string,bool)
ControladorJugador:Update () (at Assets/Scripts/ControladorJugador.cs:56)

[Assets/Scripts/ControladorJugador.cs line 56]

Parameter 'isRunning' does not exist.
UnityEngine.Debug:ExtractStackTraceNoAlloc (byte*,int,string)
UnityEngine.StackTraceUtility:ExtractStackTrace ()
UnityEngine.Animator:SetBoolString (string,bool)
UnityEngine.Animator:SetBool (string,bool)
ControladorJugador:Update () (at Assets/Scripts/ControladorJugador.cs:57)

[Assets/Scripts/ControladorJugador.cs line 57]

Parameter 'isRunning' does not exist.
UnityEngine.Debug:ExtractStackTraceNoAlloc (byte*,int,string)
UnityEngine.StackTraceUtility:ExtractStackTrace ()
UnityEngine.Animator:GetBoolString (string)
UnityEngine.Animator:GetBool (string)
ControladorJugador:FixedUpdate () (at Assets/Scripts/ControladorJugador.cs:83)

[Assets/Scripts/ControladorJugador.cs line 83]

Parameter 'isRunning' does not exist.
UnityEngine.Debug:ExtractStackTraceNoAlloc (byte*,int,string)
UnityEngine.StackTraceUtility:ExtractStackTrace ()
UnityEngine.Animator:GetBoolString (string)
UnityEngine.Animator:GetBool (string)
ControladorJugador:FixedUpdate () (at Assets/Scripts/ControladorJugador.cs:83)

[Assets/Scripts/ControladorJugador.cs line 83]

Parameter 'isRunning' does not exist.
UnityEngine.Debug:ExtractStackTraceNoAlloc (byte*,int,string)
UnityEngine.StackTraceUtility:ExtractStackTrace ()
UnityEngine.Animator:GetBoolString (string)
UnityEngine.Animator:GetBool (string)
ControladorJugador:FixedUpdate () (at Assets/Scripts/ControladorJugador.cs:83)

[Assets/Scripts/ControladorJugador.cs line 83]

Parameter 'isRunning' does not exist.
UnityEngine.Debug:ExtractStackTraceNoAlloc (byte*,int,string)
UnityEngine.StackTraceUtility:ExtractStackTrace ()
UnityEngine.Animator:GetBoolString (string)
UnityEngine.Animator:GetBool (string)
ControladorJugador:FixedUpdate () (at Assets/Scripts/ControladorJugador.cs:83)

[Assets/Scripts/ControladorJugador.cs line 83]

Parameter 'isRunning' does not exist.
UnityEngine.Debug:ExtractStackTraceNoAlloc (byte*,int,string)
UnityEngine.StackTraceUtility:ExtractStackTrace ()
UnityEngine.Animator:GetBoolString (string)
UnityEngine.Animator:GetBool (string)
ControladorJugador:FixedUpdate () (at Assets/Scripts/ControladorJugador.cs:83)

[Assets/Scripts/ControladorJugador.cs line 83]

Parameter 'isJumping' does not exist.
UnityEngine.Debug:ExtractStackTraceNoAlloc (byte*,int,string)
UnityEngine.StackTraceUtility:ExtractStackTrace ()
UnityEngine.Animator:SetBoolString (string,bool)
UnityEngine.Animator:SetBool (string,bool)
ControladorJugador:OnCollisionEnter2D (UnityEngine.Collision2D) (at Assets/Scripts/ControladorJugador.cs:93)

[Assets/Scripts/ControladorJugador.cs line 93]

Parameter 'isRunning' does not exist.
UnityEngine.Debug:ExtractStackTraceNoAlloc (byte*,int,string)
UnityEngine.StackTraceUtility:ExtractStackTrace ()
UnityEngine.Animator:GetBoolString (string)
UnityEngine.Animator:GetBool (string)
ControladorJugador:FixedUpdate () (at Assets/Scripts/ControladorJugador.cs:83)

[Assets/Scripts/ControladorJugador.cs line 83]

Parameter 'isRunning' does not exist.
UnityEngine.Debug:ExtractStackTraceNoAlloc (byte*,int,string)
UnityEngine.StackTraceUtility:ExtractStackTrace ()
UnityEngine.Animator:GetBoolString (string)
UnityEngine.Animator:GetBool (string)
ControladorJugador:FixedUpdate () (at Assets/Scripts/ControladorJugador.cs:83)

[Assets/Scripts/ControladorJugador.cs line 83]

Parameter 'isRunning' does not exist.
UnityEngine.Debug:ExtractStackTraceNoAlloc (byte*,int,string)
UnityEngine.StackTraceUtility:ExtractStackTrace ()
UnityEngine.Animator:GetBoolString (string)
UnityEngine.Animator:GetBool (string)
ControladorJugador:FixedUpdate () (at Assets/Scripts/ControladorJugador.cs:83)

[Assets/Scripts/ControladorJugador.cs line 83]

Parameter 'isWalking' does not exist.
UnityEngine.Debug:ExtractStackTraceNoAlloc (byte*,int,string)
UnityEngine.StackTraceUtility:ExtractStackTrace ()
UnityEngine.Animator:SetBoolString (string,bool)
UnityEngine.Animator:SetBool (string,bool)
ControladorJugador:Update () (at Assets/Scripts/ControladorJugador.cs:56)

[Assets/Scripts/ControladorJugador.cs line 56]

Parameter 'isRunning' does not exist.
UnityEngine.Debug:ExtractStackTraceNoAlloc (byte*,int,string)
UnityEngine.StackTraceUtility:ExtractStackTrace ()
UnityEngine.Animator:SetBoolString (string,bool)
UnityEngine.Animator:SetBool (string,bool)
ControladorJugador:Update () (at Assets/Scripts/ControladorJugador.cs:57)

[Assets/Scripts/ControladorJugador.cs line 57]

Parameter 'isRunning' does not exist.
UnityEngine.Debug:ExtractStackTraceNoAlloc (byte*,int,string)
UnityEngine.StackTraceUtility:ExtractStackTrace ()
UnityEngine.Animator:GetBoolString (string)
UnityEngine.Animator:GetBool (string)
ControladorJugador:FixedUpdate () (at Assets/Scripts/ControladorJugador.cs:83)

[Assets/Scripts/ControladorJugador.cs line 83]

Parameter 'isWalking' does not exist.
UnityEngine.Debug:ExtractStackTraceNoAlloc (byte*,int,string)
UnityEngine.StackTraceUtility:ExtractStackTrace ()
UnityEngine.Animator:SetBoolString (string,bool)
UnityEngine.Animator:SetBool (string,bool)
ControladorJugador:Update () (at Assets/Scripts/ControladorJugador.cs:56)

[Assets/Scripts/ControladorJugador.cs line 56]

Parameter 'isRunning' does not exist.
UnityEngine.Debug:ExtractStackTraceNoAlloc (byte*,int,string)
UnityEngine.StackTraceUtility:ExtractStackTrace ()
UnityEngine.Animator:SetBoolString (string,bool)
UnityEngine.Animator:SetBool (string,bool)
ControladorJugador:Update () (at Assets/Scripts/ControladorJugador.cs:57)

[Assets/Scripts/ControladorJugador.cs line 57]

Parameter 'isRunning' does not exist.
UnityEngine.Debug:ExtractStackTraceNoAlloc (byte*,int,string)
UnityEngine.StackTraceUtility:ExtractStackTrace ()
UnityEngine.Animator:GetBoolString (string)
UnityEngine.Animator:GetBool (string)
ControladorJugador:FixedUpdate () (at Assets/Scripts/ControladorJugador.cs:83)

[Assets/Scripts/ControladorJugador.cs line 83]

Parameter 'isRunning' does not exist.
UnityEngine.Debug:ExtractStackTraceNoAlloc (byte*,int,string)
UnityEngine.StackTraceUtility:ExtractStackTrace ()
UnityEngine.Animator:GetBoolString (string)
UnityEngine.Animator:GetBool (string)
ControladorJugador:FixedUpdate () (at Assets/Scripts/ControladorJugador.cs:83)

[Assets/Scripts/ControladorJugador.cs line 83]

Parameter 'isWalking' does not exist.
UnityEngine.Debug:ExtractStackTraceNoAlloc (byte*,int,string)
UnityEngine.StackTraceUtility:ExtractStackTrace ()
UnityEngine.Animator:SetBoolString (string,bool)
UnityEngine.Animator:SetBool (string,bool)
ControladorJugador:Update () (at Assets/Scripts/ControladorJugador.cs:56)

[Assets/Scripts/ControladorJugador.cs line 56]

Parameter 'isRunning' does not exist.
UnityEngine.Debug:ExtractStackTraceNoAlloc (byte*,int,string)
UnityEngine.StackTraceUtility:ExtractStackTrace ()
UnityEngine.Animator:SetBoolString (string,bool)
UnityEngine.Animator:SetBool (string,bool)
ControladorJugador:Update () (at Assets/Scripts/ControladorJugador.cs:57)

[Assets/Scripts/ControladorJugador.cs line 57]

Parameter 'isRunning' does not exist.
UnityEngine.Debug:ExtractStackTraceNoAlloc (byte*,int,string)
UnityEngine.StackTraceUtility:ExtractStackTrace ()
UnityEngine.Animator:GetBoolString (string)
UnityEngine.Animator:GetBool (string)
ControladorJugador:FixedUpdate () (at Assets/Scripts/ControladorJugador.cs:83)

[Assets/Scripts/ControladorJugador.cs line 83]

Parameter 'isRunning' does not exist.
UnityEngine.Debug:ExtractStackTraceNoAlloc (byte*,int,string)
UnityEngine.StackTraceUtility:ExtractStackTrace ()
UnityEngine.Animator:GetBoolString (string)
UnityEngine.Animator:GetBool (string)
ControladorJugador:FixedUpdate () (at Assets/Scripts/ControladorJugador.cs:83)

[Assets/Scripts/ControladorJugador.cs line 83]

Parameter 'isRunning' does not exist.
UnityEngine.Debug:ExtractStackTraceNoAlloc (byte*,int,string)
UnityEngine.StackTraceUtility:ExtractStackTrace ()
UnityEngine.Animator:GetBoolString (string)
UnityEngine.Animator:GetBool (string)
ControladorJugador:FixedUpdate () (at Assets/Scripts/ControladorJugador.cs:83)

[Assets/Scripts/ControladorJugador.cs line 83]

Parameter 'isWalking' does not exist.
UnityEngine.Debug:ExtractStackTraceNoAlloc (byte*,int,string)
UnityEngine.StackTraceUtility:ExtractStackTrace ()
UnityEngine.Animator:SetBoolString (string,bool)
UnityEngine.Animator:SetBool (string,bool)
ControladorJugador:Update () (at Assets/Scripts/ControladorJugador.cs:56)

[Assets/Scripts/ControladorJugador.cs line 56]

Parameter 'isRunning' does not exist.
UnityEngine.Debug:ExtractStackTraceNoAlloc (byte*,int,string)
UnityEngine.StackTraceUtility:ExtractStackTrace ()
UnityEngine.Animator:SetBoolString (string,bool)
UnityEngine.Animator:SetBool (string,bool)
ControladorJugador:Update () (at Assets/Scripts/ControladorJugador.cs:57)

[Assets/Scripts/ControladorJugador.cs line 57]

Parameter 'isWalking' does not exist.
UnityEngine.Debug:ExtractStackTraceNoAlloc (byte*,int,string)
UnityEngine.StackTraceUtility:ExtractStackTrace ()
UnityEngine.Animator:SetBoolString (string,bool)
UnityEngine.Animator:SetBool (string,bool)
ControladorJugador:Update () (at Assets/Scripts/ControladorJugador.cs:56)

[Assets/Scripts/ControladorJugador.cs line 56]

Parameter 'isRunning' does not exist.
UnityEngine.Debug:ExtractStackTraceNoAlloc (byte*,int,string)
UnityEngine.StackTraceUtility:ExtractStackTrace ()
UnityEngine.Animator:SetBoolString (string,bool)
UnityEngine.Animator:SetBool (string,bool)
ControladorJugador:Update () (at Assets/Scripts/ControladorJugador.cs:57)

[Assets/Scripts/ControladorJugador.cs line 57]

Parameter 'isRunning' does not exist.
UnityEngine.Debug:ExtractStackTraceNoAlloc (byte*,int,string)
UnityEngine.StackTraceUtility:ExtractStackTrace ()
UnityEngine.Animator:GetBoolString (string)
UnityEngine.Animator:GetBool (string)
ControladorJugador:FixedUpdate () (at Assets/Scripts/ControladorJugador.cs:83)

[Assets/Scripts/ControladorJugador.cs line 83]

Parameter 'isWalking' does not exist.
UnityEngine.Debug:ExtractStackTraceNoAlloc (byte*,int,string)
UnityEngine.StackTraceUtility:ExtractStackTrace ()
UnityEngine.Animator:SetBoolString (string,bool)
UnityEngine.Animator:SetBool (string,bool)
ControladorJugador:Update () (at Assets/Scripts/ControladorJugador.cs:56)

[Assets/Scripts/ControladorJugador.cs line 56]

Parameter 'isRunning' does not exist.
UnityEngine.Debug:ExtractStackTraceNoAlloc (byte*,int,string)
UnityEngine.StackTraceUtility:ExtractStackTrace ()
UnityEngine.Animator:SetBoolString (string,bool)
UnityEngine.Animator:SetBool (string,bool)
ControladorJugador:Update () (at Assets/Scripts/ControladorJugador.cs:57)

[Assets/Scripts/ControladorJugador.cs line 57]

Parameter 'isRunning' does not exist.
UnityEngine.Debug:ExtractStackTraceNoAlloc (byte*,int,string)
UnityEngine.StackTraceUtility:ExtractStackTrace ()
UnityEngine.Animator:GetBoolString (string)
UnityEngine.Animator:GetBool (string)
ControladorJugador:FixedUpdate () (at Assets/Scripts/ControladorJugador.cs:83)

[Assets/Scripts/ControladorJugador.cs line 83]

Parameter 'isWalking' does not exist.
UnityEngine.Debug:ExtractStackTraceNoAlloc (byte*,int,string)
UnityEngine.StackTraceUtility:ExtractStackTrace ()
UnityEngine.Animator:SetBoolString (string,bool)
UnityEngine.Animator:SetBool (string,bool)
ControladorJugador:Update () (at Assets/Scripts/ControladorJugador.cs:56)

[Assets/Scripts/ControladorJugador.cs line 56]

Parameter 'isRunning' does not exist.
UnityEngine.Debug:ExtractStackTraceNoAlloc (byte*,int,string)
UnityEngine.StackTraceUtility:ExtractStackTrace ()
UnityEngine.Animator:SetBoolString (string,bool)
UnityEngine.Animator:SetBool (string,bool)
ControladorJugador:Update () (at Assets/Scripts/ControladorJugador.cs:57)

[Assets/Scripts/ControladorJugador.cs line 57]

Parameter 'isWalking' does not exist.
UnityEngine.Debug:ExtractStackTraceNoAlloc (byte*,int,string)
UnityEngine.StackTraceUtility:ExtractStackTrace ()
UnityEngine.Animator:SetBoolString (string,bool)
UnityEngine.Animator:SetBool (string,bool)
ControladorJugador:Update () (at Assets/Scripts/ControladorJugador.cs:56)

[Assets/Scripts/ControladorJugador.cs line 56]

Parameter 'isRunning' does not exist.
UnityEngine.Debug:ExtractStackTraceNoAlloc (byte*,int,string)
UnityEngine.StackTraceUtility:ExtractStackTrace ()
UnityEngine.Animator:SetBoolString (string,bool)
UnityEngine.Animator:SetBool (string,bool)
ControladorJugador:Update () (at Assets/Scripts/ControladorJugador.cs:57)

[Assets/Scripts/ControladorJugador.cs line 57]

Parameter 'isRunning' does not exist.
UnityEngine.Debug:ExtractStackTraceNoAlloc (byte*,int,string)
UnityEngine.StackTraceUtility:ExtractStackTrace ()
UnityEngine.Animator:GetBoolString (string)
UnityEngine.Animator:GetBool (string)
ControladorJugador:FixedUpdate () (at Assets/Scripts/ControladorJugador.cs:83)

[Assets/Scripts/ControladorJugador.cs line 83]

Parameter 'isWalking' does not exist.
UnityEngine.Debug:ExtractStackTraceNoAlloc (byte*,int,string)
UnityEngine.StackTraceUtility:ExtractStackTrace ()
UnityEngine.Animator:SetBoolString (string,bool)
UnityEngine.Animator:SetBool (string,bool)
ControladorJugador:Update () (at Assets/Scripts/ControladorJugador.cs:56)

[Assets/Scripts/ControladorJugador.cs line 56]

Parameter 'isRunning' does not exist.
UnityEngine.Debug:ExtractStackTraceNoAlloc (byte*,int,string)
UnityEngine.StackTraceUtility:ExtractStackTrace ()
UnityEngine.Animator:SetBoolString (string,bool)
UnityEngine.Animator:SetBool (string,bool)
ControladorJugador:Update () (at Assets/Scripts/ControladorJugador.cs:57)

[Assets/Scripts/ControladorJugador.cs line 57]

Parameter 'isRunning' does not exist.
UnityEngine.Debug:ExtractStackTraceNoAlloc (byte*,int,string)
UnityEngine.StackTraceUtility:ExtractStackTrace ()
UnityEngine.Animator:GetBoolString (string)
UnityEngine.Animator:GetBool (string)
ControladorJugador:FixedUpdate () (at Assets/Scripts/ControladorJugador.cs:83)

[Assets/Scripts/ControladorJugador.cs line 83]

Parameter 'isWalking' does not exist.
UnityEngine.Debug:ExtractStackTraceNoAlloc (byte*,int,string)
UnityEngine.StackTraceUtility:ExtractStackTrace ()
UnityEngine.Animator:SetBoolString (string,bool)
UnityEngine.Animator:SetBool (string,bool)
ControladorJugador:Update () (at Assets/Scripts/ControladorJugador.cs:56)

[Assets/Scripts/ControladorJugador.cs line 56]

Parameter 'isRunning' does not exist.
UnityEngine.Debug:ExtractStackTraceNoAlloc (byte*,int,string)
UnityEngine.StackTraceUtility:ExtractStackTrace ()
UnityEngine.Animator:SetBoolString (string,bool)
UnityEngine.Animator:SetBool (string,bool)
ControladorJugador:Update () (at Assets/Scripts/ControladorJugador.cs:57)

[Assets/Scripts/ControladorJugador.cs line 57]

Parameter 'isWalking' does not exist.
UnityEngine.Debug:ExtractStackTraceNoAlloc (byte*,int,string)
UnityEngine.StackTraceUtility:ExtractStackTrace ()
UnityEngine.Animator:SetBoolString (string,bool)
UnityEngine.Animator:SetBool (string,bool)
ControladorJugador:Update () (at Assets/Scripts/ControladorJugador.cs:56)

[Assets/Scripts/ControladorJugador.cs line 56]

Parameter 'isRunning' does not exist.
UnityEngine.Debug:ExtractStackTraceNoAlloc (byte*,int,string)
UnityEngine.StackTraceUtility:ExtractStackTrace ()
UnityEngine.Animator:SetBoolString (string,bool)
UnityEngine.Animator:SetBool (string,bool)
ControladorJugador:Update () (at Assets/Scripts/ControladorJugador.cs:57)

[Assets/Scripts/ControladorJugador.cs line 57]

Parameter 'isRunning' does not exist.
UnityEngine.Debug:ExtractStackTraceNoAlloc (byte*,int,string)
UnityEngine.StackTraceUtility:ExtractStackTrace ()
UnityEngine.Animator:GetBoolString (string)
UnityEngine.Animator:GetBool (string)
ControladorJugador:FixedUpdate () (at Assets/Scripts/ControladorJugador.cs:83)

[Assets/Scripts/ControladorJugador.cs line 83]

Parameter 'isWalking' does not exist.
UnityEngine.Debug:ExtractStackTraceNoAlloc (byte*,int,string)
UnityEngine.StackTraceUtility:ExtractStackTrace ()
UnityEngine.Animator:SetBoolString (string,bool)
UnityEngine.Animator:SetBool (string,bool)
ControladorJugador:Update () (at Assets/Scripts/ControladorJugador.cs:56)

[Assets/Scripts/ControladorJugador.cs line 56]

Parameter 'isRunning' does not exist.
UnityEngine.Debug:ExtractStackTraceNoAlloc (byte*,int,string)
UnityEngine.StackTraceUtility:ExtractStackTrace ()
UnityEngine.Animator:SetBoolString (string,bool)
UnityEngine.Animator:SetBool (string,bool)
ControladorJugador:Update () (at Assets/Scripts/ControladorJugador.cs:57)

[Assets/Scripts/ControladorJugador.cs line 57]

Parameter 'isWalking' does not exist.
UnityEngine.Debug:ExtractStackTraceNoAlloc (byte*,int,string)
UnityEngine.StackTraceUtility:ExtractStackTrace ()
UnityEngine.Animator:SetBoolString (string,bool)
UnityEngine.Animator:SetBool (string,bool)
ControladorJugador:Update () (at Assets/Scripts/ControladorJugador.cs:56)

[Assets/Scripts/ControladorJugador.cs line 56]

Parameter 'isRunning' does not exist.
UnityEngine.Debug:ExtractStackTraceNoAlloc (byte*,int,string)
UnityEngine.StackTraceUtility:ExtractStackTrace ()
UnityEngine.Animator:SetBoolString (string,bool)
UnityEngine.Animator:SetBool (string,bool)
ControladorJugador:Update () (at Assets/Scripts/ControladorJugador.cs:57)

[Assets/Scripts/ControladorJugador.cs line 57]

Parameter 'isWalking' does not exist.
UnityEngine.Debug:ExtractStackTraceNoAlloc (byte*,int,string)
UnityEngine.StackTraceUtility:ExtractStackTrace ()
UnityEngine.Animator:SetBoolString (string,bool)
UnityEngine.Animator:SetBool (string,bool)
ControladorJugador:Update () (at Assets/Scripts/ControladorJugador.cs:56)

[Assets/Scripts/ControladorJugador.cs line 56]

Parameter 'isRunning' does not exist.
UnityEngine.Debug:ExtractStackTraceNoAlloc (byte*,int,string)
UnityEngine.StackTraceUtility:ExtractStackTrace ()
UnityEngine.Animator:SetBoolString (string,bool)
UnityEngine.Animator:SetBool (string,bool)
ControladorJugador:Update () (at Assets/Scripts/ControladorJugador.cs:57)

[Assets/Scripts/ControladorJugador.cs line 57]

Parameter 'isRunning' does not exist.
UnityEngine.Debug:ExtractStackTraceNoAlloc (byte*,int,string)
UnityEngine.StackTraceUtility:ExtractStackTrace ()
UnityEngine.Animator:GetBoolString (string)
UnityEngine.Animator:GetBool (string)
ControladorJugador:FixedUpdate () (at Assets/Scripts/ControladorJugador.cs:83)

[Assets/Scripts/ControladorJugador.cs line 83]

Parameter 'isWalking' does not exist.
UnityEngine.Debug:ExtractStackTraceNoAlloc (byte*,int,string)
UnityEngine.StackTraceUtility:ExtractStackTrace ()
UnityEngine.Animator:SetBoolString (string,bool)
UnityEngine.Animator:SetBool (string,bool)
ControladorJugador:Update () (at Assets/Scripts/ControladorJugador.cs:56)

[Assets/Scripts/ControladorJugador.cs line 56]

Parameter 'isRunning' does not exist.
UnityEngine.Debug:ExtractStackTraceNoAlloc (byte*,int,string)
UnityEngine.StackTraceUtility:ExtractStackTrace ()
UnityEngine.Animator:SetBoolString (string,bool)
UnityEngine.Animator:SetBool (string,bool)
ControladorJugador:Update () (at Assets/Scripts/ControladorJugador.cs:57)

[Assets/Scripts/ControladorJugador.cs line 57]

Parameter 'isWalking' does not exist.
UnityEngine.Debug:ExtractStackTraceNoAlloc (byte*,int,string)
UnityEngine.StackTraceUtility:ExtractStackTrace ()
UnityEngine.Animator:SetBoolString (string,bool)
UnityEngine.Animator:SetBool (string,bool)
ControladorJugador:Update () (at Assets/Scripts/ControladorJugador.cs:56)

[Assets/Scripts/ControladorJugador.cs line 56]

Parameter 'isRunning' does not exist.
UnityEngine.Debug:ExtractStackTraceNoAlloc (byte*,int,string)
UnityEngine.StackTraceUtility:ExtractStackTrace ()
UnityEngine.Animator:SetBoolString (string,bool)
UnityEngine.Animator:SetBool (string,bool)
ControladorJugador:Update () (at Assets/Scripts/ControladorJugador.cs:57)

[Assets/Scripts/ControladorJugador.cs line 57]

Parameter 'isRunning' does not exist.
UnityEngine.Debug:ExtractStackTraceNoAlloc (byte*,int,string)
UnityEngine.StackTraceUtility:ExtractStackTrace ()
UnityEngine.Animator:GetBoolString (string)
UnityEngine.Animator:GetBool (string)
ControladorJugador:FixedUpdate () (at Assets/Scripts/ControladorJugador.cs:83)

[Assets/Scripts/ControladorJugador.cs line 83]

Parameter 'isWalking' does not exist.
UnityEngine.Debug:ExtractStackTraceNoAlloc (byte*,int,string)
UnityEngine.StackTraceUtility:ExtractStackTrace ()
UnityEngine.Animator:SetBoolString (string,bool)
UnityEngine.Animator:SetBool (string,bool)
ControladorJugador:Update () (at Assets/Scripts/ControladorJugador.cs:56)

[Assets/Scripts/ControladorJugador.cs line 56]

Parameter 'isRunning' does not exist.
UnityEngine.Debug:ExtractStackTraceNoAlloc (byte*,int,string)
UnityEngine.StackTraceUtility:ExtractStackTrace ()
UnityEngine.Animator:SetBoolString (string,bool)
UnityEngine.Animator:SetBool (string,bool)
ControladorJugador:Update () (at Assets/Scripts/ControladorJugador.cs:57)

[Assets/Scripts/ControladorJugador.cs line 57]

Parameter 'isWalking' does not exist.
UnityEngine.Debug:ExtractStackTraceNoAlloc (byte*,int,string)
UnityEngine.StackTraceUtility:ExtractStackTrace ()
UnityEngine.Animator:SetBoolString (string,bool)
UnityEngine.Animator:SetBool (string,bool)
ControladorJugador:Update () (at Assets/Scripts/ControladorJugador.cs:56)

[Assets/Scripts/ControladorJugador.cs line 56]

Parameter 'isRunning' does not exist.
UnityEngine.Debug:ExtractStackTraceNoAlloc (byte*,int,string)
UnityEngine.StackTraceUtility:ExtractStackTrace ()
UnityEngine.Animator:SetBoolString (string,bool)
UnityEngine.Animator:SetBool (string,bool)
ControladorJugador:Update () (at Assets/Scripts/ControladorJugador.cs:57)

[Assets/Scripts/ControladorJugador.cs line 57]

Parameter 'isRunning' does not exist.
UnityEngine.Debug:ExtractStackTraceNoAlloc (byte*,int,string)
UnityEngine.StackTraceUtility:ExtractStackTrace ()
UnityEngine.Animator:GetBoolString (string)
UnityEngine.Animator:GetBool (string)
ControladorJugador:FixedUpdate () (at Assets/Scripts/ControladorJugador.cs:83)

[Assets/Scripts/ControladorJugador.cs line 83]

Parameter 'isWalking' does not exist.
UnityEngine.Debug:ExtractStackTraceNoAlloc (byte*,int,string)
UnityEngine.StackTraceUtility:ExtractStackTrace ()
UnityEngine.Animator:SetBoolString (string,bool)
UnityEngine.Animator:SetBool (string,bool)
ControladorJugador:Update () (at Assets/Scripts/ControladorJugador.cs:56)

[Assets/Scripts/ControladorJugador.cs line 56]

Parameter 'isRunning' does not exist.
UnityEngine.Debug:ExtractStackTraceNoAlloc (byte*,int,string)
UnityEngine.StackTraceUtility:ExtractStackTrace ()
UnityEngine.Animator:SetBoolString (string,bool)
UnityEngine.Animator:SetBool (string,bool)
ControladorJugador:Update () (at Assets/Scripts/ControladorJugador.cs:57)

[Assets/Scripts/ControladorJugador.cs line 57]

Parameter 'isWalking' does not exist.
UnityEngine.Debug:ExtractStackTraceNoAlloc (byte*,int,string)
UnityEngine.StackTraceUtility:ExtractStackTrace ()
UnityEngine.Animator:SetBoolString (string,bool)
UnityEngine.Animator:SetBool (string,bool)
ControladorJugador:Update () (at Assets/Scripts/ControladorJugador.cs:56)

[Assets/Scripts/ControladorJugador.cs line 56]

Parameter 'isRunning' does not exist.
UnityEngine.Debug:ExtractStackTraceNoAlloc (byte*,int,string)
UnityEngine.StackTraceUtility:ExtractStackTrace ()
UnityEngine.Animator:SetBoolString (string,bool)
UnityEngine.Animator:SetBool (string,bool)
ControladorJugador:Update () (at Assets/Scripts/ControladorJugador.cs:57)

[Assets/Scripts/ControladorJugador.cs line 57]

Parameter 'isWalking' does not exist.
UnityEngine.Debug:ExtractStackTraceNoAlloc (byte*,int,string)
UnityEngine.StackTraceUtility:ExtractStackTrace ()
UnityEngine.Animator:SetBoolString (string,bool)
UnityEngine.Animator:SetBool (string,bool)
ControladorJugador:Update () (at Assets/Scripts/ControladorJugador.cs:56)

[Assets/Scripts/ControladorJugador.cs line 56]

Parameter 'isRunning' does not exist.
UnityEngine.Debug:ExtractStackTraceNoAlloc (byte*,int,string)
UnityEngine.StackTraceUtility:ExtractStackTrace ()
UnityEngine.Animator:SetBoolString (string,bool)
UnityEngine.Animator:SetBool (string,bool)
ControladorJugador:Update () (at Assets/Scripts/ControladorJugador.cs:57)

[Assets/Scripts/ControladorJugador.cs line 57]

Parameter 'isRunning' does not exist.
UnityEngine.Debug:ExtractStackTraceNoAlloc (byte*,int,string)
UnityEngine.StackTraceUtility:ExtractStackTrace ()
UnityEngine.Animator:GetBoolString (string)
UnityEngine.Animator:GetBool (string)
ControladorJugador:FixedUpdate () (at Assets/Scripts/ControladorJugador.cs:83)

[Assets/Scripts/ControladorJugador.cs line 83]

Parameter 'isWalking' does not exist.
UnityEngine.Debug:ExtractStackTraceNoAlloc (byte*,int,string)
UnityEngine.StackTraceUtility:ExtractStackTrace ()
UnityEngine.Animator:SetBoolString (string,bool)
UnityEngine.Animator:SetBool (string,bool)
ControladorJugador:Update () (at Assets/Scripts/ControladorJugador.cs:56)

[Assets/Scripts/ControladorJugador.cs line 56]

Parameter 'isRunning' does not exist.
UnityEngine.Debug:ExtractStackTraceNoAlloc (byte*,int,string)
UnityEngine.StackTraceUtility:ExtractStackTrace ()
UnityEngine.Animator:SetBoolString (string,bool)
UnityEngine.Animator:SetBool (string,bool)
ControladorJugador:Update () (at Assets/Scripts/ControladorJugador.cs:57)

[Assets/Scripts/ControladorJugador.cs line 57]

Parameter 'isWalking' does not exist.
UnityEngine.Debug:ExtractStackTraceNoAlloc (byte*,int,string)
UnityEngine.StackTraceUtility:ExtractStackTrace ()
UnityEngine.Animator:SetBoolString (string,bool)
UnityEngine.Animator:SetBool (string,bool)
ControladorJugador:Update () (at Assets/Scripts/ControladorJugador.cs:56)

[Assets/Scripts/ControladorJugador.cs line 56]

Parameter 'isRunning' does not exist.
UnityEngine.Debug:ExtractStackTraceNoAlloc (byte*,int,string)
UnityEngine.StackTraceUtility:ExtractStackTrace ()
UnityEngine.Animator:SetBoolString (string,bool)
UnityEngine.Animator:SetBool (string,bool)
ControladorJugador:Update () (at Assets/Scripts/ControladorJugador.cs:57)

[Assets/Scripts/ControladorJugador.cs line 57]

Parameter 'isRunning' does not exist.
UnityEngine.Debug:ExtractStackTraceNoAlloc (byte*,int,string)
UnityEngine.StackTraceUtility:ExtractStackTrace ()
UnityEngine.Animator:GetBoolString (string)
UnityEngine.Animator:GetBool (string)
ControladorJugador:FixedUpdate () (at Assets/Scripts/ControladorJugador.cs:83)

[Assets/Scripts/ControladorJugador.cs line 83]

Parameter 'isWalking' does not exist.
UnityEngine.Debug:ExtractStackTraceNoAlloc (byte*,int,string)
UnityEngine.StackTraceUtility:ExtractStackTrace ()
UnityEngine.Animator:SetBoolString (string,bool)
UnityEngine.Animator:SetBool (string,bool)
ControladorJugador:Update () (at Assets/Scripts/ControladorJugador.cs:56)

[Assets/Scripts/ControladorJugador.cs line 56]

Parameter 'isRunning' does not exist.
UnityEngine.Debug:ExtractStackTraceNoAlloc (byte*,int,string)
UnityEngine.StackTraceUtility:ExtractStackTrace ()
UnityEngine.Animator:SetBoolString (string,bool)
UnityEngine.Animator:SetBool (string,bool)
ControladorJugador:Update () (at Assets/Scripts/ControladorJugador.cs:57)

[Assets/Scripts/ControladorJugador.cs line 57]

Parameter 'isRunning' does not exist.
UnityEngine.Debug:ExtractStackTraceNoAlloc (byte*,int,string)
UnityEngine.StackTraceUtility:ExtractStackTrace ()
UnityEngine.Animator:GetBoolString (string)
UnityEngine.Animator:GetBool (string)
ControladorJugador:FixedUpdate () (at Assets/Scripts/ControladorJugador.cs:83)

[Assets/Scripts/ControladorJugador.cs line 83]

Parameter 'isWalking' does not exist.
UnityEngine.Debug:ExtractStackTraceNoAlloc (byte*,int,string)
UnityEngine.StackTraceUtility:ExtractStackTrace ()
UnityEngine.Animator:SetBoolString (string,bool)
UnityEngine.Animator:SetBool (string,bool)
ControladorJugador:Update () (at Assets/Scripts/ControladorJugador.cs:56)

[Assets/Scripts/ControladorJugador.cs line 56]

Parameter 'isRunning' does not exist.
UnityEngine.Debug:ExtractStackTraceNoAlloc (byte*,int,string)
UnityEngine.StackTraceUtility:ExtractStackTrace ()
UnityEngine.Animator:SetBoolString (string,bool)
UnityEngine.Animator:SetBool (string,bool)
ControladorJugador:Update () (at Assets/Scripts/ControladorJugador.cs:57)

[Assets/Scripts/ControladorJugador.cs line 57]

Parameter 'isWalking' does not exist.
UnityEngine.Debug:ExtractStackTraceNoAlloc (byte*,int,string)
UnityEngine.StackTraceUtility:ExtractStackTrace ()
UnityEngine.Animator:SetBoolString (string,bool)
UnityEngine.Animator:SetBool (string,bool)
ControladorJugador:Update () (at Assets/Scripts/ControladorJugador.cs:56)

[Assets/Scripts/ControladorJugador.cs line 56]

Parameter 'isRunning' does not exist.
UnityEngine.Debug:ExtractStackTraceNoAlloc (byte*,int,string)
UnityEngine.StackTraceUtility:ExtractStackTrace ()
UnityEngine.Animator:SetBoolString (string,bool)
UnityEngine.Animator:SetBool (string,bool)
ControladorJugador:Update () (at Assets/Scripts/ControladorJugador.cs:57)

[Assets/Scripts/ControladorJugador.cs line 57]

Parameter 'isRunning' does not exist.
UnityEngine.Debug:ExtractStackTraceNoAlloc (byte*,int,string)
UnityEngine.StackTraceUtility:ExtractStackTrace ()
UnityEngine.Animator:GetBoolString (string)
UnityEngine.Animator:GetBool (string)
ControladorJugador:FixedUpdate () (at Assets/Scripts/ControladorJugador.cs:83)

[Assets/Scripts/ControladorJugador.cs line 83]

Parameter 'isWalking' does not exist.
UnityEngine.Debug:ExtractStackTraceNoAlloc (byte*,int,string)
UnityEngine.StackTraceUtility:ExtractStackTrace ()
UnityEngine.Animator:SetBoolString (string,bool)
UnityEngine.Animator:SetBool (string,bool)
ControladorJugador:Update () (at Assets/Scripts/ControladorJugador.cs:56)

[Assets/Scripts/ControladorJugador.cs line 56]

Parameter 'isRunning' does not exist.
UnityEngine.Debug:ExtractStackTraceNoAlloc (byte*,int,string)
UnityEngine.StackTraceUtility:ExtractStackTrace ()
UnityEngine.Animator:SetBoolString (string,bool)
UnityEngine.Animator:SetBool (string,bool)
ControladorJugador:Update () (at Assets/Scripts/ControladorJugador.cs:57)

[Assets/Scripts/ControladorJugador.cs line 57]

Parameter 'isWalking' does not exist.
UnityEngine.Debug:ExtractStackTraceNoAlloc (byte*,int,string)
UnityEngine.StackTraceUtility:ExtractStackTrace ()
UnityEngine.Animator:SetBoolString (string,bool)
UnityEngine.Animator:SetBool (string,bool)
ControladorJugador:Update () (at Assets/Scripts/ControladorJugador.cs:56)

[Assets/Scripts/ControladorJugador.cs line 56]

Parameter 'isRunning' does not exist.
UnityEngine.Debug:ExtractStackTraceNoAlloc (byte*,int,string)
UnityEngine.StackTraceUtility:ExtractStackTrace ()
UnityEngine.Animator:SetBoolString (string,bool)
UnityEngine.Animator:SetBool (string,bool)
ControladorJugador:Update () (at Assets/Scripts/ControladorJugador.cs:57)

[Assets/Scripts/ControladorJugador.cs line 57]

Parameter 'isWalking' does not exist.
UnityEngine.Debug:ExtractStackTraceNoAlloc (byte*,int,string)
UnityEngine.StackTraceUtility:ExtractStackTrace ()
UnityEngine.Animator:SetBoolString (string,bool)
UnityEngine.Animator:SetBool (string,bool)
ControladorJugador:Update () (at Assets/Scripts/ControladorJugador.cs:56)

[Assets/Scripts/ControladorJugador.cs line 56]

Parameter 'isRunning' does not exist.
UnityEngine.Debug:ExtractStackTraceNoAlloc (byte*,int,string)
UnityEngine.StackTraceUtility:ExtractStackTrace ()
UnityEngine.Animator:SetBoolString (string,bool)
UnityEngine.Animator:SetBool (string,bool)
ControladorJugador:Update () (at Assets/Scripts/ControladorJugador.cs:57)

[Assets/Scripts/ControladorJugador.cs line 57]

Parameter 'isRunning' does not exist.
UnityEngine.Debug:ExtractStackTraceNoAlloc (byte*,int,string)
UnityEngine.StackTraceUtility:ExtractStackTrace ()
UnityEngine.Animator:GetBoolString (string)
UnityEngine.Animator:GetBool (string)
ControladorJugador:FixedUpdate () (at Assets/Scripts/ControladorJugador.cs:83)

[Assets/Scripts/ControladorJugador.cs line 83]

Parameter 'isWalking' does not exist.
UnityEngine.Debug:ExtractStackTraceNoAlloc (byte*,int,string)
UnityEngine.StackTraceUtility:ExtractStackTrace ()
UnityEngine.Animator:SetBoolString (string,bool)
UnityEngine.Animator:SetBool (string,bool)
ControladorJugador:Update () (at Assets/Scripts/ControladorJugador.cs:56)

[Assets/Scripts/ControladorJugador.cs line 56]

Parameter 'isRunning' does not exist.
UnityEngine.Debug:ExtractStackTraceNoAlloc (byte*,int,string)
UnityEngine.StackTraceUtility:ExtractStackTrace ()
UnityEngine.Animator:SetBoolString (string,bool)
UnityEngine.Animator:SetBool (string,bool)
ControladorJugador:Update () (at Assets/Scripts/ControladorJugador.cs:57)

[Assets/Scripts/ControladorJugador.cs line 57]

Parameter 'isWalking' does not exist.
UnityEngine.Debug:ExtractStackTraceNoAlloc (byte*,int,string)
UnityEngine.StackTraceUtility:ExtractStackTrace ()
UnityEngine.Animator:SetBoolString (string,bool)
UnityEngine.Animator:SetBool (string,bool)
ControladorJugador:Update () (at Assets/Scripts/ControladorJugador.cs:56)

[Assets/Scripts/ControladorJugador.cs line 56]

Parameter 'isRunning' does not exist.
UnityEngine.Debug:ExtractStackTraceNoAlloc (byte*,int,string)
UnityEngine.StackTraceUtility:ExtractStackTrace ()
UnityEngine.Animator:SetBoolString (string,bool)
UnityEngine.Animator:SetBool (string,bool)
ControladorJugador:Update () (at Assets/Scripts/ControladorJugador.cs:57)

[Assets/Scripts/ControladorJugador.cs line 57]

Parameter 'isRunning' does not exist.
UnityEngine.Debug:ExtractStackTraceNoAlloc (byte*,int,string)
UnityEngine.StackTraceUtility:ExtractStackTrace ()
UnityEngine.Animator:GetBoolString (string)
UnityEngine.Animator:GetBool (string)
ControladorJugador:FixedUpdate () (at Assets/Scripts/ControladorJugador.cs:83)

[Assets/Scripts/ControladorJugador.cs line 83]

Parameter 'isWalking' does not exist.
UnityEngine.Debug:ExtractStackTraceNoAlloc (byte*,int,string)
UnityEngine.StackTraceUtility:ExtractStackTrace ()
UnityEngine.Animator:SetBoolString (string,bool)
UnityEngine.Animator:SetBool (string,bool)
ControladorJugador:Update () (at Assets/Scripts/ControladorJugador.cs:56)

[Assets/Scripts/ControladorJugador.cs line 56]

Parameter 'isRunning' does not exist.
UnityEngine.Debug:ExtractStackTraceNoAlloc (byte*,int,string)
UnityEngine.StackTraceUtility:ExtractStackTrace ()
UnityEngine.Animator:SetBoolString (string,bool)
UnityEngine.Animator:SetBool (string,bool)
ControladorJugador:Update () (at Assets/Scripts/ControladorJugador.cs:57)

[Assets/Scripts/ControladorJugador.cs line 57]

Parameter 'isWalking' does not exist.
UnityEngine.Debug:ExtractStackTraceNoAlloc (byte*,int,string)
UnityEngine.StackTraceUtility:ExtractStackTrace ()
UnityEngine.Animator:SetBoolString (string,bool)
UnityEngine.Animator:SetBool (string,bool)
ControladorJugador:Update () (at Assets/Scripts/ControladorJugador.cs:56)

[Assets/Scripts/ControladorJugador.cs line 56]

Parameter 'isRunning' does not exist.
UnityEngine.Debug:ExtractStackTraceNoAlloc (byte*,int,string)
UnityEngine.StackTraceUtility:ExtractStackTrace ()
UnityEngine.Animator:SetBoolString (string,bool)
UnityEngine.Animator:SetBool (string,bool)
ControladorJugador:Update () (at Assets/Scripts/ControladorJugador.cs:57)

[Assets/Scripts/ControladorJugador.cs line 57]

Parameter 'isWalking' does not exist.
UnityEngine.Debug:ExtractStackTraceNoAlloc (byte*,int,string)
UnityEngine.StackTraceUtility:ExtractStackTrace ()
UnityEngine.Animator:SetBoolString (string,bool)
UnityEngine.Animator:SetBool (string,bool)
ControladorJugador:Update () (at Assets/Scripts/ControladorJugador.cs:56)

[Assets/Scripts/ControladorJugador.cs line 56]

Parameter 'isRunning' does not exist.
UnityEngine.Debug:ExtractStackTraceNoAlloc (byte*,int,string)
UnityEngine.StackTraceUtility:ExtractStackTrace ()
UnityEngine.Animator:SetBoolString (string,bool)
UnityEngine.Animator:SetBool (string,bool)
ControladorJugador:Update () (at Assets/Scripts/ControladorJugador.cs:57)

[Assets/Scripts/ControladorJugador.cs line 57]

Parameter 'isRunning' does not exist.
UnityEngine.Debug:ExtractStackTraceNoAlloc (byte*,int,string)
UnityEngine.StackTraceUtility:ExtractStackTrace ()
UnityEngine.Animator:GetBoolString (string)
UnityEngine.Animator:GetBool (string)
ControladorJugador:FixedUpdate () (at Assets/Scripts/ControladorJugador.cs:83)

[Assets/Scripts/ControladorJugador.cs line 83]

Parameter 'isWalking' does not exist.
UnityEngine.Debug:ExtractStackTraceNoAlloc (byte*,int,string)
UnityEngine.StackTraceUtility:ExtractStackTrace ()
UnityEngine.Animator:SetBoolString (string,bool)
UnityEngine.Animator:SetBool (string,bool)
ControladorJugador:Update () (at Assets/Scripts/ControladorJugador.cs:56)

[Assets/Scripts/ControladorJugador.cs line 56]

Parameter 'isRunning' does not exist.
UnityEngine.Debug:ExtractStackTraceNoAlloc (byte*,int,string)
UnityEngine.StackTraceUtility:ExtractStackTrace ()
UnityEngine.Animator:SetBoolString (string,bool)
UnityEngine.Animator:SetBool (string,bool)
ControladorJugador:Update () (at Assets/Scripts/ControladorJugador.cs:57)

[Assets/Scripts/ControladorJugador.cs line 57]

Parameter 'isWalking' does not exist.
UnityEngine.Debug:ExtractStackTraceNoAlloc (byte*,int,string)
UnityEngine.StackTraceUtility:ExtractStackTrace ()
UnityEngine.Animator:SetBoolString (string,bool)
UnityEngine.Animator:SetBool (string,bool)
ControladorJugador:Update () (at Assets/Scripts/ControladorJugador.cs:56)

[Assets/Scripts/ControladorJugador.cs line 56]

Parameter 'isRunning' does not exist.
UnityEngine.Debug:ExtractStackTraceNoAlloc (byte*,int,string)
UnityEngine.StackTraceUtility:ExtractStackTrace ()
UnityEngine.Animator:SetBoolString (string,bool)
UnityEngine.Animator:SetBool (string,bool)
ControladorJugador:Update () (at Assets/Scripts/ControladorJugador.cs:57)

[Assets/Scripts/ControladorJugador.cs line 57]

Parameter 'isRunning' does not exist.
UnityEngine.Debug:ExtractStackTraceNoAlloc (byte*,int,string)
UnityEngine.StackTraceUtility:ExtractStackTrace ()
UnityEngine.Animator:GetBoolString (string)
UnityEngine.Animator:GetBool (string)
ControladorJugador:FixedUpdate () (at Assets/Scripts/ControladorJugador.cs:83)

[Assets/Scripts/ControladorJugador.cs line 83]

Parameter 'isWalking' does not exist.
UnityEngine.Debug:ExtractStackTraceNoAlloc (byte*,int,string)
UnityEngine.StackTraceUtility:ExtractStackTrace ()
UnityEngine.Animator:SetBoolString (string,bool)
UnityEngine.Animator:SetBool (string,bool)
ControladorJugador:Update () (at Assets/Scripts/ControladorJugador.cs:56)

[Assets/Scripts/ControladorJugador.cs line 56]

Parameter 'isRunning' does not exist.
UnityEngine.Debug:ExtractStackTraceNoAlloc (byte*,int,string)
UnityEngine.StackTraceUtility:ExtractStackTrace ()
UnityEngine.Animator:SetBoolString (string,bool)
UnityEngine.Animator:SetBool (string,bool)
ControladorJugador:Update () (at Assets/Scripts/ControladorJugador.cs:57)

[Assets/Scripts/ControladorJugador.cs line 57]

Parameter 'isWalking' does not exist.
UnityEngine.Debug:ExtractStackTraceNoAlloc (byte*,int,string)
UnityEngine.StackTraceUtility:ExtractStackTrace ()
UnityEngine.Animator:SetBoolString (string,bool)
UnityEngine.Animator:SetBool (string,bool)
ControladorJugador:Update () (at Assets/Scripts/ControladorJugador.cs:56)

[Assets/Scripts/ControladorJugador.cs line 56]

Parameter 'isRunning' does not exist.
UnityEngine.Debug:ExtractStackTraceNoAlloc (byte*,int,string)
UnityEngine.StackTraceUtility:ExtractStackTrace ()
UnityEngine.Animator:SetBoolString (string,bool)
UnityEngine.Animator:SetBool (string,bool)
ControladorJugador:Update () (at Assets/Scripts/ControladorJugador.cs:57)

[Assets/Scripts/ControladorJugador.cs line 57]

Parameter 'isWalking' does not exist.
UnityEngine.Debug:ExtractStackTraceNoAlloc (byte*,int,string)
UnityEngine.StackTraceUtility:ExtractStackTrace ()
UnityEngine.Animator:SetBoolString (string,bool)
UnityEngine.Animator:SetBool (string,bool)
ControladorJugador:Update () (at Assets/Scripts/ControladorJugador.cs:56)

[Assets/Scripts/ControladorJugador.cs line 56]

Parameter 'isRunning' does not exist.
UnityEngine.Debug:ExtractStackTraceNoAlloc (byte*,int,string)
UnityEngine.StackTraceUtility:ExtractStackTrace ()
UnityEngine.Animator:SetBoolString (string,bool)
UnityEngine.Animator:SetBool (string,bool)
ControladorJugador:Update () (at Assets/Scripts/ControladorJugador.cs:57)

[Assets/Scripts/ControladorJugador.cs line 57]

Parameter 'isWalking' does not exist.
UnityEngine.Debug:ExtractStackTraceNoAlloc (byte*,int,string)
UnityEngine.StackTraceUtility:ExtractStackTrace ()
UnityEngine.Animator:SetBoolString (string,bool)
UnityEngine.Animator:SetBool (string,bool)
ControladorJugador:Update () (at Assets/Scripts/ControladorJugador.cs:56)

[Assets/Scripts/ControladorJugador.cs line 56]

Parameter 'isRunning' does not exist.
UnityEngine.Debug:ExtractStackTraceNoAlloc (byte*,int,string)
UnityEngine.StackTraceUtility:ExtractStackTrace ()
UnityEngine.Animator:SetBoolString (string,bool)
UnityEngine.Animator:SetBool (string,bool)
ControladorJugador:Update () (at Assets/Scripts/ControladorJugador.cs:57)

[Assets/Scripts/ControladorJugador.cs line 57]

Parameter 'isRunning' does not exist.
UnityEngine.Debug:ExtractStackTraceNoAlloc (byte*,int,string)
UnityEngine.StackTraceUtility:ExtractStackTrace ()
UnityEngine.Animator:GetBoolString (string)
UnityEngine.Animator:GetBool (string)
ControladorJugador:FixedUpdate () (at Assets/Scripts/ControladorJugador.cs:83)

[Assets/Scripts/ControladorJugador.cs line 83]

Parameter 'isWalking' does not exist.
UnityEngine.Debug:ExtractStackTraceNoAlloc (byte*,int,string)
UnityEngine.StackTraceUtility:ExtractStackTrace ()
UnityEngine.Animator:SetBoolString (string,bool)
UnityEngine.Animator:SetBool (string,bool)
ControladorJugador:Update () (at Assets/Scripts/ControladorJugador.cs:56)

[Assets/Scripts/ControladorJugador.cs line 56]

Parameter 'isRunning' does not exist.
UnityEngine.Debug:ExtractStackTraceNoAlloc (byte*,int,string)
UnityEngine.StackTraceUtility:ExtractStackTrace ()
UnityEngine.Animator:SetBoolString (string,bool)
UnityEngine.Animator:SetBool (string,bool)
ControladorJugador:Update () (at Assets/Scripts/ControladorJugador.cs:57)

[Assets/Scripts/ControladorJugador.cs line 57]

Parameter 'isWalking' does not exist.
UnityEngine.Debug:ExtractStackTraceNoAlloc (byte*,int,string)
UnityEngine.StackTraceUtility:ExtractStackTrace ()
UnityEngine.Animator:SetBoolString (string,bool)
UnityEngine.Animator:SetBool (string,bool)
ControladorJugador:Update () (at Assets/Scripts/ControladorJugador.cs:56)

[Assets/Scripts/ControladorJugador.cs line 56]

Parameter 'isRunning' does not exist.
UnityEngine.Debug:ExtractStackTraceNoAlloc (byte*,int,string)
UnityEngine.StackTraceUtility:ExtractStackTrace ()
UnityEngine.Animator:SetBoolString (string,bool)
UnityEngine.Animator:SetBool (string,bool)
ControladorJugador:Update () (at Assets/Scripts/ControladorJugador.cs:57)

[Assets/Scripts/ControladorJugador.cs line 57]

Parameter 'isWalking' does not exist.
UnityEngine.Debug:ExtractStackTraceNoAlloc (byte*,int,string)
UnityEngine.StackTraceUtility:ExtractStackTrace ()
UnityEngine.Animator:SetBoolString (string,bool)
UnityEngine.Animator:SetBool (string,bool)
ControladorJugador:Update () (at Assets/Scripts/ControladorJugador.cs:56)

[Assets/Scripts/ControladorJugador.cs line 56]

Parameter 'isRunning' does not exist.
UnityEngine.Debug:ExtractStackTraceNoAlloc (byte*,int,string)
UnityEngine.StackTraceUtility:ExtractStackTrace ()
UnityEngine.Animator:SetBoolString (string,bool)
UnityEngine.Animator:SetBool (string,bool)
ControladorJugador:Update () (at Assets/Scripts/ControladorJugador.cs:57)

[Assets/Scripts/ControladorJugador.cs line 57]

Parameter 'isRunning' does not exist.
UnityEngine.Debug:ExtractStackTraceNoAlloc (byte*,int,string)
UnityEngine.StackTraceUtility:ExtractStackTrace ()
UnityEngine.Animator:GetBoolString (string)
UnityEngine.Animator:GetBool (string)
ControladorJugador:FixedUpdate () (at Assets/Scripts/ControladorJugador.cs:83)

[Assets/Scripts/ControladorJugador.cs line 83]

Parameter 'isWalking' does not exist.
UnityEngine.Debug:ExtractStackTraceNoAlloc (byte*,int,string)
UnityEngine.StackTraceUtility:ExtractStackTrace ()
UnityEngine.Animator:SetBoolString (string,bool)
UnityEngine.Animator:SetBool (string,bool)
ControladorJugador:Update () (at Assets/Scripts/ControladorJugador.cs:56)

[Assets/Scripts/ControladorJugador.cs line 56]

Parameter 'isRunning' does not exist.
UnityEngine.Debug:ExtractStackTraceNoAlloc (byte*,int,string)
UnityEngine.StackTraceUtility:ExtractStackTrace ()
UnityEngine.Animator:SetBoolString (string,bool)
UnityEngine.Animator:SetBool (string,bool)
ControladorJugador:Update () (at Assets/Scripts/ControladorJugador.cs:57)

[Assets/Scripts/ControladorJugador.cs line 57]

Parameter 'isWalking' does not exist.
UnityEngine.Debug:ExtractStackTraceNoAlloc (byte*,int,string)
UnityEngine.StackTraceUtility:ExtractStackTrace ()
UnityEngine.Animator:SetBoolString (string,bool)
UnityEngine.Animator:SetBool (string,bool)
ControladorJugador:Update () (at Assets/Scripts/ControladorJugador.cs:56)

[Assets/Scripts/ControladorJugador.cs line 56]

Parameter 'isRunning' does not exist.
UnityEngine.Debug:ExtractStackTraceNoAlloc (byte*,int,string)
UnityEngine.StackTraceUtility:ExtractStackTrace ()
UnityEngine.Animator:SetBoolString (string,bool)
UnityEngine.Animator:SetBool (string,bool)
ControladorJugador:Update () (at Assets/Scripts/ControladorJugador.cs:57)

[Assets/Scripts/ControladorJugador.cs line 57]

Parameter 'isRunning' does not exist.
UnityEngine.Debug:ExtractStackTraceNoAlloc (byte*,int,string)
UnityEngine.StackTraceUtility:ExtractStackTrace ()
UnityEngine.Animator:GetBoolString (string)
UnityEngine.Animator:GetBool (string)
ControladorJugador:FixedUpdate () (at Assets/Scripts/ControladorJugador.cs:83)

[Assets/Scripts/ControladorJugador.cs line 83]

Parameter 'isWalking' does not exist.
UnityEngine.Debug:ExtractStackTraceNoAlloc (byte*,int,string)
UnityEngine.StackTraceUtility:ExtractStackTrace ()
UnityEngine.Animator:SetBoolString (string,bool)
UnityEngine.Animator:SetBool (string,bool)
ControladorJugador:Update () (at Assets/Scripts/ControladorJugador.cs:56)

[Assets/Scripts/ControladorJugador.cs line 56]

Parameter 'isRunning' does not exist.
UnityEngine.Debug:ExtractStackTraceNoAlloc (byte*,int,string)
UnityEngine.StackTraceUtility:ExtractStackTrace ()
UnityEngine.Animator:SetBoolString (string,bool)
UnityEngine.Animator:SetBool (string,bool)
ControladorJugador:Update () (at Assets/Scripts/ControladorJugador.cs:57)

[Assets/Scripts/ControladorJugador.cs line 57]

Parameter 'isWalking' does not exist.
UnityEngine.Debug:ExtractStackTraceNoAlloc (byte*,int,string)
UnityEngine.StackTraceUtility:ExtractStackTrace ()
UnityEngine.Animator:SetBoolString (string,bool)
UnityEngine.Animator:SetBool (string,bool)
ControladorJugador:Update () (at Assets/Scripts/ControladorJugador.cs:56)

[Assets/Scripts/ControladorJugador.cs line 56]

Parameter 'isRunning' does not exist.
UnityEngine.Debug:ExtractStackTraceNoAlloc (byte*,int,string)
UnityEngine.StackTraceUtility:ExtractStackTrace ()
UnityEngine.Animator:SetBoolString (string,bool)
UnityEngine.Animator:SetBool (string,bool)
ControladorJugador:Update () (at Assets/Scripts/ControladorJugador.cs:57)

[Assets/Scripts/ControladorJugador.cs line 57]

Parameter 'isWalking' does not exist.
UnityEngine.Debug:ExtractStackTraceNoAlloc (byte*,int,string)
UnityEngine.StackTraceUtility:ExtractStackTrace ()
UnityEngine.Animator:SetBoolString (string,bool)
UnityEngine.Animator:SetBool (string,bool)
ControladorJugador:Update () (at Assets/Scripts/ControladorJugador.cs:56)

[Assets/Scripts/ControladorJugador.cs line 56]

Parameter 'isRunning' does not exist.
UnityEngine.Debug:ExtractStackTraceNoAlloc (byte*,int,string)
UnityEngine.StackTraceUtility:ExtractStackTrace ()
UnityEngine.Animator:SetBoolString (string,bool)
UnityEngine.Animator:SetBool (string,bool)
ControladorJugador:Update () (at Assets/Scripts/ControladorJugador.cs:57)

[Assets/Scripts/ControladorJugador.cs line 57]

Parameter 'isRunning' does not exist.
UnityEngine.Debug:ExtractStackTraceNoAlloc (byte*,int,string)
UnityEngine.StackTraceUtility:ExtractStackTrace ()
UnityEngine.Animator:GetBoolString (string)
UnityEngine.Animator:GetBool (string)
ControladorJugador:FixedUpdate () (at Assets/Scripts/ControladorJugador.cs:83)

[Assets/Scripts/ControladorJugador.cs line 83]

Parameter 'isWalking' does not exist.
UnityEngine.Debug:ExtractStackTraceNoAlloc (byte*,int,string)
UnityEngine.StackTraceUtility:ExtractStackTrace ()
UnityEngine.Animator:SetBoolString (string,bool)
UnityEngine.Animator:SetBool (string,bool)
ControladorJugador:Update () (at Assets/Scripts/ControladorJugador.cs:56)

[Assets/Scripts/ControladorJugador.cs line 56]

Parameter 'isRunning' does not exist.
UnityEngine.Debug:ExtractStackTraceNoAlloc (byte*,int,string)
UnityEngine.StackTraceUtility:ExtractStackTrace ()
UnityEngine.Animator:SetBoolString (string,bool)
UnityEngine.Animator:SetBool (string,bool)
ControladorJugador:Update () (at Assets/Scripts/ControladorJugador.cs:57)

[Assets/Scripts/ControladorJugador.cs line 57]

Parameter 'isWalking' does not exist.
UnityEngine.Debug:ExtractStackTraceNoAlloc (byte*,int,string)
UnityEngine.StackTraceUtility:ExtractStackTrace ()
UnityEngine.Animator:SetBoolString (string,bool)
UnityEngine.Animator:SetBool (string,bool)
ControladorJugador:Update () (at Assets/Scripts/ControladorJugador.cs:56)

[Assets/Scripts/ControladorJugador.cs line 56]

Parameter 'isRunning' does not exist.
UnityEngine.Debug:ExtractStackTraceNoAlloc (byte*,int,string)
UnityEngine.StackTraceUtility:ExtractStackTrace ()
UnityEngine.Animator:SetBoolString (string,bool)
UnityEngine.Animator:SetBool (string,bool)
ControladorJugador:Update () (at Assets/Scripts/ControladorJugador.cs:57)

[Assets/Scripts/ControladorJugador.cs line 57]

Parameter 'isWalking' does not exist.
UnityEngine.Debug:ExtractStackTraceNoAlloc (byte*,int,string)
UnityEngine.StackTraceUtility:ExtractStackTrace ()
UnityEngine.Animator:SetBoolString (string,bool)
UnityEngine.Animator:SetBool (string,bool)
ControladorJugador:Update () (at Assets/Scripts/ControladorJugador.cs:56)

[Assets/Scripts/ControladorJugador.cs line 56]

Parameter 'isRunning' does not exist.
UnityEngine.Debug:ExtractStackTraceNoAlloc (byte*,int,string)
UnityEngine.StackTraceUtility:ExtractStackTrace ()
UnityEngine.Animator:SetBoolString (string,bool)
UnityEngine.Animator:SetBool (string,bool)
ControladorJugador:Update () (at Assets/Scripts/ControladorJugador.cs:57)

[Assets/Scripts/ControladorJugador.cs line 57]

Parameter 'isWalking' does not exist.
UnityEngine.Debug:ExtractStackTraceNoAlloc (byte*,int,string)
UnityEngine.StackTraceUtility:ExtractStackTrace ()
UnityEngine.Animator:SetBoolString (string,bool)
UnityEngine.Animator:SetBool (string,bool)
ControladorJugador:Update () (at Assets/Scripts/ControladorJugador.cs:56)

[Assets/Scripts/ControladorJugador.cs line 56]

Parameter 'isRunning' does not exist.
UnityEngine.Debug:ExtractStackTraceNoAlloc (byte*,int,string)
UnityEngine.StackTraceUtility:ExtractStackTrace ()
UnityEngine.Animator:SetBoolString (string,bool)
UnityEngine.Animator:SetBool (string,bool)
ControladorJugador:Update () (at Assets/Scripts/ControladorJugador.cs:57)

[Assets/Scripts/ControladorJugador.cs line 57]

Parameter 'isRunning' does not exist.
UnityEngine.Debug:ExtractStackTraceNoAlloc (byte*,int,string)
UnityEngine.StackTraceUtility:ExtractStackTrace ()
UnityEngine.Animator:GetBoolString (string)
UnityEngine.Animator:GetBool (string)
ControladorJugador:FixedUpdate () (at Assets/Scripts/ControladorJugador.cs:83)

[Assets/Scripts/ControladorJugador.cs line 83]

Parameter 'isWalking' does not exist.
UnityEngine.Debug:ExtractStackTraceNoAlloc (byte*,int,string)
UnityEngine.StackTraceUtility:ExtractStackTrace ()
UnityEngine.Animator:SetBoolString (string,bool)
UnityEngine.Animator:SetBool (string,bool)
ControladorJugador:Update () (at Assets/Scripts/ControladorJugador.cs:56)

[Assets/Scripts/ControladorJugador.cs line 56]

Parameter 'isRunning' does not exist.
UnityEngine.Debug:ExtractStackTraceNoAlloc (byte*,int,string)
UnityEngine.StackTraceUtility:ExtractStackTrace ()
UnityEngine.Animator:SetBoolString (string,bool)
UnityEngine.Animator:SetBool (string,bool)
ControladorJugador:Update () (at Assets/Scripts/ControladorJugador.cs:57)

[Assets/Scripts/ControladorJugador.cs line 57]

Parameter 'isWalking' does not exist.
UnityEngine.Debug:ExtractStackTraceNoAlloc (byte*,int,string)
UnityEngine.StackTraceUtility:ExtractStackTrace ()
UnityEngine.Animator:SetBoolString (string,bool)
UnityEngine.Animator:SetBool (string,bool)
ControladorJugador:Update () (at Assets/Scripts/ControladorJugador.cs:56)

[Assets/Scripts/ControladorJugador.cs line 56]

Parameter 'isRunning' does not exist.
UnityEngine.Debug:ExtractStackTraceNoAlloc (byte*,int,string)
UnityEngine.StackTraceUtility:ExtractStackTrace ()
UnityEngine.Animator:SetBoolString (string,bool)
UnityEngine.Animator:SetBool (string,bool)
ControladorJugador:Update () (at Assets/Scripts/ControladorJugador.cs:57)

[Assets/Scripts/ControladorJugador.cs line 57]

Parameter 'isWalking' does not exist.
UnityEngine.Debug:ExtractStackTraceNoAlloc (byte*,int,string)
UnityEngine.StackTraceUtility:ExtractStackTrace ()
UnityEngine.Animator:SetBoolString (string,bool)
UnityEngine.Animator:SetBool (string,bool)
ControladorJugador:Update () (at Assets/Scripts/ControladorJugador.cs:56)

[Assets/Scripts/ControladorJugador.cs line 56]

Parameter 'isRunning' does not exist.
UnityEngine.Debug:ExtractStackTraceNoAlloc (byte*,int,string)
UnityEngine.StackTraceUtility:ExtractStackTrace ()
UnityEngine.Animator:SetBoolString (string,bool)
UnityEngine.Animator:SetBool (string,bool)
ControladorJugador:Update () (at Assets/Scripts/ControladorJugador.cs:57)

[Assets/Scripts/ControladorJugador.cs line 57]

Parameter 'isRunning' does not exist.
UnityEngine.Debug:ExtractStackTraceNoAlloc (byte*,int,string)
UnityEngine.StackTraceUtility:ExtractStackTrace ()
UnityEngine.Animator:GetBoolString (string)
UnityEngine.Animator:GetBool (string)
ControladorJugador:FixedUpdate () (at Assets/Scripts/ControladorJugador.cs:83)

[Assets/Scripts/ControladorJugador.cs line 83]

Parameter 'isWalking' does not exist.
UnityEngine.Debug:ExtractStackTraceNoAlloc (byte*,int,string)
UnityEngine.StackTraceUtility:ExtractStackTrace ()
UnityEngine.Animator:SetBoolString (string,bool)
UnityEngine.Animator:SetBool (string,bool)
ControladorJugador:Update () (at Assets/Scripts/ControladorJugador.cs:56)

[Assets/Scripts/ControladorJugador.cs line 56]

Parameter 'isRunning' does not exist.
UnityEngine.Debug:ExtractStackTraceNoAlloc (byte*,int,string)
UnityEngine.StackTraceUtility:ExtractStackTrace ()
UnityEngine.Animator:SetBoolString (string,bool)
UnityEngine.Animator:SetBool (string,bool)
ControladorJugador:Update () (at Assets/Scripts/ControladorJugador.cs:57)

[Assets/Scripts/ControladorJugador.cs line 57]

Parameter 'isWalking' does not exist.
UnityEngine.Debug:ExtractStackTraceNoAlloc (byte*,int,string)
UnityEngine.StackTraceUtility:ExtractStackTrace ()
UnityEngine.Animator:SetBoolString (string,bool)
UnityEngine.Animator:SetBool (string,bool)
ControladorJugador:Update () (at Assets/Scripts/ControladorJugador.cs:56)

[Assets/Scripts/ControladorJugador.cs line 56]

Parameter 'isRunning' does not exist.
UnityEngine.Debug:ExtractStackTraceNoAlloc (byte*,int,string)
UnityEngine.StackTraceUtility:ExtractStackTrace ()
UnityEngine.Animator:SetBoolString (string,bool)
UnityEngine.Animator:SetBool (string,bool)
ControladorJugador:Update () (at Assets/Scripts/ControladorJugador.cs:57)

[Assets/Scripts/ControladorJugador.cs line 57]

Parameter 'isWalking' does not exist.
UnityEngine.Debug:ExtractStackTraceNoAlloc (byte*,int,string)
UnityEngine.StackTraceUtility:ExtractStackTrace ()
UnityEngine.Animator:SetBoolString (string,bool)
UnityEngine.Animator:SetBool (string,bool)
ControladorJugador:Update () (at Assets/Scripts/ControladorJugador.cs:56)

[Assets/Scripts/ControladorJugador.cs line 56]

Parameter 'isRunning' does not exist.
UnityEngine.Debug:ExtractStackTraceNoAlloc (byte*,int,string)
UnityEngine.StackTraceUtility:ExtractStackTrace ()
UnityEngine.Animator:SetBoolString (string,bool)
UnityEngine.Animator:SetBool (string,bool)
ControladorJugador:Update () (at Assets/Scripts/ControladorJugador.cs:57)

[Assets/Scripts/ControladorJugador.cs line 57]

Parameter 'isWalking' does not exist.
UnityEngine.Debug:ExtractStackTraceNoAlloc (byte*,int,string)
UnityEngine.StackTraceUtility:ExtractStackTrace ()
UnityEngine.Animator:SetBoolString (string,bool)
UnityEngine.Animator:SetBool (string,bool)
ControladorJugador:Update () (at Assets/Scripts/ControladorJugador.cs:56)

[Assets/Scripts/ControladorJugador.cs line 56]

Parameter 'isRunning' does not exist.
UnityEngine.Debug:ExtractStackTraceNoAlloc (byte*,int,string)
UnityEngine.StackTraceUtility:ExtractStackTrace ()
UnityEngine.Animator:SetBoolString (string,bool)
UnityEngine.Animator:SetBool (string,bool)
ControladorJugador:Update () (at Assets/Scripts/ControladorJugador.cs:57)

[Assets/Scripts/ControladorJugador.cs line 57]

Parameter 'isWalking' does not exist.
UnityEngine.Debug:ExtractStackTraceNoAlloc (byte*,int,string)
UnityEngine.StackTraceUtility:ExtractStackTrace ()
UnityEngine.Animator:SetBoolString (string,bool)
UnityEngine.Animator:SetBool (string,bool)
ControladorJugador:Update () (at Assets/Scripts/ControladorJugador.cs:56)

[Assets/Scripts/ControladorJugador.cs line 56]

Parameter 'isRunning' does not exist.
UnityEngine.Debug:ExtractStackTraceNoAlloc (byte*,int,string)
UnityEngine.StackTraceUtility:ExtractStackTrace ()
UnityEngine.Animator:SetBoolString (string,bool)
UnityEngine.Animator:SetBool (string,bool)
ControladorJugador:Update () (at Assets/Scripts/ControladorJugador.cs:57)

[Assets/Scripts/ControladorJugador.cs line 57]

Parameter 'isRunning' does not exist.
UnityEngine.Debug:ExtractStackTraceNoAlloc (byte*,int,string)
UnityEngine.StackTraceUtility:ExtractStackTrace ()
UnityEngine.Animator:GetBoolString (string)
UnityEngine.Animator:GetBool (string)
ControladorJugador:FixedUpdate () (at Assets/Scripts/ControladorJugador.cs:83)

[Assets/Scripts/ControladorJugador.cs line 83]

Parameter 'isWalking' does not exist.
UnityEngine.Debug:ExtractStackTraceNoAlloc (byte*,int,string)
UnityEngine.StackTraceUtility:ExtractStackTrace ()
UnityEngine.Animator:SetBoolString (string,bool)
UnityEngine.Animator:SetBool (string,bool)
ControladorJugador:Update () (at Assets/Scripts/ControladorJugador.cs:56)

[Assets/Scripts/ControladorJugador.cs line 56]

Parameter 'isRunning' does not exist.
UnityEngine.Debug:ExtractStackTraceNoAlloc (byte*,int,string)
UnityEngine.StackTraceUtility:ExtractStackTrace ()
UnityEngine.Animator:SetBoolString (string,bool)
UnityEngine.Animator:SetBool (string,bool)
ControladorJugador:Update () (at Assets/Scripts/ControladorJugador.cs:57)

[Assets/Scripts/ControladorJugador.cs line 57]

Parameter 'isWalking' does not exist.
UnityEngine.Debug:ExtractStackTraceNoAlloc (byte*,int,string)
UnityEngine.StackTraceUtility:ExtractStackTrace ()
UnityEngine.Animator:SetBoolString (string,bool)
UnityEngine.Animator:SetBool (string,bool)
ControladorJugador:Update () (at Assets/Scripts/ControladorJugador.cs:56)

[Assets/Scripts/ControladorJugador.cs line 56]

Parameter 'isRunning' does not exist.
UnityEngine.Debug:ExtractStackTraceNoAlloc (byte*,int,string)
UnityEngine.StackTraceUtility:ExtractStackTrace ()
UnityEngine.Animator:SetBoolString (string,bool)
UnityEngine.Animator:SetBool (string,bool)
ControladorJugador:Update () (at Assets/Scripts/ControladorJugador.cs:57)

[Assets/Scripts/ControladorJugador.cs line 57]

Parameter 'isWalking' does not exist.
UnityEngine.Debug:ExtractStackTraceNoAlloc (byte*,int,string)
UnityEngine.StackTraceUtility:ExtractStackTrace ()
UnityEngine.Animator:SetBoolString (string,bool)
UnityEngine.Animator:SetBool (string,bool)
ControladorJugador:Update () (at Assets/Scripts/ControladorJugador.cs:56)

[Assets/Scripts/ControladorJugador.cs line 56]

Parameter 'isRunning' does not exist.
UnityEngine.Debug:ExtractStackTraceNoAlloc (byte*,int,string)
UnityEngine.StackTraceUtility:ExtractStackTrace ()
UnityEngine.Animator:SetBoolString (string,bool)
UnityEngine.Animator:SetBool (string,bool)
ControladorJugador:Update () (at Assets/Scripts/ControladorJugador.cs:57)

[Assets/Scripts/ControladorJugador.cs line 57]

Parameter 'isRunning' does not exist.
UnityEngine.Debug:ExtractStackTraceNoAlloc (byte*,int,string)
UnityEngine.StackTraceUtility:ExtractStackTrace ()
UnityEngine.Animator:GetBoolString (string)
UnityEngine.Animator:GetBool (string)
ControladorJugador:FixedUpdate () (at Assets/Scripts/ControladorJugador.cs:83)

[Assets/Scripts/ControladorJugador.cs line 83]

Parameter 'isWalking' does not exist.
UnityEngine.Debug:ExtractStackTraceNoAlloc (byte*,int,string)
UnityEngine.StackTraceUtility:ExtractStackTrace ()
UnityEngine.Animator:SetBoolString (string,bool)
UnityEngine.Animator:SetBool (string,bool)
ControladorJugador:Update () (at Assets/Scripts/ControladorJugador.cs:56)

[Assets/Scripts/ControladorJugador.cs line 56]

Parameter 'isRunning' does not exist.
UnityEngine.Debug:ExtractStackTraceNoAlloc (byte*,int,string)
UnityEngine.StackTraceUtility:ExtractStackTrace ()
UnityEngine.Animator:SetBoolString (string,bool)
UnityEngine.Animator:SetBool (string,bool)
ControladorJugador:Update () (at Assets/Scripts/ControladorJugador.cs:57)

[Assets/Scripts/ControladorJugador.cs line 57]

Parameter 'isWalking' does not exist.
UnityEngine.Debug:ExtractStackTraceNoAlloc (byte*,int,string)
UnityEngine.StackTraceUtility:ExtractStackTrace ()
UnityEngine.Animator:SetBoolString (string,bool)
UnityEngine.Animator:SetBool (string,bool)
ControladorJugador:Update () (at Assets/Scripts/ControladorJugador.cs:56)

[Assets/Scripts/ControladorJugador.cs line 56]

Parameter 'isRunning' does not exist.
UnityEngine.Debug:ExtractStackTraceNoAlloc (byte*,int,string)
UnityEngine.StackTraceUtility:ExtractStackTrace ()
UnityEngine.Animator:SetBoolString (string,bool)
UnityEngine.Animator:SetBool (string,bool)
ControladorJugador:Update () (at Assets/Scripts/ControladorJugador.cs:57)

[Assets/Scripts/ControladorJugador.cs line 57]

Parameter 'isWalking' does not exist.
UnityEngine.Debug:ExtractStackTraceNoAlloc (byte*,int,string)
UnityEngine.StackTraceUtility:ExtractStackTrace ()
UnityEngine.Animator:SetBoolString (string,bool)
UnityEngine.Animator:SetBool (string,bool)
ControladorJugador:Update () (at Assets/Scripts/ControladorJugador.cs:56)

[Assets/Scripts/ControladorJugador.cs line 56]

Parameter 'isRunning' does not exist.
UnityEngine.Debug:ExtractStackTraceNoAlloc (byte*,int,string)
UnityEngine.StackTraceUtility:ExtractStackTrace ()
UnityEngine.Animator:SetBoolString (string,bool)
UnityEngine.Animator:SetBool (string,bool)
ControladorJugador:Update () (at Assets/Scripts/ControladorJugador.cs:57)

[Assets/Scripts/ControladorJugador.cs line 57]

Parameter 'isRunning' does not exist.
UnityEngine.Debug:ExtractStackTraceNoAlloc (byte*,int,string)
UnityEngine.StackTraceUtility:ExtractStackTrace ()
UnityEngine.Animator:GetBoolString (string)
UnityEngine.Animator:GetBool (string)
ControladorJugador:FixedUpdate () (at Assets/Scripts/ControladorJugador.cs:83)

[Assets/Scripts/ControladorJugador.cs line 83]

Parameter 'isWalking' does not exist.
UnityEngine.Debug:ExtractStackTraceNoAlloc (byte*,int,string)
UnityEngine.StackTraceUtility:ExtractStackTrace ()
UnityEngine.Animator:SetBoolString (string,bool)
UnityEngine.Animator:SetBool (string,bool)
ControladorJugador:Update () (at Assets/Scripts/ControladorJugador.cs:56)

[Assets/Scripts/ControladorJugador.cs line 56]

Parameter 'isRunning' does not exist.
UnityEngine.Debug:ExtractStackTraceNoAlloc (byte*,int,string)
UnityEngine.StackTraceUtility:ExtractStackTrace ()
UnityEngine.Animator:SetBoolString (string,bool)
UnityEngine.Animator:SetBool (string,bool)
ControladorJugador:Update () (at Assets/Scripts/ControladorJugador.cs:57)

[Assets/Scripts/ControladorJugador.cs line 57]

Parameter 'isWalking' does not exist.
UnityEngine.Debug:ExtractStackTraceNoAlloc (byte*,int,string)
UnityEngine.StackTraceUtility:ExtractStackTrace ()
UnityEngine.Animator:SetBoolString (string,bool)
UnityEngine.Animator:SetBool (string,bool)
ControladorJugador:Update () (at Assets/Scripts/ControladorJugador.cs:56)

[Assets/Scripts/ControladorJugador.cs line 56]

Parameter 'isRunning' does not exist.
UnityEngine.Debug:ExtractStackTraceNoAlloc (byte*,int,string)
UnityEngine.StackTraceUtility:ExtractStackTrace ()
UnityEngine.Animator:SetBoolString (string,bool)
UnityEngine.Animator:SetBool (string,bool)
ControladorJugador:Update () (at Assets/Scripts/ControladorJugador.cs:57)

[Assets/Scripts/ControladorJugador.cs line 57]

Parameter 'isWalking' does not exist.
UnityEngine.Debug:ExtractStackTraceNoAlloc (byte*,int,string)
UnityEngine.StackTraceUtility:ExtractStackTrace ()
UnityEngine.Animator:SetBoolString (string,bool)
UnityEngine.Animator:SetBool (string,bool)
ControladorJugador:Update () (at Assets/Scripts/ControladorJugador.cs:56)

[Assets/Scripts/ControladorJugador.cs line 56]

Parameter 'isRunning' does not exist.
UnityEngine.Debug:ExtractStackTraceNoAlloc (byte*,int,string)
UnityEngine.StackTraceUtility:ExtractStackTrace ()
UnityEngine.Animator:SetBoolString (string,bool)
UnityEngine.Animator:SetBool (string,bool)
ControladorJugador:Update () (at Assets/Scripts/ControladorJugador.cs:57)

[Assets/Scripts/ControladorJugador.cs line 57]

Parameter 'isRunning' does not exist.
UnityEngine.Debug:ExtractStackTraceNoAlloc (byte*,int,string)
UnityEngine.StackTraceUtility:ExtractStackTrace ()
UnityEngine.Animator:GetBoolString (string)
UnityEngine.Animator:GetBool (string)
ControladorJugador:FixedUpdate () (at Assets/Scripts/ControladorJugador.cs:83)

[Assets/Scripts/ControladorJugador.cs line 83]

Parameter 'isWalking' does not exist.
UnityEngine.Debug:ExtractStackTraceNoAlloc (byte*,int,string)
UnityEngine.StackTraceUtility:ExtractStackTrace ()
UnityEngine.Animator:SetBoolString (string,bool)
UnityEngine.Animator:SetBool (string,bool)
ControladorJugador:Update () (at Assets/Scripts/ControladorJugador.cs:56)

[Assets/Scripts/ControladorJugador.cs line 56]

Parameter 'isRunning' does not exist.
UnityEngine.Debug:ExtractStackTraceNoAlloc (byte*,int,string)
UnityEngine.StackTraceUtility:ExtractStackTrace ()
UnityEngine.Animator:SetBoolString (string,bool)
UnityEngine.Animator:SetBool (string,bool)
ControladorJugador:Update () (at Assets/Scripts/ControladorJugador.cs:57)

[Assets/Scripts/ControladorJugador.cs line 57]

Parameter 'isWalking' does not exist.
UnityEngine.Debug:ExtractStackTraceNoAlloc (byte*,int,string)
UnityEngine.StackTraceUtility:ExtractStackTrace ()
UnityEngine.Animator:SetBoolString (string,bool)
UnityEngine.Animator:SetBool (string,bool)
ControladorJugador:Update () (at Assets/Scripts/ControladorJugador.cs:56)

[Assets/Scripts/ControladorJugador.cs line 56]

Parameter 'isRunning' does not exist.
UnityEngine.Debug:ExtractStackTraceNoAlloc (byte*,int,string)
UnityEngine.StackTraceUtility:ExtractStackTrace ()
UnityEngine.Animator:SetBoolString (string,bool)
UnityEngine.Animator:SetBool (string,bool)
ControladorJugador:Update () (at Assets/Scripts/ControladorJugador.cs:57)

[Assets/Scripts/ControladorJugador.cs line 57]

Parameter 'isWalking' does not exist.
UnityEngine.Debug:ExtractStackTraceNoAlloc (byte*,int,string)
UnityEngine.StackTraceUtility:ExtractStackTrace ()
UnityEngine.Animator:SetBoolString (string,bool)
UnityEngine.Animator:SetBool (string,bool)
ControladorJugador:Update () (at Assets/Scripts/ControladorJugador.cs:56)

[Assets/Scripts/ControladorJugador.cs line 56]

Parameter 'isRunning' does not exist.
UnityEngine.Debug:ExtractStackTraceNoAlloc (byte*,int,string)
UnityEngine.StackTraceUtility:ExtractStackTrace ()
UnityEngine.Animator:SetBoolString (string,bool)
UnityEngine.Animator:SetBool (string,bool)
ControladorJugador:Update () (at Assets/Scripts/ControladorJugador.cs:57)

[Assets/Scripts/ControladorJugador.cs line 57]

Parameter 'isRunning' does not exist.
UnityEngine.Debug:ExtractStackTraceNoAlloc (byte*,int,string)
UnityEngine.StackTraceUtility:ExtractStackTrace ()
UnityEngine.Animator:GetBoolString (string)
UnityEngine.Animator:GetBool (string)
ControladorJugador:FixedUpdate () (at Assets/Scripts/ControladorJugador.cs:83)

[Assets/Scripts/ControladorJugador.cs line 83]

Parameter 'isWalking' does not exist.
UnityEngine.Debug:ExtractStackTraceNoAlloc (byte*,int,string)
UnityEngine.StackTraceUtility:ExtractStackTrace ()
UnityEngine.Animator:SetBoolString (string,bool)
UnityEngine.Animator:SetBool (string,bool)
ControladorJugador:Update () (at Assets/Scripts/ControladorJugador.cs:56)

[Assets/Scripts/ControladorJugador.cs line 56]

Parameter 'isRunning' does not exist.
UnityEngine.Debug:ExtractStackTraceNoAlloc (byte*,int,string)
UnityEngine.StackTraceUtility:ExtractStackTrace ()
UnityEngine.Animator:SetBoolString (string,bool)
UnityEngine.Animator:SetBool (string,bool)
ControladorJugador:Update () (at Assets/Scripts/ControladorJugador.cs:57)

[Assets/Scripts/ControladorJugador.cs line 57]

Parameter 'isWalking' does not exist.
UnityEngine.Debug:ExtractStackTraceNoAlloc (byte*,int,string)
UnityEngine.StackTraceUtility:ExtractStackTrace ()
UnityEngine.Animator:SetBoolString (string,bool)
UnityEngine.Animator:SetBool (string,bool)
ControladorJugador:Update () (at Assets/Scripts/ControladorJugador.cs:56)

[Assets/Scripts/ControladorJugador.cs line 56]

Parameter 'isRunning' does not exist.
UnityEngine.Debug:ExtractStackTraceNoAlloc (byte*,int,string)
UnityEngine.StackTraceUtility:ExtractStackTrace ()
UnityEngine.Animator:SetBoolString (string,bool)
UnityEngine.Animator:SetBool (string,bool)
ControladorJugador:Update () (at Assets/Scripts/ControladorJugador.cs:57)

[Assets/Scripts/ControladorJugador.cs line 57]

Parameter 'isWalking' does not exist.
UnityEngine.Debug:ExtractStackTraceNoAlloc (byte*,int,string)
UnityEngine.StackTraceUtility:ExtractStackTrace ()
UnityEngine.Animator:SetBoolString (string,bool)
UnityEngine.Animator:SetBool (string,bool)
ControladorJugador:Update () (at Assets/Scripts/ControladorJugador.cs:56)

[Assets/Scripts/ControladorJugador.cs line 56]

Parameter 'isRunning' does not exist.
UnityEngine.Debug:ExtractStackTraceNoAlloc (byte*,int,string)
UnityEngine.StackTraceUtility:ExtractStackTrace ()
UnityEngine.Animator:SetBoolString (string,bool)
UnityEngine.Animator:SetBool (string,bool)
ControladorJugador:Update () (at Assets/Scripts/ControladorJugador.cs:57)

[Assets/Scripts/ControladorJugador.cs line 57]

Parameter 'isRunning' does not exist.
UnityEngine.Debug:ExtractStackTraceNoAlloc (byte*,int,string)
UnityEngine.StackTraceUtility:ExtractStackTrace ()
UnityEngine.Animator:GetBoolString (string)
UnityEngine.Animator:GetBool (string)
ControladorJugador:FixedUpdate () (at Assets/Scripts/ControladorJugador.cs:83)

[Assets/Scripts/ControladorJugador.cs line 83]

Parameter 'isWalking' does not exist.
UnityEngine.Debug:ExtractStackTraceNoAlloc (byte*,int,string)
UnityEngine.StackTraceUtility:ExtractStackTrace ()
UnityEngine.Animator:SetBoolString (string,bool)
UnityEngine.Animator:SetBool (string,bool)
ControladorJugador:Update () (at Assets/Scripts/ControladorJugador.cs:56)

[Assets/Scripts/ControladorJugador.cs line 56]

Parameter 'isRunning' does not exist.
UnityEngine.Debug:ExtractStackTraceNoAlloc (byte*,int,string)
UnityEngine.StackTraceUtility:ExtractStackTrace ()
UnityEngine.Animator:SetBoolString (string,bool)
UnityEngine.Animator:SetBool (string,bool)
ControladorJugador:Update () (at Assets/Scripts/ControladorJugador.cs:57)

[Assets/Scripts/ControladorJugador.cs line 57]

Parameter 'isWalking' does not exist.
UnityEngine.Debug:ExtractStackTraceNoAlloc (byte*,int,string)
UnityEngine.StackTraceUtility:ExtractStackTrace ()
UnityEngine.Animator:SetBoolString (string,bool)
UnityEngine.Animator:SetBool (string,bool)
ControladorJugador:Update () (at Assets/Scripts/ControladorJugador.cs:56)

[Assets/Scripts/ControladorJugador.cs line 56]

Parameter 'isRunning' does not exist.
UnityEngine.Debug:ExtractStackTraceNoAlloc (byte*,int,string)
UnityEngine.StackTraceUtility:ExtractStackTrace ()
UnityEngine.Animator:SetBoolString (string,bool)
UnityEngine.Animator:SetBool (string,bool)
ControladorJugador:Update () (at Assets/Scripts/ControladorJugador.cs:57)

[Assets/Scripts/ControladorJugador.cs line 57]

Parameter 'isWalking' does not exist.
UnityEngine.Debug:ExtractStackTraceNoAlloc (byte*,int,string)
UnityEngine.StackTraceUtility:ExtractStackTrace ()
UnityEngine.Animator:SetBoolString (string,bool)
UnityEngine.Animator:SetBool (string,bool)
ControladorJugador:Update () (at Assets/Scripts/ControladorJugador.cs:56)

[Assets/Scripts/ControladorJugador.cs line 56]

Parameter 'isRunning' does not exist.
UnityEngine.Debug:ExtractStackTraceNoAlloc (byte*,int,string)
UnityEngine.StackTraceUtility:ExtractStackTrace ()
UnityEngine.Animator:SetBoolString (string,bool)
UnityEngine.Animator:SetBool (string,bool)
ControladorJugador:Update () (at Assets/Scripts/ControladorJugador.cs:57)

[Assets/Scripts/ControladorJugador.cs line 57]

Parameter 'isRunning' does not exist.
UnityEngine.Debug:ExtractStackTraceNoAlloc (byte*,int,string)
UnityEngine.StackTraceUtility:ExtractStackTrace ()
UnityEngine.Animator:GetBoolString (string)
UnityEngine.Animator:GetBool (string)
ControladorJugador:FixedUpdate () (at Assets/Scripts/ControladorJugador.cs:83)

[Assets/Scripts/ControladorJugador.cs line 83]

Parameter 'isWalking' does not exist.
UnityEngine.Debug:ExtractStackTraceNoAlloc (byte*,int,string)
UnityEngine.StackTraceUtility:ExtractStackTrace ()
UnityEngine.Animator:SetBoolString (string,bool)
UnityEngine.Animator:SetBool (string,bool)
ControladorJugador:Update () (at Assets/Scripts/ControladorJugador.cs:56)

[Assets/Scripts/ControladorJugador.cs line 56]

Parameter 'isRunning' does not exist.
UnityEngine.Debug:ExtractStackTraceNoAlloc (byte*,int,string)
UnityEngine.StackTraceUtility:ExtractStackTrace ()
UnityEngine.Animator:SetBoolString (string,bool)
UnityEngine.Animator:SetBool (string,bool)
ControladorJugador:Update () (at Assets/Scripts/ControladorJugador.cs:57)

[Assets/Scripts/ControladorJugador.cs line 57]

Parameter 'isWalking' does not exist.
UnityEngine.Debug:ExtractStackTraceNoAlloc (byte*,int,string)
UnityEngine.StackTraceUtility:ExtractStackTrace ()
UnityEngine.Animator:SetBoolString (string,bool)
UnityEngine.Animator:SetBool (string,bool)
ControladorJugador:Update () (at Assets/Scripts/ControladorJugador.cs:56)

[Assets/Scripts/ControladorJugador.cs line 56]

Parameter 'isRunning' does not exist.
UnityEngine.Debug:ExtractStackTraceNoAlloc (byte*,int,string)
UnityEngine.StackTraceUtility:ExtractStackTrace ()
UnityEngine.Animator:SetBoolString (string,bool)
UnityEngine.Animator:SetBool (string,bool)
ControladorJugador:Update () (at Assets/Scripts/ControladorJugador.cs:57)

[Assets/Scripts/ControladorJugador.cs line 57]

Parameter 'isWalking' does not exist.
UnityEngine.Debug:ExtractStackTraceNoAlloc (byte*,int,string)
UnityEngine.StackTraceUtility:ExtractStackTrace ()
UnityEngine.Animator:SetBoolString (string,bool)
UnityEngine.Animator:SetBool (string,bool)
ControladorJugador:Update () (at Assets/Scripts/ControladorJugador.cs:56)

[Assets/Scripts/ControladorJugador.cs line 56]

Parameter 'isRunning' does not exist.
UnityEngine.Debug:ExtractStackTraceNoAlloc (byte*,int,string)
UnityEngine.StackTraceUtility:ExtractStackTrace ()
UnityEngine.Animator:SetBoolString (string,bool)
UnityEngine.Animator:SetBool (string,bool)
ControladorJugador:Update () (at Assets/Scripts/ControladorJugador.cs:57)

[Assets/Scripts/ControladorJugador.cs line 57]

Parameter 'isWalking' does not exist.
UnityEngine.Debug:ExtractStackTraceNoAlloc (byte*,int,string)
UnityEngine.StackTraceUtility:ExtractStackTrace ()
UnityEngine.Animator:SetBoolString (string,bool)
UnityEngine.Animator:SetBool (string,bool)
ControladorJugador:Update () (at Assets/Scripts/ControladorJugador.cs:56)

[Assets/Scripts/ControladorJugador.cs line 56]

Parameter 'isRunning' does not exist.
UnityEngine.Debug:ExtractStackTraceNoAlloc (byte*,int,string)
UnityEngine.StackTraceUtility:ExtractStackTrace ()
UnityEngine.Animator:SetBoolString (string,bool)
UnityEngine.Animator:SetBool (string,bool)
ControladorJugador:Update () (at Assets/Scripts/ControladorJugador.cs:57)

[Assets/Scripts/ControladorJugador.cs line 57]

Parameter 'isRunning' does not exist.
UnityEngine.Debug:ExtractStackTraceNoAlloc (byte*,int,string)
UnityEngine.StackTraceUtility:ExtractStackTrace ()
UnityEngine.Animator:GetBoolString (string)
UnityEngine.Animator:GetBool (string)
ControladorJugador:FixedUpdate () (at Assets/Scripts/ControladorJugador.cs:83)

[Assets/Scripts/ControladorJugador.cs line 83]

Parameter 'isWalking' does not exist.
UnityEngine.Debug:ExtractStackTraceNoAlloc (byte*,int,string)
UnityEngine.StackTraceUtility:ExtractStackTrace ()
UnityEngine.Animator:SetBoolString (string,bool)
UnityEngine.Animator:SetBool (string,bool)
ControladorJugador:Update () (at Assets/Scripts/ControladorJugador.cs:56)

[Assets/Scripts/ControladorJugador.cs line 56]

Parameter 'isRunning' does not exist.
UnityEngine.Debug:ExtractStackTraceNoAlloc (byte*,int,string)
UnityEngine.StackTraceUtility:ExtractStackTrace ()
UnityEngine.Animator:SetBoolString (string,bool)
UnityEngine.Animator:SetBool (string,bool)
ControladorJugador:Update () (at Assets/Scripts/ControladorJugador.cs:57)

[Assets/Scripts/ControladorJugador.cs line 57]

Parameter 'isWalking' does not exist.
UnityEngine.Debug:ExtractStackTraceNoAlloc (byte*,int,string)
UnityEngine.StackTraceUtility:ExtractStackTrace ()
UnityEngine.Animator:SetBoolString (string,bool)
UnityEngine.Animator:SetBool (string,bool)
ControladorJugador:Update () (at Assets/Scripts/ControladorJugador.cs:56)

[Assets/Scripts/ControladorJugador.cs line 56]

Parameter 'isRunning' does not exist.
UnityEngine.Debug:ExtractStackTraceNoAlloc (byte*,int,string)
UnityEngine.StackTraceUtility:ExtractStackTrace ()
UnityEngine.Animator:SetBoolString (string,bool)
UnityEngine.Animator:SetBool (string,bool)
ControladorJugador:Update () (at Assets/Scripts/ControladorJugador.cs:57)

[Assets/Scripts/ControladorJugador.cs line 57]

Parameter 'isWalking' does not exist.
UnityEngine.Debug:ExtractStackTraceNoAlloc (byte*,int,string)
UnityEngine.StackTraceUtility:ExtractStackTrace ()
UnityEngine.Animator:SetBoolString (string,bool)
UnityEngine.Animator:SetBool (string,bool)
ControladorJugador:Update () (at Assets/Scripts/ControladorJugador.cs:56)

[Assets/Scripts/ControladorJugador.cs line 56]

Parameter 'isRunning' does not exist.
UnityEngine.Debug:ExtractStackTraceNoAlloc (byte*,int,string)
UnityEngine.StackTraceUtility:ExtractStackTrace ()
UnityEngine.Animator:SetBoolString (string,bool)
UnityEngine.Animator:SetBool (string,bool)
ControladorJugador:Update () (at Assets/Scripts/ControladorJugador.cs:57)

[Assets/Scripts/ControladorJugador.cs line 57]

Parameter 'isRunning' does not exist.
UnityEngine.Debug:ExtractStackTraceNoAlloc (byte*,int,string)
UnityEngine.StackTraceUtility:ExtractStackTrace ()
UnityEngine.Animator:GetBoolString (string)
UnityEngine.Animator:GetBool (string)
ControladorJugador:FixedUpdate () (at Assets/Scripts/ControladorJugador.cs:83)

[Assets/Scripts/ControladorJugador.cs line 83]

Parameter 'isWalking' does not exist.
UnityEngine.Debug:ExtractStackTraceNoAlloc (byte*,int,string)
UnityEngine.StackTraceUtility:ExtractStackTrace ()
UnityEngine.Animator:SetBoolString (string,bool)
UnityEngine.Animator:SetBool (string,bool)
ControladorJugador:Update () (at Assets/Scripts/ControladorJugador.cs:56)

[Assets/Scripts/ControladorJugador.cs line 56]

Parameter 'isRunning' does not exist.
UnityEngine.Debug:ExtractStackTraceNoAlloc (byte*,int,string)
UnityEngine.StackTraceUtility:ExtractStackTrace ()
UnityEngine.Animator:SetBoolString (string,bool)
UnityEngine.Animator:SetBool (string,bool)
ControladorJugador:Update () (at Assets/Scripts/ControladorJugador.cs:57)

[Assets/Scripts/ControladorJugador.cs line 57]

Parameter 'isWalking' does not exist.
UnityEngine.Debug:ExtractStackTraceNoAlloc (byte*,int,string)
UnityEngine.StackTraceUtility:ExtractStackTrace ()
UnityEngine.Animator:SetBoolString (string,bool)
UnityEngine.Animator:SetBool (string,bool)
ControladorJugador:Update () (at Assets/Scripts/ControladorJugador.cs:56)

[Assets/Scripts/ControladorJugador.cs line 56]

Parameter 'isRunning' does not exist.
UnityEngine.Debug:ExtractStackTraceNoAlloc (byte*,int,string)
UnityEngine.StackTraceUtility:ExtractStackTrace ()
UnityEngine.Animator:SetBoolString (string,bool)
UnityEngine.Animator:SetBool (string,bool)
ControladorJugador:Update () (at Assets/Scripts/ControladorJugador.cs:57)

[Assets/Scripts/ControladorJugador.cs line 57]

Parameter 'isWalking' does not exist.
UnityEngine.Debug:ExtractStackTraceNoAlloc (byte*,int,string)
UnityEngine.StackTraceUtility:ExtractStackTrace ()
UnityEngine.Animator:SetBoolString (string,bool)
UnityEngine.Animator:SetBool (string,bool)
ControladorJugador:Update () (at Assets/Scripts/ControladorJugador.cs:56)

[Assets/Scripts/ControladorJugador.cs line 56]

Parameter 'isRunning' does not exist.
UnityEngine.Debug:ExtractStackTraceNoAlloc (byte*,int,string)
UnityEngine.StackTraceUtility:ExtractStackTrace ()
UnityEngine.Animator:SetBoolString (string,bool)
UnityEngine.Animator:SetBool (string,bool)
ControladorJugador:Update () (at Assets/Scripts/ControladorJugador.cs:57)

[Assets/Scripts/ControladorJugador.cs line 57]

Parameter 'isRunning' does not exist.
UnityEngine.Debug:ExtractStackTraceNoAlloc (byte*,int,string)
UnityEngine.StackTraceUtility:ExtractStackTrace ()
UnityEngine.Animator:GetBoolString (string)
UnityEngine.Animator:GetBool (string)
ControladorJugador:FixedUpdate () (at Assets/Scripts/ControladorJugador.cs:83)

[Assets/Scripts/ControladorJugador.cs line 83]

Parameter 'isWalking' does not exist.
UnityEngine.Debug:ExtractStackTraceNoAlloc (byte*,int,string)
UnityEngine.StackTraceUtility:ExtractStackTrace ()
UnityEngine.Animator:SetBoolString (string,bool)
UnityEngine.Animator:SetBool (string,bool)
ControladorJugador:Update () (at Assets/Scripts/ControladorJugador.cs:56)

[Assets/Scripts/ControladorJugador.cs line 56]

Parameter 'isRunning' does not exist.
UnityEngine.Debug:ExtractStackTraceNoAlloc (byte*,int,string)
UnityEngine.StackTraceUtility:ExtractStackTrace ()
UnityEngine.Animator:SetBoolString (string,bool)
UnityEngine.Animator:SetBool (string,bool)
ControladorJugador:Update () (at Assets/Scripts/ControladorJugador.cs:57)

[Assets/Scripts/ControladorJugador.cs line 57]

Parameter 'isWalking' does not exist.
UnityEngine.Debug:ExtractStackTraceNoAlloc (byte*,int,string)
UnityEngine.StackTraceUtility:ExtractStackTrace ()
UnityEngine.Animator:SetBoolString (string,bool)
UnityEngine.Animator:SetBool (string,bool)
ControladorJugador:Update () (at Assets/Scripts/ControladorJugador.cs:56)

[Assets/Scripts/ControladorJugador.cs line 56]

Parameter 'isRunning' does not exist.
UnityEngine.Debug:ExtractStackTraceNoAlloc (byte*,int,string)
UnityEngine.StackTraceUtility:ExtractStackTrace ()
UnityEngine.Animator:SetBoolString (string,bool)
UnityEngine.Animator:SetBool (string,bool)
ControladorJugador:Update () (at Assets/Scripts/ControladorJugador.cs:57)

[Assets/Scripts/ControladorJugador.cs line 57]

Parameter 'isWalking' does not exist.
UnityEngine.Debug:ExtractStackTraceNoAlloc (byte*,int,string)
UnityEngine.StackTraceUtility:ExtractStackTrace ()
UnityEngine.Animator:SetBoolString (string,bool)
UnityEngine.Animator:SetBool (string,bool)
ControladorJugador:Update () (at Assets/Scripts/ControladorJugador.cs:56)

[Assets/Scripts/ControladorJugador.cs line 56]

Parameter 'isRunning' does not exist.
UnityEngine.Debug:ExtractStackTraceNoAlloc (byte*,int,string)
UnityEngine.StackTraceUtility:ExtractStackTrace ()
UnityEngine.Animator:SetBoolString (string,bool)
UnityEngine.Animator:SetBool (string,bool)
ControladorJugador:Update () (at Assets/Scripts/ControladorJugador.cs:57)

[Assets/Scripts/ControladorJugador.cs line 57]

Parameter 'isWalking' does not exist.
UnityEngine.Debug:ExtractStackTraceNoAlloc (byte*,int,string)
UnityEngine.StackTraceUtility:ExtractStackTrace ()
UnityEngine.Animator:SetBoolString (string,bool)
UnityEngine.Animator:SetBool (string,bool)
ControladorJugador:Update () (at Assets/Scripts/ControladorJugador.cs:56)

[Assets/Scripts/ControladorJugador.cs line 56]

Parameter 'isRunning' does not exist.
UnityEngine.Debug:ExtractStackTraceNoAlloc (byte*,int,string)
UnityEngine.StackTraceUtility:ExtractStackTrace ()
UnityEngine.Animator:SetBoolString (string,bool)
UnityEngine.Animator:SetBool (string,bool)
ControladorJugador:Update () (at Assets/Scripts/ControladorJugador.cs:57)

[Assets/Scripts/ControladorJugador.cs line 57]

Parameter 'isRunning' does not exist.
UnityEngine.Debug:ExtractStackTraceNoAlloc (byte*,int,string)
UnityEngine.StackTraceUtility:ExtractStackTrace ()
UnityEngine.Animator:GetBoolString (string)
UnityEngine.Animator:GetBool (string)
ControladorJugador:FixedUpdate () (at Assets/Scripts/ControladorJugador.cs:83)

[Assets/Scripts/ControladorJugador.cs line 83]

Parameter 'isWalking' does not exist.
UnityEngine.Debug:ExtractStackTraceNoAlloc (byte*,int,string)
UnityEngine.StackTraceUtility:ExtractStackTrace ()
UnityEngine.Animator:SetBoolString (string,bool)
UnityEngine.Animator:SetBool (string,bool)
ControladorJugador:Update () (at Assets/Scripts/ControladorJugador.cs:56)

[Assets/Scripts/ControladorJugador.cs line 56]

Parameter 'isRunning' does not exist.
UnityEngine.Debug:ExtractStackTraceNoAlloc (byte*,int,string)
UnityEngine.StackTraceUtility:ExtractStackTrace ()
UnityEngine.Animator:SetBoolString (string,bool)
UnityEngine.Animator:SetBool (string,bool)
ControladorJugador:Update () (at Assets/Scripts/ControladorJugador.cs:57)

[Assets/Scripts/ControladorJugador.cs line 57]

Parameter 'isWalking' does not exist.
UnityEngine.Debug:ExtractStackTraceNoAlloc (byte*,int,string)
UnityEngine.StackTraceUtility:ExtractStackTrace ()
UnityEngine.Animator:SetBoolString (string,bool)
UnityEngine.Animator:SetBool (string,bool)
ControladorJugador:Update () (at Assets/Scripts/ControladorJugador.cs:56)

[Assets/Scripts/ControladorJugador.cs line 56]

Parameter 'isRunning' does not exist.
UnityEngine.Debug:ExtractStackTraceNoAlloc (byte*,int,string)
UnityEngine.StackTraceUtility:ExtractStackTrace ()
UnityEngine.Animator:SetBoolString (string,bool)
UnityEngine.Animator:SetBool (string,bool)
ControladorJugador:Update () (at Assets/Scripts/ControladorJugador.cs:57)

[Assets/Scripts/ControladorJugador.cs line 57]

Parameter 'isWalking' does not exist.
UnityEngine.Debug:ExtractStackTraceNoAlloc (byte*,int,string)
UnityEngine.StackTraceUtility:ExtractStackTrace ()
UnityEngine.Animator:SetBoolString (string,bool)
UnityEngine.Animator:SetBool (string,bool)
ControladorJugador:Update () (at Assets/Scripts/ControladorJugador.cs:56)

[Assets/Scripts/ControladorJugador.cs line 56]

Parameter 'isRunning' does not exist.
UnityEngine.Debug:ExtractStackTraceNoAlloc (byte*,int,string)
UnityEngine.StackTraceUtility:ExtractStackTrace ()
UnityEngine.Animator:SetBoolString (string,bool)
UnityEngine.Animator:SetBool (string,bool)
ControladorJugador:Update () (at Assets/Scripts/ControladorJugador.cs:57)

[Assets/Scripts/ControladorJugador.cs line 57]

Parameter 'isWalking' does not exist.
UnityEngine.Debug:ExtractStackTraceNoAlloc (byte*,int,string)
UnityEngine.StackTraceUtility:ExtractStackTrace ()
UnityEngine.Animator:SetBoolString (string,bool)
UnityEngine.Animator:SetBool (string,bool)
ControladorJugador:Update () (at Assets/Scripts/ControladorJugador.cs:56)

[Assets/Scripts/ControladorJugador.cs line 56]

Parameter 'isRunning' does not exist.
UnityEngine.Debug:ExtractStackTraceNoAlloc (byte*,int,string)
UnityEngine.StackTraceUtility:ExtractStackTrace ()
UnityEngine.Animator:SetBoolString (string,bool)
UnityEngine.Animator:SetBool (string,bool)
ControladorJugador:Update () (at Assets/Scripts/ControladorJugador.cs:57)

[Assets/Scripts/ControladorJugador.cs line 57]

Parameter 'isRunning' does not exist.
UnityEngine.Debug:ExtractStackTraceNoAlloc (byte*,int,string)
UnityEngine.StackTraceUtility:ExtractStackTrace ()
UnityEngine.Animator:GetBoolString (string)
UnityEngine.Animator:GetBool (string)
ControladorJugador:FixedUpdate () (at Assets/Scripts/ControladorJugador.cs:83)

[Assets/Scripts/ControladorJugador.cs line 83]

Parameter 'isWalking' does not exist.
UnityEngine.Debug:ExtractStackTraceNoAlloc (byte*,int,string)
UnityEngine.StackTraceUtility:ExtractStackTrace ()
UnityEngine.Animator:SetBoolString (string,bool)
UnityEngine.Animator:SetBool (string,bool)
ControladorJugador:Update () (at Assets/Scripts/ControladorJugador.cs:56)

[Assets/Scripts/ControladorJugador.cs line 56]

Parameter 'isRunning' does not exist.
UnityEngine.Debug:ExtractStackTraceNoAlloc (byte*,int,string)
UnityEngine.StackTraceUtility:ExtractStackTrace ()
UnityEngine.Animator:SetBoolString (string,bool)
UnityEngine.Animator:SetBool (string,bool)
ControladorJugador:Update () (at Assets/Scripts/ControladorJugador.cs:57)

[Assets/Scripts/ControladorJugador.cs line 57]

Parameter 'isWalking' does not exist.
UnityEngine.Debug:ExtractStackTraceNoAlloc (byte*,int,string)
UnityEngine.StackTraceUtility:ExtractStackTrace ()
UnityEngine.Animator:SetBoolString (string,bool)
UnityEngine.Animator:SetBool (string,bool)
ControladorJugador:Update () (at Assets/Scripts/ControladorJugador.cs:56)

[Assets/Scripts/ControladorJugador.cs line 56]

Parameter 'isRunning' does not exist.
UnityEngine.Debug:ExtractStackTraceNoAlloc (byte*,int,string)
UnityEngine.StackTraceUtility:ExtractStackTrace ()
UnityEngine.Animator:SetBoolString (string,bool)
UnityEngine.Animator:SetBool (string,bool)
ControladorJugador:Update () (at Assets/Scripts/ControladorJugador.cs:57)

[Assets/Scripts/ControladorJugador.cs line 57]

Parameter 'isWalking' does not exist.
UnityEngine.Debug:ExtractStackTraceNoAlloc (byte*,int,string)
UnityEngine.StackTraceUtility:ExtractStackTrace ()
UnityEngine.Animator:SetBoolString (string,bool)
UnityEngine.Animator:SetBool (string,bool)
ControladorJugador:Update () (at Assets/Scripts/ControladorJugador.cs:56)

[Assets/Scripts/ControladorJugador.cs line 56]

Parameter 'isRunning' does not exist.
UnityEngine.Debug:ExtractStackTraceNoAlloc (byte*,int,string)
UnityEngine.StackTraceUtility:ExtractStackTrace ()
UnityEngine.Animator:SetBoolString (string,bool)
UnityEngine.Animator:SetBool (string,bool)
ControladorJugador:Update () (at Assets/Scripts/ControladorJugador.cs:57)

[Assets/Scripts/ControladorJugador.cs line 57]

Parameter 'isWalking' does not exist.
UnityEngine.Debug:ExtractStackTraceNoAlloc (byte*,int,string)
UnityEngine.StackTraceUtility:ExtractStackTrace ()
UnityEngine.Animator:SetBoolString (string,bool)
UnityEngine.Animator:SetBool (string,bool)
ControladorJugador:Update () (at Assets/Scripts/ControladorJugador.cs:56)

[Assets/Scripts/ControladorJugador.cs line 56]

Parameter 'isRunning' does not exist.
UnityEngine.Debug:ExtractStackTraceNoAlloc (byte*,int,string)
UnityEngine.StackTraceUtility:ExtractStackTrace ()
UnityEngine.Animator:SetBoolString (string,bool)
UnityEngine.Animator:SetBool (string,bool)
ControladorJugador:Update () (at Assets/Scripts/ControladorJugador.cs:57)

[Assets/Scripts/ControladorJugador.cs line 57]

Parameter 'isRunning' does not exist.
UnityEngine.Debug:ExtractStackTraceNoAlloc (byte*,int,string)
UnityEngine.StackTraceUtility:ExtractStackTrace ()
UnityEngine.Animator:GetBoolString (string)
UnityEngine.Animator:GetBool (string)
ControladorJugador:FixedUpdate () (at Assets/Scripts/ControladorJugador.cs:83)

[Assets/Scripts/ControladorJugador.cs line 83]

Parameter 'isWalking' does not exist.
UnityEngine.Debug:ExtractStackTraceNoAlloc (byte*,int,string)
UnityEngine.StackTraceUtility:ExtractStackTrace ()
UnityEngine.Animator:SetBoolString (string,bool)
UnityEngine.Animator:SetBool (string,bool)
ControladorJugador:Update () (at Assets/Scripts/ControladorJugador.cs:56)

[Assets/Scripts/ControladorJugador.cs line 56]

Parameter 'isRunning' does not exist.
UnityEngine.Debug:ExtractStackTraceNoAlloc (byte*,int,string)
UnityEngine.StackTraceUtility:ExtractStackTrace ()
UnityEngine.Animator:SetBoolString (string,bool)
UnityEngine.Animator:SetBool (string,bool)
ControladorJugador:Update () (at Assets/Scripts/ControladorJugador.cs:57)

[Assets/Scripts/ControladorJugador.cs line 57]

Parameter 'isWalking' does not exist.
UnityEngine.Debug:ExtractStackTraceNoAlloc (byte*,int,string)
UnityEngine.StackTraceUtility:ExtractStackTrace ()
UnityEngine.Animator:SetBoolString (string,bool)
UnityEngine.Animator:SetBool (string,bool)
ControladorJugador:Update () (at Assets/Scripts/ControladorJugador.cs:56)

[Assets/Scripts/ControladorJugador.cs line 56]

Parameter 'isRunning' does not exist.
UnityEngine.Debug:ExtractStackTraceNoAlloc (byte*,int,string)
UnityEngine.StackTraceUtility:ExtractStackTrace ()
UnityEngine.Animator:SetBoolString (string,bool)
UnityEngine.Animator:SetBool (string,bool)
ControladorJugador:Update () (at Assets/Scripts/ControladorJugador.cs:57)

[Assets/Scripts/ControladorJugador.cs line 57]

Parameter 'isWalking' does not exist.
UnityEngine.Debug:ExtractStackTraceNoAlloc (byte*,int,string)
UnityEngine.StackTraceUtility:ExtractStackTrace ()
UnityEngine.Animator:SetBoolString (string,bool)
UnityEngine.Animator:SetBool (string,bool)
ControladorJugador:Update () (at Assets/Scripts/ControladorJugador.cs:56)

[Assets/Scripts/ControladorJugador.cs line 56]

Parameter 'isRunning' does not exist.
UnityEngine.Debug:ExtractStackTraceNoAlloc (byte*,int,string)
UnityEngine.StackTraceUtility:ExtractStackTrace ()
UnityEngine.Animator:SetBoolString (string,bool)
UnityEngine.Animator:SetBool (string,bool)
ControladorJugador:Update () (at Assets/Scripts/ControladorJugador.cs:57)

[Assets/Scripts/ControladorJugador.cs line 57]

Parameter 'isWalking' does not exist.
UnityEngine.Debug:ExtractStackTraceNoAlloc (byte*,int,string)
UnityEngine.StackTraceUtility:ExtractStackTrace ()
UnityEngine.Animator:SetBoolString (string,bool)
UnityEngine.Animator:SetBool (string,bool)
ControladorJugador:Update () (at Assets/Scripts/ControladorJugador.cs:56)

[Assets/Scripts/ControladorJugador.cs line 56]

Parameter 'isRunning' does not exist.
UnityEngine.Debug:ExtractStackTraceNoAlloc (byte*,int,string)
UnityEngine.StackTraceUtility:ExtractStackTrace ()
UnityEngine.Animator:SetBoolString (string,bool)
UnityEngine.Animator:SetBool (string,bool)
ControladorJugador:Update () (at Assets/Scripts/ControladorJugador.cs:57)

[Assets/Scripts/ControladorJugador.cs line 57]

Parameter 'isRunning' does not exist.
UnityEngine.Debug:ExtractStackTraceNoAlloc (byte*,int,string)
UnityEngine.StackTraceUtility:ExtractStackTrace ()
UnityEngine.Animator:GetBoolString (string)
UnityEngine.Animator:GetBool (string)
ControladorJugador:FixedUpdate () (at Assets/Scripts/ControladorJugador.cs:83)

[Assets/Scripts/ControladorJugador.cs line 83]

Parameter 'isWalking' does not exist.
UnityEngine.Debug:ExtractStackTraceNoAlloc (byte*,int,string)
UnityEngine.StackTraceUtility:ExtractStackTrace ()
UnityEngine.Animator:SetBoolString (string,bool)
UnityEngine.Animator:SetBool (string,bool)
ControladorJugador:Update () (at Assets/Scripts/ControladorJugador.cs:56)

[Assets/Scripts/ControladorJugador.cs line 56]

Parameter 'isRunning' does not exist.
UnityEngine.Debug:ExtractStackTraceNoAlloc (byte*,int,string)
UnityEngine.StackTraceUtility:ExtractStackTrace ()
UnityEngine.Animator:SetBoolString (string,bool)
UnityEngine.Animator:SetBool (string,bool)
ControladorJugador:Update () (at Assets/Scripts/ControladorJugador.cs:57)

[Assets/Scripts/ControladorJugador.cs line 57]

Parameter 'isWalking' does not exist.
UnityEngine.Debug:ExtractStackTraceNoAlloc (byte*,int,string)
UnityEngine.StackTraceUtility:ExtractStackTrace ()
UnityEngine.Animator:SetBoolString (string,bool)
UnityEngine.Animator:SetBool (string,bool)
ControladorJugador:Update () (at Assets/Scripts/ControladorJugador.cs:56)

[Assets/Scripts/ControladorJugador.cs line 56]

Parameter 'isRunning' does not exist.
UnityEngine.Debug:ExtractStackTraceNoAlloc (byte*,int,string)
UnityEngine.StackTraceUtility:ExtractStackTrace ()
UnityEngine.Animator:SetBoolString (string,bool)
UnityEngine.Animator:SetBool (string,bool)
ControladorJugador:Update () (at Assets/Scripts/ControladorJugador.cs:57)

[Assets/Scripts/ControladorJugador.cs line 57]

Parameter 'isRunning' does not exist.
UnityEngine.Debug:ExtractStackTraceNoAlloc (byte*,int,string)
UnityEngine.StackTraceUtility:ExtractStackTrace ()
UnityEngine.Animator:GetBoolString (string)
UnityEngine.Animator:GetBool (string)
ControladorJugador:FixedUpdate () (at Assets/Scripts/ControladorJugador.cs:83)

[Assets/Scripts/ControladorJugador.cs line 83]

Parameter 'isWalking' does not exist.
UnityEngine.Debug:ExtractStackTraceNoAlloc (byte*,int,string)
UnityEngine.StackTraceUtility:ExtractStackTrace ()
UnityEngine.Animator:SetBoolString (string,bool)
UnityEngine.Animator:SetBool (string,bool)
ControladorJugador:Update () (at Assets/Scripts/ControladorJugador.cs:56)

[Assets/Scripts/ControladorJugador.cs line 56]

Parameter 'isRunning' does not exist.
UnityEngine.Debug:ExtractStackTraceNoAlloc (byte*,int,string)
UnityEngine.StackTraceUtility:ExtractStackTrace ()
UnityEngine.Animator:SetBoolString (string,bool)
UnityEngine.Animator:SetBool (string,bool)
ControladorJugador:Update () (at Assets/Scripts/ControladorJugador.cs:57)

[Assets/Scripts/ControladorJugador.cs line 57]

Parameter 'isWalking' does not exist.
UnityEngine.Debug:ExtractStackTraceNoAlloc (byte*,int,string)
UnityEngine.StackTraceUtility:ExtractStackTrace ()
UnityEngine.Animator:SetBoolString (string,bool)
UnityEngine.Animator:SetBool (string,bool)
ControladorJugador:Update () (at Assets/Scripts/ControladorJugador.cs:56)

[Assets/Scripts/ControladorJugador.cs line 56]

Parameter 'isRunning' does not exist.
UnityEngine.Debug:ExtractStackTraceNoAlloc (byte*,int,string)
UnityEngine.StackTraceUtility:ExtractStackTrace ()
UnityEngine.Animator:SetBoolString (string,bool)
UnityEngine.Animator:SetBool (string,bool)
ControladorJugador:Update () (at Assets/Scripts/ControladorJugador.cs:57)

[Assets/Scripts/ControladorJugador.cs line 57]

Parameter 'isWalking' does not exist.
UnityEngine.Debug:ExtractStackTraceNoAlloc (byte*,int,string)
UnityEngine.StackTraceUtility:ExtractStackTrace ()
UnityEngine.Animator:SetBoolString (string,bool)
UnityEngine.Animator:SetBool (string,bool)
ControladorJugador:Update () (at Assets/Scripts/ControladorJugador.cs:56)

[Assets/Scripts/ControladorJugador.cs line 56]

Parameter 'isRunning' does not exist.
UnityEngine.Debug:ExtractStackTraceNoAlloc (byte*,int,string)
UnityEngine.StackTraceUtility:ExtractStackTrace ()
UnityEngine.Animator:SetBoolString (string,bool)
UnityEngine.Animator:SetBool (string,bool)
ControladorJugador:Update () (at Assets/Scripts/ControladorJugador.cs:57)

[Assets/Scripts/ControladorJugador.cs line 57]

Parameter 'isRunning' does not exist.
UnityEngine.Debug:ExtractStackTraceNoAlloc (byte*,int,string)
UnityEngine.StackTraceUtility:ExtractStackTrace ()
UnityEngine.Animator:GetBoolString (string)
UnityEngine.Animator:GetBool (string)
ControladorJugador:FixedUpdate () (at Assets/Scripts/ControladorJugador.cs:83)

[Assets/Scripts/ControladorJugador.cs line 83]

Parameter 'isWalking' does not exist.
UnityEngine.Debug:ExtractStackTraceNoAlloc (byte*,int,string)
UnityEngine.StackTraceUtility:ExtractStackTrace ()
UnityEngine.Animator:SetBoolString (string,bool)
UnityEngine.Animator:SetBool (string,bool)
ControladorJugador:Update () (at Assets/Scripts/ControladorJugador.cs:56)

[Assets/Scripts/ControladorJugador.cs line 56]

Parameter 'isRunning' does not exist.
UnityEngine.Debug:ExtractStackTraceNoAlloc (byte*,int,string)
UnityEngine.StackTraceUtility:ExtractStackTrace ()
UnityEngine.Animator:SetBoolString (string,bool)
UnityEngine.Animator:SetBool (string,bool)
ControladorJugador:Update () (at Assets/Scripts/ControladorJugador.cs:57)

[Assets/Scripts/ControladorJugador.cs line 57]

Parameter 'isWalking' does not exist.
UnityEngine.Debug:ExtractStackTraceNoAlloc (byte*,int,string)
UnityEngine.StackTraceUtility:ExtractStackTrace ()
UnityEngine.Animator:SetBoolString (string,bool)
UnityEngine.Animator:SetBool (string,bool)
ControladorJugador:Update () (at Assets/Scripts/ControladorJugador.cs:56)

[Assets/Scripts/ControladorJugador.cs line 56]

Parameter 'isRunning' does not exist.
UnityEngine.Debug:ExtractStackTraceNoAlloc (byte*,int,string)
UnityEngine.StackTraceUtility:ExtractStackTrace ()
UnityEngine.Animator:SetBoolString (string,bool)
UnityEngine.Animator:SetBool (string,bool)
ControladorJugador:Update () (at Assets/Scripts/ControladorJugador.cs:57)

[Assets/Scripts/ControladorJugador.cs line 57]

Parameter 'isWalking' does not exist.
UnityEngine.Debug:ExtractStackTraceNoAlloc (byte*,int,string)
UnityEngine.StackTraceUtility:ExtractStackTrace ()
UnityEngine.Animator:SetBoolString (string,bool)
UnityEngine.Animator:SetBool (string,bool)
ControladorJugador:Update () (at Assets/Scripts/ControladorJugador.cs:56)

[Assets/Scripts/ControladorJugador.cs line 56]

Parameter 'isRunning' does not exist.
UnityEngine.Debug:ExtractStackTraceNoAlloc (byte*,int,string)
UnityEngine.StackTraceUtility:ExtractStackTrace ()
UnityEngine.Animator:SetBoolString (string,bool)
UnityEngine.Animator:SetBool (string,bool)
ControladorJugador:Update () (at Assets/Scripts/ControladorJugador.cs:57)

[Assets/Scripts/ControladorJugador.cs line 57]

Parameter 'isWalking' does not exist.
UnityEngine.Debug:ExtractStackTraceNoAlloc (byte*,int,string)
UnityEngine.StackTraceUtility:ExtractStackTrace ()
UnityEngine.Animator:SetBoolString (string,bool)
UnityEngine.Animator:SetBool (string,bool)
ControladorJugador:Update () (at Assets/Scripts/ControladorJugador.cs:56)

[Assets/Scripts/ControladorJugador.cs line 56]

Parameter 'isRunning' does not exist.
UnityEngine.Debug:ExtractStackTraceNoAlloc (byte*,int,string)
UnityEngine.StackTraceUtility:ExtractStackTrace ()
UnityEngine.Animator:SetBoolString (string,bool)
UnityEngine.Animator:SetBool (string,bool)
ControladorJugador:Update () (at Assets/Scripts/ControladorJugador.cs:57)

[Assets/Scripts/ControladorJugador.cs line 57]

Parameter 'isRunning' does not exist.
UnityEngine.Debug:ExtractStackTraceNoAlloc (byte*,int,string)
UnityEngine.StackTraceUtility:ExtractStackTrace ()
UnityEngine.Animator:GetBoolString (string)
UnityEngine.Animator:GetBool (string)
ControladorJugador:FixedUpdate () (at Assets/Scripts/ControladorJugador.cs:83)

[Assets/Scripts/ControladorJugador.cs line 83]

Parameter 'isWalking' does not exist.
UnityEngine.Debug:ExtractStackTraceNoAlloc (byte*,int,string)
UnityEngine.StackTraceUtility:ExtractStackTrace ()
UnityEngine.Animator:SetBoolString (string,bool)
UnityEngine.Animator:SetBool (string,bool)
ControladorJugador:Update () (at Assets/Scripts/ControladorJugador.cs:56)

[Assets/Scripts/ControladorJugador.cs line 56]

Parameter 'isRunning' does not exist.
UnityEngine.Debug:ExtractStackTraceNoAlloc (byte*,int,string)
UnityEngine.StackTraceUtility:ExtractStackTrace ()
UnityEngine.Animator:SetBoolString (string,bool)
UnityEngine.Animator:SetBool (string,bool)
ControladorJugador:Update () (at Assets/Scripts/ControladorJugador.cs:57)

[Assets/Scripts/ControladorJugador.cs line 57]

Parameter 'isWalking' does not exist.
UnityEngine.Debug:ExtractStackTraceNoAlloc (byte*,int,string)
UnityEngine.StackTraceUtility:ExtractStackTrace ()
UnityEngine.Animator:SetBoolString (string,bool)
UnityEngine.Animator:SetBool (string,bool)
ControladorJugador:Update () (at Assets/Scripts/ControladorJugador.cs:56)

[Assets/Scripts/ControladorJugador.cs line 56]

Parameter 'isRunning' does not exist.
UnityEngine.Debug:ExtractStackTraceNoAlloc (byte*,int,string)
UnityEngine.StackTraceUtility:ExtractStackTrace ()
UnityEngine.Animator:SetBoolString (string,bool)
UnityEngine.Animator:SetBool (string,bool)
ControladorJugador:Update () (at Assets/Scripts/ControladorJugador.cs:57)

[Assets/Scripts/ControladorJugador.cs line 57]

Parameter 'isWalking' does not exist.
UnityEngine.Debug:ExtractStackTraceNoAlloc (byte*,int,string)
UnityEngine.StackTraceUtility:ExtractStackTrace ()
UnityEngine.Animator:SetBoolString (string,bool)
UnityEngine.Animator:SetBool (string,bool)
ControladorJugador:Update () (at Assets/Scripts/ControladorJugador.cs:56)

[Assets/Scripts/ControladorJugador.cs line 56]

Parameter 'isRunning' does not exist.
UnityEngine.Debug:ExtractStackTraceNoAlloc (byte*,int,string)
UnityEngine.StackTraceUtility:ExtractStackTrace ()
UnityEngine.Animator:SetBoolString (string,bool)
UnityEngine.Animator:SetBool (string,bool)
ControladorJugador:Update () (at Assets/Scripts/ControladorJugador.cs:57)

[Assets/Scripts/ControladorJugador.cs line 57]

Parameter 'isWalking' does not exist.
UnityEngine.Debug:ExtractStackTraceNoAlloc (byte*,int,string)
UnityEngine.StackTraceUtility:ExtractStackTrace ()
UnityEngine.Animator:SetBoolString (string,bool)
UnityEngine.Animator:SetBool (string,bool)
ControladorJugador:Update () (at Assets/Scripts/ControladorJugador.cs:56)

[Assets/Scripts/ControladorJugador.cs line 56]

Parameter 'isRunning' does not exist.
UnityEngine.Debug:ExtractStackTraceNoAlloc (byte*,int,string)
UnityEngine.StackTraceUtility:ExtractStackTrace ()
UnityEngine.Animator:SetBoolString (string,bool)
UnityEngine.Animator:SetBool (string,bool)
ControladorJugador:Update () (at Assets/Scripts/ControladorJugador.cs:57)

[Assets/Scripts/ControladorJugador.cs line 57]

Parameter 'isRunning' does not exist.
UnityEngine.Debug:ExtractStackTraceNoAlloc (byte*,int,string)
UnityEngine.StackTraceUtility:ExtractStackTrace ()
UnityEngine.Animator:GetBoolString (string)
UnityEngine.Animator:GetBool (string)
ControladorJugador:FixedUpdate () (at Assets/Scripts/ControladorJugador.cs:83)

[Assets/Scripts/ControladorJugador.cs line 83]

Parameter 'isWalking' does not exist.
UnityEngine.Debug:ExtractStackTraceNoAlloc (byte*,int,string)
UnityEngine.StackTraceUtility:ExtractStackTrace ()
UnityEngine.Animator:SetBoolString (string,bool)
UnityEngine.Animator:SetBool (string,bool)
ControladorJugador:Update () (at Assets/Scripts/ControladorJugador.cs:56)

[Assets/Scripts/ControladorJugador.cs line 56]

Parameter 'isRunning' does not exist.
UnityEngine.Debug:ExtractStackTraceNoAlloc (byte*,int,string)
UnityEngine.StackTraceUtility:ExtractStackTrace ()
UnityEngine.Animator:SetBoolString (string,bool)
UnityEngine.Animator:SetBool (string,bool)
ControladorJugador:Update () (at Assets/Scripts/ControladorJugador.cs:57)

[Assets/Scripts/ControladorJugador.cs line 57]

Parameter 'isWalking' does not exist.
UnityEngine.Debug:ExtractStackTraceNoAlloc (byte*,int,string)
UnityEngine.StackTraceUtility:ExtractStackTrace ()
UnityEngine.Animator:SetBoolString (string,bool)
UnityEngine.Animator:SetBool (string,bool)
ControladorJugador:Update () (at Assets/Scripts/ControladorJugador.cs:56)

[Assets/Scripts/ControladorJugador.cs line 56]

Parameter 'isRunning' does not exist.
UnityEngine.Debug:ExtractStackTraceNoAlloc (byte*,int,string)
UnityEngine.StackTraceUtility:ExtractStackTrace ()
UnityEngine.Animator:SetBoolString (string,bool)
UnityEngine.Animator:SetBool (string,bool)
ControladorJugador:Update () (at Assets/Scripts/ControladorJugador.cs:57)

[Assets/Scripts/ControladorJugador.cs line 57]

Parameter 'isWalking' does not exist.
UnityEngine.Debug:ExtractStackTraceNoAlloc (byte*,int,string)
UnityEngine.StackTraceUtility:ExtractStackTrace ()
UnityEngine.Animator:SetBoolString (string,bool)
UnityEngine.Animator:SetBool (string,bool)
ControladorJugador:Update () (at Assets/Scripts/ControladorJugador.cs:56)

[Assets/Scripts/ControladorJugador.cs line 56]

Parameter 'isRunning' does not exist.
UnityEngine.Debug:ExtractStackTraceNoAlloc (byte*,int,string)
UnityEngine.StackTraceUtility:ExtractStackTrace ()
UnityEngine.Animator:SetBoolString (string,bool)
UnityEngine.Animator:SetBool (string,bool)
ControladorJugador:Update () (at Assets/Scripts/ControladorJugador.cs:57)

[Assets/Scripts/ControladorJugador.cs line 57]

Parameter 'isRunning' does not exist.
UnityEngine.Debug:ExtractStackTraceNoAlloc (byte*,int,string)
UnityEngine.StackTraceUtility:ExtractStackTrace ()
UnityEngine.Animator:GetBoolString (string)
UnityEngine.Animator:GetBool (string)
ControladorJugador:FixedUpdate () (at Assets/Scripts/ControladorJugador.cs:83)

[Assets/Scripts/ControladorJugador.cs line 83]

Parameter 'isWalking' does not exist.
UnityEngine.Debug:ExtractStackTraceNoAlloc (byte*,int,string)
UnityEngine.StackTraceUtility:ExtractStackTrace ()
UnityEngine.Animator:SetBoolString (string,bool)
UnityEngine.Animator:SetBool (string,bool)
ControladorJugador:Update () (at Assets/Scripts/ControladorJugador.cs:56)

[Assets/Scripts/ControladorJugador.cs line 56]

Parameter 'isRunning' does not exist.
UnityEngine.Debug:ExtractStackTraceNoAlloc (byte*,int,string)
UnityEngine.StackTraceUtility:ExtractStackTrace ()
UnityEngine.Animator:SetBoolString (string,bool)
UnityEngine.Animator:SetBool (string,bool)
ControladorJugador:Update () (at Assets/Scripts/ControladorJugador.cs:57)

[Assets/Scripts/ControladorJugador.cs line 57]

Parameter 'isRunning' does not exist.
UnityEngine.Debug:ExtractStackTraceNoAlloc (byte*,int,string)
UnityEngine.StackTraceUtility:ExtractStackTrace ()
UnityEngine.Animator:GetBoolString (string)
UnityEngine.Animator:GetBool (string)
ControladorJugador:FixedUpdate () (at Assets/Scripts/ControladorJugador.cs:83)

[Assets/Scripts/ControladorJugador.cs line 83]

Parameter 'isWalking' does not exist.
UnityEngine.Debug:ExtractStackTraceNoAlloc (byte*,int,string)
UnityEngine.StackTraceUtility:ExtractStackTrace ()
UnityEngine.Animator:SetBoolString (string,bool)
UnityEngine.Animator:SetBool (string,bool)
ControladorJugador:Update () (at Assets/Scripts/ControladorJugador.cs:56)

[Assets/Scripts/ControladorJugador.cs line 56]

Parameter 'isRunning' does not exist.
UnityEngine.Debug:ExtractStackTraceNoAlloc (byte*,int,string)
UnityEngine.StackTraceUtility:ExtractStackTrace ()
UnityEngine.Animator:SetBoolString (string,bool)
UnityEngine.Animator:SetBool (string,bool)
ControladorJugador:Update () (at Assets/Scripts/ControladorJugador.cs:57)

[Assets/Scripts/ControladorJugador.cs line 57]

Parameter 'isWalking' does not exist.
UnityEngine.Debug:ExtractStackTraceNoAlloc (byte*,int,string)
UnityEngine.StackTraceUtility:ExtractStackTrace ()
UnityEngine.Animator:SetBoolString (string,bool)
UnityEngine.Animator:SetBool (string,bool)
ControladorJugador:Update () (at Assets/Scripts/ControladorJugador.cs:56)

[Assets/Scripts/ControladorJugador.cs line 56]

Parameter 'isRunning' does not exist.
UnityEngine.Debug:ExtractStackTraceNoAlloc (byte*,int,string)
UnityEngine.StackTraceUtility:ExtractStackTrace ()
UnityEngine.Animator:SetBoolString (string,bool)
UnityEngine.Animator:SetBool (string,bool)
ControladorJugador:Update () (at Assets/Scripts/ControladorJugador.cs:57)

[Assets/Scripts/ControladorJugador.cs line 57]

Parameter 'isRunning' does not exist.
UnityEngine.Debug:ExtractStackTraceNoAlloc (byte*,int,string)
UnityEngine.StackTraceUtility:ExtractStackTrace ()
UnityEngine.Animator:GetBoolString (string)
UnityEngine.Animator:GetBool (string)
ControladorJugador:FixedUpdate () (at Assets/Scripts/ControladorJugador.cs:83)

[Assets/Scripts/ControladorJugador.cs line 83]

Parameter 'isWalking' does not exist.
UnityEngine.Debug:ExtractStackTraceNoAlloc (byte*,int,string)
UnityEngine.StackTraceUtility:ExtractStackTrace ()
UnityEngine.Animator:SetBoolString (string,bool)
UnityEngine.Animator:SetBool (string,bool)
ControladorJugador:Update () (at Assets/Scripts/ControladorJugador.cs:56)

[Assets/Scripts/ControladorJugador.cs line 56]

Parameter 'isRunning' does not exist.
UnityEngine.Debug:ExtractStackTraceNoAlloc (byte*,int,string)
UnityEngine.StackTraceUtility:ExtractStackTrace ()
UnityEngine.Animator:SetBoolString (string,bool)
UnityEngine.Animator:SetBool (string,bool)
ControladorJugador:Update () (at Assets/Scripts/ControladorJugador.cs:57)

[Assets/Scripts/ControladorJugador.cs line 57]

Parameter 'isWalking' does not exist.
UnityEngine.Debug:ExtractStackTraceNoAlloc (byte*,int,string)
UnityEngine.StackTraceUtility:ExtractStackTrace ()
UnityEngine.Animator:SetBoolString (string,bool)
UnityEngine.Animator:SetBool (string,bool)
ControladorJugador:Update () (at Assets/Scripts/ControladorJugador.cs:56)

[Assets/Scripts/ControladorJugador.cs line 56]

Parameter 'isRunning' does not exist.
UnityEngine.Debug:ExtractStackTraceNoAlloc (byte*,int,string)
UnityEngine.StackTraceUtility:ExtractStackTrace ()
UnityEngine.Animator:SetBoolString (string,bool)
UnityEngine.Animator:SetBool (string,bool)
ControladorJugador:Update () (at Assets/Scripts/ControladorJugador.cs:57)

[Assets/Scripts/ControladorJugador.cs line 57]

Parameter 'isWalking' does not exist.
UnityEngine.Debug:ExtractStackTraceNoAlloc (byte*,int,string)
UnityEngine.StackTraceUtility:ExtractStackTrace ()
UnityEngine.Animator:SetBoolString (string,bool)
UnityEngine.Animator:SetBool (string,bool)
ControladorJugador:Update () (at Assets/Scripts/ControladorJugador.cs:56)

[Assets/Scripts/ControladorJugador.cs line 56]

Parameter 'isRunning' does not exist.
UnityEngine.Debug:ExtractStackTraceNoAlloc (byte*,int,string)
UnityEngine.StackTraceUtility:ExtractStackTrace ()
UnityEngine.Animator:SetBoolString (string,bool)
UnityEngine.Animator:SetBool (string,bool)
ControladorJugador:Update () (at Assets/Scripts/ControladorJugador.cs:57)

[Assets/Scripts/ControladorJugador.cs line 57]

Parameter 'isRunning' does not exist.
UnityEngine.Debug:ExtractStackTraceNoAlloc (byte*,int,string)
UnityEngine.StackTraceUtility:ExtractStackTrace ()
UnityEngine.Animator:GetBoolString (string)
UnityEngine.Animator:GetBool (string)
ControladorJugador:FixedUpdate () (at Assets/Scripts/ControladorJugador.cs:83)

[Assets/Scripts/ControladorJugador.cs line 83]

Parameter 'isWalking' does not exist.
UnityEngine.Debug:ExtractStackTraceNoAlloc (byte*,int,string)
UnityEngine.StackTraceUtility:ExtractStackTrace ()
UnityEngine.Animator:SetBoolString (string,bool)
UnityEngine.Animator:SetBool (string,bool)
ControladorJugador:Update () (at Assets/Scripts/ControladorJugador.cs:56)

[Assets/Scripts/ControladorJugador.cs line 56]

Parameter 'isRunning' does not exist.
UnityEngine.Debug:ExtractStackTraceNoAlloc (byte*,int,string)
UnityEngine.StackTraceUtility:ExtractStackTrace ()
UnityEngine.Animator:SetBoolString (string,bool)
UnityEngine.Animator:SetBool (string,bool)
ControladorJugador:Update () (at Assets/Scripts/ControladorJugador.cs:57)

[Assets/Scripts/ControladorJugador.cs line 57]

Parameter 'isWalking' does not exist.
UnityEngine.Debug:ExtractStackTraceNoAlloc (byte*,int,string)
UnityEngine.StackTraceUtility:ExtractStackTrace ()
UnityEngine.Animator:SetBoolString (string,bool)
UnityEngine.Animator:SetBool (string,bool)
ControladorJugador:Update () (at Assets/Scripts/ControladorJugador.cs:56)

[Assets/Scripts/ControladorJugador.cs line 56]

Parameter 'isRunning' does not exist.
UnityEngine.Debug:ExtractStackTraceNoAlloc (byte*,int,string)
UnityEngine.StackTraceUtility:ExtractStackTrace ()
UnityEngine.Animator:SetBoolString (string,bool)
UnityEngine.Animator:SetBool (string,bool)
ControladorJugador:Update () (at Assets/Scripts/ControladorJugador.cs:57)

[Assets/Scripts/ControladorJugador.cs line 57]

Parameter 'isWalking' does not exist.
UnityEngine.Debug:ExtractStackTraceNoAlloc (byte*,int,string)
UnityEngine.StackTraceUtility:ExtractStackTrace ()
UnityEngine.Animator:SetBoolString (string,bool)
UnityEngine.Animator:SetBool (string,bool)
ControladorJugador:Update () (at Assets/Scripts/ControladorJugador.cs:56)

[Assets/Scripts/ControladorJugador.cs line 56]

Parameter 'isRunning' does not exist.
UnityEngine.Debug:ExtractStackTraceNoAlloc (byte*,int,string)
UnityEngine.StackTraceUtility:ExtractStackTrace ()
UnityEngine.Animator:SetBoolString (string,bool)
UnityEngine.Animator:SetBool (string,bool)
ControladorJugador:Update () (at Assets/Scripts/ControladorJugador.cs:57)

[Assets/Scripts/ControladorJugador.cs line 57]

Parameter 'isRunning' does not exist.
UnityEngine.Debug:ExtractStackTraceNoAlloc (byte*,int,string)
UnityEngine.StackTraceUtility:ExtractStackTrace ()
UnityEngine.Animator:GetBoolString (string)
UnityEngine.Animator:GetBool (string)
ControladorJugador:FixedUpdate () (at Assets/Scripts/ControladorJugador.cs:83)

[Assets/Scripts/ControladorJugador.cs line 83]

Parameter 'isWalking' does not exist.
UnityEngine.Debug:ExtractStackTraceNoAlloc (byte*,int,string)
UnityEngine.StackTraceUtility:ExtractStackTrace ()
UnityEngine.Animator:SetBoolString (string,bool)
UnityEngine.Animator:SetBool (string,bool)
ControladorJugador:Update () (at Assets/Scripts/ControladorJugador.cs:56)

[Assets/Scripts/ControladorJugador.cs line 56]

Parameter 'isRunning' does not exist.
UnityEngine.Debug:ExtractStackTraceNoAlloc (byte*,int,string)
UnityEngine.StackTraceUtility:ExtractStackTrace ()
UnityEngine.Animator:SetBoolString (string,bool)
UnityEngine.Animator:SetBool (string,bool)
ControladorJugador:Update () (at Assets/Scripts/ControladorJugador.cs:57)

[Assets/Scripts/ControladorJugador.cs line 57]

Parameter 'isWalking' does not exist.
UnityEngine.Debug:ExtractStackTraceNoAlloc (byte*,int,string)
UnityEngine.StackTraceUtility:ExtractStackTrace ()
UnityEngine.Animator:SetBoolString (string,bool)
UnityEngine.Animator:SetBool (string,bool)
ControladorJugador:Update () (at Assets/Scripts/ControladorJugador.cs:56)

[Assets/Scripts/ControladorJugador.cs line 56]

Parameter 'isRunning' does not exist.
UnityEngine.Debug:ExtractStackTraceNoAlloc (byte*,int,string)
UnityEngine.StackTraceUtility:ExtractStackTrace ()
UnityEngine.Animator:SetBoolString (string,bool)
UnityEngine.Animator:SetBool (string,bool)
ControladorJugador:Update () (at Assets/Scripts/ControladorJugador.cs:57)

[Assets/Scripts/ControladorJugador.cs line 57]

Parameter 'isWalking' does not exist.
UnityEngine.Debug:ExtractStackTraceNoAlloc (byte*,int,string)
UnityEngine.StackTraceUtility:ExtractStackTrace ()
UnityEngine.Animator:SetBoolString (string,bool)
UnityEngine.Animator:SetBool (string,bool)
ControladorJugador:Update () (at Assets/Scripts/ControladorJugador.cs:56)

[Assets/Scripts/ControladorJugador.cs line 56]

Parameter 'isRunning' does not exist.
UnityEngine.Debug:ExtractStackTraceNoAlloc (byte*,int,string)
UnityEngine.StackTraceUtility:ExtractStackTrace ()
UnityEngine.Animator:SetBoolString (string,bool)
UnityEngine.Animator:SetBool (string,bool)
ControladorJugador:Update () (at Assets/Scripts/ControladorJugador.cs:57)

[Assets/Scripts/ControladorJugador.cs line 57]

Parameter 'isWalking' does not exist.
UnityEngine.Debug:ExtractStackTraceNoAlloc (byte*,int,string)
UnityEngine.StackTraceUtility:ExtractStackTrace ()
UnityEngine.Animator:SetBoolString (string,bool)
UnityEngine.Animator:SetBool (string,bool)
ControladorJugador:Update () (at Assets/Scripts/ControladorJugador.cs:56)

[Assets/Scripts/ControladorJugador.cs line 56]

Parameter 'isRunning' does not exist.
UnityEngine.Debug:ExtractStackTraceNoAlloc (byte*,int,string)
UnityEngine.StackTraceUtility:ExtractStackTrace ()
UnityEngine.Animator:SetBoolString (string,bool)
UnityEngine.Animator:SetBool (string,bool)
ControladorJugador:Update () (at Assets/Scripts/ControladorJugador.cs:57)

[Assets/Scripts/ControladorJugador.cs line 57]

Parameter 'isRunning' does not exist.
UnityEngine.Debug:ExtractStackTraceNoAlloc (byte*,int,string)
UnityEngine.StackTraceUtility:ExtractStackTrace ()
UnityEngine.Animator:GetBoolString (string)
UnityEngine.Animator:GetBool (string)
ControladorJugador:FixedUpdate () (at Assets/Scripts/ControladorJugador.cs:83)

[Assets/Scripts/ControladorJugador.cs line 83]

Parameter 'isWalking' does not exist.
UnityEngine.Debug:ExtractStackTraceNoAlloc (byte*,int,string)
UnityEngine.StackTraceUtility:ExtractStackTrace ()
UnityEngine.Animator:SetBoolString (string,bool)
UnityEngine.Animator:SetBool (string,bool)
ControladorJugador:Update () (at Assets/Scripts/ControladorJugador.cs:56)

[Assets/Scripts/ControladorJugador.cs line 56]

Parameter 'isRunning' does not exist.
UnityEngine.Debug:ExtractStackTraceNoAlloc (byte*,int,string)
UnityEngine.StackTraceUtility:ExtractStackTrace ()
UnityEngine.Animator:SetBoolString (string,bool)
UnityEngine.Animator:SetBool (string,bool)
ControladorJugador:Update () (at Assets/Scripts/ControladorJugador.cs:57)

[Assets/Scripts/ControladorJugador.cs line 57]

Parameter 'isWalking' does not exist.
UnityEngine.Debug:ExtractStackTraceNoAlloc (byte*,int,string)
UnityEngine.StackTraceUtility:ExtractStackTrace ()
UnityEngine.Animator:SetBoolString (string,bool)
UnityEngine.Animator:SetBool (string,bool)
ControladorJugador:Update () (at Assets/Scripts/ControladorJugador.cs:56)

[Assets/Scripts/ControladorJugador.cs line 56]

Parameter 'isRunning' does not exist.
UnityEngine.Debug:ExtractStackTraceNoAlloc (byte*,int,string)
UnityEngine.StackTraceUtility:ExtractStackTrace ()
UnityEngine.Animator:SetBoolString (string,bool)
UnityEngine.Animator:SetBool (string,bool)
ControladorJugador:Update () (at Assets/Scripts/ControladorJugador.cs:57)

[Assets/Scripts/ControladorJugador.cs line 57]

Parameter 'isWalking' does not exist.
UnityEngine.Debug:ExtractStackTraceNoAlloc (byte*,int,string)
UnityEngine.StackTraceUtility:ExtractStackTrace ()
UnityEngine.Animator:SetBoolString (string,bool)
UnityEngine.Animator:SetBool (string,bool)
ControladorJugador:Update () (at Assets/Scripts/ControladorJugador.cs:56)

[Assets/Scripts/ControladorJugador.cs line 56]

Parameter 'isRunning' does not exist.
UnityEngine.Debug:ExtractStackTraceNoAlloc (byte*,int,string)
UnityEngine.StackTraceUtility:ExtractStackTrace ()
UnityEngine.Animator:SetBoolString (string,bool)
UnityEngine.Animator:SetBool (string,bool)
ControladorJugador:Update () (at Assets/Scripts/ControladorJugador.cs:57)

[Assets/Scripts/ControladorJugador.cs line 57]

Parameter 'isWalking' does not exist.
UnityEngine.Debug:ExtractStackTraceNoAlloc (byte*,int,string)
UnityEngine.StackTraceUtility:ExtractStackTrace ()
UnityEngine.Animator:SetBoolString (string,bool)
UnityEngine.Animator:SetBool (string,bool)
ControladorJugador:Update () (at Assets/Scripts/ControladorJugador.cs:56)

[Assets/Scripts/ControladorJugador.cs line 56]

Parameter 'isRunning' does not exist.
UnityEngine.Debug:ExtractStackTraceNoAlloc (byte*,int,string)
UnityEngine.StackTraceUtility:ExtractStackTrace ()
UnityEngine.Animator:SetBoolString (string,bool)
UnityEngine.Animator:SetBool (string,bool)
ControladorJugador:Update () (at Assets/Scripts/ControladorJugador.cs:57)

[Assets/Scripts/ControladorJugador.cs line 57]

Parameter 'isRunning' does not exist.
UnityEngine.Debug:ExtractStackTraceNoAlloc (byte*,int,string)
UnityEngine.StackTraceUtility:ExtractStackTrace ()
UnityEngine.Animator:GetBoolString (string)
UnityEngine.Animator:GetBool (string)
ControladorJugador:FixedUpdate () (at Assets/Scripts/ControladorJugador.cs:83)

[Assets/Scripts/ControladorJugador.cs line 83]

Parameter 'isWalking' does not exist.
UnityEngine.Debug:ExtractStackTraceNoAlloc (byte*,int,string)
UnityEngine.StackTraceUtility:ExtractStackTrace ()
UnityEngine.Animator:SetBoolString (string,bool)
UnityEngine.Animator:SetBool (string,bool)
ControladorJugador:Update () (at Assets/Scripts/ControladorJugador.cs:56)

[Assets/Scripts/ControladorJugador.cs line 56]

Parameter 'isRunning' does not exist.
UnityEngine.Debug:ExtractStackTraceNoAlloc (byte*,int,string)
UnityEngine.StackTraceUtility:ExtractStackTrace ()
UnityEngine.Animator:SetBoolString (string,bool)
UnityEngine.Animator:SetBool (string,bool)
ControladorJugador:Update () (at Assets/Scripts/ControladorJugador.cs:57)

[Assets/Scripts/ControladorJugador.cs line 57]

Parameter 'isWalking' does not exist.
UnityEngine.Debug:ExtractStackTraceNoAlloc (byte*,int,string)
UnityEngine.StackTraceUtility:ExtractStackTrace ()
UnityEngine.Animator:SetBoolString (string,bool)
UnityEngine.Animator:SetBool (string,bool)
ControladorJugador:Update () (at Assets/Scripts/ControladorJugador.cs:56)

[Assets/Scripts/ControladorJugador.cs line 56]

Parameter 'isRunning' does not exist.
UnityEngine.Debug:ExtractStackTraceNoAlloc (byte*,int,string)
UnityEngine.StackTraceUtility:ExtractStackTrace ()
UnityEngine.Animator:SetBoolString (string,bool)
UnityEngine.Animator:SetBool (string,bool)
ControladorJugador:Update () (at Assets/Scripts/ControladorJugador.cs:57)

[Assets/Scripts/ControladorJugador.cs line 57]

Parameter 'isWalking' does not exist.
UnityEngine.Debug:ExtractStackTraceNoAlloc (byte*,int,string)
UnityEngine.StackTraceUtility:ExtractStackTrace ()
UnityEngine.Animator:SetBoolString (string,bool)
UnityEngine.Animator:SetBool (string,bool)
ControladorJugador:Update () (at Assets/Scripts/ControladorJugador.cs:56)

[Assets/Scripts/ControladorJugador.cs line 56]

Parameter 'isRunning' does not exist.
UnityEngine.Debug:ExtractStackTraceNoAlloc (byte*,int,string)
UnityEngine.StackTraceUtility:ExtractStackTrace ()
UnityEngine.Animator:SetBoolString (string,bool)
UnityEngine.Animator:SetBool (string,bool)
ControladorJugador:Update () (at Assets/Scripts/ControladorJugador.cs:57)

[Assets/Scripts/ControladorJugador.cs line 57]

Parameter 'isWalking' does not exist.
UnityEngine.Debug:ExtractStackTraceNoAlloc (byte*,int,string)
UnityEngine.StackTraceUtility:ExtractStackTrace ()
UnityEngine.Animator:SetBoolString (string,bool)
UnityEngine.Animator:SetBool (string,bool)
ControladorJugador:Update () (at Assets/Scripts/ControladorJugador.cs:56)

[Assets/Scripts/ControladorJugador.cs line 56]

Parameter 'isRunning' does not exist.
UnityEngine.Debug:ExtractStackTraceNoAlloc (byte*,int,string)
UnityEngine.StackTraceUtility:ExtractStackTrace ()
UnityEngine.Animator:SetBoolString (string,bool)
UnityEngine.Animator:SetBool (string,bool)
ControladorJugador:Update () (at Assets/Scripts/ControladorJugador.cs:57)

[Assets/Scripts/ControladorJugador.cs line 57]

Parameter 'isRunning' does not exist.
UnityEngine.Debug:ExtractStackTraceNoAlloc (byte*,int,string)
UnityEngine.StackTraceUtility:ExtractStackTrace ()
UnityEngine.Animator:GetBoolString (string)
UnityEngine.Animator:GetBool (string)
ControladorJugador:FixedUpdate () (at Assets/Scripts/ControladorJugador.cs:83)

[Assets/Scripts/ControladorJugador.cs line 83]

Parameter 'isWalking' does not exist.
UnityEngine.Debug:ExtractStackTraceNoAlloc (byte*,int,string)
UnityEngine.StackTraceUtility:ExtractStackTrace ()
UnityEngine.Animator:SetBoolString (string,bool)
UnityEngine.Animator:SetBool (string,bool)
ControladorJugador:Update () (at Assets/Scripts/ControladorJugador.cs:56)

[Assets/Scripts/ControladorJugador.cs line 56]

Parameter 'isRunning' does not exist.
UnityEngine.Debug:ExtractStackTraceNoAlloc (byte*,int,string)
UnityEngine.StackTraceUtility:ExtractStackTrace ()
UnityEngine.Animator:SetBoolString (string,bool)
UnityEngine.Animator:SetBool (string,bool)
ControladorJugador:Update () (at Assets/Scripts/ControladorJugador.cs:57)

[Assets/Scripts/ControladorJugador.cs line 57]

Parameter 'isWalking' does not exist.
UnityEngine.Debug:ExtractStackTraceNoAlloc (byte*,int,string)
UnityEngine.StackTraceUtility:ExtractStackTrace ()
UnityEngine.Animator:SetBoolString (string,bool)
UnityEngine.Animator:SetBool (string,bool)
ControladorJugador:Update () (at Assets/Scripts/ControladorJugador.cs:56)

[Assets/Scripts/ControladorJugador.cs line 56]

Parameter 'isRunning' does not exist.
UnityEngine.Debug:ExtractStackTraceNoAlloc (byte*,int,string)
UnityEngine.StackTraceUtility:ExtractStackTrace ()
UnityEngine.Animator:SetBoolString (string,bool)
UnityEngine.Animator:SetBool (string,bool)
ControladorJugador:Update () (at Assets/Scripts/ControladorJugador.cs:57)

[Assets/Scripts/ControladorJugador.cs line 57]

Parameter 'isWalking' does not exist.
UnityEngine.Debug:ExtractStackTraceNoAlloc (byte*,int,string)
UnityEngine.StackTraceUtility:ExtractStackTrace ()
UnityEngine.Animator:SetBoolString (string,bool)
UnityEngine.Animator:SetBool (string,bool)
ControladorJugador:Update () (at Assets/Scripts/ControladorJugador.cs:56)

[Assets/Scripts/ControladorJugador.cs line 56]

Parameter 'isRunning' does not exist.
UnityEngine.Debug:ExtractStackTraceNoAlloc (byte*,int,string)
UnityEngine.StackTraceUtility:ExtractStackTrace ()
UnityEngine.Animator:SetBoolString (string,bool)
UnityEngine.Animator:SetBool (string,bool)
ControladorJugador:Update () (at Assets/Scripts/ControladorJugador.cs:57)

[Assets/Scripts/ControladorJugador.cs line 57]

Parameter 'isWalking' does not exist.
UnityEngine.Debug:ExtractStackTraceNoAlloc (byte*,int,string)
UnityEngine.StackTraceUtility:ExtractStackTrace ()
UnityEngine.Animator:SetBoolString (string,bool)
UnityEngine.Animator:SetBool (string,bool)
ControladorJugador:Update () (at Assets/Scripts/ControladorJugador.cs:56)

[Assets/Scripts/ControladorJugador.cs line 56]

Parameter 'isRunning' does not exist.
UnityEngine.Debug:ExtractStackTraceNoAlloc (byte*,int,string)
UnityEngine.StackTraceUtility:ExtractStackTrace ()
UnityEngine.Animator:SetBoolString (string,bool)
UnityEngine.Animator:SetBool (string,bool)
ControladorJugador:Update () (at Assets/Scripts/ControladorJugador.cs:57)

[Assets/Scripts/ControladorJugador.cs line 57]

Parameter 'isRunning' does not exist.
UnityEngine.Debug:ExtractStackTraceNoAlloc (byte*,int,string)
UnityEngine.StackTraceUtility:ExtractStackTrace ()
UnityEngine.Animator:GetBoolString (string)
UnityEngine.Animator:GetBool (string)
ControladorJugador:FixedUpdate () (at Assets/Scripts/ControladorJugador.cs:83)

[Assets/Scripts/ControladorJugador.cs line 83]

Parameter 'isWalking' does not exist.
UnityEngine.Debug:ExtractStackTraceNoAlloc (byte*,int,string)
UnityEngine.StackTraceUtility:ExtractStackTrace ()
UnityEngine.Animator:SetBoolString (string,bool)
UnityEngine.Animator:SetBool (string,bool)
ControladorJugador:Update () (at Assets/Scripts/ControladorJugador.cs:56)

[Assets/Scripts/ControladorJugador.cs line 56]

Parameter 'isRunning' does not exist.
UnityEngine.Debug:ExtractStackTraceNoAlloc (byte*,int,string)
UnityEngine.StackTraceUtility:ExtractStackTrace ()
UnityEngine.Animator:SetBoolString (string,bool)
UnityEngine.Animator:SetBool (string,bool)
ControladorJugador:Update () (at Assets/Scripts/ControladorJugador.cs:57)

[Assets/Scripts/ControladorJugador.cs line 57]

Parameter 'isWalking' does not exist.
UnityEngine.Debug:ExtractStackTraceNoAlloc (byte*,int,string)
UnityEngine.StackTraceUtility:ExtractStackTrace ()
UnityEngine.Animator:SetBoolString (string,bool)
UnityEngine.Animator:SetBool (string,bool)
ControladorJugador:Update () (at Assets/Scripts/ControladorJugador.cs:56)

[Assets/Scripts/ControladorJugador.cs line 56]

Parameter 'isRunning' does not exist.
UnityEngine.Debug:ExtractStackTraceNoAlloc (byte*,int,string)
UnityEngine.StackTraceUtility:ExtractStackTrace ()
UnityEngine.Animator:SetBoolString (string,bool)
UnityEngine.Animator:SetBool (string,bool)
ControladorJugador:Update () (at Assets/Scripts/ControladorJugador.cs:57)

[Assets/Scripts/ControladorJugador.cs line 57]

Parameter 'isWalking' does not exist.
UnityEngine.Debug:ExtractStackTraceNoAlloc (byte*,int,string)
UnityEngine.StackTraceUtility:ExtractStackTrace ()
UnityEngine.Animator:SetBoolString (string,bool)
UnityEngine.Animator:SetBool (string,bool)
ControladorJugador:Update () (at Assets/Scripts/ControladorJugador.cs:56)

[Assets/Scripts/ControladorJugador.cs line 56]

Parameter 'isRunning' does not exist.
UnityEngine.Debug:ExtractStackTraceNoAlloc (byte*,int,string)
UnityEngine.StackTraceUtility:ExtractStackTrace ()
UnityEngine.Animator:SetBoolString (string,bool)
UnityEngine.Animator:SetBool (string,bool)
ControladorJugador:Update () (at Assets/Scripts/ControladorJugador.cs:57)

[Assets/Scripts/ControladorJugador.cs line 57]

Parameter 'isRunning' does not exist.
UnityEngine.Debug:ExtractStackTraceNoAlloc (byte*,int,string)
UnityEngine.StackTraceUtility:ExtractStackTrace ()
UnityEngine.Animator:GetBoolString (string)
UnityEngine.Animator:GetBool (string)
ControladorJugador:FixedUpdate () (at Assets/Scripts/ControladorJugador.cs:83)

[Assets/Scripts/ControladorJugador.cs line 83]

Parameter 'isWalking' does not exist.
UnityEngine.Debug:ExtractStackTraceNoAlloc (byte*,int,string)
UnityEngine.StackTraceUtility:ExtractStackTrace ()
UnityEngine.Animator:SetBoolString (string,bool)
UnityEngine.Animator:SetBool (string,bool)
ControladorJugador:Update () (at Assets/Scripts/ControladorJugador.cs:56)

[Assets/Scripts/ControladorJugador.cs line 56]

Parameter 'isRunning' does not exist.
UnityEngine.Debug:ExtractStackTraceNoAlloc (byte*,int,string)
UnityEngine.StackTraceUtility:ExtractStackTrace ()
UnityEngine.Animator:SetBoolString (string,bool)
UnityEngine.Animator:SetBool (string,bool)
ControladorJugador:Update () (at Assets/Scripts/ControladorJugador.cs:57)

[Assets/Scripts/ControladorJugador.cs line 57]

Parameter 'isWalking' does not exist.
UnityEngine.Debug:ExtractStackTraceNoAlloc (byte*,int,string)
UnityEngine.StackTraceUtility:ExtractStackTrace ()
UnityEngine.Animator:SetBoolString (string,bool)
UnityEngine.Animator:SetBool (string,bool)
ControladorJugador:Update () (at Assets/Scripts/ControladorJugador.cs:56)

[Assets/Scripts/ControladorJugador.cs line 56]

Parameter 'isRunning' does not exist.
UnityEngine.Debug:ExtractStackTraceNoAlloc (byte*,int,string)
UnityEngine.StackTraceUtility:ExtractStackTrace ()
UnityEngine.Animator:SetBoolString (string,bool)
UnityEngine.Animator:SetBool (string,bool)
ControladorJugador:Update () (at Assets/Scripts/ControladorJugador.cs:57)

[Assets/Scripts/ControladorJugador.cs line 57]

Parameter 'isWalking' does not exist.
UnityEngine.Debug:ExtractStackTraceNoAlloc (byte*,int,string)
UnityEngine.StackTraceUtility:ExtractStackTrace ()
UnityEngine.Animator:SetBoolString (string,bool)
UnityEngine.Animator:SetBool (string,bool)
ControladorJugador:Update () (at Assets/Scripts/ControladorJugador.cs:56)

[Assets/Scripts/ControladorJugador.cs line 56]

Parameter 'isRunning' does not exist.
UnityEngine.Debug:ExtractStackTraceNoAlloc (byte*,int,string)
UnityEngine.StackTraceUtility:ExtractStackTrace ()
UnityEngine.Animator:SetBoolString (string,bool)
UnityEngine.Animator:SetBool (string,bool)
ControladorJugador:Update () (at Assets/Scripts/ControladorJugador.cs:57)

[Assets/Scripts/ControladorJugador.cs line 57]

Parameter 'isWalking' does not exist.
UnityEngine.Debug:ExtractStackTraceNoAlloc (byte*,int,string)
UnityEngine.StackTraceUtility:ExtractStackTrace ()
UnityEngine.Animator:SetBoolString (string,bool)
UnityEngine.Animator:SetBool (string,bool)
ControladorJugador:Update () (at Assets/Scripts/ControladorJugador.cs:56)

[Assets/Scripts/ControladorJugador.cs line 56]

Parameter 'isRunning' does not exist.
UnityEngine.Debug:ExtractStackTraceNoAlloc (byte*,int,string)
UnityEngine.StackTraceUtility:ExtractStackTrace ()
UnityEngine.Animator:SetBoolString (string,bool)
UnityEngine.Animator:SetBool (string,bool)
ControladorJugador:Update () (at Assets/Scripts/ControladorJugador.cs:57)

[Assets/Scripts/ControladorJugador.cs line 57]

Parameter 'isRunning' does not exist.
UnityEngine.Debug:ExtractStackTraceNoAlloc (byte*,int,string)
UnityEngine.StackTraceUtility:ExtractStackTrace ()
UnityEngine.Animator:GetBoolString (string)
UnityEngine.Animator:GetBool (string)
ControladorJugador:FixedUpdate () (at Assets/Scripts/ControladorJugador.cs:83)

[Assets/Scripts/ControladorJugador.cs line 83]

Parameter 'isWalking' does not exist.
UnityEngine.Debug:ExtractStackTraceNoAlloc (byte*,int,string)
UnityEngine.StackTraceUtility:ExtractStackTrace ()
UnityEngine.Animator:SetBoolString (string,bool)
UnityEngine.Animator:SetBool (string,bool)
ControladorJugador:Update () (at Assets/Scripts/ControladorJugador.cs:56)

[Assets/Scripts/ControladorJugador.cs line 56]

Parameter 'isRunning' does not exist.
UnityEngine.Debug:ExtractStackTraceNoAlloc (byte*,int,string)
UnityEngine.StackTraceUtility:ExtractStackTrace ()
UnityEngine.Animator:SetBoolString (string,bool)
UnityEngine.Animator:SetBool (string,bool)
ControladorJugador:Update () (at Assets/Scripts/ControladorJugador.cs:57)

[Assets/Scripts/ControladorJugador.cs line 57]

Parameter 'isWalking' does not exist.
UnityEngine.Debug:ExtractStackTraceNoAlloc (byte*,int,string)
UnityEngine.StackTraceUtility:ExtractStackTrace ()
UnityEngine.Animator:SetBoolString (string,bool)
UnityEngine.Animator:SetBool (string,bool)
ControladorJugador:Update () (at Assets/Scripts/ControladorJugador.cs:56)

[Assets/Scripts/ControladorJugador.cs line 56]

Parameter 'isRunning' does not exist.
UnityEngine.Debug:ExtractStackTraceNoAlloc (byte*,int,string)
UnityEngine.StackTraceUtility:ExtractStackTrace ()
UnityEngine.Animator:SetBoolString (string,bool)
UnityEngine.Animator:SetBool (string,bool)
ControladorJugador:Update () (at Assets/Scripts/ControladorJugador.cs:57)

[Assets/Scripts/ControladorJugador.cs line 57]

Parameter 'isWalking' does not exist.
UnityEngine.Debug:ExtractStackTraceNoAlloc (byte*,int,string)
UnityEngine.StackTraceUtility:ExtractStackTrace ()
UnityEngine.Animator:SetBoolString (string,bool)
UnityEngine.Animator:SetBool (string,bool)
ControladorJugador:Update () (at Assets/Scripts/ControladorJugador.cs:56)

[Assets/Scripts/ControladorJugador.cs line 56]

Parameter 'isRunning' does not exist.
UnityEngine.Debug:ExtractStackTraceNoAlloc (byte*,int,string)
UnityEngine.StackTraceUtility:ExtractStackTrace ()
UnityEngine.Animator:SetBoolString (string,bool)
UnityEngine.Animator:SetBool (string,bool)
ControladorJugador:Update () (at Assets/Scripts/ControladorJugador.cs:57)

[Assets/Scripts/ControladorJugador.cs line 57]

Parameter 'isWalking' does not exist.
UnityEngine.Debug:ExtractStackTraceNoAlloc (byte*,int,string)
UnityEngine.StackTraceUtility:ExtractStackTrace ()
UnityEngine.Animator:SetBoolString (string,bool)
UnityEngine.Animator:SetBool (string,bool)
ControladorJugador:Update () (at Assets/Scripts/ControladorJugador.cs:56)

[Assets/Scripts/ControladorJugador.cs line 56]

Parameter 'isRunning' does not exist.
UnityEngine.Debug:ExtractStackTraceNoAlloc (byte*,int,string)
UnityEngine.StackTraceUtility:ExtractStackTrace ()
UnityEngine.Animator:SetBoolString (string,bool)
UnityEngine.Animator:SetBool (string,bool)
ControladorJugador:Update () (at Assets/Scripts/ControladorJugador.cs:57)

[Assets/Scripts/ControladorJugador.cs line 57]

Parameter 'isRunning' does not exist.
UnityEngine.Debug:ExtractStackTraceNoAlloc (byte*,int,string)
UnityEngine.StackTraceUtility:ExtractStackTrace ()
UnityEngine.Animator:GetBoolString (string)
UnityEngine.Animator:GetBool (string)
ControladorJugador:FixedUpdate () (at Assets/Scripts/ControladorJugador.cs:83)

[Assets/Scripts/ControladorJugador.cs line 83]

Parameter 'isWalking' does not exist.
UnityEngine.Debug:ExtractStackTraceNoAlloc (byte*,int,string)
UnityEngine.StackTraceUtility:ExtractStackTrace ()
UnityEngine.Animator:SetBoolString (string,bool)
UnityEngine.Animator:SetBool (string,bool)
ControladorJugador:Update () (at Assets/Scripts/ControladorJugador.cs:56)

[Assets/Scripts/ControladorJugador.cs line 56]

Parameter 'isRunning' does not exist.
UnityEngine.Debug:ExtractStackTraceNoAlloc (byte*,int,string)
UnityEngine.StackTraceUtility:ExtractStackTrace ()
UnityEngine.Animator:SetBoolString (string,bool)
UnityEngine.Animator:SetBool (string,bool)
ControladorJugador:Update () (at Assets/Scripts/ControladorJugador.cs:57)

[Assets/Scripts/ControladorJugador.cs line 57]

Parameter 'isWalking' does not exist.
UnityEngine.Debug:ExtractStackTraceNoAlloc (byte*,int,string)
UnityEngine.StackTraceUtility:ExtractStackTrace ()
UnityEngine.Animator:SetBoolString (string,bool)
UnityEngine.Animator:SetBool (string,bool)
ControladorJugador:Update () (at Assets/Scripts/ControladorJugador.cs:56)

[Assets/Scripts/ControladorJugador.cs line 56]

Parameter 'isRunning' does not exist.
UnityEngine.Debug:ExtractStackTraceNoAlloc (byte*,int,string)
UnityEngine.StackTraceUtility:ExtractStackTrace ()
UnityEngine.Animator:SetBoolString (string,bool)
UnityEngine.Animator:SetBool (string,bool)
ControladorJugador:Update () (at Assets/Scripts/ControladorJugador.cs:57)

[Assets/Scripts/ControladorJugador.cs line 57]

Parameter 'isWalking' does not exist.
UnityEngine.Debug:ExtractStackTraceNoAlloc (byte*,int,string)
UnityEngine.StackTraceUtility:ExtractStackTrace ()
UnityEngine.Animator:SetBoolString (string,bool)
UnityEngine.Animator:SetBool (string,bool)
ControladorJugador:Update () (at Assets/Scripts/ControladorJugador.cs:56)

[Assets/Scripts/ControladorJugador.cs line 56]

Parameter 'isRunning' does not exist.
UnityEngine.Debug:ExtractStackTraceNoAlloc (byte*,int,string)
UnityEngine.StackTraceUtility:ExtractStackTrace ()
UnityEngine.Animator:SetBoolString (string,bool)
UnityEngine.Animator:SetBool (string,bool)
ControladorJugador:Update () (at Assets/Scripts/ControladorJugador.cs:57)

[Assets/Scripts/ControladorJugador.cs line 57]

Parameter 'isRunning' does not exist.
UnityEngine.Debug:ExtractStackTraceNoAlloc (byte*,int,string)
UnityEngine.StackTraceUtility:ExtractStackTrace ()
UnityEngine.Animator:GetBoolString (string)
UnityEngine.Animator:GetBool (string)
ControladorJugador:FixedUpdate () (at Assets/Scripts/ControladorJugador.cs:83)

[Assets/Scripts/ControladorJugador.cs line 83]

Parameter 'isWalking' does not exist.
UnityEngine.Debug:ExtractStackTraceNoAlloc (byte*,int,string)
UnityEngine.StackTraceUtility:ExtractStackTrace ()
UnityEngine.Animator:SetBoolString (string,bool)
UnityEngine.Animator:SetBool (string,bool)
ControladorJugador:Update () (at Assets/Scripts/ControladorJugador.cs:56)

[Assets/Scripts/ControladorJugador.cs line 56]

Parameter 'isRunning' does not exist.
UnityEngine.Debug:ExtractStackTraceNoAlloc (byte*,int,string)
UnityEngine.StackTraceUtility:ExtractStackTrace ()
UnityEngine.Animator:SetBoolString (string,bool)
UnityEngine.Animator:SetBool (string,bool)
ControladorJugador:Update () (at Assets/Scripts/ControladorJugador.cs:57)

[Assets/Scripts/ControladorJugador.cs line 57]

Parameter 'isWalking' does not exist.
UnityEngine.Debug:ExtractStackTraceNoAlloc (byte*,int,string)
UnityEngine.StackTraceUtility:ExtractStackTrace ()
UnityEngine.Animator:SetBoolString (string,bool)
UnityEngine.Animator:SetBool (string,bool)
ControladorJugador:Update () (at Assets/Scripts/ControladorJugador.cs:56)

[Assets/Scripts/ControladorJugador.cs line 56]

Parameter 'isRunning' does not exist.
UnityEngine.Debug:ExtractStackTraceNoAlloc (byte*,int,string)
UnityEngine.StackTraceUtility:ExtractStackTrace ()
UnityEngine.Animator:SetBoolString (string,bool)
UnityEngine.Animator:SetBool (string,bool)
ControladorJugador:Update () (at Assets/Scripts/ControladorJugador.cs:57)

[Assets/Scripts/ControladorJugador.cs line 57]

Parameter 'isWalking' does not exist.
UnityEngine.Debug:ExtractStackTraceNoAlloc (byte*,int,string)
UnityEngine.StackTraceUtility:ExtractStackTrace ()
UnityEngine.Animator:SetBoolString (string,bool)
UnityEngine.Animator:SetBool (string,bool)
ControladorJugador:Update () (at Assets/Scripts/ControladorJugador.cs:56)

[Assets/Scripts/ControladorJugador.cs line 56]

Parameter 'isRunning' does not exist.
UnityEngine.Debug:ExtractStackTraceNoAlloc (byte*,int,string)
UnityEngine.StackTraceUtility:ExtractStackTrace ()
UnityEngine.Animator:SetBoolString (string,bool)
UnityEngine.Animator:SetBool (string,bool)
ControladorJugador:Update () (at Assets/Scripts/ControladorJugador.cs:57)

[Assets/Scripts/ControladorJugador.cs line 57]

Parameter 'isWalking' does not exist.
UnityEngine.Debug:ExtractStackTraceNoAlloc (byte*,int,string)
UnityEngine.StackTraceUtility:ExtractStackTrace ()
UnityEngine.Animator:SetBoolString (string,bool)
UnityEngine.Animator:SetBool (string,bool)
ControladorJugador:Update () (at Assets/Scripts/ControladorJugador.cs:56)

[Assets/Scripts/ControladorJugador.cs line 56]

Parameter 'isRunning' does not exist.
UnityEngine.Debug:ExtractStackTraceNoAlloc (byte*,int,string)
UnityEngine.StackTraceUtility:ExtractStackTrace ()
UnityEngine.Animator:SetBoolString (string,bool)
UnityEngine.Animator:SetBool (string,bool)
ControladorJugador:Update () (at Assets/Scripts/ControladorJugador.cs:57)

[Assets/Scripts/ControladorJugador.cs line 57]

Parameter 'isRunning' does not exist.
UnityEngine.Debug:ExtractStackTraceNoAlloc (byte*,int,string)
UnityEngine.StackTraceUtility:ExtractStackTrace ()
UnityEngine.Animator:GetBoolString (string)
UnityEngine.Animator:GetBool (string)
ControladorJugador:FixedUpdate () (at Assets/Scripts/ControladorJugador.cs:83)

[Assets/Scripts/ControladorJugador.cs line 83]

Parameter 'isWalking' does not exist.
UnityEngine.Debug:ExtractStackTraceNoAlloc (byte*,int,string)
UnityEngine.StackTraceUtility:ExtractStackTrace ()
UnityEngine.Animator:SetBoolString (string,bool)
UnityEngine.Animator:SetBool (string,bool)
ControladorJugador:Update () (at Assets/Scripts/ControladorJugador.cs:56)

[Assets/Scripts/ControladorJugador.cs line 56]

Parameter 'isRunning' does not exist.
UnityEngine.Debug:ExtractStackTraceNoAlloc (byte*,int,string)
UnityEngine.StackTraceUtility:ExtractStackTrace ()
UnityEngine.Animator:SetBoolString (string,bool)
UnityEngine.Animator:SetBool (string,bool)
ControladorJugador:Update () (at Assets/Scripts/ControladorJugador.cs:57)

[Assets/Scripts/ControladorJugador.cs line 57]

Parameter 'isWalking' does not exist.
UnityEngine.Debug:ExtractStackTraceNoAlloc (byte*,int,string)
UnityEngine.StackTraceUtility:ExtractStackTrace ()
UnityEngine.Animator:SetBoolString (string,bool)
UnityEngine.Animator:SetBool (string,bool)
ControladorJugador:Update () (at Assets/Scripts/ControladorJugador.cs:56)

[Assets/Scripts/ControladorJugador.cs line 56]

Parameter 'isRunning' does not exist.
UnityEngine.Debug:ExtractStackTraceNoAlloc (byte*,int,string)
UnityEngine.StackTraceUtility:ExtractStackTrace ()
UnityEngine.Animator:SetBoolString (string,bool)
UnityEngine.Animator:SetBool (string,bool)
ControladorJugador:Update () (at Assets/Scripts/ControladorJugador.cs:57)

[Assets/Scripts/ControladorJugador.cs line 57]

Parameter 'isWalking' does not exist.
UnityEngine.Debug:ExtractStackTraceNoAlloc (byte*,int,string)
UnityEngine.StackTraceUtility:ExtractStackTrace ()
UnityEngine.Animator:SetBoolString (string,bool)
UnityEngine.Animator:SetBool (string,bool)
ControladorJugador:Update () (at Assets/Scripts/ControladorJugador.cs:56)

[Assets/Scripts/ControladorJugador.cs line 56]

Parameter 'isRunning' does not exist.
UnityEngine.Debug:ExtractStackTraceNoAlloc (byte*,int,string)
UnityEngine.StackTraceUtility:ExtractStackTrace ()
UnityEngine.Animator:SetBoolString (string,bool)
UnityEngine.Animator:SetBool (string,bool)
ControladorJugador:Update () (at Assets/Scripts/ControladorJugador.cs:57)

[Assets/Scripts/ControladorJugador.cs line 57]

Parameter 'isRunning' does not exist.
UnityEngine.Debug:ExtractStackTraceNoAlloc (byte*,int,string)
UnityEngine.StackTraceUtility:ExtractStackTrace ()
UnityEngine.Animator:GetBoolString (string)
UnityEngine.Animator:GetBool (string)
ControladorJugador:FixedUpdate () (at Assets/Scripts/ControladorJugador.cs:83)

[Assets/Scripts/ControladorJugador.cs line 83]

Parameter 'isWalking' does not exist.
UnityEngine.Debug:ExtractStackTraceNoAlloc (byte*,int,string)
UnityEngine.StackTraceUtility:ExtractStackTrace ()
UnityEngine.Animator:SetBoolString (string,bool)
UnityEngine.Animator:SetBool (string,bool)
ControladorJugador:Update () (at Assets/Scripts/ControladorJugador.cs:56)

[Assets/Scripts/ControladorJugador.cs line 56]

Parameter 'isRunning' does not exist.
UnityEngine.Debug:ExtractStackTraceNoAlloc (byte*,int,string)
UnityEngine.StackTraceUtility:ExtractStackTrace ()
UnityEngine.Animator:SetBoolString (string,bool)
UnityEngine.Animator:SetBool (string,bool)
ControladorJugador:Update () (at Assets/Scripts/ControladorJugador.cs:57)

[Assets/Scripts/ControladorJugador.cs line 57]

Parameter 'isWalking' does not exist.
UnityEngine.Debug:ExtractStackTraceNoAlloc (byte*,int,string)
UnityEngine.StackTraceUtility:ExtractStackTrace ()
UnityEngine.Animator:SetBoolString (string,bool)
UnityEngine.Animator:SetBool (string,bool)
ControladorJugador:Update () (at Assets/Scripts/ControladorJugador.cs:56)

[Assets/Scripts/ControladorJugador.cs line 56]

Parameter 'isRunning' does not exist.
UnityEngine.Debug:ExtractStackTraceNoAlloc (byte*,int,string)
UnityEngine.StackTraceUtility:ExtractStackTrace ()
UnityEngine.Animator:SetBoolString (string,bool)
UnityEngine.Animator:SetBool (string,bool)
ControladorJugador:Update () (at Assets/Scripts/ControladorJugador.cs:57)

[Assets/Scripts/ControladorJugador.cs line 57]

Parameter 'isWalking' does not exist.
UnityEngine.Debug:ExtractStackTraceNoAlloc (byte*,int,string)
UnityEngine.StackTraceUtility:ExtractStackTrace ()
UnityEngine.Animator:SetBoolString (string,bool)
UnityEngine.Animator:SetBool (string,bool)
ControladorJugador:Update () (at Assets/Scripts/ControladorJugador.cs:56)

[Assets/Scripts/ControladorJugador.cs line 56]

Parameter 'isRunning' does not exist.
UnityEngine.Debug:ExtractStackTraceNoAlloc (byte*,int,string)
UnityEngine.StackTraceUtility:ExtractStackTrace ()
UnityEngine.Animator:SetBoolString (string,bool)
UnityEngine.Animator:SetBool (string,bool)
ControladorJugador:Update () (at Assets/Scripts/ControladorJugador.cs:57)

[Assets/Scripts/ControladorJugador.cs line 57]

Parameter 'isWalking' does not exist.
UnityEngine.Debug:ExtractStackTraceNoAlloc (byte*,int,string)
UnityEngine.StackTraceUtility:ExtractStackTrace ()
UnityEngine.Animator:SetBoolString (string,bool)
UnityEngine.Animator:SetBool (string,bool)
ControladorJugador:Update () (at Assets/Scripts/ControladorJugador.cs:56)

[Assets/Scripts/ControladorJugador.cs line 56]

Parameter 'isRunning' does not exist.
UnityEngine.Debug:ExtractStackTraceNoAlloc (byte*,int,string)
UnityEngine.StackTraceUtility:ExtractStackTrace ()
UnityEngine.Animator:SetBoolString (string,bool)
UnityEngine.Animator:SetBool (string,bool)
ControladorJugador:Update () (at Assets/Scripts/ControladorJugador.cs:57)

[Assets/Scripts/ControladorJugador.cs line 57]

Parameter 'isRunning' does not exist.
UnityEngine.Debug:ExtractStackTraceNoAlloc (byte*,int,string)
UnityEngine.StackTraceUtility:ExtractStackTrace ()
UnityEngine.Animator:GetBoolString (string)
UnityEngine.Animator:GetBool (string)
ControladorJugador:FixedUpdate () (at Assets/Scripts/ControladorJugador.cs:83)

[Assets/Scripts/ControladorJugador.cs line 83]

Parameter 'isWalking' does not exist.
UnityEngine.Debug:ExtractStackTraceNoAlloc (byte*,int,string)
UnityEngine.StackTraceUtility:ExtractStackTrace ()
UnityEngine.Animator:SetBoolString (string,bool)
UnityEngine.Animator:SetBool (string,bool)
ControladorJugador:Update () (at Assets/Scripts/ControladorJugador.cs:56)

[Assets/Scripts/ControladorJugador.cs line 56]

Parameter 'isRunning' does not exist.
UnityEngine.Debug:ExtractStackTraceNoAlloc (byte*,int,string)
UnityEngine.StackTraceUtility:ExtractStackTrace ()
UnityEngine.Animator:SetBoolString (string,bool)
UnityEngine.Animator:SetBool (string,bool)
ControladorJugador:Update () (at Assets/Scripts/ControladorJugador.cs:57)

[Assets/Scripts/ControladorJugador.cs line 57]

Parameter 'isWalking' does not exist.
UnityEngine.Debug:ExtractStackTraceNoAlloc (byte*,int,string)
UnityEngine.StackTraceUtility:ExtractStackTrace ()
UnityEngine.Animator:SetBoolString (string,bool)
UnityEngine.Animator:SetBool (string,bool)
ControladorJugador:Update () (at Assets/Scripts/ControladorJugador.cs:56)

[Assets/Scripts/ControladorJugador.cs line 56]

Parameter 'isRunning' does not exist.
UnityEngine.Debug:ExtractStackTraceNoAlloc (byte*,int,string)
UnityEngine.StackTraceUtility:ExtractStackTrace ()
UnityEngine.Animator:SetBoolString (string,bool)
UnityEngine.Animator:SetBool (string,bool)
ControladorJugador:Update () (at Assets/Scripts/ControladorJugador.cs:57)

[Assets/Scripts/ControladorJugador.cs line 57]

Parameter 'isWalking' does not exist.
UnityEngine.Debug:ExtractStackTraceNoAlloc (byte*,int,string)
UnityEngine.StackTraceUtility:ExtractStackTrace ()
UnityEngine.Animator:SetBoolString (string,bool)
UnityEngine.Animator:SetBool (string,bool)
ControladorJugador:Update () (at Assets/Scripts/ControladorJugador.cs:56)

[Assets/Scripts/ControladorJugador.cs line 56]

Parameter 'isRunning' does not exist.
UnityEngine.Debug:ExtractStackTraceNoAlloc (byte*,int,string)
UnityEngine.StackTraceUtility:ExtractStackTrace ()
UnityEngine.Animator:SetBoolString (string,bool)
UnityEngine.Animator:SetBool (string,bool)
ControladorJugador:Update () (at Assets/Scripts/ControladorJugador.cs:57)

[Assets/Scripts/ControladorJugador.cs line 57]

Parameter 'isWalking' does not exist.
UnityEngine.Debug:ExtractStackTraceNoAlloc (byte*,int,string)
UnityEngine.StackTraceUtility:ExtractStackTrace ()
UnityEngine.Animator:SetBoolString (string,bool)
UnityEngine.Animator:SetBool (string,bool)
ControladorJugador:Update () (at Assets/Scripts/ControladorJugador.cs:56)

[Assets/Scripts/ControladorJugador.cs line 56]

Parameter 'isRunning' does not exist.
UnityEngine.Debug:ExtractStackTraceNoAlloc (byte*,int,string)
UnityEngine.StackTraceUtility:ExtractStackTrace ()
UnityEngine.Animator:SetBoolString (string,bool)
UnityEngine.Animator:SetBool (string,bool)
ControladorJugador:Update () (at Assets/Scripts/ControladorJugador.cs:57)

[Assets/Scripts/ControladorJugador.cs line 57]

Parameter 'isRunning' does not exist.
UnityEngine.Debug:ExtractStackTraceNoAlloc (byte*,int,string)
UnityEngine.StackTraceUtility:ExtractStackTrace ()
UnityEngine.Animator:GetBoolString (string)
UnityEngine.Animator:GetBool (string)
ControladorJugador:FixedUpdate () (at Assets/Scripts/ControladorJugador.cs:83)

[Assets/Scripts/ControladorJugador.cs line 83]

Parameter 'isWalking' does not exist.
UnityEngine.Debug:ExtractStackTraceNoAlloc (byte*,int,string)
UnityEngine.StackTraceUtility:ExtractStackTrace ()
UnityEngine.Animator:SetBoolString (string,bool)
UnityEngine.Animator:SetBool (string,bool)
ControladorJugador:Update () (at Assets/Scripts/ControladorJugador.cs:56)

[Assets/Scripts/ControladorJugador.cs line 56]

Parameter 'isRunning' does not exist.
UnityEngine.Debug:ExtractStackTraceNoAlloc (byte*,int,string)
UnityEngine.StackTraceUtility:ExtractStackTrace ()
UnityEngine.Animator:SetBoolString (string,bool)
UnityEngine.Animator:SetBool (string,bool)
ControladorJugador:Update () (at Assets/Scripts/ControladorJugador.cs:57)

[Assets/Scripts/ControladorJugador.cs line 57]

Parameter 'isWalking' does not exist.
UnityEngine.Debug:ExtractStackTraceNoAlloc (byte*,int,string)
UnityEngine.StackTraceUtility:ExtractStackTrace ()
UnityEngine.Animator:SetBoolString (string,bool)
UnityEngine.Animator:SetBool (string,bool)
ControladorJugador:Update () (at Assets/Scripts/ControladorJugador.cs:56)

[Assets/Scripts/ControladorJugador.cs line 56]

Parameter 'isRunning' does not exist.
UnityEngine.Debug:ExtractStackTraceNoAlloc (byte*,int,string)
UnityEngine.StackTraceUtility:ExtractStackTrace ()
UnityEngine.Animator:SetBoolString (string,bool)
UnityEngine.Animator:SetBool (string,bool)
ControladorJugador:Update () (at Assets/Scripts/ControladorJugador.cs:57)

[Assets/Scripts/ControladorJugador.cs line 57]

Parameter 'isWalking' does not exist.
UnityEngine.Debug:ExtractStackTraceNoAlloc (byte*,int,string)
UnityEngine.StackTraceUtility:ExtractStackTrace ()
UnityEngine.Animator:SetBoolString (string,bool)
UnityEngine.Animator:SetBool (string,bool)
ControladorJugador:Update () (at Assets/Scripts/ControladorJugador.cs:56)

[Assets/Scripts/ControladorJugador.cs line 56]

Parameter 'isRunning' does not exist.
UnityEngine.Debug:ExtractStackTraceNoAlloc (byte*,int,string)
UnityEngine.StackTraceUtility:ExtractStackTrace ()
UnityEngine.Animator:SetBoolString (string,bool)
UnityEngine.Animator:SetBool (string,bool)
ControladorJugador:Update () (at Assets/Scripts/ControladorJugador.cs:57)

[Assets/Scripts/ControladorJugador.cs line 57]

Parameter 'isWalking' does not exist.
UnityEngine.Debug:ExtractStackTraceNoAlloc (byte*,int,string)
UnityEngine.StackTraceUtility:ExtractStackTrace ()
UnityEngine.Animator:SetBoolString (string,bool)
UnityEngine.Animator:SetBool (string,bool)
ControladorJugador:Update () (at Assets/Scripts/ControladorJugador.cs:56)

[Assets/Scripts/ControladorJugador.cs line 56]

Parameter 'isRunning' does not exist.
UnityEngine.Debug:ExtractStackTraceNoAlloc (byte*,int,string)
UnityEngine.StackTraceUtility:ExtractStackTrace ()
UnityEngine.Animator:SetBoolString (string,bool)
UnityEngine.Animator:SetBool (string,bool)
ControladorJugador:Update () (at Assets/Scripts/ControladorJugador.cs:57)

[Assets/Scripts/ControladorJugador.cs line 57]

Parameter 'isRunning' does not exist.
UnityEngine.Debug:ExtractStackTraceNoAlloc (byte*,int,string)
UnityEngine.StackTraceUtility:ExtractStackTrace ()
UnityEngine.Animator:GetBoolString (string)
UnityEngine.Animator:GetBool (string)
ControladorJugador:FixedUpdate () (at Assets/Scripts/ControladorJugador.cs:83)

[Assets/Scripts/ControladorJugador.cs line 83]

Parameter 'isWalking' does not exist.
UnityEngine.Debug:ExtractStackTraceNoAlloc (byte*,int,string)
UnityEngine.StackTraceUtility:ExtractStackTrace ()
UnityEngine.Animator:SetBoolString (string,bool)
UnityEngine.Animator:SetBool (string,bool)
ControladorJugador:Update () (at Assets/Scripts/ControladorJugador.cs:56)

[Assets/Scripts/ControladorJugador.cs line 56]

Parameter 'isRunning' does not exist.
UnityEngine.Debug:ExtractStackTraceNoAlloc (byte*,int,string)
UnityEngine.StackTraceUtility:ExtractStackTrace ()
UnityEngine.Animator:SetBoolString (string,bool)
UnityEngine.Animator:SetBool (string,bool)
ControladorJugador:Update () (at Assets/Scripts/ControladorJugador.cs:57)

[Assets/Scripts/ControladorJugador.cs line 57]

Parameter 'isWalking' does not exist.
UnityEngine.Debug:ExtractStackTraceNoAlloc (byte*,int,string)
UnityEngine.StackTraceUtility:ExtractStackTrace ()
UnityEngine.Animator:SetBoolString (string,bool)
UnityEngine.Animator:SetBool (string,bool)
ControladorJugador:Update () (at Assets/Scripts/ControladorJugador.cs:56)

[Assets/Scripts/ControladorJugador.cs line 56]

Parameter 'isRunning' does not exist.
UnityEngine.Debug:ExtractStackTraceNoAlloc (byte*,int,string)
UnityEngine.StackTraceUtility:ExtractStackTrace ()
UnityEngine.Animator:SetBoolString (string,bool)
UnityEngine.Animator:SetBool (string,bool)
ControladorJugador:Update () (at Assets/Scripts/ControladorJugador.cs:57)

[Assets/Scripts/ControladorJugador.cs line 57]

Parameter 'isWalking' does not exist.
UnityEngine.Debug:ExtractStackTraceNoAlloc (byte*,int,string)
UnityEngine.StackTraceUtility:ExtractStackTrace ()
UnityEngine.Animator:SetBoolString (string,bool)
UnityEngine.Animator:SetBool (string,bool)
ControladorJugador:Update () (at Assets/Scripts/ControladorJugador.cs:56)

[Assets/Scripts/ControladorJugador.cs line 56]

Parameter 'isRunning' does not exist.
UnityEngine.Debug:ExtractStackTraceNoAlloc (byte*,int,string)
UnityEngine.StackTraceUtility:ExtractStackTrace ()
UnityEngine.Animator:SetBoolString (string,bool)
UnityEngine.Animator:SetBool (string,bool)
ControladorJugador:Update () (at Assets/Scripts/ControladorJugador.cs:57)

[Assets/Scripts/ControladorJugador.cs line 57]

Parameter 'isWalking' does not exist.
UnityEngine.Debug:ExtractStackTraceNoAlloc (byte*,int,string)
UnityEngine.StackTraceUtility:ExtractStackTrace ()
UnityEngine.Animator:SetBoolString (string,bool)
UnityEngine.Animator:SetBool (string,bool)
ControladorJugador:Update () (at Assets/Scripts/ControladorJugador.cs:56)

[Assets/Scripts/ControladorJugador.cs line 56]

Parameter 'isRunning' does not exist.
UnityEngine.Debug:ExtractStackTraceNoAlloc (byte*,int,string)
UnityEngine.StackTraceUtility:ExtractStackTrace ()
UnityEngine.Animator:SetBoolString (string,bool)
UnityEngine.Animator:SetBool (string,bool)
ControladorJugador:Update () (at Assets/Scripts/ControladorJugador.cs:57)

[Assets/Scripts/ControladorJugador.cs line 57]

Parameter 'isRunning' does not exist.
UnityEngine.Debug:ExtractStackTraceNoAlloc (byte*,int,string)
UnityEngine.StackTraceUtility:ExtractStackTrace ()
UnityEngine.Animator:GetBoolString (string)
UnityEngine.Animator:GetBool (string)
ControladorJugador:FixedUpdate () (at Assets/Scripts/ControladorJugador.cs:83)

[Assets/Scripts/ControladorJugador.cs line 83]

Parameter 'isWalking' does not exist.
UnityEngine.Debug:ExtractStackTraceNoAlloc (byte*,int,string)
UnityEngine.StackTraceUtility:ExtractStackTrace ()
UnityEngine.Animator:SetBoolString (string,bool)
UnityEngine.Animator:SetBool (string,bool)
ControladorJugador:Update () (at Assets/Scripts/ControladorJugador.cs:56)

[Assets/Scripts/ControladorJugador.cs line 56]

Parameter 'isRunning' does not exist.
UnityEngine.Debug:ExtractStackTraceNoAlloc (byte*,int,string)
UnityEngine.StackTraceUtility:ExtractStackTrace ()
UnityEngine.Animator:SetBoolString (string,bool)
UnityEngine.Animator:SetBool (string,bool)
ControladorJugador:Update () (at Assets/Scripts/ControladorJugador.cs:57)

[Assets/Scripts/ControladorJugador.cs line 57]

Parameter 'isWalking' does not exist.
UnityEngine.Debug:ExtractStackTraceNoAlloc (byte*,int,string)
UnityEngine.StackTraceUtility:ExtractStackTrace ()
UnityEngine.Animator:SetBoolString (string,bool)
UnityEngine.Animator:SetBool (string,bool)
ControladorJugador:Update () (at Assets/Scripts/ControladorJugador.cs:56)

[Assets/Scripts/ControladorJugador.cs line 56]

Parameter 'isRunning' does not exist.
UnityEngine.Debug:ExtractStackTraceNoAlloc (byte*,int,string)
UnityEngine.StackTraceUtility:ExtractStackTrace ()
UnityEngine.Animator:SetBoolString (string,bool)
UnityEngine.Animator:SetBool (string,bool)
ControladorJugador:Update () (at Assets/Scripts/ControladorJugador.cs:57)

[Assets/Scripts/ControladorJugador.cs line 57]

Parameter 'isWalking' does not exist.
UnityEngine.Debug:ExtractStackTraceNoAlloc (byte*,int,string)
UnityEngine.StackTraceUtility:ExtractStackTrace ()
UnityEngine.Animator:SetBoolString (string,bool)
UnityEngine.Animator:SetBool (string,bool)
ControladorJugador:Update () (at Assets/Scripts/ControladorJugador.cs:56)

[Assets/Scripts/ControladorJugador.cs line 56]

Parameter 'isRunning' does not exist.
UnityEngine.Debug:ExtractStackTraceNoAlloc (byte*,int,string)
UnityEngine.StackTraceUtility:ExtractStackTrace ()
UnityEngine.Animator:SetBoolString (string,bool)
UnityEngine.Animator:SetBool (string,bool)
ControladorJugador:Update () (at Assets/Scripts/ControladorJugador.cs:57)

[Assets/Scripts/ControladorJugador.cs line 57]

Parameter 'isWalking' does not exist.
UnityEngine.Debug:ExtractStackTraceNoAlloc (byte*,int,string)
UnityEngine.StackTraceUtility:ExtractStackTrace ()
UnityEngine.Animator:SetBoolString (string,bool)
UnityEngine.Animator:SetBool (string,bool)
ControladorJugador:Update () (at Assets/Scripts/ControladorJugador.cs:56)

[Assets/Scripts/ControladorJugador.cs line 56]

Parameter 'isRunning' does not exist.
UnityEngine.Debug:ExtractStackTraceNoAlloc (byte*,int,string)
UnityEngine.StackTraceUtility:ExtractStackTrace ()
UnityEngine.Animator:SetBoolString (string,bool)
UnityEngine.Animator:SetBool (string,bool)
ControladorJugador:Update () (at Assets/Scripts/ControladorJugador.cs:57)

[Assets/Scripts/ControladorJugador.cs line 57]

Parameter 'isRunning' does not exist.
UnityEngine.Debug:ExtractStackTraceNoAlloc (byte*,int,string)
UnityEngine.StackTraceUtility:ExtractStackTrace ()
UnityEngine.Animator:GetBoolString (string)
UnityEngine.Animator:GetBool (string)
ControladorJugador:FixedUpdate () (at Assets/Scripts/ControladorJugador.cs:83)

[Assets/Scripts/ControladorJugador.cs line 83]

Parameter 'isWalking' does not exist.
UnityEngine.Debug:ExtractStackTraceNoAlloc (byte*,int,string)
UnityEngine.StackTraceUtility:ExtractStackTrace ()
UnityEngine.Animator:SetBoolString (string,bool)
UnityEngine.Animator:SetBool (string,bool)
ControladorJugador:Update () (at Assets/Scripts/ControladorJugador.cs:56)

[Assets/Scripts/ControladorJugador.cs line 56]

Parameter 'isRunning' does not exist.
UnityEngine.Debug:ExtractStackTraceNoAlloc (byte*,int,string)
UnityEngine.StackTraceUtility:ExtractStackTrace ()
UnityEngine.Animator:SetBoolString (string,bool)
UnityEngine.Animator:SetBool (string,bool)
ControladorJugador:Update () (at Assets/Scripts/ControladorJugador.cs:57)

[Assets/Scripts/ControladorJugador.cs line 57]

Parameter 'isWalking' does not exist.
UnityEngine.Debug:ExtractStackTraceNoAlloc (byte*,int,string)
UnityEngine.StackTraceUtility:ExtractStackTrace ()
UnityEngine.Animator:SetBoolString (string,bool)
UnityEngine.Animator:SetBool (string,bool)
ControladorJugador:Update () (at Assets/Scripts/ControladorJugador.cs:56)

[Assets/Scripts/ControladorJugador.cs line 56]

Parameter 'isRunning' does not exist.
UnityEngine.Debug:ExtractStackTraceNoAlloc (byte*,int,string)
UnityEngine.StackTraceUtility:ExtractStackTrace ()
UnityEngine.Animator:SetBoolString (string,bool)
UnityEngine.Animator:SetBool (string,bool)
ControladorJugador:Update () (at Assets/Scripts/ControladorJugador.cs:57)

[Assets/Scripts/ControladorJugador.cs line 57]

Parameter 'isWalking' does not exist.
UnityEngine.Debug:ExtractStackTraceNoAlloc (byte*,int,string)
UnityEngine.StackTraceUtility:ExtractStackTrace ()
UnityEngine.Animator:SetBoolString (string,bool)
UnityEngine.Animator:SetBool (string,bool)
ControladorJugador:Update () (at Assets/Scripts/ControladorJugador.cs:56)

[Assets/Scripts/ControladorJugador.cs line 56]

Parameter 'isRunning' does not exist.
UnityEngine.Debug:ExtractStackTraceNoAlloc (byte*,int,string)
UnityEngine.StackTraceUtility:ExtractStackTrace ()
UnityEngine.Animator:SetBoolString (string,bool)
UnityEngine.Animator:SetBool (string,bool)
ControladorJugador:Update () (at Assets/Scripts/ControladorJugador.cs:57)

[Assets/Scripts/ControladorJugador.cs line 57]

Parameter 'isRunning' does not exist.
UnityEngine.Debug:ExtractStackTraceNoAlloc (byte*,int,string)
UnityEngine.StackTraceUtility:ExtractStackTrace ()
UnityEngine.Animator:GetBoolString (string)
UnityEngine.Animator:GetBool (string)
ControladorJugador:FixedUpdate () (at Assets/Scripts/ControladorJugador.cs:83)

[Assets/Scripts/ControladorJugador.cs line 83]

Parameter 'isWalking' does not exist.
UnityEngine.Debug:ExtractStackTraceNoAlloc (byte*,int,string)
UnityEngine.StackTraceUtility:ExtractStackTrace ()
UnityEngine.Animator:SetBoolString (string,bool)
UnityEngine.Animator:SetBool (string,bool)
ControladorJugador:Update () (at Assets/Scripts/ControladorJugador.cs:56)

[Assets/Scripts/ControladorJugador.cs line 56]

Parameter 'isRunning' does not exist.
UnityEngine.Debug:ExtractStackTraceNoAlloc (byte*,int,string)
UnityEngine.StackTraceUtility:ExtractStackTrace ()
UnityEngine.Animator:SetBoolString (string,bool)
UnityEngine.Animator:SetBool (string,bool)
ControladorJugador:Update () (at Assets/Scripts/ControladorJugador.cs:57)

[Assets/Scripts/ControladorJugador.cs line 57]

Parameter 'isWalking' does not exist.
UnityEngine.Debug:ExtractStackTraceNoAlloc (byte*,int,string)
UnityEngine.StackTraceUtility:ExtractStackTrace ()
UnityEngine.Animator:SetBoolString (string,bool)
UnityEngine.Animator:SetBool (string,bool)
ControladorJugador:Update () (at Assets/Scripts/ControladorJugador.cs:56)

[Assets/Scripts/ControladorJugador.cs line 56]

Parameter 'isRunning' does not exist.
UnityEngine.Debug:ExtractStackTraceNoAlloc (byte*,int,string)
UnityEngine.StackTraceUtility:ExtractStackTrace ()
UnityEngine.Animator:SetBoolString (string,bool)
UnityEngine.Animator:SetBool (string,bool)
ControladorJugador:Update () (at Assets/Scripts/ControladorJugador.cs:57)

[Assets/Scripts/ControladorJugador.cs line 57]

Parameter 'isWalking' does not exist.
UnityEngine.Debug:ExtractStackTraceNoAlloc (byte*,int,string)
UnityEngine.StackTraceUtility:ExtractStackTrace ()
UnityEngine.Animator:SetBoolString (string,bool)
UnityEngine.Animator:SetBool (string,bool)
ControladorJugador:Update () (at Assets/Scripts/ControladorJugador.cs:56)

[Assets/Scripts/ControladorJugador.cs line 56]

Parameter 'isRunning' does not exist.
UnityEngine.Debug:ExtractStackTraceNoAlloc (byte*,int,string)
UnityEngine.StackTraceUtility:ExtractStackTrace ()
UnityEngine.Animator:SetBoolString (string,bool)
UnityEngine.Animator:SetBool (string,bool)
ControladorJugador:Update () (at Assets/Scripts/ControladorJugador.cs:57)

[Assets/Scripts/ControladorJugador.cs line 57]

Parameter 'isWalking' does not exist.
UnityEngine.Debug:ExtractStackTraceNoAlloc (byte*,int,string)
UnityEngine.StackTraceUtility:ExtractStackTrace ()
UnityEngine.Animator:SetBoolString (string,bool)
UnityEngine.Animator:SetBool (string,bool)
ControladorJugador:Update () (at Assets/Scripts/ControladorJugador.cs:56)

[Assets/Scripts/ControladorJugador.cs line 56]

Parameter 'isRunning' does not exist.
UnityEngine.Debug:ExtractStackTraceNoAlloc (byte*,int,string)
UnityEngine.StackTraceUtility:ExtractStackTrace ()
UnityEngine.Animator:SetBoolString (string,bool)
UnityEngine.Animator:SetBool (string,bool)
ControladorJugador:Update () (at Assets/Scripts/ControladorJugador.cs:57)

[Assets/Scripts/ControladorJugador.cs line 57]

Parameter 'isRunning' does not exist.
UnityEngine.Debug:ExtractStackTraceNoAlloc (byte*,int,string)
UnityEngine.StackTraceUtility:ExtractStackTrace ()
UnityEngine.Animator:GetBoolString (string)
UnityEngine.Animator:GetBool (string)
ControladorJugador:FixedUpdate () (at Assets/Scripts/ControladorJugador.cs:83)

[Assets/Scripts/ControladorJugador.cs line 83]

Parameter 'isWalking' does not exist.
UnityEngine.Debug:ExtractStackTraceNoAlloc (byte*,int,string)
UnityEngine.StackTraceUtility:ExtractStackTrace ()
UnityEngine.Animator:SetBoolString (string,bool)
UnityEngine.Animator:SetBool (string,bool)
ControladorJugador:Update () (at Assets/Scripts/ControladorJugador.cs:56)

[Assets/Scripts/ControladorJugador.cs line 56]

Parameter 'isRunning' does not exist.
UnityEngine.Debug:ExtractStackTraceNoAlloc (byte*,int,string)
UnityEngine.StackTraceUtility:ExtractStackTrace ()
UnityEngine.Animator:SetBoolString (string,bool)
UnityEngine.Animator:SetBool (string,bool)
ControladorJugador:Update () (at Assets/Scripts/ControladorJugador.cs:57)

[Assets/Scripts/ControladorJugador.cs line 57]

Parameter 'isWalking' does not exist.
UnityEngine.Debug:ExtractStackTraceNoAlloc (byte*,int,string)
UnityEngine.StackTraceUtility:ExtractStackTrace ()
UnityEngine.Animator:SetBoolString (string,bool)
UnityEngine.Animator:SetBool (string,bool)
ControladorJugador:Update () (at Assets/Scripts/ControladorJugador.cs:56)

[Assets/Scripts/ControladorJugador.cs line 56]

Parameter 'isRunning' does not exist.
UnityEngine.Debug:ExtractStackTraceNoAlloc (byte*,int,string)
UnityEngine.StackTraceUtility:ExtractStackTrace ()
UnityEngine.Animator:SetBoolString (string,bool)
UnityEngine.Animator:SetBool (string,bool)
ControladorJugador:Update () (at Assets/Scripts/ControladorJugador.cs:57)

[Assets/Scripts/ControladorJugador.cs line 57]

Parameter 'isWalking' does not exist.
UnityEngine.Debug:ExtractStackTraceNoAlloc (byte*,int,string)
UnityEngine.StackTraceUtility:ExtractStackTrace ()
UnityEngine.Animator:SetBoolString (string,bool)
UnityEngine.Animator:SetBool (string,bool)
ControladorJugador:Update () (at Assets/Scripts/ControladorJugador.cs:56)

[Assets/Scripts/ControladorJugador.cs line 56]

Parameter 'isRunning' does not exist.
UnityEngine.Debug:ExtractStackTraceNoAlloc (byte*,int,string)
UnityEngine.StackTraceUtility:ExtractStackTrace ()
UnityEngine.Animator:SetBoolString (string,bool)
UnityEngine.Animator:SetBool (string,bool)
ControladorJugador:Update () (at Assets/Scripts/ControladorJugador.cs:57)

[Assets/Scripts/ControladorJugador.cs line 57]

Parameter 'isWalking' does not exist.
UnityEngine.Debug:ExtractStackTraceNoAlloc (byte*,int,string)
UnityEngine.StackTraceUtility:ExtractStackTrace ()
UnityEngine.Animator:SetBoolString (string,bool)
UnityEngine.Animator:SetBool (string,bool)
ControladorJugador:Update () (at Assets/Scripts/ControladorJugador.cs:56)

[Assets/Scripts/ControladorJugador.cs line 56]

Parameter 'isRunning' does not exist.
UnityEngine.Debug:ExtractStackTraceNoAlloc (byte*,int,string)
UnityEngine.StackTraceUtility:ExtractStackTrace ()
UnityEngine.Animator:SetBoolString (string,bool)
UnityEngine.Animator:SetBool (string,bool)
ControladorJugador:Update () (at Assets/Scripts/ControladorJugador.cs:57)

[Assets/Scripts/ControladorJugador.cs line 57]

Parameter 'isWalking' does not exist.
UnityEngine.Debug:ExtractStackTraceNoAlloc (byte*,int,string)
UnityEngine.StackTraceUtility:ExtractStackTrace ()
UnityEngine.Animator:SetBoolString (string,bool)
UnityEngine.Animator:SetBool (string,bool)
ControladorJugador:Update () (at Assets/Scripts/ControladorJugador.cs:56)

[Assets/Scripts/ControladorJugador.cs line 56]

Parameter 'isRunning' does not exist.
UnityEngine.Debug:ExtractStackTraceNoAlloc (byte*,int,string)
UnityEngine.StackTraceUtility:ExtractStackTrace ()
UnityEngine.Animator:SetBoolString (string,bool)
UnityEngine.Animator:SetBool (string,bool)
ControladorJugador:Update () (at Assets/Scripts/ControladorJugador.cs:57)

[Assets/Scripts/ControladorJugador.cs line 57]

Parameter 'isRunning' does not exist.
UnityEngine.Debug:ExtractStackTraceNoAlloc (byte*,int,string)
UnityEngine.StackTraceUtility:ExtractStackTrace ()
UnityEngine.Animator:GetBoolString (string)
UnityEngine.Animator:GetBool (string)
ControladorJugador:FixedUpdate () (at Assets/Scripts/ControladorJugador.cs:83)

[Assets/Scripts/ControladorJugador.cs line 83]

Parameter 'isWalking' does not exist.
UnityEngine.Debug:ExtractStackTraceNoAlloc (byte*,int,string)
UnityEngine.StackTraceUtility:ExtractStackTrace ()
UnityEngine.Animator:SetBoolString (string,bool)
UnityEngine.Animator:SetBool (string,bool)
ControladorJugador:Update () (at Assets/Scripts/ControladorJugador.cs:56)

[Assets/Scripts/ControladorJugador.cs line 56]

Parameter 'isRunning' does not exist.
UnityEngine.Debug:ExtractStackTraceNoAlloc (byte*,int,string)
UnityEngine.StackTraceUtility:ExtractStackTrace ()
UnityEngine.Animator:SetBoolString (string,bool)
UnityEngine.Animator:SetBool (string,bool)
ControladorJugador:Update () (at Assets/Scripts/ControladorJugador.cs:57)

[Assets/Scripts/ControladorJugador.cs line 57]

Parameter 'isWalking' does not exist.
UnityEngine.Debug:ExtractStackTraceNoAlloc (byte*,int,string)
UnityEngine.StackTraceUtility:ExtractStackTrace ()
UnityEngine.Animator:SetBoolString (string,bool)
UnityEngine.Animator:SetBool (string,bool)
ControladorJugador:Update () (at Assets/Scripts/ControladorJugador.cs:56)

[Assets/Scripts/ControladorJugador.cs line 56]

Parameter 'isRunning' does not exist.
UnityEngine.Debug:ExtractStackTraceNoAlloc (byte*,int,string)
UnityEngine.StackTraceUtility:ExtractStackTrace ()
UnityEngine.Animator:SetBoolString (string,bool)
UnityEngine.Animator:SetBool (string,bool)
ControladorJugador:Update () (at Assets/Scripts/ControladorJugador.cs:57)

[Assets/Scripts/ControladorJugador.cs line 57]

Parameter 'isWalking' does not exist.
UnityEngine.Debug:ExtractStackTraceNoAlloc (byte*,int,string)
UnityEngine.StackTraceUtility:ExtractStackTrace ()
UnityEngine.Animator:SetBoolString (string,bool)
UnityEngine.Animator:SetBool (string,bool)
ControladorJugador:Update () (at Assets/Scripts/ControladorJugador.cs:56)

[Assets/Scripts/ControladorJugador.cs line 56]

Parameter 'isRunning' does not exist.
UnityEngine.Debug:ExtractStackTraceNoAlloc (byte*,int,string)
UnityEngine.StackTraceUtility:ExtractStackTrace ()
UnityEngine.Animator:SetBoolString (string,bool)
UnityEngine.Animator:SetBool (string,bool)
ControladorJugador:Update () (at Assets/Scripts/ControladorJugador.cs:57)

[Assets/Scripts/ControladorJugador.cs line 57]

Parameter 'isRunning' does not exist.
UnityEngine.Debug:ExtractStackTraceNoAlloc (byte*,int,string)
UnityEngine.StackTraceUtility:ExtractStackTrace ()
UnityEngine.Animator:GetBoolString (string)
UnityEngine.Animator:GetBool (string)
ControladorJugador:FixedUpdate () (at Assets/Scripts/ControladorJugador.cs:83)

[Assets/Scripts/ControladorJugador.cs line 83]

Parameter 'isWalking' does not exist.
UnityEngine.Debug:ExtractStackTraceNoAlloc (byte*,int,string)
UnityEngine.StackTraceUtility:ExtractStackTrace ()
UnityEngine.Animator:SetBoolString (string,bool)
UnityEngine.Animator:SetBool (string,bool)
ControladorJugador:Update () (at Assets/Scripts/ControladorJugador.cs:56)

[Assets/Scripts/ControladorJugador.cs line 56]

Parameter 'isRunning' does not exist.
UnityEngine.Debug:ExtractStackTraceNoAlloc (byte*,int,string)
UnityEngine.StackTraceUtility:ExtractStackTrace ()
UnityEngine.Animator:SetBoolString (string,bool)
UnityEngine.Animator:SetBool (string,bool)
ControladorJugador:Update () (at Assets/Scripts/ControladorJugador.cs:57)

[Assets/Scripts/ControladorJugador.cs line 57]

Parameter 'isWalking' does not exist.
UnityEngine.Debug:ExtractStackTraceNoAlloc (byte*,int,string)
UnityEngine.StackTraceUtility:ExtractStackTrace ()
UnityEngine.Animator:SetBoolString (string,bool)
UnityEngine.Animator:SetBool (string,bool)
ControladorJugador:Update () (at Assets/Scripts/ControladorJugador.cs:56)

[Assets/Scripts/ControladorJugador.cs line 56]

Parameter 'isRunning' does not exist.
UnityEngine.Debug:ExtractStackTraceNoAlloc (byte*,int,string)
UnityEngine.StackTraceUtility:ExtractStackTrace ()
UnityEngine.Animator:SetBoolString (string,bool)
UnityEngine.Animator:SetBool (string,bool)
ControladorJugador:Update () (at Assets/Scripts/ControladorJugador.cs:57)

[Assets/Scripts/ControladorJugador.cs line 57]

Parameter 'isWalking' does not exist.
UnityEngine.Debug:ExtractStackTraceNoAlloc (byte*,int,string)
UnityEngine.StackTraceUtility:ExtractStackTrace ()
UnityEngine.Animator:SetBoolString (string,bool)
UnityEngine.Animator:SetBool (string,bool)
ControladorJugador:Update () (at Assets/Scripts/ControladorJugador.cs:56)

[Assets/Scripts/ControladorJugador.cs line 56]

Parameter 'isRunning' does not exist.
UnityEngine.Debug:ExtractStackTraceNoAlloc (byte*,int,string)
UnityEngine.StackTraceUtility:ExtractStackTrace ()
UnityEngine.Animator:SetBoolString (string,bool)
UnityEngine.Animator:SetBool (string,bool)
ControladorJugador:Update () (at Assets/Scripts/ControladorJugador.cs:57)

[Assets/Scripts/ControladorJugador.cs line 57]

Parameter 'isRunning' does not exist.
UnityEngine.Debug:ExtractStackTraceNoAlloc (byte*,int,string)
UnityEngine.StackTraceUtility:ExtractStackTrace ()
UnityEngine.Animator:GetBoolString (string)
UnityEngine.Animator:GetBool (string)
ControladorJugador:FixedUpdate () (at Assets/Scripts/ControladorJugador.cs:83)

[Assets/Scripts/ControladorJugador.cs line 83]

Parameter 'isWalking' does not exist.
UnityEngine.Debug:ExtractStackTraceNoAlloc (byte*,int,string)
UnityEngine.StackTraceUtility:ExtractStackTrace ()
UnityEngine.Animator:SetBoolString (string,bool)
UnityEngine.Animator:SetBool (string,bool)
ControladorJugador:Update () (at Assets/Scripts/ControladorJugador.cs:56)

[Assets/Scripts/ControladorJugador.cs line 56]

Parameter 'isRunning' does not exist.
UnityEngine.Debug:ExtractStackTraceNoAlloc (byte*,int,string)
UnityEngine.StackTraceUtility:ExtractStackTrace ()
UnityEngine.Animator:SetBoolString (string,bool)
UnityEngine.Animator:SetBool (string,bool)
ControladorJugador:Update () (at Assets/Scripts/ControladorJugador.cs:57)

[Assets/Scripts/ControladorJugador.cs line 57]

Parameter 'isWalking' does not exist.
UnityEngine.Debug:ExtractStackTraceNoAlloc (byte*,int,string)
UnityEngine.StackTraceUtility:ExtractStackTrace ()
UnityEngine.Animator:SetBoolString (string,bool)
UnityEngine.Animator:SetBool (string,bool)
ControladorJugador:Update () (at Assets/Scripts/ControladorJugador.cs:56)

[Assets/Scripts/ControladorJugador.cs line 56]

Parameter 'isRunning' does not exist.
UnityEngine.Debug:ExtractStackTraceNoAlloc (byte*,int,string)
UnityEngine.StackTraceUtility:ExtractStackTrace ()
UnityEngine.Animator:SetBoolString (string,bool)
UnityEngine.Animator:SetBool (string,bool)
ControladorJugador:Update () (at Assets/Scripts/ControladorJugador.cs:57)

[Assets/Scripts/ControladorJugador.cs line 57]

Parameter 'isWalking' does not exist.
UnityEngine.Debug:ExtractStackTraceNoAlloc (byte*,int,string)
UnityEngine.StackTraceUtility:ExtractStackTrace ()
UnityEngine.Animator:SetBoolString (string,bool)
UnityEngine.Animator:SetBool (string,bool)
ControladorJugador:Update () (at Assets/Scripts/ControladorJugador.cs:56)

[Assets/Scripts/ControladorJugador.cs line 56]

Parameter 'isRunning' does not exist.
UnityEngine.Debug:ExtractStackTraceNoAlloc (byte*,int,string)
UnityEngine.StackTraceUtility:ExtractStackTrace ()
UnityEngine.Animator:SetBoolString (string,bool)
UnityEngine.Animator:SetBool (string,bool)
ControladorJugador:Update () (at Assets/Scripts/ControladorJugador.cs:57)

[Assets/Scripts/ControladorJugador.cs line 57]

Parameter 'isWalking' does not exist.
UnityEngine.Debug:ExtractStackTraceNoAlloc (byte*,int,string)
UnityEngine.StackTraceUtility:ExtractStackTrace ()
UnityEngine.Animator:SetBoolString (string,bool)
UnityEngine.Animator:SetBool (string,bool)
ControladorJugador:Update () (at Assets/Scripts/ControladorJugador.cs:56)

[Assets/Scripts/ControladorJugador.cs line 56]

Parameter 'isRunning' does not exist.
UnityEngine.Debug:ExtractStackTraceNoAlloc (byte*,int,string)
UnityEngine.StackTraceUtility:ExtractStackTrace ()
UnityEngine.Animator:SetBoolString (string,bool)
UnityEngine.Animator:SetBool (string,bool)
ControladorJugador:Update () (at Assets/Scripts/ControladorJugador.cs:57)

[Assets/Scripts/ControladorJugador.cs line 57]

Parameter 'isRunning' does not exist.
UnityEngine.Debug:ExtractStackTraceNoAlloc (byte*,int,string)
UnityEngine.StackTraceUtility:ExtractStackTrace ()
UnityEngine.Animator:GetBoolString (string)
UnityEngine.Animator:GetBool (string)
ControladorJugador:FixedUpdate () (at Assets/Scripts/ControladorJugador.cs:83)

[Assets/Scripts/ControladorJugador.cs line 83]

Parameter 'isWalking' does not exist.
UnityEngine.Debug:ExtractStackTraceNoAlloc (byte*,int,string)
UnityEngine.StackTraceUtility:ExtractStackTrace ()
UnityEngine.Animator:SetBoolString (string,bool)
UnityEngine.Animator:SetBool (string,bool)
ControladorJugador:Update () (at Assets/Scripts/ControladorJugador.cs:56)

[Assets/Scripts/ControladorJugador.cs line 56]

Parameter 'isRunning' does not exist.
UnityEngine.Debug:ExtractStackTraceNoAlloc (byte*,int,string)
UnityEngine.StackTraceUtility:ExtractStackTrace ()
UnityEngine.Animator:SetBoolString (string,bool)
UnityEngine.Animator:SetBool (string,bool)
ControladorJugador:Update () (at Assets/Scripts/ControladorJugador.cs:57)

[Assets/Scripts/ControladorJugador.cs line 57]

Parameter 'isWalking' does not exist.
UnityEngine.Debug:ExtractStackTraceNoAlloc (byte*,int,string)
UnityEngine.StackTraceUtility:ExtractStackTrace ()
UnityEngine.Animator:SetBoolString (string,bool)
UnityEngine.Animator:SetBool (string,bool)
ControladorJugador:Update () (at Assets/Scripts/ControladorJugador.cs:56)

[Assets/Scripts/ControladorJugador.cs line 56]

Parameter 'isRunning' does not exist.
UnityEngine.Debug:ExtractStackTraceNoAlloc (byte*,int,string)
UnityEngine.StackTraceUtility:ExtractStackTrace ()
UnityEngine.Animator:SetBoolString (string,bool)
UnityEngine.Animator:SetBool (string,bool)
ControladorJugador:Update () (at Assets/Scripts/ControladorJugador.cs:57)

[Assets/Scripts/ControladorJugador.cs line 57]

Parameter 'isWalking' does not exist.
UnityEngine.Debug:ExtractStackTraceNoAlloc (byte*,int,string)
UnityEngine.StackTraceUtility:ExtractStackTrace ()
UnityEngine.Animator:SetBoolString (string,bool)
UnityEngine.Animator:SetBool (string,bool)
ControladorJugador:Update () (at Assets/Scripts/ControladorJugador.cs:56)

[Assets/Scripts/ControladorJugador.cs line 56]

Parameter 'isRunning' does not exist.
UnityEngine.Debug:ExtractStackTraceNoAlloc (byte*,int,string)
UnityEngine.StackTraceUtility:ExtractStackTrace ()
UnityEngine.Animator:SetBoolString (string,bool)
UnityEngine.Animator:SetBool (string,bool)
ControladorJugador:Update () (at Assets/Scripts/ControladorJugador.cs:57)

[Assets/Scripts/ControladorJugador.cs line 57]

Parameter 'isWalking' does not exist.
UnityEngine.Debug:ExtractStackTraceNoAlloc (byte*,int,string)
UnityEngine.StackTraceUtility:ExtractStackTrace ()
UnityEngine.Animator:SetBoolString (string,bool)
UnityEngine.Animator:SetBool (string,bool)
ControladorJugador:Update () (at Assets/Scripts/ControladorJugador.cs:56)

[Assets/Scripts/ControladorJugador.cs line 56]

Parameter 'isRunning' does not exist.
UnityEngine.Debug:ExtractStackTraceNoAlloc (byte*,int,string)
UnityEngine.StackTraceUtility:ExtractStackTrace ()
UnityEngine.Animator:SetBoolString (string,bool)
UnityEngine.Animator:SetBool (string,bool)
ControladorJugador:Update () (at Assets/Scripts/ControladorJugador.cs:57)

[Assets/Scripts/ControladorJugador.cs line 57]

Parameter 'isRunning' does not exist.
UnityEngine.Debug:ExtractStackTraceNoAlloc (byte*,int,string)
UnityEngine.StackTraceUtility:ExtractStackTrace ()
UnityEngine.Animator:GetBoolString (string)
UnityEngine.Animator:GetBool (string)
ControladorJugador:FixedUpdate () (at Assets/Scripts/ControladorJugador.cs:83)

[Assets/Scripts/ControladorJugador.cs line 83]

Parameter 'isWalking' does not exist.
UnityEngine.Debug:ExtractStackTraceNoAlloc (byte*,int,string)
UnityEngine.StackTraceUtility:ExtractStackTrace ()
UnityEngine.Animator:SetBoolString (string,bool)
UnityEngine.Animator:SetBool (string,bool)
ControladorJugador:Update () (at Assets/Scripts/ControladorJugador.cs:56)

[Assets/Scripts/ControladorJugador.cs line 56]

Parameter 'isRunning' does not exist.
UnityEngine.Debug:ExtractStackTraceNoAlloc (byte*,int,string)
UnityEngine.StackTraceUtility:ExtractStackTrace ()
UnityEngine.Animator:SetBoolString (string,bool)
UnityEngine.Animator:SetBool (string,bool)
ControladorJugador:Update () (at Assets/Scripts/ControladorJugador.cs:57)

[Assets/Scripts/ControladorJugador.cs line 57]

Parameter 'isWalking' does not exist.
UnityEngine.Debug:ExtractStackTraceNoAlloc (byte*,int,string)
UnityEngine.StackTraceUtility:ExtractStackTrace ()
UnityEngine.Animator:SetBoolString (string,bool)
UnityEngine.Animator:SetBool (string,bool)
ControladorJugador:Update () (at Assets/Scripts/ControladorJugador.cs:56)

[Assets/Scripts/ControladorJugador.cs line 56]

Parameter 'isRunning' does not exist.
UnityEngine.Debug:ExtractStackTraceNoAlloc (byte*,int,string)
UnityEngine.StackTraceUtility:ExtractStackTrace ()
UnityEngine.Animator:SetBoolString (string,bool)
UnityEngine.Animator:SetBool (string,bool)
ControladorJugador:Update () (at Assets/Scripts/ControladorJugador.cs:57)

[Assets/Scripts/ControladorJugador.cs line 57]

Parameter 'isWalking' does not exist.
UnityEngine.Debug:ExtractStackTraceNoAlloc (byte*,int,string)
UnityEngine.StackTraceUtility:ExtractStackTrace ()
UnityEngine.Animator:SetBoolString (string,bool)
UnityEngine.Animator:SetBool (string,bool)
ControladorJugador:Update () (at Assets/Scripts/ControladorJugador.cs:56)

[Assets/Scripts/ControladorJugador.cs line 56]

Parameter 'isRunning' does not exist.
UnityEngine.Debug:ExtractStackTraceNoAlloc (byte*,int,string)
UnityEngine.StackTraceUtility:ExtractStackTrace ()
UnityEngine.Animator:SetBoolString (string,bool)
UnityEngine.Animator:SetBool (string,bool)
ControladorJugador:Update () (at Assets/Scripts/ControladorJugador.cs:57)

[Assets/Scripts/ControladorJugador.cs line 57]

Parameter 'isWalking' does not exist.
UnityEngine.Debug:ExtractStackTraceNoAlloc (byte*,int,string)
UnityEngine.StackTraceUtility:ExtractStackTrace ()
UnityEngine.Animator:SetBoolString (string,bool)
UnityEngine.Animator:SetBool (string,bool)
ControladorJugador:Update () (at Assets/Scripts/ControladorJugador.cs:56)

[Assets/Scripts/ControladorJugador.cs line 56]

Parameter 'isRunning' does not exist.
UnityEngine.Debug:ExtractStackTraceNoAlloc (byte*,int,string)
UnityEngine.StackTraceUtility:ExtractStackTrace ()
UnityEngine.Animator:SetBoolString (string,bool)
UnityEngine.Animator:SetBool (string,bool)
ControladorJugador:Update () (at Assets/Scripts/ControladorJugador.cs:57)

[Assets/Scripts/ControladorJugador.cs line 57]

Parameter 'isRunning' does not exist.
UnityEngine.Debug:ExtractStackTraceNoAlloc (byte*,int,string)
UnityEngine.StackTraceUtility:ExtractStackTrace ()
UnityEngine.Animator:GetBoolString (string)
UnityEngine.Animator:GetBool (string)
ControladorJugador:FixedUpdate () (at Assets/Scripts/ControladorJugador.cs:83)

[Assets/Scripts/ControladorJugador.cs line 83]

Parameter 'isWalking' does not exist.
UnityEngine.Debug:ExtractStackTraceNoAlloc (byte*,int,string)
UnityEngine.StackTraceUtility:ExtractStackTrace ()
UnityEngine.Animator:SetBoolString (string,bool)
UnityEngine.Animator:SetBool (string,bool)
ControladorJugador:Update () (at Assets/Scripts/ControladorJugador.cs:56)

[Assets/Scripts/ControladorJugador.cs line 56]

Parameter 'isRunning' does not exist.
UnityEngine.Debug:ExtractStackTraceNoAlloc (byte*,int,string)
UnityEngine.StackTraceUtility:ExtractStackTrace ()
UnityEngine.Animator:SetBoolString (string,bool)
UnityEngine.Animator:SetBool (string,bool)
ControladorJugador:Update () (at Assets/Scripts/ControladorJugador.cs:57)

[Assets/Scripts/ControladorJugador.cs line 57]

Parameter 'isWalking' does not exist.
UnityEngine.Debug:ExtractStackTraceNoAlloc (byte*,int,string)
UnityEngine.StackTraceUtility:ExtractStackTrace ()
UnityEngine.Animator:SetBoolString (string,bool)
UnityEngine.Animator:SetBool (string,bool)
ControladorJugador:Update () (at Assets/Scripts/ControladorJugador.cs:56)

[Assets/Scripts/ControladorJugador.cs line 56]

Parameter 'isRunning' does not exist.
UnityEngine.Debug:ExtractStackTraceNoAlloc (byte*,int,string)
UnityEngine.StackTraceUtility:ExtractStackTrace ()
UnityEngine.Animator:SetBoolString (string,bool)
UnityEngine.Animator:SetBool (string,bool)
ControladorJugador:Update () (at Assets/Scripts/ControladorJugador.cs:57)

[Assets/Scripts/ControladorJugador.cs line 57]

Parameter 'isWalking' does not exist.
UnityEngine.Debug:ExtractStackTraceNoAlloc (byte*,int,string)
UnityEngine.StackTraceUtility:ExtractStackTrace ()
UnityEngine.Animator:SetBoolString (string,bool)
UnityEngine.Animator:SetBool (string,bool)
ControladorJugador:Update () (at Assets/Scripts/ControladorJugador.cs:56)

[Assets/Scripts/ControladorJugador.cs line 56]

Parameter 'isRunning' does not exist.
UnityEngine.Debug:ExtractStackTraceNoAlloc (byte*,int,string)
UnityEngine.StackTraceUtility:ExtractStackTrace ()
UnityEngine.Animator:SetBoolString (string,bool)
UnityEngine.Animator:SetBool (string,bool)
ControladorJugador:Update () (at Assets/Scripts/ControladorJugador.cs:57)

[Assets/Scripts/ControladorJugador.cs line 57]

Parameter 'isRunning' does not exist.
UnityEngine.Debug:ExtractStackTraceNoAlloc (byte*,int,string)
UnityEngine.StackTraceUtility:ExtractStackTrace ()
UnityEngine.Animator:GetBoolString (string)
UnityEngine.Animator:GetBool (string)
ControladorJugador:FixedUpdate () (at Assets/Scripts/ControladorJugador.cs:83)

[Assets/Scripts/ControladorJugador.cs line 83]

Parameter 'isWalking' does not exist.
UnityEngine.Debug:ExtractStackTraceNoAlloc (byte*,int,string)
UnityEngine.StackTraceUtility:ExtractStackTrace ()
UnityEngine.Animator:SetBoolString (string,bool)
UnityEngine.Animator:SetBool (string,bool)
ControladorJugador:Update () (at Assets/Scripts/ControladorJugador.cs:56)

[Assets/Scripts/ControladorJugador.cs line 56]

Parameter 'isRunning' does not exist.
UnityEngine.Debug:ExtractStackTraceNoAlloc (byte*,int,string)
UnityEngine.StackTraceUtility:ExtractStackTrace ()
UnityEngine.Animator:SetBoolString (string,bool)
UnityEngine.Animator:SetBool (string,bool)
ControladorJugador:Update () (at Assets/Scripts/ControladorJugador.cs:57)

[Assets/Scripts/ControladorJugador.cs line 57]

Parameter 'isWalking' does not exist.
UnityEngine.Debug:ExtractStackTraceNoAlloc (byte*,int,string)
UnityEngine.StackTraceUtility:ExtractStackTrace ()
UnityEngine.Animator:SetBoolString (string,bool)
UnityEngine.Animator:SetBool (string,bool)
ControladorJugador:Update () (at Assets/Scripts/ControladorJugador.cs:56)

[Assets/Scripts/ControladorJugador.cs line 56]

Parameter 'isRunning' does not exist.
UnityEngine.Debug:ExtractStackTraceNoAlloc (byte*,int,string)
UnityEngine.StackTraceUtility:ExtractStackTrace ()
UnityEngine.Animator:SetBoolString (string,bool)
UnityEngine.Animator:SetBool (string,bool)
ControladorJugador:Update () (at Assets/Scripts/ControladorJugador.cs:57)

[Assets/Scripts/ControladorJugador.cs line 57]

Parameter 'isWalking' does not exist.
UnityEngine.Debug:ExtractStackTraceNoAlloc (byte*,int,string)
UnityEngine.StackTraceUtility:ExtractStackTrace ()
UnityEngine.Animator:SetBoolString (string,bool)
UnityEngine.Animator:SetBool (string,bool)
ControladorJugador:Update () (at Assets/Scripts/ControladorJugador.cs:56)

[Assets/Scripts/ControladorJugador.cs line 56]

Parameter 'isRunning' does not exist.
UnityEngine.Debug:ExtractStackTraceNoAlloc (byte*,int,string)
UnityEngine.StackTraceUtility:ExtractStackTrace ()
UnityEngine.Animator:SetBoolString (string,bool)
UnityEngine.Animator:SetBool (string,bool)
ControladorJugador:Update () (at Assets/Scripts/ControladorJugador.cs:57)

[Assets/Scripts/ControladorJugador.cs line 57]

Parameter 'isWalking' does not exist.
UnityEngine.Debug:ExtractStackTraceNoAlloc (byte*,int,string)
UnityEngine.StackTraceUtility:ExtractStackTrace ()
UnityEngine.Animator:SetBoolString (string,bool)
UnityEngine.Animator:SetBool (string,bool)
ControladorJugador:Update () (at Assets/Scripts/ControladorJugador.cs:56)

[Assets/Scripts/ControladorJugador.cs line 56]

Parameter 'isRunning' does not exist.
UnityEngine.Debug:ExtractStackTraceNoAlloc (byte*,int,string)
UnityEngine.StackTraceUtility:ExtractStackTrace ()
UnityEngine.Animator:SetBoolString (string,bool)
UnityEngine.Animator:SetBool (string,bool)
ControladorJugador:Update () (at Assets/Scripts/ControladorJugador.cs:57)

[Assets/Scripts/ControladorJugador.cs line 57]

Parameter 'isRunning' does not exist.
UnityEngine.Debug:ExtractStackTraceNoAlloc (byte*,int,string)
UnityEngine.StackTraceUtility:ExtractStackTrace ()
UnityEngine.Animator:GetBoolString (string)
UnityEngine.Animator:GetBool (string)
ControladorJugador:FixedUpdate () (at Assets/Scripts/ControladorJugador.cs:83)

[Assets/Scripts/ControladorJugador.cs line 83]

Parameter 'isWalking' does not exist.
UnityEngine.Debug:ExtractStackTraceNoAlloc (byte*,int,string)
UnityEngine.StackTraceUtility:ExtractStackTrace ()
UnityEngine.Animator:SetBoolString (string,bool)
UnityEngine.Animator:SetBool (string,bool)
ControladorJugador:Update () (at Assets/Scripts/ControladorJugador.cs:56)

[Assets/Scripts/ControladorJugador.cs line 56]

Parameter 'isRunning' does not exist.
UnityEngine.Debug:ExtractStackTraceNoAlloc (byte*,int,string)
UnityEngine.StackTraceUtility:ExtractStackTrace ()
UnityEngine.Animator:SetBoolString (string,bool)
UnityEngine.Animator:SetBool (string,bool)
ControladorJugador:Update () (at Assets/Scripts/ControladorJugador.cs:57)

[Assets/Scripts/ControladorJugador.cs line 57]

Parameter 'isWalking' does not exist.
UnityEngine.Debug:ExtractStackTraceNoAlloc (byte*,int,string)
UnityEngine.StackTraceUtility:ExtractStackTrace ()
UnityEngine.Animator:SetBoolString (string,bool)
UnityEngine.Animator:SetBool (string,bool)
ControladorJugador:Update () (at Assets/Scripts/ControladorJugador.cs:56)

[Assets/Scripts/ControladorJugador.cs line 56]

Parameter 'isRunning' does not exist.
UnityEngine.Debug:ExtractStackTraceNoAlloc (byte*,int,string)
UnityEngine.StackTraceUtility:ExtractStackTrace ()
UnityEngine.Animator:SetBoolString (string,bool)
UnityEngine.Animator:SetBool (string,bool)
ControladorJugador:Update () (at Assets/Scripts/ControladorJugador.cs:57)

[Assets/Scripts/ControladorJugador.cs line 57]

Parameter 'isWalking' does not exist.
UnityEngine.Debug:ExtractStackTraceNoAlloc (byte*,int,string)
UnityEngine.StackTraceUtility:ExtractStackTrace ()
UnityEngine.Animator:SetBoolString (string,bool)
UnityEngine.Animator:SetBool (string,bool)
ControladorJugador:Update () (at Assets/Scripts/ControladorJugador.cs:56)

[Assets/Scripts/ControladorJugador.cs line 56]

Parameter 'isRunning' does not exist.
UnityEngine.Debug:ExtractStackTraceNoAlloc (byte*,int,string)
UnityEngine.StackTraceUtility:ExtractStackTrace ()
UnityEngine.Animator:SetBoolString (string,bool)
UnityEngine.Animator:SetBool (string,bool)
ControladorJugador:Update () (at Assets/Scripts/ControladorJugador.cs:57)

[Assets/Scripts/ControladorJugador.cs line 57]

Parameter 'isRunning' does not exist.
UnityEngine.Debug:ExtractStackTraceNoAlloc (byte*,int,string)
UnityEngine.StackTraceUtility:ExtractStackTrace ()
UnityEngine.Animator:GetBoolString (string)
UnityEngine.Animator:GetBool (string)
ControladorJugador:FixedUpdate () (at Assets/Scripts/ControladorJugador.cs:83)

[Assets/Scripts/ControladorJugador.cs line 83]

Parameter 'isWalking' does not exist.
UnityEngine.Debug:ExtractStackTraceNoAlloc (byte*,int,string)
UnityEngine.StackTraceUtility:ExtractStackTrace ()
UnityEngine.Animator:SetBoolString (string,bool)
UnityEngine.Animator:SetBool (string,bool)
ControladorJugador:Update () (at Assets/Scripts/ControladorJugador.cs:56)

[Assets/Scripts/ControladorJugador.cs line 56]

Parameter 'isRunning' does not exist.
UnityEngine.Debug:ExtractStackTraceNoAlloc (byte*,int,string)
UnityEngine.StackTraceUtility:ExtractStackTrace ()
UnityEngine.Animator:SetBoolString (string,bool)
UnityEngine.Animator:SetBool (string,bool)
ControladorJugador:Update () (at Assets/Scripts/ControladorJugador.cs:57)

[Assets/Scripts/ControladorJugador.cs line 57]

Parameter 'isWalking' does not exist.
UnityEngine.Debug:ExtractStackTraceNoAlloc (byte*,int,string)
UnityEngine.StackTraceUtility:ExtractStackTrace ()
UnityEngine.Animator:SetBoolString (string,bool)
UnityEngine.Animator:SetBool (string,bool)
ControladorJugador:Update () (at Assets/Scripts/ControladorJugador.cs:56)

[Assets/Scripts/ControladorJugador.cs line 56]

Parameter 'isRunning' does not exist.
UnityEngine.Debug:ExtractStackTraceNoAlloc (byte*,int,string)
UnityEngine.StackTraceUtility:ExtractStackTrace ()
UnityEngine.Animator:SetBoolString (string,bool)
UnityEngine.Animator:SetBool (string,bool)
ControladorJugador:Update () (at Assets/Scripts/ControladorJugador.cs:57)

[Assets/Scripts/ControladorJugador.cs line 57]

Parameter 'isWalking' does not exist.
UnityEngine.Debug:ExtractStackTraceNoAlloc (byte*,int,string)
UnityEngine.StackTraceUtility:ExtractStackTrace ()
UnityEngine.Animator:SetBoolString (string,bool)
UnityEngine.Animator:SetBool (string,bool)
ControladorJugador:Update () (at Assets/Scripts/ControladorJugador.cs:56)

[Assets/Scripts/ControladorJugador.cs line 56]

Parameter 'isRunning' does not exist.
UnityEngine.Debug:ExtractStackTraceNoAlloc (byte*,int,string)
UnityEngine.StackTraceUtility:ExtractStackTrace ()
UnityEngine.Animator:SetBoolString (string,bool)
UnityEngine.Animator:SetBool (string,bool)
ControladorJugador:Update () (at Assets/Scripts/ControladorJugador.cs:57)

[Assets/Scripts/ControladorJugador.cs line 57]

Parameter 'isRunning' does not exist.
UnityEngine.Debug:ExtractStackTraceNoAlloc (byte*,int,string)
UnityEngine.StackTraceUtility:ExtractStackTrace ()
UnityEngine.Animator:GetBoolString (string)
UnityEngine.Animator:GetBool (string)
ControladorJugador:FixedUpdate () (at Assets/Scripts/ControladorJugador.cs:83)

[Assets/Scripts/ControladorJugador.cs line 83]

Parameter 'isWalking' does not exist.
UnityEngine.Debug:ExtractStackTraceNoAlloc (byte*,int,string)
UnityEngine.StackTraceUtility:ExtractStackTrace ()
UnityEngine.Animator:SetBoolString (string,bool)
UnityEngine.Animator:SetBool (string,bool)
ControladorJugador:Update () (at Assets/Scripts/ControladorJugador.cs:56)

[Assets/Scripts/ControladorJugador.cs line 56]

Parameter 'isRunning' does not exist.
UnityEngine.Debug:ExtractStackTraceNoAlloc (byte*,int,string)
UnityEngine.StackTraceUtility:ExtractStackTrace ()
UnityEngine.Animator:SetBoolString (string,bool)
UnityEngine.Animator:SetBool (string,bool)
ControladorJugador:Update () (at Assets/Scripts/ControladorJugador.cs:57)

[Assets/Scripts/ControladorJugador.cs line 57]

Parameter 'isWalking' does not exist.
UnityEngine.Debug:ExtractStackTraceNoAlloc (byte*,int,string)
UnityEngine.StackTraceUtility:ExtractStackTrace ()
UnityEngine.Animator:SetBoolString (string,bool)
UnityEngine.Animator:SetBool (string,bool)
ControladorJugador:Update () (at Assets/Scripts/ControladorJugador.cs:56)

[Assets/Scripts/ControladorJugador.cs line 56]

Parameter 'isRunning' does not exist.
UnityEngine.Debug:ExtractStackTraceNoAlloc (byte*,int,string)
UnityEngine.StackTraceUtility:ExtractStackTrace ()
UnityEngine.Animator:SetBoolString (string,bool)
UnityEngine.Animator:SetBool (string,bool)
ControladorJugador:Update () (at Assets/Scripts/ControladorJugador.cs:57)

[Assets/Scripts/ControladorJugador.cs line 57]

Parameter 'isRunning' does not exist.
UnityEngine.Debug:ExtractStackTraceNoAlloc (byte*,int,string)
UnityEngine.StackTraceUtility:ExtractStackTrace ()
UnityEngine.Animator:GetBoolString (string)
UnityEngine.Animator:GetBool (string)
ControladorJugador:FixedUpdate () (at Assets/Scripts/ControladorJugador.cs:83)

[Assets/Scripts/ControladorJugador.cs line 83]

Parameter 'isWalking' does not exist.
UnityEngine.Debug:ExtractStackTraceNoAlloc (byte*,int,string)
UnityEngine.StackTraceUtility:ExtractStackTrace ()
UnityEngine.Animator:SetBoolString (string,bool)
UnityEngine.Animator:SetBool (string,bool)
ControladorJugador:Update () (at Assets/Scripts/ControladorJugador.cs:48)

[Assets/Scripts/ControladorJugador.cs line 48]

Parameter 'isRunning' does not exist.
UnityEngine.Debug:ExtractStackTraceNoAlloc (byte*,int,string)
UnityEngine.StackTraceUtility:ExtractStackTrace ()
UnityEngine.Animator:SetBoolString (string,bool)
UnityEngine.Animator:SetBool (string,bool)
ControladorJugador:Update () (at Assets/Scripts/ControladorJugador.cs:49)

[Assets/Scripts/ControladorJugador.cs line 49]

Parameter 'isWalking' does not exist.
UnityEngine.Debug:ExtractStackTraceNoAlloc (byte*,int,string)
UnityEngine.StackTraceUtility:ExtractStackTrace ()
UnityEngine.Animator:SetBoolString (string,bool)
UnityEngine.Animator:SetBool (string,bool)
ControladorJugador:Update () (at Assets/Scripts/ControladorJugador.cs:48)

[Assets/Scripts/ControladorJugador.cs line 48]

Parameter 'isRunning' does not exist.
UnityEngine.Debug:ExtractStackTraceNoAlloc (byte*,int,string)
UnityEngine.StackTraceUtility:ExtractStackTrace ()
UnityEngine.Animator:SetBoolString (string,bool)
UnityEngine.Animator:SetBool (string,bool)
ControladorJugador:Update () (at Assets/Scripts/ControladorJugador.cs:49)

[Assets/Scripts/ControladorJugador.cs line 49]

Parameter 'isRunning' does not exist.
UnityEngine.Debug:ExtractStackTraceNoAlloc (byte*,int,string)
UnityEngine.StackTraceUtility:ExtractStackTrace ()
UnityEngine.Animator:GetBoolString (string)
UnityEngine.Animator:GetBool (string)
ControladorJugador:FixedUpdate () (at Assets/Scripts/ControladorJugador.cs:83)

[Assets/Scripts/ControladorJugador.cs line 83]

Parameter 'isWalking' does not exist.
UnityEngine.Debug:ExtractStackTraceNoAlloc (byte*,int,string)
UnityEngine.StackTraceUtility:ExtractStackTrace ()
UnityEngine.Animator:SetBoolString (string,bool)
UnityEngine.Animator:SetBool (string,bool)
ControladorJugador:Update () (at Assets/Scripts/ControladorJugador.cs:48)

[Assets/Scripts/ControladorJugador.cs line 48]

Parameter 'isRunning' does not exist.
UnityEngine.Debug:ExtractStackTraceNoAlloc (byte*,int,string)
UnityEngine.StackTraceUtility:ExtractStackTrace ()
UnityEngine.Animator:SetBoolString (string,bool)
UnityEngine.Animator:SetBool (string,bool)
ControladorJugador:Update () (at Assets/Scripts/ControladorJugador.cs:49)

[Assets/Scripts/ControladorJugador.cs line 49]

Parameter 'isWalking' does not exist.
UnityEngine.Debug:ExtractStackTraceNoAlloc (byte*,int,string)
UnityEngine.StackTraceUtility:ExtractStackTrace ()
UnityEngine.Animator:SetBoolString (string,bool)
UnityEngine.Animator:SetBool (string,bool)
ControladorJugador:Update () (at Assets/Scripts/ControladorJugador.cs:48)

[Assets/Scripts/ControladorJugador.cs line 48]

Parameter 'isRunning' does not exist.
UnityEngine.Debug:ExtractStackTraceNoAlloc (byte*,int,string)
UnityEngine.StackTraceUtility:ExtractStackTrace ()
UnityEngine.Animator:SetBoolString (string,bool)
UnityEngine.Animator:SetBool (string,bool)
ControladorJugador:Update () (at Assets/Scripts/ControladorJugador.cs:49)

[Assets/Scripts/ControladorJugador.cs line 49]

Parameter 'isWalking' does not exist.
UnityEngine.Debug:ExtractStackTraceNoAlloc (byte*,int,string)
UnityEngine.StackTraceUtility:ExtractStackTrace ()
UnityEngine.Animator:SetBoolString (string,bool)
UnityEngine.Animator:SetBool (string,bool)
ControladorJugador:Update () (at Assets/Scripts/ControladorJugador.cs:48)

[Assets/Scripts/ControladorJugador.cs line 48]

Parameter 'isRunning' does not exist.
UnityEngine.Debug:ExtractStackTraceNoAlloc (byte*,int,string)
UnityEngine.StackTraceUtility:ExtractStackTrace ()
UnityEngine.Animator:SetBoolString (string,bool)
UnityEngine.Animator:SetBool (string,bool)
ControladorJugador:Update () (at Assets/Scripts/ControladorJugador.cs:49)

[Assets/Scripts/ControladorJugador.cs line 49]

Parameter 'isWalking' does not exist.
UnityEngine.Debug:ExtractStackTraceNoAlloc (byte*,int,string)
UnityEngine.StackTraceUtility:ExtractStackTrace ()
UnityEngine.Animator:SetBoolString (string,bool)
UnityEngine.Animator:SetBool (string,bool)
ControladorJugador:Update () (at Assets/Scripts/ControladorJugador.cs:48)

[Assets/Scripts/ControladorJugador.cs line 48]

Parameter 'isRunning' does not exist.
UnityEngine.Debug:ExtractStackTraceNoAlloc (byte*,int,string)
UnityEngine.StackTraceUtility:ExtractStackTrace ()
UnityEngine.Animator:SetBoolString (string,bool)
UnityEngine.Animator:SetBool (string,bool)
ControladorJugador:Update () (at Assets/Scripts/ControladorJugador.cs:49)

[Assets/Scripts/ControladorJugador.cs line 49]

Parameter 'isRunning' does not exist.
UnityEngine.Debug:ExtractStackTraceNoAlloc (byte*,int,string)
UnityEngine.StackTraceUtility:ExtractStackTrace ()
UnityEngine.Animator:GetBoolString (string)
UnityEngine.Animator:GetBool (string)
ControladorJugador:FixedUpdate () (at Assets/Scripts/ControladorJugador.cs:83)

[Assets/Scripts/ControladorJugador.cs line 83]

Parameter 'isWalking' does not exist.
UnityEngine.Debug:ExtractStackTraceNoAlloc (byte*,int,string)
UnityEngine.StackTraceUtility:ExtractStackTrace ()
UnityEngine.Animator:SetBoolString (string,bool)
UnityEngine.Animator:SetBool (string,bool)
ControladorJugador:Update () (at Assets/Scripts/ControladorJugador.cs:48)

[Assets/Scripts/ControladorJugador.cs line 48]

Parameter 'isRunning' does not exist.
UnityEngine.Debug:ExtractStackTraceNoAlloc (byte*,int,string)
UnityEngine.StackTraceUtility:ExtractStackTrace ()
UnityEngine.Animator:SetBoolString (string,bool)
UnityEngine.Animator:SetBool (string,bool)
ControladorJugador:Update () (at Assets/Scripts/ControladorJugador.cs:49)

[Assets/Scripts/ControladorJugador.cs line 49]

Parameter 'isWalking' does not exist.
UnityEngine.Debug:ExtractStackTraceNoAlloc (byte*,int,string)
UnityEngine.StackTraceUtility:ExtractStackTrace ()
UnityEngine.Animator:SetBoolString (string,bool)
UnityEngine.Animator:SetBool (string,bool)
ControladorJugador:Update () (at Assets/Scripts/ControladorJugador.cs:48)

[Assets/Scripts/ControladorJugador.cs line 48]

Parameter 'isRunning' does not exist.
UnityEngine.Debug:ExtractStackTraceNoAlloc (byte*,int,string)
UnityEngine.StackTraceUtility:ExtractStackTrace ()
UnityEngine.Animator:SetBoolString (string,bool)
UnityEngine.Animator:SetBool (string,bool)
ControladorJugador:Update () (at Assets/Scripts/ControladorJugador.cs:49)

[Assets/Scripts/ControladorJugador.cs line 49]

Parameter 'isWalking' does not exist.
UnityEngine.Debug:ExtractStackTraceNoAlloc (byte*,int,string)
UnityEngine.StackTraceUtility:ExtractStackTrace ()
UnityEngine.Animator:SetBoolString (string,bool)
UnityEngine.Animator:SetBool (string,bool)
ControladorJugador:Update () (at Assets/Scripts/ControladorJugador.cs:48)

[Assets/Scripts/ControladorJugador.cs line 48]

Parameter 'isRunning' does not exist.
UnityEngine.Debug:ExtractStackTraceNoAlloc (byte*,int,string)
UnityEngine.StackTraceUtility:ExtractStackTrace ()
UnityEngine.Animator:SetBoolString (string,bool)
UnityEngine.Animator:SetBool (string,bool)
ControladorJugador:Update () (at Assets/Scripts/ControladorJugador.cs:49)

[Assets/Scripts/ControladorJugador.cs line 49]

Parameter 'isWalking' does not exist.
UnityEngine.Debug:ExtractStackTraceNoAlloc (byte*,int,string)
UnityEngine.StackTraceUtility:ExtractStackTrace ()
UnityEngine.Animator:SetBoolString (string,bool)
UnityEngine.Animator:SetBool (string,bool)
ControladorJugador:Update () (at Assets/Scripts/ControladorJugador.cs:48)

[Assets/Scripts/ControladorJugador.cs line 48]

Parameter 'isRunning' does not exist.
UnityEngine.Debug:ExtractStackTraceNoAlloc (byte*,int,string)
UnityEngine.StackTraceUtility:ExtractStackTrace ()
UnityEngine.Animator:SetBoolString (string,bool)
UnityEngine.Animator:SetBool (string,bool)
ControladorJugador:Update () (at Assets/Scripts/ControladorJugador.cs:49)

[Assets/Scripts/ControladorJugador.cs line 49]

Parameter 'isRunning' does not exist.
UnityEngine.Debug:ExtractStackTraceNoAlloc (byte*,int,string)
UnityEngine.StackTraceUtility:ExtractStackTrace ()
UnityEngine.Animator:GetBoolString (string)
UnityEngine.Animator:GetBool (string)
ControladorJugador:FixedUpdate () (at Assets/Scripts/ControladorJugador.cs:83)

[Assets/Scripts/ControladorJugador.cs line 83]

Parameter 'isWalking' does not exist.
UnityEngine.Debug:ExtractStackTraceNoAlloc (byte*,int,string)
UnityEngine.StackTraceUtility:ExtractStackTrace ()
UnityEngine.Animator:SetBoolString (string,bool)
UnityEngine.Animator:SetBool (string,bool)
ControladorJugador:Update () (at Assets/Scripts/ControladorJugador.cs:48)

[Assets/Scripts/ControladorJugador.cs line 48]

Parameter 'isRunning' does not exist.
UnityEngine.Debug:ExtractStackTraceNoAlloc (byte*,int,string)
UnityEngine.StackTraceUtility:ExtractStackTrace ()
UnityEngine.Animator:SetBoolString (string,bool)
UnityEngine.Animator:SetBool (string,bool)
ControladorJugador:Update () (at Assets/Scripts/ControladorJugador.cs:49)

[Assets/Scripts/ControladorJugador.cs line 49]

Parameter 'isWalking' does not exist.
UnityEngine.Debug:ExtractStackTraceNoAlloc (byte*,int,string)
UnityEngine.StackTraceUtility:ExtractStackTrace ()
UnityEngine.Animator:SetBoolString (string,bool)
UnityEngine.Animator:SetBool (string,bool)
ControladorJugador:Update () (at Assets/Scripts/ControladorJugador.cs:48)

[Assets/Scripts/ControladorJugador.cs line 48]

Parameter 'isRunning' does not exist.
UnityEngine.Debug:ExtractStackTraceNoAlloc (byte*,int,string)
UnityEngine.StackTraceUtility:ExtractStackTrace ()
UnityEngine.Animator:SetBoolString (string,bool)
UnityEngine.Animator:SetBool (string,bool)
ControladorJugador:Update () (at Assets/Scripts/ControladorJugador.cs:49)

[Assets/Scripts/ControladorJugador.cs line 49]

Parameter 'isWalking' does not exist.
UnityEngine.Debug:ExtractStackTraceNoAlloc (byte*,int,string)
UnityEngine.StackTraceUtility:ExtractStackTrace ()
UnityEngine.Animator:SetBoolString (string,bool)
UnityEngine.Animator:SetBool (string,bool)
ControladorJugador:Update () (at Assets/Scripts/ControladorJugador.cs:48)

[Assets/Scripts/ControladorJugador.cs line 48]

Parameter 'isRunning' does not exist.
UnityEngine.Debug:ExtractStackTraceNoAlloc (byte*,int,string)
UnityEngine.StackTraceUtility:ExtractStackTrace ()
UnityEngine.Animator:SetBoolString (string,bool)
UnityEngine.Animator:SetBool (string,bool)
ControladorJugador:Update () (at Assets/Scripts/ControladorJugador.cs:49)

[Assets/Scripts/ControladorJugador.cs line 49]

Parameter 'isRunning' does not exist.
UnityEngine.Debug:ExtractStackTraceNoAlloc (byte*,int,string)
UnityEngine.StackTraceUtility:ExtractStackTrace ()
UnityEngine.Animator:GetBoolString (string)
UnityEngine.Animator:GetBool (string)
ControladorJugador:FixedUpdate () (at Assets/Scripts/ControladorJugador.cs:83)

[Assets/Scripts/ControladorJugador.cs line 83]

Parameter 'isWalking' does not exist.
UnityEngine.Debug:ExtractStackTraceNoAlloc (byte*,int,string)
UnityEngine.StackTraceUtility:ExtractStackTrace ()
UnityEngine.Animator:SetBoolString (string,bool)
UnityEngine.Animator:SetBool (string,bool)
ControladorJugador:Update () (at Assets/Scripts/ControladorJugador.cs:48)

[Assets/Scripts/ControladorJugador.cs line 48]

Parameter 'isRunning' does not exist.
UnityEngine.Debug:ExtractStackTraceNoAlloc (byte*,int,string)
UnityEngine.StackTraceUtility:ExtractStackTrace ()
UnityEngine.Animator:SetBoolString (string,bool)
UnityEngine.Animator:SetBool (string,bool)
ControladorJugador:Update () (at Assets/Scripts/ControladorJugador.cs:49)

[Assets/Scripts/ControladorJugador.cs line 49]

Parameter 'isWalking' does not exist.
UnityEngine.Debug:ExtractStackTraceNoAlloc (byte*,int,string)
UnityEngine.StackTraceUtility:ExtractStackTrace ()
UnityEngine.Animator:SetBoolString (string,bool)
UnityEngine.Animator:SetBool (string,bool)
ControladorJugador:Update () (at Assets/Scripts/ControladorJugador.cs:48)

[Assets/Scripts/ControladorJugador.cs line 48]

Parameter 'isRunning' does not exist.
UnityEngine.Debug:ExtractStackTraceNoAlloc (byte*,int,string)
UnityEngine.StackTraceUtility:ExtractStackTrace ()
UnityEngine.Animator:SetBoolString (string,bool)
UnityEngine.Animator:SetBool (string,bool)
ControladorJugador:Update () (at Assets/Scripts/ControladorJugador.cs:49)

[Assets/Scripts/ControladorJugador.cs line 49]

Parameter 'isWalking' does not exist.
UnityEngine.Debug:ExtractStackTraceNoAlloc (byte*,int,string)
UnityEngine.StackTraceUtility:ExtractStackTrace ()
UnityEngine.Animator:SetBoolString (string,bool)
UnityEngine.Animator:SetBool (string,bool)
ControladorJugador:Update () (at Assets/Scripts/ControladorJugador.cs:48)

[Assets/Scripts/ControladorJugador.cs line 48]

Parameter 'isRunning' does not exist.
UnityEngine.Debug:ExtractStackTraceNoAlloc (byte*,int,string)
UnityEngine.StackTraceUtility:ExtractStackTrace ()
UnityEngine.Animator:SetBoolString (string,bool)
UnityEngine.Animator:SetBool (string,bool)
ControladorJugador:Update () (at Assets/Scripts/ControladorJugador.cs:49)

[Assets/Scripts/ControladorJugador.cs line 49]

Parameter 'isRunning' does not exist.
UnityEngine.Debug:ExtractStackTraceNoAlloc (byte*,int,string)
UnityEngine.StackTraceUtility:ExtractStackTrace ()
UnityEngine.Animator:GetBoolString (string)
UnityEngine.Animator:GetBool (string)
ControladorJugador:FixedUpdate () (at Assets/Scripts/ControladorJugador.cs:83)

[Assets/Scripts/ControladorJugador.cs line 83]

Parameter 'isWalking' does not exist.
UnityEngine.Debug:ExtractStackTraceNoAlloc (byte*,int,string)
UnityEngine.StackTraceUtility:ExtractStackTrace ()
UnityEngine.Animator:SetBoolString (string,bool)
UnityEngine.Animator:SetBool (string,bool)
ControladorJugador:Update () (at Assets/Scripts/ControladorJugador.cs:48)

[Assets/Scripts/ControladorJugador.cs line 48]

Parameter 'isRunning' does not exist.
UnityEngine.Debug:ExtractStackTraceNoAlloc (byte*,int,string)
UnityEngine.StackTraceUtility:ExtractStackTrace ()
UnityEngine.Animator:SetBoolString (string,bool)
UnityEngine.Animator:SetBool (string,bool)
ControladorJugador:Update () (at Assets/Scripts/ControladorJugador.cs:49)

[Assets/Scripts/ControladorJugador.cs line 49]

Parameter 'isWalking' does not exist.
UnityEngine.Debug:ExtractStackTraceNoAlloc (byte*,int,string)
UnityEngine.StackTraceUtility:ExtractStackTrace ()
UnityEngine.Animator:SetBoolString (string,bool)
UnityEngine.Animator:SetBool (string,bool)
ControladorJugador:Update () (at Assets/Scripts/ControladorJugador.cs:48)

[Assets/Scripts/ControladorJugador.cs line 48]

Parameter 'isRunning' does not exist.
UnityEngine.Debug:ExtractStackTraceNoAlloc (byte*,int,string)
UnityEngine.StackTraceUtility:ExtractStackTrace ()
UnityEngine.Animator:SetBoolString (string,bool)
UnityEngine.Animator:SetBool (string,bool)
ControladorJugador:Update () (at Assets/Scripts/ControladorJugador.cs:49)

[Assets/Scripts/ControladorJugador.cs line 49]

Parameter 'isWalking' does not exist.
UnityEngine.Debug:ExtractStackTraceNoAlloc (byte*,int,string)
UnityEngine.StackTraceUtility:ExtractStackTrace ()
UnityEngine.Animator:SetBoolString (string,bool)
UnityEngine.Animator:SetBool (string,bool)
ControladorJugador:Update () (at Assets/Scripts/ControladorJugador.cs:48)

[Assets/Scripts/ControladorJugador.cs line 48]

Parameter 'isRunning' does not exist.
UnityEngine.Debug:ExtractStackTraceNoAlloc (byte*,int,string)
UnityEngine.StackTraceUtility:ExtractStackTrace ()
UnityEngine.Animator:SetBoolString (string,bool)
UnityEngine.Animator:SetBool (string,bool)
ControladorJugador:Update () (at Assets/Scripts/ControladorJugador.cs:49)

[Assets/Scripts/ControladorJugador.cs line 49]

Parameter 'isRunning' does not exist.
UnityEngine.Debug:ExtractStackTraceNoAlloc (byte*,int,string)
UnityEngine.StackTraceUtility:ExtractStackTrace ()
UnityEngine.Animator:GetBoolString (string)
UnityEngine.Animator:GetBool (string)
ControladorJugador:FixedUpdate () (at Assets/Scripts/ControladorJugador.cs:83)

[Assets/Scripts/ControladorJugador.cs line 83]

Parameter 'isWalking' does not exist.
UnityEngine.Debug:ExtractStackTraceNoAlloc (byte*,int,string)
UnityEngine.StackTraceUtility:ExtractStackTrace ()
UnityEngine.Animator:SetBoolString (string,bool)
UnityEngine.Animator:SetBool (string,bool)
ControladorJugador:Update () (at Assets/Scripts/ControladorJugador.cs:48)

[Assets/Scripts/ControladorJugador.cs line 48]

Parameter 'isRunning' does not exist.
UnityEngine.Debug:ExtractStackTraceNoAlloc (byte*,int,string)
UnityEngine.StackTraceUtility:ExtractStackTrace ()
UnityEngine.Animator:SetBoolString (string,bool)
UnityEngine.Animator:SetBool (string,bool)
ControladorJugador:Update () (at Assets/Scripts/ControladorJugador.cs:49)

[Assets/Scripts/ControladorJugador.cs line 49]

Parameter 'isWalking' does not exist.
UnityEngine.Debug:ExtractStackTraceNoAlloc (byte*,int,string)
UnityEngine.StackTraceUtility:ExtractStackTrace ()
UnityEngine.Animator:SetBoolString (string,bool)
UnityEngine.Animator:SetBool (string,bool)
ControladorJugador:Update () (at Assets/Scripts/ControladorJugador.cs:48)

[Assets/Scripts/ControladorJugador.cs line 48]

Parameter 'isRunning' does not exist.
UnityEngine.Debug:ExtractStackTraceNoAlloc (byte*,int,string)
UnityEngine.StackTraceUtility:ExtractStackTrace ()
UnityEngine.Animator:SetBoolString (string,bool)
UnityEngine.Animator:SetBool (string,bool)
ControladorJugador:Update () (at Assets/Scripts/ControladorJugador.cs:49)

[Assets/Scripts/ControladorJugador.cs line 49]

Parameter 'isRunning' does not exist.
UnityEngine.Debug:ExtractStackTraceNoAlloc (byte*,int,string)
UnityEngine.StackTraceUtility:ExtractStackTrace ()
UnityEngine.Animator:GetBoolString (string)
UnityEngine.Animator:GetBool (string)
ControladorJugador:FixedUpdate () (at Assets/Scripts/ControladorJugador.cs:83)

[Assets/Scripts/ControladorJugador.cs line 83]

Parameter 'isWalking' does not exist.
UnityEngine.Debug:ExtractStackTraceNoAlloc (byte*,int,string)
UnityEngine.StackTraceUtility:ExtractStackTrace ()
UnityEngine.Animator:SetBoolString (string,bool)
UnityEngine.Animator:SetBool (string,bool)
ControladorJugador:Update () (at Assets/Scripts/ControladorJugador.cs:48)

[Assets/Scripts/ControladorJugador.cs line 48]

Parameter 'isRunning' does not exist.
UnityEngine.Debug:ExtractStackTraceNoAlloc (byte*,int,string)
UnityEngine.StackTraceUtility:ExtractStackTrace ()
UnityEngine.Animator:SetBoolString (string,bool)
UnityEngine.Animator:SetBool (string,bool)
ControladorJugador:Update () (at Assets/Scripts/ControladorJugador.cs:49)

[Assets/Scripts/ControladorJugador.cs line 49]

Parameter 'isWalking' does not exist.
UnityEngine.Debug:ExtractStackTraceNoAlloc (byte*,int,string)
UnityEngine.StackTraceUtility:ExtractStackTrace ()
UnityEngine.Animator:SetBoolString (string,bool)
UnityEngine.Animator:SetBool (string,bool)
ControladorJugador:Update () (at Assets/Scripts/ControladorJugador.cs:48)

[Assets/Scripts/ControladorJugador.cs line 48]

Parameter 'isRunning' does not exist.
UnityEngine.Debug:ExtractStackTraceNoAlloc (byte*,int,string)
UnityEngine.StackTraceUtility:ExtractStackTrace ()
UnityEngine.Animator:SetBoolString (string,bool)
UnityEngine.Animator:SetBool (string,bool)
ControladorJugador:Update () (at Assets/Scripts/ControladorJugador.cs:49)

[Assets/Scripts/ControladorJugador.cs line 49]

Parameter 'isWalking' does not exist.
UnityEngine.Debug:ExtractStackTraceNoAlloc (byte*,int,string)
UnityEngine.StackTraceUtility:ExtractStackTrace ()
UnityEngine.Animator:SetBoolString (string,bool)
UnityEngine.Animator:SetBool (string,bool)
ControladorJugador:Update () (at Assets/Scripts/ControladorJugador.cs:48)

[Assets/Scripts/ControladorJugador.cs line 48]

Parameter 'isRunning' does not exist.
UnityEngine.Debug:ExtractStackTraceNoAlloc (byte*,int,string)
UnityEngine.StackTraceUtility:ExtractStackTrace ()
UnityEngine.Animator:SetBoolString (string,bool)
UnityEngine.Animator:SetBool (string,bool)
ControladorJugador:Update () (at Assets/Scripts/ControladorJugador.cs:49)

[Assets/Scripts/ControladorJugador.cs line 49]

Parameter 'isRunning' does not exist.
UnityEngine.Debug:ExtractStackTraceNoAlloc (byte*,int,string)
UnityEngine.StackTraceUtility:ExtractStackTrace ()
UnityEngine.Animator:GetBoolString (string)
UnityEngine.Animator:GetBool (string)
ControladorJugador:FixedUpdate () (at Assets/Scripts/ControladorJugador.cs:83)

[Assets/Scripts/ControladorJugador.cs line 83]

Parameter 'isWalking' does not exist.
UnityEngine.Debug:ExtractStackTraceNoAlloc (byte*,int,string)
UnityEngine.StackTraceUtility:ExtractStackTrace ()
UnityEngine.Animator:SetBoolString (string,bool)
UnityEngine.Animator:SetBool (string,bool)
ControladorJugador:Update () (at Assets/Scripts/ControladorJugador.cs:48)

[Assets/Scripts/ControladorJugador.cs line 48]

Parameter 'isRunning' does not exist.
UnityEngine.Debug:ExtractStackTraceNoAlloc (byte*,int,string)
UnityEngine.StackTraceUtility:ExtractStackTrace ()
UnityEngine.Animator:SetBoolString (string,bool)
UnityEngine.Animator:SetBool (string,bool)
ControladorJugador:Update () (at Assets/Scripts/ControladorJugador.cs:49)

[Assets/Scripts/ControladorJugador.cs line 49]

Parameter 'isWalking' does not exist.
UnityEngine.Debug:ExtractStackTraceNoAlloc (byte*,int,string)
UnityEngine.StackTraceUtility:ExtractStackTrace ()
UnityEngine.Animator:SetBoolString (string,bool)
UnityEngine.Animator:SetBool (string,bool)
ControladorJugador:Update () (at Assets/Scripts/ControladorJugador.cs:48)

[Assets/Scripts/ControladorJugador.cs line 48]

Parameter 'isRunning' does not exist.
UnityEngine.Debug:ExtractStackTraceNoAlloc (byte*,int,string)
UnityEngine.StackTraceUtility:ExtractStackTrace ()
UnityEngine.Animator:SetBoolString (string,bool)
UnityEngine.Animator:SetBool (string,bool)
ControladorJugador:Update () (at Assets/Scripts/ControladorJugador.cs:49)

[Assets/Scripts/ControladorJugador.cs line 49]

Parameter 'isWalking' does not exist.
UnityEngine.Debug:ExtractStackTraceNoAlloc (byte*,int,string)
UnityEngine.StackTraceUtility:ExtractStackTrace ()
UnityEngine.Animator:SetBoolString (string,bool)
UnityEngine.Animator:SetBool (string,bool)
ControladorJugador:Update () (at Assets/Scripts/ControladorJugador.cs:48)

[Assets/Scripts/ControladorJugador.cs line 48]

Parameter 'isRunning' does not exist.
UnityEngine.Debug:ExtractStackTraceNoAlloc (byte*,int,string)
UnityEngine.StackTraceUtility:ExtractStackTrace ()
UnityEngine.Animator:SetBoolString (string,bool)
UnityEngine.Animator:SetBool (string,bool)
ControladorJugador:Update () (at Assets/Scripts/ControladorJugador.cs:49)

[Assets/Scripts/ControladorJugador.cs line 49]

Parameter 'isWalking' does not exist.
UnityEngine.Debug:ExtractStackTraceNoAlloc (byte*,int,string)
UnityEngine.StackTraceUtility:ExtractStackTrace ()
UnityEngine.Animator:SetBoolString (string,bool)
UnityEngine.Animator:SetBool (string,bool)
ControladorJugador:Update () (at Assets/Scripts/ControladorJugador.cs:48)

[Assets/Scripts/ControladorJugador.cs line 48]

Parameter 'isRunning' does not exist.
UnityEngine.Debug:ExtractStackTraceNoAlloc (byte*,int,string)
UnityEngine.StackTraceUtility:ExtractStackTrace ()
UnityEngine.Animator:SetBoolString (string,bool)
UnityEngine.Animator:SetBool (string,bool)
ControladorJugador:Update () (at Assets/Scripts/ControladorJugador.cs:49)

[Assets/Scripts/ControladorJugador.cs line 49]

Parameter 'isRunning' does not exist.
UnityEngine.Debug:ExtractStackTraceNoAlloc (byte*,int,string)
UnityEngine.StackTraceUtility:ExtractStackTrace ()
UnityEngine.Animator:GetBoolString (string)
UnityEngine.Animator:GetBool (string)
ControladorJugador:FixedUpdate () (at Assets/Scripts/ControladorJugador.cs:83)

[Assets/Scripts/ControladorJugador.cs line 83]

Parameter 'isWalking' does not exist.
UnityEngine.Debug:ExtractStackTraceNoAlloc (byte*,int,string)
UnityEngine.StackTraceUtility:ExtractStackTrace ()
UnityEngine.Animator:SetBoolString (string,bool)
UnityEngine.Animator:SetBool (string,bool)
ControladorJugador:Update () (at Assets/Scripts/ControladorJugador.cs:48)

[Assets/Scripts/ControladorJugador.cs line 48]

Parameter 'isRunning' does not exist.
UnityEngine.Debug:ExtractStackTraceNoAlloc (byte*,int,string)
UnityEngine.StackTraceUtility:ExtractStackTrace ()
UnityEngine.Animator:SetBoolString (string,bool)
UnityEngine.Animator:SetBool (string,bool)
ControladorJugador:Update () (at Assets/Scripts/ControladorJugador.cs:49)

[Assets/Scripts/ControladorJugador.cs line 49]

Parameter 'isWalking' does not exist.
UnityEngine.Debug:ExtractStackTraceNoAlloc (byte*,int,string)
UnityEngine.StackTraceUtility:ExtractStackTrace ()
UnityEngine.Animator:SetBoolString (string,bool)
UnityEngine.Animator:SetBool (string,bool)
ControladorJugador:Update () (at Assets/Scripts/ControladorJugador.cs:48)

[Assets/Scripts/ControladorJugador.cs line 48]

Parameter 'isRunning' does not exist.
UnityEngine.Debug:ExtractStackTraceNoAlloc (byte*,int,string)
UnityEngine.StackTraceUtility:ExtractStackTrace ()
UnityEngine.Animator:SetBoolString (string,bool)
UnityEngine.Animator:SetBool (string,bool)
ControladorJugador:Update () (at Assets/Scripts/ControladorJugador.cs:49)

[Assets/Scripts/ControladorJugador.cs line 49]

Parameter 'isWalking' does not exist.
UnityEngine.Debug:ExtractStackTraceNoAlloc (byte*,int,string)
UnityEngine.StackTraceUtility:ExtractStackTrace ()
UnityEngine.Animator:SetBoolString (string,bool)
UnityEngine.Animator:SetBool (string,bool)
ControladorJugador:Update () (at Assets/Scripts/ControladorJugador.cs:48)

[Assets/Scripts/ControladorJugador.cs line 48]

Parameter 'isRunning' does not exist.
UnityEngine.Debug:ExtractStackTraceNoAlloc (byte*,int,string)
UnityEngine.StackTraceUtility:ExtractStackTrace ()
UnityEngine.Animator:SetBoolString (string,bool)
UnityEngine.Animator:SetBool (string,bool)
ControladorJugador:Update () (at Assets/Scripts/ControladorJugador.cs:49)

[Assets/Scripts/ControladorJugador.cs line 49]

Parameter 'isWalking' does not exist.
UnityEngine.Debug:ExtractStackTraceNoAlloc (byte*,int,string)
UnityEngine.StackTraceUtility:ExtractStackTrace ()
UnityEngine.Animator:SetBoolString (string,bool)
UnityEngine.Animator:SetBool (string,bool)
ControladorJugador:Update () (at Assets/Scripts/ControladorJugador.cs:48)

[Assets/Scripts/ControladorJugador.cs line 48]

Parameter 'isRunning' does not exist.
UnityEngine.Debug:ExtractStackTraceNoAlloc (byte*,int,string)
UnityEngine.StackTraceUtility:ExtractStackTrace ()
UnityEngine.Animator:SetBoolString (string,bool)
UnityEngine.Animator:SetBool (string,bool)
ControladorJugador:Update () (at Assets/Scripts/ControladorJugador.cs:49)

[Assets/Scripts/ControladorJugador.cs line 49]

Parameter 'isRunning' does not exist.
UnityEngine.Debug:ExtractStackTraceNoAlloc (byte*,int,string)
UnityEngine.StackTraceUtility:ExtractStackTrace ()
UnityEngine.Animator:GetBoolString (string)
UnityEngine.Animator:GetBool (string)
ControladorJugador:FixedUpdate () (at Assets/Scripts/ControladorJugador.cs:83)

[Assets/Scripts/ControladorJugador.cs line 83]

Parameter 'isWalking' does not exist.
UnityEngine.Debug:ExtractStackTraceNoAlloc (byte*,int,string)
UnityEngine.StackTraceUtility:ExtractStackTrace ()
UnityEngine.Animator:SetBoolString (string,bool)
UnityEngine.Animator:SetBool (string,bool)
ControladorJugador:Update () (at Assets/Scripts/ControladorJugador.cs:48)

[Assets/Scripts/ControladorJugador.cs line 48]

Parameter 'isRunning' does not exist.
UnityEngine.Debug:ExtractStackTraceNoAlloc (byte*,int,string)
UnityEngine.StackTraceUtility:ExtractStackTrace ()
UnityEngine.Animator:SetBoolString (string,bool)
UnityEngine.Animator:SetBool (string,bool)
ControladorJugador:Update () (at Assets/Scripts/ControladorJugador.cs:49)

[Assets/Scripts/ControladorJugador.cs line 49]

Parameter 'isWalking' does not exist.
UnityEngine.Debug:ExtractStackTraceNoAlloc (byte*,int,string)
UnityEngine.StackTraceUtility:ExtractStackTrace ()
UnityEngine.Animator:SetBoolString (string,bool)
UnityEngine.Animator:SetBool (string,bool)
ControladorJugador:Update () (at Assets/Scripts/ControladorJugador.cs:48)

[Assets/Scripts/ControladorJugador.cs line 48]

Parameter 'isRunning' does not exist.
UnityEngine.Debug:ExtractStackTraceNoAlloc (byte*,int,string)
UnityEngine.StackTraceUtility:ExtractStackTrace ()
UnityEngine.Animator:SetBoolString (string,bool)
UnityEngine.Animator:SetBool (string,bool)
ControladorJugador:Update () (at Assets/Scripts/ControladorJugador.cs:49)

[Assets/Scripts/ControladorJugador.cs line 49]

Parameter 'isWalking' does not exist.
UnityEngine.Debug:ExtractStackTraceNoAlloc (byte*,int,string)
UnityEngine.StackTraceUtility:ExtractStackTrace ()
UnityEngine.Animator:SetBoolString (string,bool)
UnityEngine.Animator:SetBool (string,bool)
ControladorJugador:Update () (at Assets/Scripts/ControladorJugador.cs:48)

[Assets/Scripts/ControladorJugador.cs line 48]

Parameter 'isRunning' does not exist.
UnityEngine.Debug:ExtractStackTraceNoAlloc (byte*,int,string)
UnityEngine.StackTraceUtility:ExtractStackTrace ()
UnityEngine.Animator:SetBoolString (string,bool)
UnityEngine.Animator:SetBool (string,bool)
ControladorJugador:Update () (at Assets/Scripts/ControladorJugador.cs:49)

[Assets/Scripts/ControladorJugador.cs line 49]

Parameter 'isRunning' does not exist.
UnityEngine.Debug:ExtractStackTraceNoAlloc (byte*,int,string)
UnityEngine.StackTraceUtility:ExtractStackTrace ()
UnityEngine.Animator:GetBoolString (string)
UnityEngine.Animator:GetBool (string)
ControladorJugador:FixedUpdate () (at Assets/Scripts/ControladorJugador.cs:83)

[Assets/Scripts/ControladorJugador.cs line 83]

Parameter 'isWalking' does not exist.
UnityEngine.Debug:ExtractStackTraceNoAlloc (byte*,int,string)
UnityEngine.StackTraceUtility:ExtractStackTrace ()
UnityEngine.Animator:SetBoolString (string,bool)
UnityEngine.Animator:SetBool (string,bool)
ControladorJugador:Update () (at Assets/Scripts/ControladorJugador.cs:48)

[Assets/Scripts/ControladorJugador.cs line 48]

Parameter 'isRunning' does not exist.
UnityEngine.Debug:ExtractStackTraceNoAlloc (byte*,int,string)
UnityEngine.StackTraceUtility:ExtractStackTrace ()
UnityEngine.Animator:SetBoolString (string,bool)
UnityEngine.Animator:SetBool (string,bool)
ControladorJugador:Update () (at Assets/Scripts/ControladorJugador.cs:49)

[Assets/Scripts/ControladorJugador.cs line 49]

Parameter 'isWalking' does not exist.
UnityEngine.Debug:ExtractStackTraceNoAlloc (byte*,int,string)
UnityEngine.StackTraceUtility:ExtractStackTrace ()
UnityEngine.Animator:SetBoolString (string,bool)
UnityEngine.Animator:SetBool (string,bool)
ControladorJugador:Update () (at Assets/Scripts/ControladorJugador.cs:48)

[Assets/Scripts/ControladorJugador.cs line 48]

Parameter 'isRunning' does not exist.
UnityEngine.Debug:ExtractStackTraceNoAlloc (byte*,int,string)
UnityEngine.StackTraceUtility:ExtractStackTrace ()
UnityEngine.Animator:SetBoolString (string,bool)
UnityEngine.Animator:SetBool (string,bool)
ControladorJugador:Update () (at Assets/Scripts/ControladorJugador.cs:49)

[Assets/Scripts/ControladorJugador.cs line 49]

Parameter 'isWalking' does not exist.
UnityEngine.Debug:ExtractStackTraceNoAlloc (byte*,int,string)
UnityEngine.StackTraceUtility:ExtractStackTrace ()
UnityEngine.Animator:SetBoolString (string,bool)
UnityEngine.Animator:SetBool (string,bool)
ControladorJugador:Update () (at Assets/Scripts/ControladorJugador.cs:48)

[Assets/Scripts/ControladorJugador.cs line 48]

Parameter 'isRunning' does not exist.
UnityEngine.Debug:ExtractStackTraceNoAlloc (byte*,int,string)
UnityEngine.StackTraceUtility:ExtractStackTrace ()
UnityEngine.Animator:SetBoolString (string,bool)
UnityEngine.Animator:SetBool (string,bool)
ControladorJugador:Update () (at Assets/Scripts/ControladorJugador.cs:49)

[Assets/Scripts/ControladorJugador.cs line 49]

Parameter 'isRunning' does not exist.
UnityEngine.Debug:ExtractStackTraceNoAlloc (byte*,int,string)
UnityEngine.StackTraceUtility:ExtractStackTrace ()
UnityEngine.Animator:GetBoolString (string)
UnityEngine.Animator:GetBool (string)
ControladorJugador:FixedUpdate () (at Assets/Scripts/ControladorJugador.cs:83)

[Assets/Scripts/ControladorJugador.cs line 83]

Parameter 'isWalking' does not exist.
UnityEngine.Debug:ExtractStackTraceNoAlloc (byte*,int,string)
UnityEngine.StackTraceUtility:ExtractStackTrace ()
UnityEngine.Animator:SetBoolString (string,bool)
UnityEngine.Animator:SetBool (string,bool)
ControladorJugador:Update () (at Assets/Scripts/ControladorJugador.cs:48)

[Assets/Scripts/ControladorJugador.cs line 48]

Parameter 'isRunning' does not exist.
UnityEngine.Debug:ExtractStackTraceNoAlloc (byte*,int,string)
UnityEngine.StackTraceUtility:ExtractStackTrace ()
UnityEngine.Animator:SetBoolString (string,bool)
UnityEngine.Animator:SetBool (string,bool)
ControladorJugador:Update () (at Assets/Scripts/ControladorJugador.cs:49)

[Assets/Scripts/ControladorJugador.cs line 49]

Parameter 'isWalking' does not exist.
UnityEngine.Debug:ExtractStackTraceNoAlloc (byte*,int,string)
UnityEngine.StackTraceUtility:ExtractStackTrace ()
UnityEngine.Animator:SetBoolString (string,bool)
UnityEngine.Animator:SetBool (string,bool)
ControladorJugador:Update () (at Assets/Scripts/ControladorJugador.cs:48)

[Assets/Scripts/ControladorJugador.cs line 48]

Parameter 'isRunning' does not exist.
UnityEngine.Debug:ExtractStackTraceNoAlloc (byte*,int,string)
UnityEngine.StackTraceUtility:ExtractStackTrace ()
UnityEngine.Animator:SetBoolString (string,bool)
UnityEngine.Animator:SetBool (string,bool)
ControladorJugador:Update () (at Assets/Scripts/ControladorJugador.cs:49)

[Assets/Scripts/ControladorJugador.cs line 49]

Parameter 'isWalking' does not exist.
UnityEngine.Debug:ExtractStackTraceNoAlloc (byte*,int,string)
UnityEngine.StackTraceUtility:ExtractStackTrace ()
UnityEngine.Animator:SetBoolString (string,bool)
UnityEngine.Animator:SetBool (string,bool)
ControladorJugador:Update () (at Assets/Scripts/ControladorJugador.cs:48)

[Assets/Scripts/ControladorJugador.cs line 48]

Parameter 'isRunning' does not exist.
UnityEngine.Debug:ExtractStackTraceNoAlloc (byte*,int,string)
UnityEngine.StackTraceUtility:ExtractStackTrace ()
UnityEngine.Animator:SetBoolString (string,bool)
UnityEngine.Animator:SetBool (string,bool)
ControladorJugador:Update () (at Assets/Scripts/ControladorJugador.cs:49)

[Assets/Scripts/ControladorJugador.cs line 49]

Parameter 'isWalking' does not exist.
UnityEngine.Debug:ExtractStackTraceNoAlloc (byte*,int,string)
UnityEngine.StackTraceUtility:ExtractStackTrace ()
UnityEngine.Animator:SetBoolString (string,bool)
UnityEngine.Animator:SetBool (string,bool)
ControladorJugador:Update () (at Assets/Scripts/ControladorJugador.cs:48)

[Assets/Scripts/ControladorJugador.cs line 48]

Parameter 'isRunning' does not exist.
UnityEngine.Debug:ExtractStackTraceNoAlloc (byte*,int,string)
UnityEngine.StackTraceUtility:ExtractStackTrace ()
UnityEngine.Animator:SetBoolString (string,bool)
UnityEngine.Animator:SetBool (string,bool)
ControladorJugador:Update () (at Assets/Scripts/ControladorJugador.cs:49)

[Assets/Scripts/ControladorJugador.cs line 49]

Parameter 'isRunning' does not exist.
UnityEngine.Debug:ExtractStackTraceNoAlloc (byte*,int,string)
UnityEngine.StackTraceUtility:ExtractStackTrace ()
UnityEngine.Animator:GetBoolString (string)
UnityEngine.Animator:GetBool (string)
ControladorJugador:FixedUpdate () (at Assets/Scripts/ControladorJugador.cs:83)

[Assets/Scripts/ControladorJugador.cs line 83]

Parameter 'isWalking' does not exist.
UnityEngine.Debug:ExtractStackTraceNoAlloc (byte*,int,string)
UnityEngine.StackTraceUtility:ExtractStackTrace ()
UnityEngine.Animator:SetBoolString (string,bool)
UnityEngine.Animator:SetBool (string,bool)
ControladorJugador:Update () (at Assets/Scripts/ControladorJugador.cs:48)

[Assets/Scripts/ControladorJugador.cs line 48]

Parameter 'isRunning' does not exist.
UnityEngine.Debug:ExtractStackTraceNoAlloc (byte*,int,string)
UnityEngine.StackTraceUtility:ExtractStackTrace ()
UnityEngine.Animator:SetBoolString (string,bool)
UnityEngine.Animator:SetBool (string,bool)
ControladorJugador:Update () (at Assets/Scripts/ControladorJugador.cs:49)

[Assets/Scripts/ControladorJugador.cs line 49]

Parameter 'isRunning' does not exist.
UnityEngine.Debug:ExtractStackTraceNoAlloc (byte*,int,string)
UnityEngine.StackTraceUtility:ExtractStackTrace ()
UnityEngine.Animator:GetBoolString (string)
UnityEngine.Animator:GetBool (string)
ControladorJugador:FixedUpdate () (at Assets/Scripts/ControladorJugador.cs:83)

[Assets/Scripts/ControladorJugador.cs line 83]

Parameter 'isWalking' does not exist.
UnityEngine.Debug:ExtractStackTraceNoAlloc (byte*,int,string)
UnityEngine.StackTraceUtility:ExtractStackTrace ()
UnityEngine.Animator:SetBoolString (string,bool)
UnityEngine.Animator:SetBool (string,bool)
ControladorJugador:Update () (at Assets/Scripts/ControladorJugador.cs:48)

[Assets/Scripts/ControladorJugador.cs line 48]

Parameter 'isRunning' does not exist.
UnityEngine.Debug:ExtractStackTraceNoAlloc (byte*,int,string)
UnityEngine.StackTraceUtility:ExtractStackTrace ()
UnityEngine.Animator:SetBoolString (string,bool)
UnityEngine.Animator:SetBool (string,bool)
ControladorJugador:Update () (at Assets/Scripts/ControladorJugador.cs:49)

[Assets/Scripts/ControladorJugador.cs line 49]

Parameter 'isWalking' does not exist.
UnityEngine.Debug:ExtractStackTraceNoAlloc (byte*,int,string)
UnityEngine.StackTraceUtility:ExtractStackTrace ()
UnityEngine.Animator:SetBoolString (string,bool)
UnityEngine.Animator:SetBool (string,bool)
ControladorJugador:Update () (at Assets/Scripts/ControladorJugador.cs:48)

[Assets/Scripts/ControladorJugador.cs line 48]

Parameter 'isRunning' does not exist.
UnityEngine.Debug:ExtractStackTraceNoAlloc (byte*,int,string)
UnityEngine.StackTraceUtility:ExtractStackTrace ()
UnityEngine.Animator:SetBoolString (string,bool)
UnityEngine.Animator:SetBool (string,bool)
ControladorJugador:Update () (at Assets/Scripts/ControladorJugador.cs:49)

[Assets/Scripts/ControladorJugador.cs line 49]

Parameter 'isWalking' does not exist.
UnityEngine.Debug:ExtractStackTraceNoAlloc (byte*,int,string)
UnityEngine.StackTraceUtility:ExtractStackTrace ()
UnityEngine.Animator:SetBoolString (string,bool)
UnityEngine.Animator:SetBool (string,bool)
ControladorJugador:Update () (at Assets/Scripts/ControladorJugador.cs:48)

[Assets/Scripts/ControladorJugador.cs line 48]

Parameter 'isRunning' does not exist.
UnityEngine.Debug:ExtractStackTraceNoAlloc (byte*,int,string)
UnityEngine.StackTraceUtility:ExtractStackTrace ()
UnityEngine.Animator:SetBoolString (string,bool)
UnityEngine.Animator:SetBool (string,bool)
ControladorJugador:Update () (at Assets/Scripts/ControladorJugador.cs:49)

[Assets/Scripts/ControladorJugador.cs line 49]

Parameter 'isRunning' does not exist.
UnityEngine.Debug:ExtractStackTraceNoAlloc (byte*,int,string)
UnityEngine.StackTraceUtility:ExtractStackTrace ()
UnityEngine.Animator:GetBoolString (string)
UnityEngine.Animator:GetBool (string)
ControladorJugador:FixedUpdate () (at Assets/Scripts/ControladorJugador.cs:83)

[Assets/Scripts/ControladorJugador.cs line 83]

Parameter 'isWalking' does not exist.
UnityEngine.Debug:ExtractStackTraceNoAlloc (byte*,int,string)
UnityEngine.StackTraceUtility:ExtractStackTrace ()
UnityEngine.Animator:SetBoolString (string,bool)
UnityEngine.Animator:SetBool (string,bool)
ControladorJugador:Update () (at Assets/Scripts/ControladorJugador.cs:48)

[Assets/Scripts/ControladorJugador.cs line 48]

Parameter 'isRunning' does not exist.
UnityEngine.Debug:ExtractStackTraceNoAlloc (byte*,int,string)
UnityEngine.StackTraceUtility:ExtractStackTrace ()
UnityEngine.Animator:SetBoolString (string,bool)
UnityEngine.Animator:SetBool (string,bool)
ControladorJugador:Update () (at Assets/Scripts/ControladorJugador.cs:49)

[Assets/Scripts/ControladorJugador.cs line 49]

Parameter 'isWalking' does not exist.
UnityEngine.Debug:ExtractStackTraceNoAlloc (byte*,int,string)
UnityEngine.StackTraceUtility:ExtractStackTrace ()
UnityEngine.Animator:SetBoolString (string,bool)
UnityEngine.Animator:SetBool (string,bool)
ControladorJugador:Update () (at Assets/Scripts/ControladorJugador.cs:48)

[Assets/Scripts/ControladorJugador.cs line 48]

Parameter 'isRunning' does not exist.
UnityEngine.Debug:ExtractStackTraceNoAlloc (byte*,int,string)
UnityEngine.StackTraceUtility:ExtractStackTrace ()
UnityEngine.Animator:SetBoolString (string,bool)
UnityEngine.Animator:SetBool (string,bool)
ControladorJugador:Update () (at Assets/Scripts/ControladorJugador.cs:49)

[Assets/Scripts/ControladorJugador.cs line 49]

Parameter 'isWalking' does not exist.
UnityEngine.Debug:ExtractStackTraceNoAlloc (byte*,int,string)
UnityEngine.StackTraceUtility:ExtractStackTrace ()
UnityEngine.Animator:SetBoolString (string,bool)
UnityEngine.Animator:SetBool (string,bool)
ControladorJugador:Update () (at Assets/Scripts/ControladorJugador.cs:48)

[Assets/Scripts/ControladorJugador.cs line 48]

Parameter 'isRunning' does not exist.
UnityEngine.Debug:ExtractStackTraceNoAlloc (byte*,int,string)
UnityEngine.StackTraceUtility:ExtractStackTrace ()
UnityEngine.Animator:SetBoolString (string,bool)
UnityEngine.Animator:SetBool (string,bool)
ControladorJugador:Update () (at Assets/Scripts/ControladorJugador.cs:49)

[Assets/Scripts/ControladorJugador.cs line 49]

Parameter 'isWalking' does not exist.
UnityEngine.Debug:ExtractStackTraceNoAlloc (byte*,int,string)
UnityEngine.StackTraceUtility:ExtractStackTrace ()
UnityEngine.Animator:SetBoolString (string,bool)
UnityEngine.Animator:SetBool (string,bool)
ControladorJugador:Update () (at Assets/Scripts/ControladorJugador.cs:48)

[Assets/Scripts/ControladorJugador.cs line 48]

Parameter 'isRunning' does not exist.
UnityEngine.Debug:ExtractStackTraceNoAlloc (byte*,int,string)
UnityEngine.StackTraceUtility:ExtractStackTrace ()
UnityEngine.Animator:SetBoolString (string,bool)
UnityEngine.Animator:SetBool (string,bool)
ControladorJugador:Update () (at Assets/Scripts/ControladorJugador.cs:49)

[Assets/Scripts/ControladorJugador.cs line 49]

Parameter 'isRunning' does not exist.
UnityEngine.Debug:ExtractStackTraceNoAlloc (byte*,int,string)
UnityEngine.StackTraceUtility:ExtractStackTrace ()
UnityEngine.Animator:GetBoolString (string)
UnityEngine.Animator:GetBool (string)
ControladorJugador:FixedUpdate () (at Assets/Scripts/ControladorJugador.cs:83)

[Assets/Scripts/ControladorJugador.cs line 83]

Parameter 'isWalking' does not exist.
UnityEngine.Debug:ExtractStackTraceNoAlloc (byte*,int,string)
UnityEngine.StackTraceUtility:ExtractStackTrace ()
UnityEngine.Animator:SetBoolString (string,bool)
UnityEngine.Animator:SetBool (string,bool)
ControladorJugador:Update () (at Assets/Scripts/ControladorJugador.cs:48)

[Assets/Scripts/ControladorJugador.cs line 48]

Parameter 'isRunning' does not exist.
UnityEngine.Debug:ExtractStackTraceNoAlloc (byte*,int,string)
UnityEngine.StackTraceUtility:ExtractStackTrace ()
UnityEngine.Animator:SetBoolString (string,bool)
UnityEngine.Animator:SetBool (string,bool)
ControladorJugador:Update () (at Assets/Scripts/ControladorJugador.cs:49)

[Assets/Scripts/ControladorJugador.cs line 49]

Parameter 'isWalking' does not exist.
UnityEngine.Debug:ExtractStackTraceNoAlloc (byte*,int,string)
UnityEngine.StackTraceUtility:ExtractStackTrace ()
UnityEngine.Animator:SetBoolString (string,bool)
UnityEngine.Animator:SetBool (string,bool)
ControladorJugador:Update () (at Assets/Scripts/ControladorJugador.cs:48)

[Assets/Scripts/ControladorJugador.cs line 48]

Parameter 'isRunning' does not exist.
UnityEngine.Debug:ExtractStackTraceNoAlloc (byte*,int,string)
UnityEngine.StackTraceUtility:ExtractStackTrace ()
UnityEngine.Animator:SetBoolString (string,bool)
UnityEngine.Animator:SetBool (string,bool)
ControladorJugador:Update () (at Assets/Scripts/ControladorJugador.cs:49)

[Assets/Scripts/ControladorJugador.cs line 49]

Parameter 'isWalking' does not exist.
UnityEngine.Debug:ExtractStackTraceNoAlloc (byte*,int,string)
UnityEngine.StackTraceUtility:ExtractStackTrace ()
UnityEngine.Animator:SetBoolString (string,bool)
UnityEngine.Animator:SetBool (string,bool)
ControladorJugador:Update () (at Assets/Scripts/ControladorJugador.cs:48)

[Assets/Scripts/ControladorJugador.cs line 48]

Parameter 'isRunning' does not exist.
UnityEngine.Debug:ExtractStackTraceNoAlloc (byte*,int,string)
UnityEngine.StackTraceUtility:ExtractStackTrace ()
UnityEngine.Animator:SetBoolString (string,bool)
UnityEngine.Animator:SetBool (string,bool)
ControladorJugador:Update () (at Assets/Scripts/ControladorJugador.cs:49)

[Assets/Scripts/ControladorJugador.cs line 49]

Parameter 'isWalking' does not exist.
UnityEngine.Debug:ExtractStackTraceNoAlloc (byte*,int,string)
UnityEngine.StackTraceUtility:ExtractStackTrace ()
UnityEngine.Animator:SetBoolString (string,bool)
UnityEngine.Animator:SetBool (string,bool)
ControladorJugador:Update () (at Assets/Scripts/ControladorJugador.cs:48)

[Assets/Scripts/ControladorJugador.cs line 48]

Parameter 'isRunning' does not exist.
UnityEngine.Debug:ExtractStackTraceNoAlloc (byte*,int,string)
UnityEngine.StackTraceUtility:ExtractStackTrace ()
UnityEngine.Animator:SetBoolString (string,bool)
UnityEngine.Animator:SetBool (string,bool)
ControladorJugador:Update () (at Assets/Scripts/ControladorJugador.cs:49)

[Assets/Scripts/ControladorJugador.cs line 49]

Parameter 'isRunning' does not exist.
UnityEngine.Debug:ExtractStackTraceNoAlloc (byte*,int,string)
UnityEngine.StackTraceUtility:ExtractStackTrace ()
UnityEngine.Animator:GetBoolString (string)
UnityEngine.Animator:GetBool (string)
ControladorJugador:FixedUpdate () (at Assets/Scripts/ControladorJugador.cs:83)

[Assets/Scripts/ControladorJugador.cs line 83]

Parameter 'isWalking' does not exist.
UnityEngine.Debug:ExtractStackTraceNoAlloc (byte*,int,string)
UnityEngine.StackTraceUtility:ExtractStackTrace ()
UnityEngine.Animator:SetBoolString (string,bool)
UnityEngine.Animator:SetBool (string,bool)
ControladorJugador:Update () (at Assets/Scripts/ControladorJugador.cs:48)

[Assets/Scripts/ControladorJugador.cs line 48]

Parameter 'isRunning' does not exist.
UnityEngine.Debug:ExtractStackTraceNoAlloc (byte*,int,string)
UnityEngine.StackTraceUtility:ExtractStackTrace ()
UnityEngine.Animator:SetBoolString (string,bool)
UnityEngine.Animator:SetBool (string,bool)
ControladorJugador:Update () (at Assets/Scripts/ControladorJugador.cs:49)

[Assets/Scripts/ControladorJugador.cs line 49]

Parameter 'isWalking' does not exist.
UnityEngine.Debug:ExtractStackTraceNoAlloc (byte*,int,string)
UnityEngine.StackTraceUtility:ExtractStackTrace ()
UnityEngine.Animator:SetBoolString (string,bool)
UnityEngine.Animator:SetBool (string,bool)
ControladorJugador:Update () (at Assets/Scripts/ControladorJugador.cs:48)

[Assets/Scripts/ControladorJugador.cs line 48]

Parameter 'isRunning' does not exist.
UnityEngine.Debug:ExtractStackTraceNoAlloc (byte*,int,string)
UnityEngine.StackTraceUtility:ExtractStackTrace ()
UnityEngine.Animator:SetBoolString (string,bool)
UnityEngine.Animator:SetBool (string,bool)
ControladorJugador:Update () (at Assets/Scripts/ControladorJugador.cs:49)

[Assets/Scripts/ControladorJugador.cs line 49]

Parameter 'isWalking' does not exist.
UnityEngine.Debug:ExtractStackTraceNoAlloc (byte*,int,string)
UnityEngine.StackTraceUtility:ExtractStackTrace ()
UnityEngine.Animator:SetBoolString (string,bool)
UnityEngine.Animator:SetBool (string,bool)
ControladorJugador:Update () (at Assets/Scripts/ControladorJugador.cs:48)

[Assets/Scripts/ControladorJugador.cs line 48]

Parameter 'isRunning' does not exist.
UnityEngine.Debug:ExtractStackTraceNoAlloc (byte*,int,string)
UnityEngine.StackTraceUtility:ExtractStackTrace ()
UnityEngine.Animator:SetBoolString (string,bool)
UnityEngine.Animator:SetBool (string,bool)
ControladorJugador:Update () (at Assets/Scripts/ControladorJugador.cs:49)

[Assets/Scripts/ControladorJugador.cs line 49]

Parameter 'isWalking' does not exist.
UnityEngine.Debug:ExtractStackTraceNoAlloc (byte*,int,string)
UnityEngine.StackTraceUtility:ExtractStackTrace ()
UnityEngine.Animator:SetBoolString (string,bool)
UnityEngine.Animator:SetBool (string,bool)
ControladorJugador:Update () (at Assets/Scripts/ControladorJugador.cs:48)

[Assets/Scripts/ControladorJugador.cs line 48]

Parameter 'isRunning' does not exist.
UnityEngine.Debug:ExtractStackTraceNoAlloc (byte*,int,string)
UnityEngine.StackTraceUtility:ExtractStackTrace ()
UnityEngine.Animator:SetBoolString (string,bool)
UnityEngine.Animator:SetBool (string,bool)
ControladorJugador:Update () (at Assets/Scripts/ControladorJugador.cs:49)

[Assets/Scripts/ControladorJugador.cs line 49]

Parameter 'isRunning' does not exist.
UnityEngine.Debug:ExtractStackTraceNoAlloc (byte*,int,string)
UnityEngine.StackTraceUtility:ExtractStackTrace ()
UnityEngine.Animator:GetBoolString (string)
UnityEngine.Animator:GetBool (string)
ControladorJugador:FixedUpdate () (at Assets/Scripts/ControladorJugador.cs:83)

[Assets/Scripts/ControladorJugador.cs line 83]

Parameter 'isWalking' does not exist.
UnityEngine.Debug:ExtractStackTraceNoAlloc (byte*,int,string)
UnityEngine.StackTraceUtility:ExtractStackTrace ()
UnityEngine.Animator:SetBoolString (string,bool)
UnityEngine.Animator:SetBool (string,bool)
ControladorJugador:Update () (at Assets/Scripts/ControladorJugador.cs:48)

[Assets/Scripts/ControladorJugador.cs line 48]

Parameter 'isRunning' does not exist.
UnityEngine.Debug:ExtractStackTraceNoAlloc (byte*,int,string)
UnityEngine.StackTraceUtility:ExtractStackTrace ()
UnityEngine.Animator:SetBoolString (string,bool)
UnityEngine.Animator:SetBool (string,bool)
ControladorJugador:Update () (at Assets/Scripts/ControladorJugador.cs:49)

[Assets/Scripts/ControladorJugador.cs line 49]

Parameter 'isWalking' does not exist.
UnityEngine.Debug:ExtractStackTraceNoAlloc (byte*,int,string)
UnityEngine.StackTraceUtility:ExtractStackTrace ()
UnityEngine.Animator:SetBoolString (string,bool)
UnityEngine.Animator:SetBool (string,bool)
ControladorJugador:Update () (at Assets/Scripts/ControladorJugador.cs:48)

[Assets/Scripts/ControladorJugador.cs line 48]

Parameter 'isRunning' does not exist.
UnityEngine.Debug:ExtractStackTraceNoAlloc (byte*,int,string)
UnityEngine.StackTraceUtility:ExtractStackTrace ()
UnityEngine.Animator:SetBoolString (string,bool)
UnityEngine.Animator:SetBool (string,bool)
ControladorJugador:Update () (at Assets/Scripts/ControladorJugador.cs:49)

[Assets/Scripts/ControladorJugador.cs line 49]

Parameter 'isWalking' does not exist.
UnityEngine.Debug:ExtractStackTraceNoAlloc (byte*,int,string)
UnityEngine.StackTraceUtility:ExtractStackTrace ()
UnityEngine.Animator:SetBoolString (string,bool)
UnityEngine.Animator:SetBool (string,bool)
ControladorJugador:Update () (at Assets/Scripts/ControladorJugador.cs:48)

[Assets/Scripts/ControladorJugador.cs line 48]

Parameter 'isRunning' does not exist.
UnityEngine.Debug:ExtractStackTraceNoAlloc (byte*,int,string)
UnityEngine.StackTraceUtility:ExtractStackTrace ()
UnityEngine.Animator:SetBoolString (string,bool)
UnityEngine.Animator:SetBool (string,bool)
ControladorJugador:Update () (at Assets/Scripts/ControladorJugador.cs:49)

[Assets/Scripts/ControladorJugador.cs line 49]

Parameter 'isWalking' does not exist.
UnityEngine.Debug:ExtractStackTraceNoAlloc (byte*,int,string)
UnityEngine.StackTraceUtility:ExtractStackTrace ()
UnityEngine.Animator:SetBoolString (string,bool)
UnityEngine.Animator:SetBool (string,bool)
ControladorJugador:Update () (at Assets/Scripts/ControladorJugador.cs:48)

[Assets/Scripts/ControladorJugador.cs line 48]

Parameter 'isRunning' does not exist.
UnityEngine.Debug:ExtractStackTraceNoAlloc (byte*,int,string)
UnityEngine.StackTraceUtility:ExtractStackTrace ()
UnityEngine.Animator:SetBoolString (string,bool)
UnityEngine.Animator:SetBool (string,bool)
ControladorJugador:Update () (at Assets/Scripts/ControladorJugador.cs:49)

[Assets/Scripts/ControladorJugador.cs line 49]

Parameter 'isRunning' does not exist.
UnityEngine.Debug:ExtractStackTraceNoAlloc (byte*,int,string)
UnityEngine.StackTraceUtility:ExtractStackTrace ()
UnityEngine.Animator:GetBoolString (string)
UnityEngine.Animator:GetBool (string)
ControladorJugador:FixedUpdate () (at Assets/Scripts/ControladorJugador.cs:83)

[Assets/Scripts/ControladorJugador.cs line 83]

Parameter 'isWalking' does not exist.
UnityEngine.Debug:ExtractStackTraceNoAlloc (byte*,int,string)
UnityEngine.StackTraceUtility:ExtractStackTrace ()
UnityEngine.Animator:SetBoolString (string,bool)
UnityEngine.Animator:SetBool (string,bool)
ControladorJugador:Update () (at Assets/Scripts/ControladorJugador.cs:48)

[Assets/Scripts/ControladorJugador.cs line 48]

Parameter 'isRunning' does not exist.
UnityEngine.Debug:ExtractStackTraceNoAlloc (byte*,int,string)
UnityEngine.StackTraceUtility:ExtractStackTrace ()
UnityEngine.Animator:SetBoolString (string,bool)
UnityEngine.Animator:SetBool (string,bool)
ControladorJugador:Update () (at Assets/Scripts/ControladorJugador.cs:49)

[Assets/Scripts/ControladorJugador.cs line 49]

Parameter 'isWalking' does not exist.
UnityEngine.Debug:ExtractStackTraceNoAlloc (byte*,int,string)
UnityEngine.StackTraceUtility:ExtractStackTrace ()
UnityEngine.Animator:SetBoolString (string,bool)
UnityEngine.Animator:SetBool (string,bool)
ControladorJugador:Update () (at Assets/Scripts/ControladorJugador.cs:48)

[Assets/Scripts/ControladorJugador.cs line 48]

Parameter 'isRunning' does not exist.
UnityEngine.Debug:ExtractStackTraceNoAlloc (byte*,int,string)
UnityEngine.StackTraceUtility:ExtractStackTrace ()
UnityEngine.Animator:SetBoolString (string,bool)
UnityEngine.Animator:SetBool (string,bool)
ControladorJugador:Update () (at Assets/Scripts/ControladorJugador.cs:49)

[Assets/Scripts/ControladorJugador.cs line 49]

Parameter 'isWalking' does not exist.
UnityEngine.Debug:ExtractStackTraceNoAlloc (byte*,int,string)
UnityEngine.StackTraceUtility:ExtractStackTrace ()
UnityEngine.Animator:SetBoolString (string,bool)
UnityEngine.Animator:SetBool (string,bool)
ControladorJugador:Update () (at Assets/Scripts/ControladorJugador.cs:48)

[Assets/Scripts/ControladorJugador.cs line 48]

Parameter 'isRunning' does not exist.
UnityEngine.Debug:ExtractStackTraceNoAlloc (byte*,int,string)
UnityEngine.StackTraceUtility:ExtractStackTrace ()
UnityEngine.Animator:SetBoolString (string,bool)
UnityEngine.Animator:SetBool (string,bool)
ControladorJugador:Update () (at Assets/Scripts/ControladorJugador.cs:49)

[Assets/Scripts/ControladorJugador.cs line 49]

Parameter 'isWalking' does not exist.
UnityEngine.Debug:ExtractStackTraceNoAlloc (byte*,int,string)
UnityEngine.StackTraceUtility:ExtractStackTrace ()
UnityEngine.Animator:SetBoolString (string,bool)
UnityEngine.Animator:SetBool (string,bool)
ControladorJugador:Update () (at Assets/Scripts/ControladorJugador.cs:48)

[Assets/Scripts/ControladorJugador.cs line 48]

Parameter 'isRunning' does not exist.
UnityEngine.Debug:ExtractStackTraceNoAlloc (byte*,int,string)
UnityEngine.StackTraceUtility:ExtractStackTrace ()
UnityEngine.Animator:SetBoolString (string,bool)
UnityEngine.Animator:SetBool (string,bool)
ControladorJugador:Update () (at Assets/Scripts/ControladorJugador.cs:49)

[Assets/Scripts/ControladorJugador.cs line 49]

Parameter 'isRunning' does not exist.
UnityEngine.Debug:ExtractStackTraceNoAlloc (byte*,int,string)
UnityEngine.StackTraceUtility:ExtractStackTrace ()
UnityEngine.Animator:GetBoolString (string)
UnityEngine.Animator:GetBool (string)
ControladorJugador:FixedUpdate () (at Assets/Scripts/ControladorJugador.cs:83)

[Assets/Scripts/ControladorJugador.cs line 83]

Parameter 'isWalking' does not exist.
UnityEngine.Debug:ExtractStackTraceNoAlloc (byte*,int,string)
UnityEngine.StackTraceUtility:ExtractStackTrace ()
UnityEngine.Animator:SetBoolString (string,bool)
UnityEngine.Animator:SetBool (string,bool)
ControladorJugador:Update () (at Assets/Scripts/ControladorJugador.cs:48)

[Assets/Scripts/ControladorJugador.cs line 48]

Parameter 'isRunning' does not exist.
UnityEngine.Debug:ExtractStackTraceNoAlloc (byte*,int,string)
UnityEngine.StackTraceUtility:ExtractStackTrace ()
UnityEngine.Animator:SetBoolString (string,bool)
UnityEngine.Animator:SetBool (string,bool)
ControladorJugador:Update () (at Assets/Scripts/ControladorJugador.cs:49)

[Assets/Scripts/ControladorJugador.cs line 49]

Parameter 'isWalking' does not exist.
UnityEngine.Debug:ExtractStackTraceNoAlloc (byte*,int,string)
UnityEngine.StackTraceUtility:ExtractStackTrace ()
UnityEngine.Animator:SetBoolString (string,bool)
UnityEngine.Animator:SetBool (string,bool)
ControladorJugador:Update () (at Assets/Scripts/ControladorJugador.cs:48)

[Assets/Scripts/ControladorJugador.cs line 48]

Parameter 'isRunning' does not exist.
UnityEngine.Debug:ExtractStackTraceNoAlloc (byte*,int,string)
UnityEngine.StackTraceUtility:ExtractStackTrace ()
UnityEngine.Animator:SetBoolString (string,bool)
UnityEngine.Animator:SetBool (string,bool)
ControladorJugador:Update () (at Assets/Scripts/ControladorJugador.cs:49)

[Assets/Scripts/ControladorJugador.cs line 49]

Parameter 'isWalking' does not exist.
UnityEngine.Debug:ExtractStackTraceNoAlloc (byte*,int,string)
UnityEngine.StackTraceUtility:ExtractStackTrace ()
UnityEngine.Animator:SetBoolString (string,bool)
UnityEngine.Animator:SetBool (string,bool)
ControladorJugador:Update () (at Assets/Scripts/ControladorJugador.cs:48)

[Assets/Scripts/ControladorJugador.cs line 48]

Parameter 'isRunning' does not exist.
UnityEngine.Debug:ExtractStackTraceNoAlloc (byte*,int,string)
UnityEngine.StackTraceUtility:ExtractStackTrace ()
UnityEngine.Animator:SetBoolString (string,bool)
UnityEngine.Animator:SetBool (string,bool)
ControladorJugador:Update () (at Assets/Scripts/ControladorJugador.cs:49)

[Assets/Scripts/ControladorJugador.cs line 49]

Parameter 'isWalking' does not exist.
UnityEngine.Debug:ExtractStackTraceNoAlloc (byte*,int,string)
UnityEngine.StackTraceUtility:ExtractStackTrace ()
UnityEngine.Animator:SetBoolString (string,bool)
UnityEngine.Animator:SetBool (string,bool)
ControladorJugador:Update () (at Assets/Scripts/ControladorJugador.cs:48)

[Assets/Scripts/ControladorJugador.cs line 48]

Parameter 'isRunning' does not exist.
UnityEngine.Debug:ExtractStackTraceNoAlloc (byte*,int,string)
UnityEngine.StackTraceUtility:ExtractStackTrace ()
UnityEngine.Animator:SetBoolString (string,bool)
UnityEngine.Animator:SetBool (string,bool)
ControladorJugador:Update () (at Assets/Scripts/ControladorJugador.cs:49)

[Assets/Scripts/ControladorJugador.cs line 49]

Parameter 'isRunning' does not exist.
UnityEngine.Debug:ExtractStackTraceNoAlloc (byte*,int,string)
UnityEngine.StackTraceUtility:ExtractStackTrace ()
UnityEngine.Animator:GetBoolString (string)
UnityEngine.Animator:GetBool (string)
ControladorJugador:FixedUpdate () (at Assets/Scripts/ControladorJugador.cs:83)

[Assets/Scripts/ControladorJugador.cs line 83]

Parameter 'isWalking' does not exist.
UnityEngine.Debug:ExtractStackTraceNoAlloc (byte*,int,string)
UnityEngine.StackTraceUtility:ExtractStackTrace ()
UnityEngine.Animator:SetBoolString (string,bool)
UnityEngine.Animator:SetBool (string,bool)
ControladorJugador:Update () (at Assets/Scripts/ControladorJugador.cs:48)

[Assets/Scripts/ControladorJugador.cs line 48]

Parameter 'isRunning' does not exist.
UnityEngine.Debug:ExtractStackTraceNoAlloc (byte*,int,string)
UnityEngine.StackTraceUtility:ExtractStackTrace ()
UnityEngine.Animator:SetBoolString (string,bool)
UnityEngine.Animator:SetBool (string,bool)
ControladorJugador:Update () (at Assets/Scripts/ControladorJugador.cs:49)

[Assets/Scripts/ControladorJugador.cs line 49]

Parameter 'isWalking' does not exist.
UnityEngine.Debug:ExtractStackTraceNoAlloc (byte*,int,string)
UnityEngine.StackTraceUtility:ExtractStackTrace ()
UnityEngine.Animator:SetBoolString (string,bool)
UnityEngine.Animator:SetBool (string,bool)
ControladorJugador:Update () (at Assets/Scripts/ControladorJugador.cs:48)

[Assets/Scripts/ControladorJugador.cs line 48]

Parameter 'isRunning' does not exist.
UnityEngine.Debug:ExtractStackTraceNoAlloc (byte*,int,string)
UnityEngine.StackTraceUtility:ExtractStackTrace ()
UnityEngine.Animator:SetBoolString (string,bool)
UnityEngine.Animator:SetBool (string,bool)
ControladorJugador:Update () (at Assets/Scripts/ControladorJugador.cs:49)

[Assets/Scripts/ControladorJugador.cs line 49]

Parameter 'isWalking' does not exist.
UnityEngine.Debug:ExtractStackTraceNoAlloc (byte*,int,string)
UnityEngine.StackTraceUtility:ExtractStackTrace ()
UnityEngine.Animator:SetBoolString (string,bool)
UnityEngine.Animator:SetBool (string,bool)
ControladorJugador:Update () (at Assets/Scripts/ControladorJugador.cs:48)

[Assets/Scripts/ControladorJugador.cs line 48]

Parameter 'isRunning' does not exist.
UnityEngine.Debug:ExtractStackTraceNoAlloc (byte*,int,string)
UnityEngine.StackTraceUtility:ExtractStackTrace ()
UnityEngine.Animator:SetBoolString (string,bool)
UnityEngine.Animator:SetBool (string,bool)
ControladorJugador:Update () (at Assets/Scripts/ControladorJugador.cs:49)

[Assets/Scripts/ControladorJugador.cs line 49]

Parameter 'isRunning' does not exist.
UnityEngine.Debug:ExtractStackTraceNoAlloc (byte*,int,string)
UnityEngine.StackTraceUtility:ExtractStackTrace ()
UnityEngine.Animator:GetBoolString (string)
UnityEngine.Animator:GetBool (string)
ControladorJugador:FixedUpdate () (at Assets/Scripts/ControladorJugador.cs:83)

[Assets/Scripts/ControladorJugador.cs line 83]

Parameter 'isWalking' does not exist.
UnityEngine.Debug:ExtractStackTraceNoAlloc (byte*,int,string)
UnityEngine.StackTraceUtility:ExtractStackTrace ()
UnityEngine.Animator:SetBoolString (string,bool)
UnityEngine.Animator:SetBool (string,bool)
ControladorJugador:Update () (at Assets/Scripts/ControladorJugador.cs:48)

[Assets/Scripts/ControladorJugador.cs line 48]

Parameter 'isRunning' does not exist.
UnityEngine.Debug:ExtractStackTraceNoAlloc (byte*,int,string)
UnityEngine.StackTraceUtility:ExtractStackTrace ()
UnityEngine.Animator:SetBoolString (string,bool)
UnityEngine.Animator:SetBool (string,bool)
ControladorJugador:Update () (at Assets/Scripts/ControladorJugador.cs:49)

[Assets/Scripts/ControladorJugador.cs line 49]

Parameter 'isWalking' does not exist.
UnityEngine.Debug:ExtractStackTraceNoAlloc (byte*,int,string)
UnityEngine.StackTraceUtility:ExtractStackTrace ()
UnityEngine.Animator:SetBoolString (string,bool)
UnityEngine.Animator:SetBool (string,bool)
ControladorJugador:Update () (at Assets/Scripts/ControladorJugador.cs:48)

[Assets/Scripts/ControladorJugador.cs line 48]

Parameter 'isRunning' does not exist.
UnityEngine.Debug:ExtractStackTraceNoAlloc (byte*,int,string)
UnityEngine.StackTraceUtility:ExtractStackTrace ()
UnityEngine.Animator:SetBoolString (string,bool)
UnityEngine.Animator:SetBool (string,bool)
ControladorJugador:Update () (at Assets/Scripts/ControladorJugador.cs:49)

[Assets/Scripts/ControladorJugador.cs line 49]

Parameter 'isWalking' does not exist.
UnityEngine.Debug:ExtractStackTraceNoAlloc (byte*,int,string)
UnityEngine.StackTraceUtility:ExtractStackTrace ()
UnityEngine.Animator:SetBoolString (string,bool)
UnityEngine.Animator:SetBool (string,bool)
ControladorJugador:Update () (at Assets/Scripts/ControladorJugador.cs:48)

[Assets/Scripts/ControladorJugador.cs line 48]

Parameter 'isRunning' does not exist.
UnityEngine.Debug:ExtractStackTraceNoAlloc (byte*,int,string)
UnityEngine.StackTraceUtility:ExtractStackTrace ()
UnityEngine.Animator:SetBoolString (string,bool)
UnityEngine.Animator:SetBool (string,bool)
ControladorJugador:Update () (at Assets/Scripts/ControladorJugador.cs:49)

[Assets/Scripts/ControladorJugador.cs line 49]

Parameter 'isRunning' does not exist.
UnityEngine.Debug:ExtractStackTraceNoAlloc (byte*,int,string)
UnityEngine.StackTraceUtility:ExtractStackTrace ()
UnityEngine.Animator:GetBoolString (string)
UnityEngine.Animator:GetBool (string)
ControladorJugador:FixedUpdate () (at Assets/Scripts/ControladorJugador.cs:83)

[Assets/Scripts/ControladorJugador.cs line 83]

Parameter 'isWalking' does not exist.
UnityEngine.Debug:ExtractStackTraceNoAlloc (byte*,int,string)
UnityEngine.StackTraceUtility:ExtractStackTrace ()
UnityEngine.Animator:SetBoolString (string,bool)
UnityEngine.Animator:SetBool (string,bool)
ControladorJugador:Update () (at Assets/Scripts/ControladorJugador.cs:48)

[Assets/Scripts/ControladorJugador.cs line 48]

Parameter 'isRunning' does not exist.
UnityEngine.Debug:ExtractStackTraceNoAlloc (byte*,int,string)
UnityEngine.StackTraceUtility:ExtractStackTrace ()
UnityEngine.Animator:SetBoolString (string,bool)
UnityEngine.Animator:SetBool (string,bool)
ControladorJugador:Update () (at Assets/Scripts/ControladorJugador.cs:49)

[Assets/Scripts/ControladorJugador.cs line 49]

Parameter 'isWalking' does not exist.
UnityEngine.Debug:ExtractStackTraceNoAlloc (byte*,int,string)
UnityEngine.StackTraceUtility:ExtractStackTrace ()
UnityEngine.Animator:SetBoolString (string,bool)
UnityEngine.Animator:SetBool (string,bool)
ControladorJugador:Update () (at Assets/Scripts/ControladorJugador.cs:48)

[Assets/Scripts/ControladorJugador.cs line 48]

Parameter 'isRunning' does not exist.
UnityEngine.Debug:ExtractStackTraceNoAlloc (byte*,int,string)
UnityEngine.StackTraceUtility:ExtractStackTrace ()
UnityEngine.Animator:SetBoolString (string,bool)
UnityEngine.Animator:SetBool (string,bool)
ControladorJugador:Update () (at Assets/Scripts/ControladorJugador.cs:49)

[Assets/Scripts/ControladorJugador.cs line 49]

Parameter 'isWalking' does not exist.
UnityEngine.Debug:ExtractStackTraceNoAlloc (byte*,int,string)
UnityEngine.StackTraceUtility:ExtractStackTrace ()
UnityEngine.Animator:SetBoolString (string,bool)
UnityEngine.Animator:SetBool (string,bool)
ControladorJugador:Update () (at Assets/Scripts/ControladorJugador.cs:48)

[Assets/Scripts/ControladorJugador.cs line 48]

Parameter 'isRunning' does not exist.
UnityEngine.Debug:ExtractStackTraceNoAlloc (byte*,int,string)
UnityEngine.StackTraceUtility:ExtractStackTrace ()
UnityEngine.Animator:SetBoolString (string,bool)
UnityEngine.Animator:SetBool (string,bool)
ControladorJugador:Update () (at Assets/Scripts/ControladorJugador.cs:49)

[Assets/Scripts/ControladorJugador.cs line 49]

Parameter 'isWalking' does not exist.
UnityEngine.Debug:ExtractStackTraceNoAlloc (byte*,int,string)
UnityEngine.StackTraceUtility:ExtractStackTrace ()
UnityEngine.Animator:SetBoolString (string,bool)
UnityEngine.Animator:SetBool (string,bool)
ControladorJugador:Update () (at Assets/Scripts/ControladorJugador.cs:48)

[Assets/Scripts/ControladorJugador.cs line 48]

Parameter 'isRunning' does not exist.
UnityEngine.Debug:ExtractStackTraceNoAlloc (byte*,int,string)
UnityEngine.StackTraceUtility:ExtractStackTrace ()
UnityEngine.Animator:SetBoolString (string,bool)
UnityEngine.Animator:SetBool (string,bool)
ControladorJugador:Update () (at Assets/Scripts/ControladorJugador.cs:49)

[Assets/Scripts/ControladorJugador.cs line 49]

Parameter 'isRunning' does not exist.
UnityEngine.Debug:ExtractStackTraceNoAlloc (byte*,int,string)
UnityEngine.StackTraceUtility:ExtractStackTrace ()
UnityEngine.Animator:GetBoolString (string)
UnityEngine.Animator:GetBool (string)
ControladorJugador:FixedUpdate () (at Assets/Scripts/ControladorJugador.cs:83)

[Assets/Scripts/ControladorJugador.cs line 83]

Parameter 'isWalking' does not exist.
UnityEngine.Debug:ExtractStackTraceNoAlloc (byte*,int,string)
UnityEngine.StackTraceUtility:ExtractStackTrace ()
UnityEngine.Animator:SetBoolString (string,bool)
UnityEngine.Animator:SetBool (string,bool)
ControladorJugador:Update () (at Assets/Scripts/ControladorJugador.cs:48)

[Assets/Scripts/ControladorJugador.cs line 48]

Parameter 'isRunning' does not exist.
UnityEngine.Debug:ExtractStackTraceNoAlloc (byte*,int,string)
UnityEngine.StackTraceUtility:ExtractStackTrace ()
UnityEngine.Animator:SetBoolString (string,bool)
UnityEngine.Animator:SetBool (string,bool)
ControladorJugador:Update () (at Assets/Scripts/ControladorJugador.cs:49)

[Assets/Scripts/ControladorJugador.cs line 49]

Parameter 'isWalking' does not exist.
UnityEngine.Debug:ExtractStackTraceNoAlloc (byte*,int,string)
UnityEngine.StackTraceUtility:ExtractStackTrace ()
UnityEngine.Animator:SetBoolString (string,bool)
UnityEngine.Animator:SetBool (string,bool)
ControladorJugador:Update () (at Assets/Scripts/ControladorJugador.cs:48)

[Assets/Scripts/ControladorJugador.cs line 48]

Parameter 'isRunning' does not exist.
UnityEngine.Debug:ExtractStackTraceNoAlloc (byte*,int,string)
UnityEngine.StackTraceUtility:ExtractStackTrace ()
UnityEngine.Animator:SetBoolString (string,bool)
UnityEngine.Animator:SetBool (string,bool)
ControladorJugador:Update () (at Assets/Scripts/ControladorJugador.cs:49)

[Assets/Scripts/ControladorJugador.cs line 49]

Parameter 'isWalking' does not exist.
UnityEngine.Debug:ExtractStackTraceNoAlloc (byte*,int,string)
UnityEngine.StackTraceUtility:ExtractStackTrace ()
UnityEngine.Animator:SetBoolString (string,bool)
UnityEngine.Animator:SetBool (string,bool)
ControladorJugador:Update () (at Assets/Scripts/ControladorJugador.cs:48)

[Assets/Scripts/ControladorJugador.cs line 48]

Parameter 'isRunning' does not exist.
UnityEngine.Debug:ExtractStackTraceNoAlloc (byte*,int,string)
UnityEngine.StackTraceUtility:ExtractStackTrace ()
UnityEngine.Animator:SetBoolString (string,bool)
UnityEngine.Animator:SetBool (string,bool)
ControladorJugador:Update () (at Assets/Scripts/ControladorJugador.cs:49)

[Assets/Scripts/ControladorJugador.cs line 49]

Parameter 'isRunning' does not exist.
UnityEngine.Debug:ExtractStackTraceNoAlloc (byte*,int,string)
UnityEngine.StackTraceUtility:ExtractStackTrace ()
UnityEngine.Animator:GetBoolString (string)
UnityEngine.Animator:GetBool (string)
ControladorJugador:FixedUpdate () (at Assets/Scripts/ControladorJugador.cs:83)

[Assets/Scripts/ControladorJugador.cs line 83]

Parameter 'isWalking' does not exist.
UnityEngine.Debug:ExtractStackTraceNoAlloc (byte*,int,string)
UnityEngine.StackTraceUtility:ExtractStackTrace ()
UnityEngine.Animator:SetBoolString (string,bool)
UnityEngine.Animator:SetBool (string,bool)
ControladorJugador:Update () (at Assets/Scripts/ControladorJugador.cs:48)

[Assets/Scripts/ControladorJugador.cs line 48]

Parameter 'isRunning' does not exist.
UnityEngine.Debug:ExtractStackTraceNoAlloc (byte*,int,string)
UnityEngine.StackTraceUtility:ExtractStackTrace ()
UnityEngine.Animator:SetBoolString (string,bool)
UnityEngine.Animator:SetBool (string,bool)
ControladorJugador:Update () (at Assets/Scripts/ControladorJugador.cs:49)

[Assets/Scripts/ControladorJugador.cs line 49]

Parameter 'isWalking' does not exist.
UnityEngine.Debug:ExtractStackTraceNoAlloc (byte*,int,string)
UnityEngine.StackTraceUtility:ExtractStackTrace ()
UnityEngine.Animator:SetBoolString (string,bool)
UnityEngine.Animator:SetBool (string,bool)
ControladorJugador:Update () (at Assets/Scripts/ControladorJugador.cs:48)

[Assets/Scripts/ControladorJugador.cs line 48]

Parameter 'isRunning' does not exist.
UnityEngine.Debug:ExtractStackTraceNoAlloc (byte*,int,string)
UnityEngine.StackTraceUtility:ExtractStackTrace ()
UnityEngine.Animator:SetBoolString (string,bool)
UnityEngine.Animator:SetBool (string,bool)
ControladorJugador:Update () (at Assets/Scripts/ControladorJugador.cs:49)

[Assets/Scripts/ControladorJugador.cs line 49]

Parameter 'isWalking' does not exist.
UnityEngine.Debug:ExtractStackTraceNoAlloc (byte*,int,string)
UnityEngine.StackTraceUtility:ExtractStackTrace ()
UnityEngine.Animator:SetBoolString (string,bool)
UnityEngine.Animator:SetBool (string,bool)
ControladorJugador:Update () (at Assets/Scripts/ControladorJugador.cs:48)

[Assets/Scripts/ControladorJugador.cs line 48]

Parameter 'isRunning' does not exist.
UnityEngine.Debug:ExtractStackTraceNoAlloc (byte*,int,string)
UnityEngine.StackTraceUtility:ExtractStackTrace ()
UnityEngine.Animator:SetBoolString (string,bool)
UnityEngine.Animator:SetBool (string,bool)
ControladorJugador:Update () (at Assets/Scripts/ControladorJugador.cs:49)

[Assets/Scripts/ControladorJugador.cs line 49]

Parameter 'isWalking' does not exist.
UnityEngine.Debug:ExtractStackTraceNoAlloc (byte*,int,string)
UnityEngine.StackTraceUtility:ExtractStackTrace ()
UnityEngine.Animator:SetBoolString (string,bool)
UnityEngine.Animator:SetBool (string,bool)
ControladorJugador:Update () (at Assets/Scripts/ControladorJugador.cs:48)

[Assets/Scripts/ControladorJugador.cs line 48]

Parameter 'isRunning' does not exist.
UnityEngine.Debug:ExtractStackTraceNoAlloc (byte*,int,string)
UnityEngine.StackTraceUtility:ExtractStackTrace ()
UnityEngine.Animator:SetBoolString (string,bool)
UnityEngine.Animator:SetBool (string,bool)
ControladorJugador:Update () (at Assets/Scripts/ControladorJugador.cs:49)

[Assets/Scripts/ControladorJugador.cs line 49]

Parameter 'isWalking' does not exist.
UnityEngine.Debug:ExtractStackTraceNoAlloc (byte*,int,string)
UnityEngine.StackTraceUtility:ExtractStackTrace ()
UnityEngine.Animator:SetBoolString (string,bool)
UnityEngine.Animator:SetBool (string,bool)
ControladorJugador:Update () (at Assets/Scripts/ControladorJugador.cs:48)

[Assets/Scripts/ControladorJugador.cs line 48]

Parameter 'isRunning' does not exist.
UnityEngine.Debug:ExtractStackTraceNoAlloc (byte*,int,string)
UnityEngine.StackTraceUtility:ExtractStackTrace ()
UnityEngine.Animator:SetBoolString (string,bool)
UnityEngine.Animator:SetBool (string,bool)
ControladorJugador:Update () (at Assets/Scripts/ControladorJugador.cs:49)

[Assets/Scripts/ControladorJugador.cs line 49]

Parameter 'isRunning' does not exist.
UnityEngine.Debug:ExtractStackTraceNoAlloc (byte*,int,string)
UnityEngine.StackTraceUtility:ExtractStackTrace ()
UnityEngine.Animator:GetBoolString (string)
UnityEngine.Animator:GetBool (string)
ControladorJugador:FixedUpdate () (at Assets/Scripts/ControladorJugador.cs:83)

[Assets/Scripts/ControladorJugador.cs line 83]

Parameter 'isWalking' does not exist.
UnityEngine.Debug:ExtractStackTraceNoAlloc (byte*,int,string)
UnityEngine.StackTraceUtility:ExtractStackTrace ()
UnityEngine.Animator:SetBoolString (string,bool)
UnityEngine.Animator:SetBool (string,bool)
ControladorJugador:Update () (at Assets/Scripts/ControladorJugador.cs:48)

[Assets/Scripts/ControladorJugador.cs line 48]

Parameter 'isRunning' does not exist.
UnityEngine.Debug:ExtractStackTraceNoAlloc (byte*,int,string)
UnityEngine.StackTraceUtility:ExtractStackTrace ()
UnityEngine.Animator:SetBoolString (string,bool)
UnityEngine.Animator:SetBool (string,bool)
ControladorJugador:Update () (at Assets/Scripts/ControladorJugador.cs:49)

[Assets/Scripts/ControladorJugador.cs line 49]

Parameter 'isWalking' does not exist.
UnityEngine.Debug:ExtractStackTraceNoAlloc (byte*,int,string)
UnityEngine.StackTraceUtility:ExtractStackTrace ()
UnityEngine.Animator:SetBoolString (string,bool)
UnityEngine.Animator:SetBool (string,bool)
ControladorJugador:Update () (at Assets/Scripts/ControladorJugador.cs:48)

[Assets/Scripts/ControladorJugador.cs line 48]

Parameter 'isRunning' does not exist.
UnityEngine.Debug:ExtractStackTraceNoAlloc (byte*,int,string)
UnityEngine.StackTraceUtility:ExtractStackTrace ()
UnityEngine.Animator:SetBoolString (string,bool)
UnityEngine.Animator:SetBool (string,bool)
ControladorJugador:Update () (at Assets/Scripts/ControladorJugador.cs:49)

[Assets/Scripts/ControladorJugador.cs line 49]

Parameter 'isWalking' does not exist.
UnityEngine.Debug:ExtractStackTraceNoAlloc (byte*,int,string)
UnityEngine.StackTraceUtility:ExtractStackTrace ()
UnityEngine.Animator:SetBoolString (string,bool)
UnityEngine.Animator:SetBool (string,bool)
ControladorJugador:Update () (at Assets/Scripts/ControladorJugador.cs:48)

[Assets/Scripts/ControladorJugador.cs line 48]

Parameter 'isRunning' does not exist.
UnityEngine.Debug:ExtractStackTraceNoAlloc (byte*,int,string)
UnityEngine.StackTraceUtility:ExtractStackTrace ()
UnityEngine.Animator:SetBoolString (string,bool)
UnityEngine.Animator:SetBool (string,bool)
ControladorJugador:Update () (at Assets/Scripts/ControladorJugador.cs:49)

[Assets/Scripts/ControladorJugador.cs line 49]

Parameter 'isWalking' does not exist.
UnityEngine.Debug:ExtractStackTraceNoAlloc (byte*,int,string)
UnityEngine.StackTraceUtility:ExtractStackTrace ()
UnityEngine.Animator:SetBoolString (string,bool)
UnityEngine.Animator:SetBool (string,bool)
ControladorJugador:Update () (at Assets/Scripts/ControladorJugador.cs:48)

[Assets/Scripts/ControladorJugador.cs line 48]

Parameter 'isRunning' does not exist.
UnityEngine.Debug:ExtractStackTraceNoAlloc (byte*,int,string)
UnityEngine.StackTraceUtility:ExtractStackTrace ()
UnityEngine.Animator:SetBoolString (string,bool)
UnityEngine.Animator:SetBool (string,bool)
ControladorJugador:Update () (at Assets/Scripts/ControladorJugador.cs:49)

[Assets/Scripts/ControladorJugador.cs line 49]

Parameter 'isRunning' does not exist.
UnityEngine.Debug:ExtractStackTraceNoAlloc (byte*,int,string)
UnityEngine.StackTraceUtility:ExtractStackTrace ()
UnityEngine.Animator:GetBoolString (string)
UnityEngine.Animator:GetBool (string)
ControladorJugador:FixedUpdate () (at Assets/Scripts/ControladorJugador.cs:83)

[Assets/Scripts/ControladorJugador.cs line 83]

Parameter 'isWalking' does not exist.
UnityEngine.Debug:ExtractStackTraceNoAlloc (byte*,int,string)
UnityEngine.StackTraceUtility:ExtractStackTrace ()
UnityEngine.Animator:SetBoolString (string,bool)
UnityEngine.Animator:SetBool (string,bool)
ControladorJugador:Update () (at Assets/Scripts/ControladorJugador.cs:48)

[Assets/Scripts/ControladorJugador.cs line 48]

Parameter 'isRunning' does not exist.
UnityEngine.Debug:ExtractStackTraceNoAlloc (byte*,int,string)
UnityEngine.StackTraceUtility:ExtractStackTrace ()
UnityEngine.Animator:SetBoolString (string,bool)
UnityEngine.Animator:SetBool (string,bool)
ControladorJugador:Update () (at Assets/Scripts/ControladorJugador.cs:49)

[Assets/Scripts/ControladorJugador.cs line 49]

Parameter 'isWalking' does not exist.
UnityEngine.Debug:ExtractStackTraceNoAlloc (byte*,int,string)
UnityEngine.StackTraceUtility:ExtractStackTrace ()
UnityEngine.Animator:SetBoolString (string,bool)
UnityEngine.Animator:SetBool (string,bool)
ControladorJugador:Update () (at Assets/Scripts/ControladorJugador.cs:48)

[Assets/Scripts/ControladorJugador.cs line 48]

Parameter 'isRunning' does not exist.
UnityEngine.Debug:ExtractStackTraceNoAlloc (byte*,int,string)
UnityEngine.StackTraceUtility:ExtractStackTrace ()
UnityEngine.Animator:SetBoolString (string,bool)
UnityEngine.Animator:SetBool (string,bool)
ControladorJugador:Update () (at Assets/Scripts/ControladorJugador.cs:49)

[Assets/Scripts/ControladorJugador.cs line 49]

Parameter 'isWalking' does not exist.
UnityEngine.Debug:ExtractStackTraceNoAlloc (byte*,int,string)
UnityEngine.StackTraceUtility:ExtractStackTrace ()
UnityEngine.Animator:SetBoolString (string,bool)
UnityEngine.Animator:SetBool (string,bool)
ControladorJugador:Update () (at Assets/Scripts/ControladorJugador.cs:48)

[Assets/Scripts/ControladorJugador.cs line 48]

Parameter 'isRunning' does not exist.
UnityEngine.Debug:ExtractStackTraceNoAlloc (byte*,int,string)
UnityEngine.StackTraceUtility:ExtractStackTrace ()
UnityEngine.Animator:SetBoolString (string,bool)
UnityEngine.Animator:SetBool (string,bool)
ControladorJugador:Update () (at Assets/Scripts/ControladorJugador.cs:49)

[Assets/Scripts/ControladorJugador.cs line 49]

Parameter 'isWalking' does not exist.
UnityEngine.Debug:ExtractStackTraceNoAlloc (byte*,int,string)
UnityEngine.StackTraceUtility:ExtractStackTrace ()
UnityEngine.Animator:SetBoolString (string,bool)
UnityEngine.Animator:SetBool (string,bool)
ControladorJugador:Update () (at Assets/Scripts/ControladorJugador.cs:48)

[Assets/Scripts/ControladorJugador.cs line 48]

Parameter 'isRunning' does not exist.
UnityEngine.Debug:ExtractStackTraceNoAlloc (byte*,int,string)
UnityEngine.StackTraceUtility:ExtractStackTrace ()
UnityEngine.Animator:SetBoolString (string,bool)
UnityEngine.Animator:SetBool (string,bool)
ControladorJugador:Update () (at Assets/Scripts/ControladorJugador.cs:49)

[Assets/Scripts/ControladorJugador.cs line 49]

Parameter 'isRunning' does not exist.
UnityEngine.Debug:ExtractStackTraceNoAlloc (byte*,int,string)
UnityEngine.StackTraceUtility:ExtractStackTrace ()
UnityEngine.Animator:GetBoolString (string)
UnityEngine.Animator:GetBool (string)
ControladorJugador:FixedUpdate () (at Assets/Scripts/ControladorJugador.cs:83)

[Assets/Scripts/ControladorJugador.cs line 83]

Parameter 'isWalking' does not exist.
UnityEngine.Debug:ExtractStackTraceNoAlloc (byte*,int,string)
UnityEngine.StackTraceUtility:ExtractStackTrace ()
UnityEngine.Animator:SetBoolString (string,bool)
UnityEngine.Animator:SetBool (string,bool)
ControladorJugador:Update () (at Assets/Scripts/ControladorJugador.cs:48)

[Assets/Scripts/ControladorJugador.cs line 48]

Parameter 'isRunning' does not exist.
UnityEngine.Debug:ExtractStackTraceNoAlloc (byte*,int,string)
UnityEngine.StackTraceUtility:ExtractStackTrace ()
UnityEngine.Animator:SetBoolString (string,bool)
UnityEngine.Animator:SetBool (string,bool)
ControladorJugador:Update () (at Assets/Scripts/ControladorJugador.cs:49)

[Assets/Scripts/ControladorJugador.cs line 49]

Parameter 'isWalking' does not exist.
UnityEngine.Debug:ExtractStackTraceNoAlloc (byte*,int,string)
UnityEngine.StackTraceUtility:ExtractStackTrace ()
UnityEngine.Animator:SetBoolString (string,bool)
UnityEngine.Animator:SetBool (string,bool)
ControladorJugador:Update () (at Assets/Scripts/ControladorJugador.cs:48)

[Assets/Scripts/ControladorJugador.cs line 48]

Parameter 'isRunning' does not exist.
UnityEngine.Debug:ExtractStackTraceNoAlloc (byte*,int,string)
UnityEngine.StackTraceUtility:ExtractStackTrace ()
UnityEngine.Animator:SetBoolString (string,bool)
UnityEngine.Animator:SetBool (string,bool)
ControladorJugador:Update () (at Assets/Scripts/ControladorJugador.cs:49)

[Assets/Scripts/ControladorJugador.cs line 49]

Parameter 'isWalking' does not exist.
UnityEngine.Debug:ExtractStackTraceNoAlloc (byte*,int,string)
UnityEngine.StackTraceUtility:ExtractStackTrace ()
UnityEngine.Animator:SetBoolString (string,bool)
UnityEngine.Animator:SetBool (string,bool)
ControladorJugador:Update () (at Assets/Scripts/ControladorJugador.cs:48)

[Assets/Scripts/ControladorJugador.cs line 48]

Parameter 'isRunning' does not exist.
UnityEngine.Debug:ExtractStackTraceNoAlloc (byte*,int,string)
UnityEngine.StackTraceUtility:ExtractStackTrace ()
UnityEngine.Animator:SetBoolString (string,bool)
UnityEngine.Animator:SetBool (string,bool)
ControladorJugador:Update () (at Assets/Scripts/ControladorJugador.cs:49)

[Assets/Scripts/ControladorJugador.cs line 49]

Parameter 'isRunning' does not exist.
UnityEngine.Debug:ExtractStackTraceNoAlloc (byte*,int,string)
UnityEngine.StackTraceUtility:ExtractStackTrace ()
UnityEngine.Animator:GetBoolString (string)
UnityEngine.Animator:GetBool (string)
ControladorJugador:FixedUpdate () (at Assets/Scripts/ControladorJugador.cs:83)

[Assets/Scripts/ControladorJugador.cs line 83]

Parameter 'isWalking' does not exist.
UnityEngine.Debug:ExtractStackTraceNoAlloc (byte*,int,string)
UnityEngine.StackTraceUtility:ExtractStackTrace ()
UnityEngine.Animator:SetBoolString (string,bool)
UnityEngine.Animator:SetBool (string,bool)
ControladorJugador:Update () (at Assets/Scripts/ControladorJugador.cs:48)

[Assets/Scripts/ControladorJugador.cs line 48]

Parameter 'isRunning' does not exist.
UnityEngine.Debug:ExtractStackTraceNoAlloc (byte*,int,string)
UnityEngine.StackTraceUtility:ExtractStackTrace ()
UnityEngine.Animator:SetBoolString (string,bool)
UnityEngine.Animator:SetBool (string,bool)
ControladorJugador:Update () (at Assets/Scripts/ControladorJugador.cs:49)

[Assets/Scripts/ControladorJugador.cs line 49]

Parameter 'isWalking' does not exist.
UnityEngine.Debug:ExtractStackTraceNoAlloc (byte*,int,string)
UnityEngine.StackTraceUtility:ExtractStackTrace ()
UnityEngine.Animator:SetBoolString (string,bool)
UnityEngine.Animator:SetBool (string,bool)
ControladorJugador:Update () (at Assets/Scripts/ControladorJugador.cs:48)

[Assets/Scripts/ControladorJugador.cs line 48]

Parameter 'isRunning' does not exist.
UnityEngine.Debug:ExtractStackTraceNoAlloc (byte*,int,string)
UnityEngine.StackTraceUtility:ExtractStackTrace ()
UnityEngine.Animator:SetBoolString (string,bool)
UnityEngine.Animator:SetBool (string,bool)
ControladorJugador:Update () (at Assets/Scripts/ControladorJugador.cs:49)

[Assets/Scripts/ControladorJugador.cs line 49]

Parameter 'isRunning' does not exist.
UnityEngine.Debug:ExtractStackTraceNoAlloc (byte*,int,string)
UnityEngine.StackTraceUtility:ExtractStackTrace ()
UnityEngine.Animator:GetBoolString (string)
UnityEngine.Animator:GetBool (string)
ControladorJugador:FixedUpdate () (at Assets/Scripts/ControladorJugador.cs:83)

[Assets/Scripts/ControladorJugador.cs line 83]

Parameter 'isWalking' does not exist.
UnityEngine.Debug:ExtractStackTraceNoAlloc (byte*,int,string)
UnityEngine.StackTraceUtility:ExtractStackTrace ()
UnityEngine.Animator:SetBoolString (string,bool)
UnityEngine.Animator:SetBool (string,bool)
ControladorJugador:Update () (at Assets/Scripts/ControladorJugador.cs:48)

[Assets/Scripts/ControladorJugador.cs line 48]

Parameter 'isRunning' does not exist.
UnityEngine.Debug:ExtractStackTraceNoAlloc (byte*,int,string)
UnityEngine.StackTraceUtility:ExtractStackTrace ()
UnityEngine.Animator:SetBoolString (string,bool)
UnityEngine.Animator:SetBool (string,bool)
ControladorJugador:Update () (at Assets/Scripts/ControladorJugador.cs:49)

[Assets/Scripts/ControladorJugador.cs line 49]

Parameter 'isWalking' does not exist.
UnityEngine.Debug:ExtractStackTraceNoAlloc (byte*,int,string)
UnityEngine.StackTraceUtility:ExtractStackTrace ()
UnityEngine.Animator:SetBoolString (string,bool)
UnityEngine.Animator:SetBool (string,bool)
ControladorJugador:Update () (at Assets/Scripts/ControladorJugador.cs:48)

[Assets/Scripts/ControladorJugador.cs line 48]

Parameter 'isRunning' does not exist.
UnityEngine.Debug:ExtractStackTraceNoAlloc (byte*,int,string)
UnityEngine.StackTraceUtility:ExtractStackTrace ()
UnityEngine.Animator:SetBoolString (string,bool)
UnityEngine.Animator:SetBool (string,bool)
ControladorJugador:Update () (at Assets/Scripts/ControladorJugador.cs:49)

[Assets/Scripts/ControladorJugador.cs line 49]

Parameter 'isWalking' does not exist.
UnityEngine.Debug:ExtractStackTraceNoAlloc (byte*,int,string)
UnityEngine.StackTraceUtility:ExtractStackTrace ()
UnityEngine.Animator:SetBoolString (string,bool)
UnityEngine.Animator:SetBool (string,bool)
ControladorJugador:Update () (at Assets/Scripts/ControladorJugador.cs:48)

[Assets/Scripts/ControladorJugador.cs line 48]

Parameter 'isRunning' does not exist.
UnityEngine.Debug:ExtractStackTraceNoAlloc (byte*,int,string)
UnityEngine.StackTraceUtility:ExtractStackTrace ()
UnityEngine.Animator:SetBoolString (string,bool)
UnityEngine.Animator:SetBool (string,bool)
ControladorJugador:Update () (at Assets/Scripts/ControladorJugador.cs:49)

[Assets/Scripts/ControladorJugador.cs line 49]

Parameter 'isRunning' does not exist.
UnityEngine.Debug:ExtractStackTraceNoAlloc (byte*,int,string)
UnityEngine.StackTraceUtility:ExtractStackTrace ()
UnityEngine.Animator:GetBoolString (string)
UnityEngine.Animator:GetBool (string)
ControladorJugador:FixedUpdate () (at Assets/Scripts/ControladorJugador.cs:83)

[Assets/Scripts/ControladorJugador.cs line 83]

Parameter 'isWalking' does not exist.
UnityEngine.Debug:ExtractStackTraceNoAlloc (byte*,int,string)
UnityEngine.StackTraceUtility:ExtractStackTrace ()
UnityEngine.Animator:SetBoolString (string,bool)
UnityEngine.Animator:SetBool (string,bool)
ControladorJugador:Update () (at Assets/Scripts/ControladorJugador.cs:48)

[Assets/Scripts/ControladorJugador.cs line 48]

Parameter 'isRunning' does not exist.
UnityEngine.Debug:ExtractStackTraceNoAlloc (byte*,int,string)
UnityEngine.StackTraceUtility:ExtractStackTrace ()
UnityEngine.Animator:SetBoolString (string,bool)
UnityEngine.Animator:SetBool (string,bool)
ControladorJugador:Update () (at Assets/Scripts/ControladorJugador.cs:49)

[Assets/Scripts/ControladorJugador.cs line 49]

Parameter 'isWalking' does not exist.
UnityEngine.Debug:ExtractStackTraceNoAlloc (byte*,int,string)
UnityEngine.StackTraceUtility:ExtractStackTrace ()
UnityEngine.Animator:SetBoolString (string,bool)
UnityEngine.Animator:SetBool (string,bool)
ControladorJugador:Update () (at Assets/Scripts/ControladorJugador.cs:48)

[Assets/Scripts/ControladorJugador.cs line 48]

Parameter 'isRunning' does not exist.
UnityEngine.Debug:ExtractStackTraceNoAlloc (byte*,int,string)
UnityEngine.StackTraceUtility:ExtractStackTrace ()
UnityEngine.Animator:SetBoolString (string,bool)
UnityEngine.Animator:SetBool (string,bool)
ControladorJugador:Update () (at Assets/Scripts/ControladorJugador.cs:49)

[Assets/Scripts/ControladorJugador.cs line 49]

Parameter 'isWalking' does not exist.
UnityEngine.Debug:ExtractStackTraceNoAlloc (byte*,int,string)
UnityEngine.StackTraceUtility:ExtractStackTrace ()
UnityEngine.Animator:SetBoolString (string,bool)
UnityEngine.Animator:SetBool (string,bool)
ControladorJugador:Update () (at Assets/Scripts/ControladorJugador.cs:48)

[Assets/Scripts/ControladorJugador.cs line 48]

Parameter 'isRunning' does not exist.
UnityEngine.Debug:ExtractStackTraceNoAlloc (byte*,int,string)
UnityEngine.StackTraceUtility:ExtractStackTrace ()
UnityEngine.Animator:SetBoolString (string,bool)
UnityEngine.Animator:SetBool (string,bool)
ControladorJugador:Update () (at Assets/Scripts/ControladorJugador.cs:49)

[Assets/Scripts/ControladorJugador.cs line 49]

Parameter 'isWalking' does not exist.
UnityEngine.Debug:ExtractStackTraceNoAlloc (byte*,int,string)
UnityEngine.StackTraceUtility:ExtractStackTrace ()
UnityEngine.Animator:SetBoolString (string,bool)
UnityEngine.Animator:SetBool (string,bool)
ControladorJugador:Update () (at Assets/Scripts/ControladorJugador.cs:48)

[Assets/Scripts/ControladorJugador.cs line 48]

Parameter 'isRunning' does not exist.
UnityEngine.Debug:ExtractStackTraceNoAlloc (byte*,int,string)
UnityEngine.StackTraceUtility:ExtractStackTrace ()
UnityEngine.Animator:SetBoolString (string,bool)
UnityEngine.Animator:SetBool (string,bool)
ControladorJugador:Update () (at Assets/Scripts/ControladorJugador.cs:49)

[Assets/Scripts/ControladorJugador.cs line 49]

Parameter 'isRunning' does not exist.
UnityEngine.Debug:ExtractStackTraceNoAlloc (byte*,int,string)
UnityEngine.StackTraceUtility:ExtractStackTrace ()
UnityEngine.Animator:GetBoolString (string)
UnityEngine.Animator:GetBool (string)
ControladorJugador:FixedUpdate () (at Assets/Scripts/ControladorJugador.cs:83)

[Assets/Scripts/ControladorJugador.cs line 83]

Parameter 'isWalking' does not exist.
UnityEngine.Debug:ExtractStackTraceNoAlloc (byte*,int,string)
UnityEngine.StackTraceUtility:ExtractStackTrace ()
UnityEngine.Animator:SetBoolString (string,bool)
UnityEngine.Animator:SetBool (string,bool)
ControladorJugador:Update () (at Assets/Scripts/ControladorJugador.cs:48)

[Assets/Scripts/ControladorJugador.cs line 48]

Parameter 'isRunning' does not exist.
UnityEngine.Debug:ExtractStackTraceNoAlloc (byte*,int,string)
UnityEngine.StackTraceUtility:ExtractStackTrace ()
UnityEngine.Animator:SetBoolString (string,bool)
UnityEngine.Animator:SetBool (string,bool)
ControladorJugador:Update () (at Assets/Scripts/ControladorJugador.cs:49)

[Assets/Scripts/ControladorJugador.cs line 49]

Parameter 'isWalking' does not exist.
UnityEngine.Debug:ExtractStackTraceNoAlloc (byte*,int,string)
UnityEngine.StackTraceUtility:ExtractStackTrace ()
UnityEngine.Animator:SetBoolString (string,bool)
UnityEngine.Animator:SetBool (string,bool)
ControladorJugador:Update () (at Assets/Scripts/ControladorJugador.cs:48)

[Assets/Scripts/ControladorJugador.cs line 48]

Parameter 'isRunning' does not exist.
UnityEngine.Debug:ExtractStackTraceNoAlloc (byte*,int,string)
UnityEngine.StackTraceUtility:ExtractStackTrace ()
UnityEngine.Animator:SetBoolString (string,bool)
UnityEngine.Animator:SetBool (string,bool)
ControladorJugador:Update () (at Assets/Scripts/ControladorJugador.cs:49)

[Assets/Scripts/ControladorJugador.cs line 49]

Parameter 'isWalking' does not exist.
UnityEngine.Debug:ExtractStackTraceNoAlloc (byte*,int,string)
UnityEngine.StackTraceUtility:ExtractStackTrace ()
UnityEngine.Animator:SetBoolString (string,bool)
UnityEngine.Animator:SetBool (string,bool)
ControladorJugador:Update () (at Assets/Scripts/ControladorJugador.cs:48)

[Assets/Scripts/ControladorJugador.cs line 48]

Parameter 'isRunning' does not exist.
UnityEngine.Debug:ExtractStackTraceNoAlloc (byte*,int,string)
UnityEngine.StackTraceUtility:ExtractStackTrace ()
UnityEngine.Animator:SetBoolString (string,bool)
UnityEngine.Animator:SetBool (string,bool)
ControladorJugador:Update () (at Assets/Scripts/ControladorJugador.cs:49)

[Assets/Scripts/ControladorJugador.cs line 49]

Parameter 'isWalking' does not exist.
UnityEngine.Debug:ExtractStackTraceNoAlloc (byte*,int,string)
UnityEngine.StackTraceUtility:ExtractStackTrace ()
UnityEngine.Animator:SetBoolString (string,bool)
UnityEngine.Animator:SetBool (string,bool)
ControladorJugador:Update () (at Assets/Scripts/ControladorJugador.cs:48)

[Assets/Scripts/ControladorJugador.cs line 48]

Parameter 'isRunning' does not exist.
UnityEngine.Debug:ExtractStackTraceNoAlloc (byte*,int,string)
UnityEngine.StackTraceUtility:ExtractStackTrace ()
UnityEngine.Animator:SetBoolString (string,bool)
UnityEngine.Animator:SetBool (string,bool)
ControladorJugador:Update () (at Assets/Scripts/ControladorJugador.cs:49)

[Assets/Scripts/ControladorJugador.cs line 49]

Parameter 'isRunning' does not exist.
UnityEngine.Debug:ExtractStackTraceNoAlloc (byte*,int,string)
UnityEngine.StackTraceUtility:ExtractStackTrace ()
UnityEngine.Animator:GetBoolString (string)
UnityEngine.Animator:GetBool (string)
ControladorJugador:FixedUpdate () (at Assets/Scripts/ControladorJugador.cs:83)

[Assets/Scripts/ControladorJugador.cs line 83]

Parameter 'isWalking' does not exist.
UnityEngine.Debug:ExtractStackTraceNoAlloc (byte*,int,string)
UnityEngine.StackTraceUtility:ExtractStackTrace ()
UnityEngine.Animator:SetBoolString (string,bool)
UnityEngine.Animator:SetBool (string,bool)
ControladorJugador:Update () (at Assets/Scripts/ControladorJugador.cs:48)

[Assets/Scripts/ControladorJugador.cs line 48]

Parameter 'isRunning' does not exist.
UnityEngine.Debug:ExtractStackTraceNoAlloc (byte*,int,string)
UnityEngine.StackTraceUtility:ExtractStackTrace ()
UnityEngine.Animator:SetBoolString (string,bool)
UnityEngine.Animator:SetBool (string,bool)
ControladorJugador:Update () (at Assets/Scripts/ControladorJugador.cs:49)

[Assets/Scripts/ControladorJugador.cs line 49]

Parameter 'isWalking' does not exist.
UnityEngine.Debug:ExtractStackTraceNoAlloc (byte*,int,string)
UnityEngine.StackTraceUtility:ExtractStackTrace ()
UnityEngine.Animator:SetBoolString (string,bool)
UnityEngine.Animator:SetBool (string,bool)
ControladorJugador:Update () (at Assets/Scripts/ControladorJugador.cs:48)

[Assets/Scripts/ControladorJugador.cs line 48]

Parameter 'isRunning' does not exist.
UnityEngine.Debug:ExtractStackTraceNoAlloc (byte*,int,string)
UnityEngine.StackTraceUtility:ExtractStackTrace ()
UnityEngine.Animator:SetBoolString (string,bool)
UnityEngine.Animator:SetBool (string,bool)
ControladorJugador:Update () (at Assets/Scripts/ControladorJugador.cs:49)

[Assets/Scripts/ControladorJugador.cs line 49]

Parameter 'isWalking' does not exist.
UnityEngine.Debug:ExtractStackTraceNoAlloc (byte*,int,string)
UnityEngine.StackTraceUtility:ExtractStackTrace ()
UnityEngine.Animator:SetBoolString (string,bool)
UnityEngine.Animator:SetBool (string,bool)
ControladorJugador:Update () (at Assets/Scripts/ControladorJugador.cs:48)

[Assets/Scripts/ControladorJugador.cs line 48]

Parameter 'isRunning' does not exist.
UnityEngine.Debug:ExtractStackTraceNoAlloc (byte*,int,string)
UnityEngine.StackTraceUtility:ExtractStackTrace ()
UnityEngine.Animator:SetBoolString (string,bool)
UnityEngine.Animator:SetBool (string,bool)
ControladorJugador:Update () (at Assets/Scripts/ControladorJugador.cs:49)

[Assets/Scripts/ControladorJugador.cs line 49]

Parameter 'isWalking' does not exist.
UnityEngine.Debug:ExtractStackTraceNoAlloc (byte*,int,string)
UnityEngine.StackTraceUtility:ExtractStackTrace ()
UnityEngine.Animator:SetBoolString (string,bool)
UnityEngine.Animator:SetBool (string,bool)
ControladorJugador:Update () (at Assets/Scripts/ControladorJugador.cs:48)

[Assets/Scripts/ControladorJugador.cs line 48]

Parameter 'isRunning' does not exist.
UnityEngine.Debug:ExtractStackTraceNoAlloc (byte*,int,string)
UnityEngine.StackTraceUtility:ExtractStackTrace ()
UnityEngine.Animator:SetBoolString (string,bool)
UnityEngine.Animator:SetBool (string,bool)
ControladorJugador:Update () (at Assets/Scripts/ControladorJugador.cs:49)

[Assets/Scripts/ControladorJugador.cs line 49]

Parameter 'isRunning' does not exist.
UnityEngine.Debug:ExtractStackTraceNoAlloc (byte*,int,string)
UnityEngine.StackTraceUtility:ExtractStackTrace ()
UnityEngine.Animator:GetBoolString (string)
UnityEngine.Animator:GetBool (string)
ControladorJugador:FixedUpdate () (at Assets/Scripts/ControladorJugador.cs:83)

[Assets/Scripts/ControladorJugador.cs line 83]

Parameter 'isWalking' does not exist.
UnityEngine.Debug:ExtractStackTraceNoAlloc (byte*,int,string)
UnityEngine.StackTraceUtility:ExtractStackTrace ()
UnityEngine.Animator:SetBoolString (string,bool)
UnityEngine.Animator:SetBool (string,bool)
ControladorJugador:Update () (at Assets/Scripts/ControladorJugador.cs:48)

[Assets/Scripts/ControladorJugador.cs line 48]

Parameter 'isRunning' does not exist.
UnityEngine.Debug:ExtractStackTraceNoAlloc (byte*,int,string)
UnityEngine.StackTraceUtility:ExtractStackTrace ()
UnityEngine.Animator:SetBoolString (string,bool)
UnityEngine.Animator:SetBool (string,bool)
ControladorJugador:Update () (at Assets/Scripts/ControladorJugador.cs:49)

[Assets/Scripts/ControladorJugador.cs line 49]

Parameter 'isWalking' does not exist.
UnityEngine.Debug:ExtractStackTraceNoAlloc (byte*,int,string)
UnityEngine.StackTraceUtility:ExtractStackTrace ()
UnityEngine.Animator:SetBoolString (string,bool)
UnityEngine.Animator:SetBool (string,bool)
ControladorJugador:Update () (at Assets/Scripts/ControladorJugador.cs:48)

[Assets/Scripts/ControladorJugador.cs line 48]

Parameter 'isRunning' does not exist.
UnityEngine.Debug:ExtractStackTraceNoAlloc (byte*,int,string)
UnityEngine.StackTraceUtility:ExtractStackTrace ()
UnityEngine.Animator:SetBoolString (string,bool)
UnityEngine.Animator:SetBool (string,bool)
ControladorJugador:Update () (at Assets/Scripts/ControladorJugador.cs:49)

[Assets/Scripts/ControladorJugador.cs line 49]

Parameter 'isWalking' does not exist.
UnityEngine.Debug:ExtractStackTraceNoAlloc (byte*,int,string)
UnityEngine.StackTraceUtility:ExtractStackTrace ()
UnityEngine.Animator:SetBoolString (string,bool)
UnityEngine.Animator:SetBool (string,bool)
ControladorJugador:Update () (at Assets/Scripts/ControladorJugador.cs:48)

[Assets/Scripts/ControladorJugador.cs line 48]

Parameter 'isRunning' does not exist.
UnityEngine.Debug:ExtractStackTraceNoAlloc (byte*,int,string)
UnityEngine.StackTraceUtility:ExtractStackTrace ()
UnityEngine.Animator:SetBoolString (string,bool)
UnityEngine.Animator:SetBool (string,bool)
ControladorJugador:Update () (at Assets/Scripts/ControladorJugador.cs:49)

[Assets/Scripts/ControladorJugador.cs line 49]

Parameter 'isWalking' does not exist.
UnityEngine.Debug:ExtractStackTraceNoAlloc (byte*,int,string)
UnityEngine.StackTraceUtility:ExtractStackTrace ()
UnityEngine.Animator:SetBoolString (string,bool)
UnityEngine.Animator:SetBool (string,bool)
ControladorJugador:Update () (at Assets/Scripts/ControladorJugador.cs:48)

[Assets/Scripts/ControladorJugador.cs line 48]

Parameter 'isRunning' does not exist.
UnityEngine.Debug:ExtractStackTraceNoAlloc (byte*,int,string)
UnityEngine.StackTraceUtility:ExtractStackTrace ()
UnityEngine.Animator:SetBoolString (string,bool)
UnityEngine.Animator:SetBool (string,bool)
ControladorJugador:Update () (at Assets/Scripts/ControladorJugador.cs:49)

[Assets/Scripts/ControladorJugador.cs line 49]

Parameter 'isRunning' does not exist.
UnityEngine.Debug:ExtractStackTraceNoAlloc (byte*,int,string)
UnityEngine.StackTraceUtility:ExtractStackTrace ()
UnityEngine.Animator:GetBoolString (string)
UnityEngine.Animator:GetBool (string)
ControladorJugador:FixedUpdate () (at Assets/Scripts/ControladorJugador.cs:83)

[Assets/Scripts/ControladorJugador.cs line 83]

Parameter 'isWalking' does not exist.
UnityEngine.Debug:ExtractStackTraceNoAlloc (byte*,int,string)
UnityEngine.StackTraceUtility:ExtractStackTrace ()
UnityEngine.Animator:SetBoolString (string,bool)
UnityEngine.Animator:SetBool (string,bool)
ControladorJugador:Update () (at Assets/Scripts/ControladorJugador.cs:48)

[Assets/Scripts/ControladorJugador.cs line 48]

Parameter 'isRunning' does not exist.
UnityEngine.Debug:ExtractStackTraceNoAlloc (byte*,int,string)
UnityEngine.StackTraceUtility:ExtractStackTrace ()
UnityEngine.Animator:SetBoolString (string,bool)
UnityEngine.Animator:SetBool (string,bool)
ControladorJugador:Update () (at Assets/Scripts/ControladorJugador.cs:49)

[Assets/Scripts/ControladorJugador.cs line 49]

Parameter 'isWalking' does not exist.
UnityEngine.Debug:ExtractStackTraceNoAlloc (byte*,int,string)
UnityEngine.StackTraceUtility:ExtractStackTrace ()
UnityEngine.Animator:SetBoolString (string,bool)
UnityEngine.Animator:SetBool (string,bool)
ControladorJugador:Update () (at Assets/Scripts/ControladorJugador.cs:48)

[Assets/Scripts/ControladorJugador.cs line 48]

Parameter 'isRunning' does not exist.
UnityEngine.Debug:ExtractStackTraceNoAlloc (byte*,int,string)
UnityEngine.StackTraceUtility:ExtractStackTrace ()
UnityEngine.Animator:SetBoolString (string,bool)
UnityEngine.Animator:SetBool (string,bool)
ControladorJugador:Update () (at Assets/Scripts/ControladorJugador.cs:49)

[Assets/Scripts/ControladorJugador.cs line 49]

Parameter 'isWalking' does not exist.
UnityEngine.Debug:ExtractStackTraceNoAlloc (byte*,int,string)
UnityEngine.StackTraceUtility:ExtractStackTrace ()
UnityEngine.Animator:SetBoolString (string,bool)
UnityEngine.Animator:SetBool (string,bool)
ControladorJugador:Update () (at Assets/Scripts/ControladorJugador.cs:48)

[Assets/Scripts/ControladorJugador.cs line 48]

Parameter 'isRunning' does not exist.
UnityEngine.Debug:ExtractStackTraceNoAlloc (byte*,int,string)
UnityEngine.StackTraceUtility:ExtractStackTrace ()
UnityEngine.Animator:SetBoolString (string,bool)
UnityEngine.Animator:SetBool (string,bool)
ControladorJugador:Update () (at Assets/Scripts/ControladorJugador.cs:49)

[Assets/Scripts/ControladorJugador.cs line 49]

Parameter 'isWalking' does not exist.
UnityEngine.Debug:ExtractStackTraceNoAlloc (byte*,int,string)
UnityEngine.StackTraceUtility:ExtractStackTrace ()
UnityEngine.Animator:SetBoolString (string,bool)
UnityEngine.Animator:SetBool (string,bool)
ControladorJugador:Update () (at Assets/Scripts/ControladorJugador.cs:48)

[Assets/Scripts/ControladorJugador.cs line 48]

Parameter 'isRunning' does not exist.
UnityEngine.Debug:ExtractStackTraceNoAlloc (byte*,int,string)
UnityEngine.StackTraceUtility:ExtractStackTrace ()
UnityEngine.Animator:SetBoolString (string,bool)
UnityEngine.Animator:SetBool (string,bool)
ControladorJugador:Update () (at Assets/Scripts/ControladorJugador.cs:49)

[Assets/Scripts/ControladorJugador.cs line 49]

Parameter 'isRunning' does not exist.
UnityEngine.Debug:ExtractStackTraceNoAlloc (byte*,int,string)
UnityEngine.StackTraceUtility:ExtractStackTrace ()
UnityEngine.Animator:GetBoolString (string)
UnityEngine.Animator:GetBool (string)
ControladorJugador:FixedUpdate () (at Assets/Scripts/ControladorJugador.cs:83)

[Assets/Scripts/ControladorJugador.cs line 83]

Parameter 'isWalking' does not exist.
UnityEngine.Debug:ExtractStackTraceNoAlloc (byte*,int,string)
UnityEngine.StackTraceUtility:ExtractStackTrace ()
UnityEngine.Animator:SetBoolString (string,bool)
UnityEngine.Animator:SetBool (string,bool)
ControladorJugador:Update () (at Assets/Scripts/ControladorJugador.cs:48)

[Assets/Scripts/ControladorJugador.cs line 48]

Parameter 'isRunning' does not exist.
UnityEngine.Debug:ExtractStackTraceNoAlloc (byte*,int,string)
UnityEngine.StackTraceUtility:ExtractStackTrace ()
UnityEngine.Animator:SetBoolString (string,bool)
UnityEngine.Animator:SetBool (string,bool)
ControladorJugador:Update () (at Assets/Scripts/ControladorJugador.cs:49)

[Assets/Scripts/ControladorJugador.cs line 49]

Parameter 'isWalking' does not exist.
UnityEngine.Debug:ExtractStackTraceNoAlloc (byte*,int,string)
UnityEngine.StackTraceUtility:ExtractStackTrace ()
UnityEngine.Animator:SetBoolString (string,bool)
UnityEngine.Animator:SetBool (string,bool)
ControladorJugador:Update () (at Assets/Scripts/ControladorJugador.cs:48)

[Assets/Scripts/ControladorJugador.cs line 48]

Parameter 'isRunning' does not exist.
UnityEngine.Debug:ExtractStackTraceNoAlloc (byte*,int,string)
UnityEngine.StackTraceUtility:ExtractStackTrace ()
UnityEngine.Animator:SetBoolString (string,bool)
UnityEngine.Animator:SetBool (string,bool)
ControladorJugador:Update () (at Assets/Scripts/ControladorJugador.cs:49)

[Assets/Scripts/ControladorJugador.cs line 49]

Parameter 'isRunning' does not exist.
UnityEngine.Debug:ExtractStackTraceNoAlloc (byte*,int,string)
UnityEngine.StackTraceUtility:ExtractStackTrace ()
UnityEngine.Animator:GetBoolString (string)
UnityEngine.Animator:GetBool (string)
ControladorJugador:FixedUpdate () (at Assets/Scripts/ControladorJugador.cs:83)

[Assets/Scripts/ControladorJugador.cs line 83]

Parameter 'isWalking' does not exist.
UnityEngine.Debug:ExtractStackTraceNoAlloc (byte*,int,string)
UnityEngine.StackTraceUtility:ExtractStackTrace ()
UnityEngine.Animator:SetBoolString (string,bool)
UnityEngine.Animator:SetBool (string,bool)
ControladorJugador:Update () (at Assets/Scripts/ControladorJugador.cs:48)

[Assets/Scripts/ControladorJugador.cs line 48]

Parameter 'isRunning' does not exist.
UnityEngine.Debug:ExtractStackTraceNoAlloc (byte*,int,string)
UnityEngine.StackTraceUtility:ExtractStackTrace ()
UnityEngine.Animator:SetBoolString (string,bool)
UnityEngine.Animator:SetBool (string,bool)
ControladorJugador:Update () (at Assets/Scripts/ControladorJugador.cs:49)

[Assets/Scripts/ControladorJugador.cs line 49]

Parameter 'isWalking' does not exist.
UnityEngine.Debug:ExtractStackTraceNoAlloc (byte*,int,string)
UnityEngine.StackTraceUtility:ExtractStackTrace ()
UnityEngine.Animator:SetBoolString (string,bool)
UnityEngine.Animator:SetBool (string,bool)
ControladorJugador:Update () (at Assets/Scripts/ControladorJugador.cs:48)

[Assets/Scripts/ControladorJugador.cs line 48]

Parameter 'isRunning' does not exist.
UnityEngine.Debug:ExtractStackTraceNoAlloc (byte*,int,string)
UnityEngine.StackTraceUtility:ExtractStackTrace ()
UnityEngine.Animator:SetBoolString (string,bool)
UnityEngine.Animator:SetBool (string,bool)
ControladorJugador:Update () (at Assets/Scripts/ControladorJugador.cs:49)

[Assets/Scripts/ControladorJugador.cs line 49]

Parameter 'isWalking' does not exist.
UnityEngine.Debug:ExtractStackTraceNoAlloc (byte*,int,string)
UnityEngine.StackTraceUtility:ExtractStackTrace ()
UnityEngine.Animator:SetBoolString (string,bool)
UnityEngine.Animator:SetBool (string,bool)
ControladorJugador:Update () (at Assets/Scripts/ControladorJugador.cs:48)

[Assets/Scripts/ControladorJugador.cs line 48]

Parameter 'isRunning' does not exist.
UnityEngine.Debug:ExtractStackTraceNoAlloc (byte*,int,string)
UnityEngine.StackTraceUtility:ExtractStackTrace ()
UnityEngine.Animator:SetBoolString (string,bool)
UnityEngine.Animator:SetBool (string,bool)
ControladorJugador:Update () (at Assets/Scripts/ControladorJugador.cs:49)

[Assets/Scripts/ControladorJugador.cs line 49]

Parameter 'isWalking' does not exist.
UnityEngine.Debug:ExtractStackTraceNoAlloc (byte*,int,string)
UnityEngine.StackTraceUtility:ExtractStackTrace ()
UnityEngine.Animator:SetBoolString (string,bool)
UnityEngine.Animator:SetBool (string,bool)
ControladorJugador:Update () (at Assets/Scripts/ControladorJugador.cs:48)

[Assets/Scripts/ControladorJugador.cs line 48]

Parameter 'isRunning' does not exist.
UnityEngine.Debug:ExtractStackTraceNoAlloc (byte*,int,string)
UnityEngine.StackTraceUtility:ExtractStackTrace ()
UnityEngine.Animator:SetBoolString (string,bool)
UnityEngine.Animator:SetBool (string,bool)
ControladorJugador:Update () (at Assets/Scripts/ControladorJugador.cs:49)

[Assets/Scripts/ControladorJugador.cs line 49]

Parameter 'isRunning' does not exist.
UnityEngine.Debug:ExtractStackTraceNoAlloc (byte*,int,string)
UnityEngine.StackTraceUtility:ExtractStackTrace ()
UnityEngine.Animator:GetBoolString (string)
UnityEngine.Animator:GetBool (string)
ControladorJugador:FixedUpdate () (at Assets/Scripts/ControladorJugador.cs:83)

[Assets/Scripts/ControladorJugador.cs line 83]

Parameter 'isWalking' does not exist.
UnityEngine.Debug:ExtractStackTraceNoAlloc (byte*,int,string)
UnityEngine.StackTraceUtility:ExtractStackTrace ()
UnityEngine.Animator:SetBoolString (string,bool)
UnityEngine.Animator:SetBool (string,bool)
ControladorJugador:Update () (at Assets/Scripts/ControladorJugador.cs:48)

[Assets/Scripts/ControladorJugador.cs line 48]

Parameter 'isRunning' does not exist.
UnityEngine.Debug:ExtractStackTraceNoAlloc (byte*,int,string)
UnityEngine.StackTraceUtility:ExtractStackTrace ()
UnityEngine.Animator:SetBoolString (string,bool)
UnityEngine.Animator:SetBool (string,bool)
ControladorJugador:Update () (at Assets/Scripts/ControladorJugador.cs:49)

[Assets/Scripts/ControladorJugador.cs line 49]

Parameter 'isWalking' does not exist.
UnityEngine.Debug:ExtractStackTraceNoAlloc (byte*,int,string)
UnityEngine.StackTraceUtility:ExtractStackTrace ()
UnityEngine.Animator:SetBoolString (string,bool)
UnityEngine.Animator:SetBool (string,bool)
ControladorJugador:Update () (at Assets/Scripts/ControladorJugador.cs:48)

[Assets/Scripts/ControladorJugador.cs line 48]

Parameter 'isRunning' does not exist.
UnityEngine.Debug:ExtractStackTraceNoAlloc (byte*,int,string)
UnityEngine.StackTraceUtility:ExtractStackTrace ()
UnityEngine.Animator:SetBoolString (string,bool)
UnityEngine.Animator:SetBool (string,bool)
ControladorJugador:Update () (at Assets/Scripts/ControladorJugador.cs:49)

[Assets/Scripts/ControladorJugador.cs line 49]

Parameter 'isWalking' does not exist.
UnityEngine.Debug:ExtractStackTraceNoAlloc (byte*,int,string)
UnityEngine.StackTraceUtility:ExtractStackTrace ()
UnityEngine.Animator:SetBoolString (string,bool)
UnityEngine.Animator:SetBool (string,bool)
ControladorJugador:Update () (at Assets/Scripts/ControladorJugador.cs:48)

[Assets/Scripts/ControladorJugador.cs line 48]

Parameter 'isRunning' does not exist.
UnityEngine.Debug:ExtractStackTraceNoAlloc (byte*,int,string)
UnityEngine.StackTraceUtility:ExtractStackTrace ()
UnityEngine.Animator:SetBoolString (string,bool)
UnityEngine.Animator:SetBool (string,bool)
ControladorJugador:Update () (at Assets/Scripts/ControladorJugador.cs:49)

[Assets/Scripts/ControladorJugador.cs line 49]

Parameter 'isRunning' does not exist.
UnityEngine.Debug:ExtractStackTraceNoAlloc (byte*,int,string)
UnityEngine.StackTraceUtility:ExtractStackTrace ()
UnityEngine.Animator:GetBoolString (string)
UnityEngine.Animator:GetBool (string)
ControladorJugador:FixedUpdate () (at Assets/Scripts/ControladorJugador.cs:83)

[Assets/Scripts/ControladorJugador.cs line 83]

Parameter 'isWalking' does not exist.
UnityEngine.Debug:ExtractStackTraceNoAlloc (byte*,int,string)
UnityEngine.StackTraceUtility:ExtractStackTrace ()
UnityEngine.Animator:SetBoolString (string,bool)
UnityEngine.Animator:SetBool (string,bool)
ControladorJugador:Update () (at Assets/Scripts/ControladorJugador.cs:48)

[Assets/Scripts/ControladorJugador.cs line 48]

Parameter 'isRunning' does not exist.
UnityEngine.Debug:ExtractStackTraceNoAlloc (byte*,int,string)
UnityEngine.StackTraceUtility:ExtractStackTrace ()
UnityEngine.Animator:SetBoolString (string,bool)
UnityEngine.Animator:SetBool (string,bool)
ControladorJugador:Update () (at Assets/Scripts/ControladorJugador.cs:49)

[Assets/Scripts/ControladorJugador.cs line 49]

Parameter 'isWalking' does not exist.
UnityEngine.Debug:ExtractStackTraceNoAlloc (byte*,int,string)
UnityEngine.StackTraceUtility:ExtractStackTrace ()
UnityEngine.Animator:SetBoolString (string,bool)
UnityEngine.Animator:SetBool (string,bool)
ControladorJugador:Update () (at Assets/Scripts/ControladorJugador.cs:48)

[Assets/Scripts/ControladorJugador.cs line 48]

Parameter 'isRunning' does not exist.
UnityEngine.Debug:ExtractStackTraceNoAlloc (byte*,int,string)
UnityEngine.StackTraceUtility:ExtractStackTrace ()
UnityEngine.Animator:SetBoolString (string,bool)
UnityEngine.Animator:SetBool (string,bool)
ControladorJugador:Update () (at Assets/Scripts/ControladorJugador.cs:49)

[Assets/Scripts/ControladorJugador.cs line 49]

Parameter 'isRunning' does not exist.
UnityEngine.Debug:ExtractStackTraceNoAlloc (byte*,int,string)
UnityEngine.StackTraceUtility:ExtractStackTrace ()
UnityEngine.Animator:SetBoolString (string,bool)
UnityEngine.Animator:SetBool (string,bool)
ControladorJugador:Update () (at Assets/Scripts/ControladorJugador.cs:42)

[Assets/Scripts/ControladorJugador.cs line 42]

Parameter 'isWalking' does not exist.
UnityEngine.Debug:ExtractStackTraceNoAlloc (byte*,int,string)
UnityEngine.StackTraceUtility:ExtractStackTrace ()
UnityEngine.Animator:SetBoolString (string,bool)
UnityEngine.Animator:SetBool (string,bool)
ControladorJugador:Update () (at Assets/Scripts/ControladorJugador.cs:43)

[Assets/Scripts/ControladorJugador.cs line 43]

Parameter 'isRunning' does not exist.
UnityEngine.Debug:ExtractStackTraceNoAlloc (byte*,int,string)
UnityEngine.StackTraceUtility:ExtractStackTrace ()
UnityEngine.Animator:SetBoolString (string,bool)
UnityEngine.Animator:SetBool (string,bool)
ControladorJugador:Update () (at Assets/Scripts/ControladorJugador.cs:42)

[Assets/Scripts/ControladorJugador.cs line 42]

Parameter 'isWalking' does not exist.
UnityEngine.Debug:ExtractStackTraceNoAlloc (byte*,int,string)
UnityEngine.StackTraceUtility:ExtractStackTrace ()
UnityEngine.Animator:SetBoolString (string,bool)
UnityEngine.Animator:SetBool (string,bool)
ControladorJugador:Update () (at Assets/Scripts/ControladorJugador.cs:43)

[Assets/Scripts/ControladorJugador.cs line 43]

Parameter 'isRunning' does not exist.
UnityEngine.Debug:ExtractStackTraceNoAlloc (byte*,int,string)
UnityEngine.StackTraceUtility:ExtractStackTrace ()
UnityEngine.Animator:GetBoolString (string)
UnityEngine.Animator:GetBool (string)
ControladorJugador:FixedUpdate () (at Assets/Scripts/ControladorJugador.cs:83)

[Assets/Scripts/ControladorJugador.cs line 83]

Parameter 'isRunning' does not exist.
UnityEngine.Debug:ExtractStackTraceNoAlloc (byte*,int,string)
UnityEngine.StackTraceUtility:ExtractStackTrace ()
UnityEngine.Animator:SetBoolString (string,bool)
UnityEngine.Animator:SetBool (string,bool)
ControladorJugador:Update () (at Assets/Scripts/ControladorJugador.cs:42)

[Assets/Scripts/ControladorJugador.cs line 42]

Parameter 'isWalking' does not exist.
UnityEngine.Debug:ExtractStackTraceNoAlloc (byte*,int,string)
UnityEngine.StackTraceUtility:ExtractStackTrace ()
UnityEngine.Animator:SetBoolString (string,bool)
UnityEngine.Animator:SetBool (string,bool)
ControladorJugador:Update () (at Assets/Scripts/ControladorJugador.cs:43)

[Assets/Scripts/ControladorJugador.cs line 43]

Parameter 'isRunning' does not exist.
UnityEngine.Debug:ExtractStackTraceNoAlloc (byte*,int,string)
UnityEngine.StackTraceUtility:ExtractStackTrace ()
UnityEngine.Animator:SetBoolString (string,bool)
UnityEngine.Animator:SetBool (string,bool)
ControladorJugador:Update () (at Assets/Scripts/ControladorJugador.cs:42)

[Assets/Scripts/ControladorJugador.cs line 42]

Parameter 'isWalking' does not exist.
UnityEngine.Debug:ExtractStackTraceNoAlloc (byte*,int,string)
UnityEngine.StackTraceUtility:ExtractStackTrace ()
UnityEngine.Animator:SetBoolString (string,bool)
UnityEngine.Animator:SetBool (string,bool)
ControladorJugador:Update () (at Assets/Scripts/ControladorJugador.cs:43)

[Assets/Scripts/ControladorJugador.cs line 43]

Parameter 'isRunning' does not exist.
UnityEngine.Debug:ExtractStackTraceNoAlloc (byte*,int,string)
UnityEngine.StackTraceUtility:ExtractStackTrace ()
UnityEngine.Animator:SetBoolString (string,bool)
UnityEngine.Animator:SetBool (string,bool)
ControladorJugador:Update () (at Assets/Scripts/ControladorJugador.cs:42)

[Assets/Scripts/ControladorJugador.cs line 42]

Parameter 'isWalking' does not exist.
UnityEngine.Debug:ExtractStackTraceNoAlloc (byte*,int,string)
UnityEngine.StackTraceUtility:ExtractStackTrace ()
UnityEngine.Animator:SetBoolString (string,bool)
UnityEngine.Animator:SetBool (string,bool)
ControladorJugador:Update () (at Assets/Scripts/ControladorJugador.cs:43)

[Assets/Scripts/ControladorJugador.cs line 43]

Parameter 'isRunning' does not exist.
UnityEngine.Debug:ExtractStackTraceNoAlloc (byte*,int,string)
UnityEngine.StackTraceUtility:ExtractStackTrace ()
UnityEngine.Animator:SetBoolString (string,bool)
UnityEngine.Animator:SetBool (string,bool)
ControladorJugador:Update () (at Assets/Scripts/ControladorJugador.cs:42)

[Assets/Scripts/ControladorJugador.cs line 42]

Parameter 'isWalking' does not exist.
UnityEngine.Debug:ExtractStackTraceNoAlloc (byte*,int,string)
UnityEngine.StackTraceUtility:ExtractStackTrace ()
UnityEngine.Animator:SetBoolString (string,bool)
UnityEngine.Animator:SetBool (string,bool)
ControladorJugador:Update () (at Assets/Scripts/ControladorJugador.cs:43)

[Assets/Scripts/ControladorJugador.cs line 43]

Parameter 'isRunning' does not exist.
UnityEngine.Debug:ExtractStackTraceNoAlloc (byte*,int,string)
UnityEngine.StackTraceUtility:ExtractStackTrace ()
UnityEngine.Animator:GetBoolString (string)
UnityEngine.Animator:GetBool (string)
ControladorJugador:FixedUpdate () (at Assets/Scripts/ControladorJugador.cs:83)

[Assets/Scripts/ControladorJugador.cs line 83]

Parameter 'isRunning' does not exist.
UnityEngine.Debug:ExtractStackTraceNoAlloc (byte*,int,string)
UnityEngine.StackTraceUtility:ExtractStackTrace ()
UnityEngine.Animator:SetBoolString (string,bool)
UnityEngine.Animator:SetBool (string,bool)
ControladorJugador:Update () (at Assets/Scripts/ControladorJugador.cs:42)

[Assets/Scripts/ControladorJugador.cs line 42]

Parameter 'isWalking' does not exist.
UnityEngine.Debug:ExtractStackTraceNoAlloc (byte*,int,string)
UnityEngine.StackTraceUtility:ExtractStackTrace ()
UnityEngine.Animator:SetBoolString (string,bool)
UnityEngine.Animator:SetBool (string,bool)
ControladorJugador:Update () (at Assets/Scripts/ControladorJugador.cs:43)

[Assets/Scripts/ControladorJugador.cs line 43]

Parameter 'isRunning' does not exist.
UnityEngine.Debug:ExtractStackTraceNoAlloc (byte*,int,string)
UnityEngine.StackTraceUtility:ExtractStackTrace ()
UnityEngine.Animator:SetBoolString (string,bool)
UnityEngine.Animator:SetBool (string,bool)
ControladorJugador:Update () (at Assets/Scripts/ControladorJugador.cs:42)

[Assets/Scripts/ControladorJugador.cs line 42]

Parameter 'isWalking' does not exist.
UnityEngine.Debug:ExtractStackTraceNoAlloc (byte*,int,string)
UnityEngine.StackTraceUtility:ExtractStackTrace ()
UnityEngine.Animator:SetBoolString (string,bool)
UnityEngine.Animator:SetBool (string,bool)
ControladorJugador:Update () (at Assets/Scripts/ControladorJugador.cs:43)

[Assets/Scripts/ControladorJugador.cs line 43]

Parameter 'isRunning' does not exist.
UnityEngine.Debug:ExtractStackTraceNoAlloc (byte*,int,string)
UnityEngine.StackTraceUtility:ExtractStackTrace ()
UnityEngine.Animator:SetBoolString (string,bool)
UnityEngine.Animator:SetBool (string,bool)
ControladorJugador:Update () (at Assets/Scripts/ControladorJugador.cs:42)

[Assets/Scripts/ControladorJugador.cs line 42]

Parameter 'isWalking' does not exist.
UnityEngine.Debug:ExtractStackTraceNoAlloc (byte*,int,string)
UnityEngine.StackTraceUtility:ExtractStackTrace ()
UnityEngine.Animator:SetBoolString (string,bool)
UnityEngine.Animator:SetBool (string,bool)
ControladorJugador:Update () (at Assets/Scripts/ControladorJugador.cs:43)

[Assets/Scripts/ControladorJugador.cs line 43]

Parameter 'isRunning' does not exist.
UnityEngine.Debug:ExtractStackTraceNoAlloc (byte*,int,string)
UnityEngine.StackTraceUtility:ExtractStackTrace ()
UnityEngine.Animator:SetBoolString (string,bool)
UnityEngine.Animator:SetBool (string,bool)
ControladorJugador:Update () (at Assets/Scripts/ControladorJugador.cs:42)

[Assets/Scripts/ControladorJugador.cs line 42]

Parameter 'isWalking' does not exist.
UnityEngine.Debug:ExtractStackTraceNoAlloc (byte*,int,string)
UnityEngine.StackTraceUtility:ExtractStackTrace ()
UnityEngine.Animator:SetBoolString (string,bool)
UnityEngine.Animator:SetBool (string,bool)
ControladorJugador:Update () (at Assets/Scripts/ControladorJugador.cs:43)

[Assets/Scripts/ControladorJugador.cs line 43]

Parameter 'isRunning' does not exist.
UnityEngine.Debug:ExtractStackTraceNoAlloc (byte*,int,string)
UnityEngine.StackTraceUtility:ExtractStackTrace ()
UnityEngine.Animator:GetBoolString (string)
UnityEngine.Animator:GetBool (string)
ControladorJugador:FixedUpdate () (at Assets/Scripts/ControladorJugador.cs:83)

[Assets/Scripts/ControladorJugador.cs line 83]

Parameter 'isRunning' does not exist.
UnityEngine.Debug:ExtractStackTraceNoAlloc (byte*,int,string)
UnityEngine.StackTraceUtility:ExtractStackTrace ()
UnityEngine.Animator:SetBoolString (string,bool)
UnityEngine.Animator:SetBool (string,bool)
ControladorJugador:Update () (at Assets/Scripts/ControladorJugador.cs:42)

[Assets/Scripts/ControladorJugador.cs line 42]

Parameter 'isWalking' does not exist.
UnityEngine.Debug:ExtractStackTraceNoAlloc (byte*,int,string)
UnityEngine.StackTraceUtility:ExtractStackTrace ()
UnityEngine.Animator:SetBoolString (string,bool)
UnityEngine.Animator:SetBool (string,bool)
ControladorJugador:Update () (at Assets/Scripts/ControladorJugador.cs:43)

[Assets/Scripts/ControladorJugador.cs line 43]

Parameter 'isRunning' does not exist.
UnityEngine.Debug:ExtractStackTraceNoAlloc (byte*,int,string)
UnityEngine.StackTraceUtility:ExtractStackTrace ()
UnityEngine.Animator:SetBoolString (string,bool)
UnityEngine.Animator:SetBool (string,bool)
ControladorJugador:Update () (at Assets/Scripts/ControladorJugador.cs:42)

[Assets/Scripts/ControladorJugador.cs line 42]

Parameter 'isWalking' does not exist.
UnityEngine.Debug:ExtractStackTraceNoAlloc (byte*,int,string)
UnityEngine.StackTraceUtility:ExtractStackTrace ()
UnityEngine.Animator:SetBoolString (string,bool)
UnityEngine.Animator:SetBool (string,bool)
ControladorJugador:Update () (at Assets/Scripts/ControladorJugador.cs:43)

[Assets/Scripts/ControladorJugador.cs line 43]

Parameter 'isRunning' does not exist.
UnityEngine.Debug:ExtractStackTraceNoAlloc (byte*,int,string)
UnityEngine.StackTraceUtility:ExtractStackTrace ()
UnityEngine.Animator:SetBoolString (string,bool)
UnityEngine.Animator:SetBool (string,bool)
ControladorJugador:Update () (at Assets/Scripts/ControladorJugador.cs:42)

[Assets/Scripts/ControladorJugador.cs line 42]

Parameter 'isWalking' does not exist.
UnityEngine.Debug:ExtractStackTraceNoAlloc (byte*,int,string)
UnityEngine.StackTraceUtility:ExtractStackTrace ()
UnityEngine.Animator:SetBoolString (string,bool)
UnityEngine.Animator:SetBool (string,bool)
ControladorJugador:Update () (at Assets/Scripts/ControladorJugador.cs:43)

[Assets/Scripts/ControladorJugador.cs line 43]

Parameter 'isRunning' does not exist.
UnityEngine.Debug:ExtractStackTraceNoAlloc (byte*,int,string)
UnityEngine.StackTraceUtility:ExtractStackTrace ()
UnityEngine.Animator:GetBoolString (string)
UnityEngine.Animator:GetBool (string)
ControladorJugador:FixedUpdate () (at Assets/Scripts/ControladorJugador.cs:83)

[Assets/Scripts/ControladorJugador.cs line 83]

Parameter 'isRunning' does not exist.
UnityEngine.Debug:ExtractStackTraceNoAlloc (byte*,int,string)
UnityEngine.StackTraceUtility:ExtractStackTrace ()
UnityEngine.Animator:SetBoolString (string,bool)
UnityEngine.Animator:SetBool (string,bool)
ControladorJugador:Update () (at Assets/Scripts/ControladorJugador.cs:42)

[Assets/Scripts/ControladorJugador.cs line 42]

Parameter 'isWalking' does not exist.
UnityEngine.Debug:ExtractStackTraceNoAlloc (byte*,int,string)
UnityEngine.StackTraceUtility:ExtractStackTrace ()
UnityEngine.Animator:SetBoolString (string,bool)
UnityEngine.Animator:SetBool (string,bool)
ControladorJugador:Update () (at Assets/Scripts/ControladorJugador.cs:43)

[Assets/Scripts/ControladorJugador.cs line 43]

Parameter 'isRunning' does not exist.
UnityEngine.Debug:ExtractStackTraceNoAlloc (byte*,int,string)
UnityEngine.StackTraceUtility:ExtractStackTrace ()
UnityEngine.Animator:SetBoolString (string,bool)
UnityEngine.Animator:SetBool (string,bool)
ControladorJugador:Update () (at Assets/Scripts/ControladorJugador.cs:42)

[Assets/Scripts/ControladorJugador.cs line 42]

Parameter 'isWalking' does not exist.
UnityEngine.Debug:ExtractStackTraceNoAlloc (byte*,int,string)
UnityEngine.StackTraceUtility:ExtractStackTrace ()
UnityEngine.Animator:SetBoolString (string,bool)
UnityEngine.Animator:SetBool (string,bool)
ControladorJugador:Update () (at Assets/Scripts/ControladorJugador.cs:43)

[Assets/Scripts/ControladorJugador.cs line 43]

Parameter 'isRunning' does not exist.
UnityEngine.Debug:ExtractStackTraceNoAlloc (byte*,int,string)
UnityEngine.StackTraceUtility:ExtractStackTrace ()
UnityEngine.Animator:SetBoolString (string,bool)
UnityEngine.Animator:SetBool (string,bool)
ControladorJugador:Update () (at Assets/Scripts/ControladorJugador.cs:42)

[Assets/Scripts/ControladorJugador.cs line 42]

Parameter 'isWalking' does not exist.
UnityEngine.Debug:ExtractStackTraceNoAlloc (byte*,int,string)
UnityEngine.StackTraceUtility:ExtractStackTrace ()
UnityEngine.Animator:SetBoolString (string,bool)
UnityEngine.Animator:SetBool (string,bool)
ControladorJugador:Update () (at Assets/Scripts/ControladorJugador.cs:43)

[Assets/Scripts/ControladorJugador.cs line 43]

Parameter 'isRunning' does not exist.
UnityEngine.Debug:ExtractStackTraceNoAlloc (byte*,int,string)
UnityEngine.StackTraceUtility:ExtractStackTrace ()
UnityEngine.Animator:SetBoolString (string,bool)
UnityEngine.Animator:SetBool (string,bool)
ControladorJugador:Update () (at Assets/Scripts/ControladorJugador.cs:42)

[Assets/Scripts/ControladorJugador.cs line 42]

Parameter 'isWalking' does not exist.
UnityEngine.Debug:ExtractStackTraceNoAlloc (byte*,int,string)
UnityEngine.StackTraceUtility:ExtractStackTrace ()
UnityEngine.Animator:SetBoolString (string,bool)
UnityEngine.Animator:SetBool (string,bool)
ControladorJugador:Update () (at Assets/Scripts/ControladorJugador.cs:43)

[Assets/Scripts/ControladorJugador.cs line 43]

Parameter 'isRunning' does not exist.
UnityEngine.Debug:ExtractStackTraceNoAlloc (byte*,int,string)
UnityEngine.StackTraceUtility:ExtractStackTrace ()
UnityEngine.Animator:SetBoolString (string,bool)
UnityEngine.Animator:SetBool (string,bool)
ControladorJugador:Update () (at Assets/Scripts/ControladorJugador.cs:42)

[Assets/Scripts/ControladorJugador.cs line 42]

Parameter 'isWalking' does not exist.
UnityEngine.Debug:ExtractStackTraceNoAlloc (byte*,int,string)
UnityEngine.StackTraceUtility:ExtractStackTrace ()
UnityEngine.Animator:SetBoolString (string,bool)
UnityEngine.Animator:SetBool (string,bool)
ControladorJugador:Update () (at Assets/Scripts/ControladorJugador.cs:43)

[Assets/Scripts/ControladorJugador.cs line 43]

Parameter 'isRunning' does not exist.
UnityEngine.Debug:ExtractStackTraceNoAlloc (byte*,int,string)
UnityEngine.StackTraceUtility:ExtractStackTrace ()
UnityEngine.Animator:GetBoolString (string)
UnityEngine.Animator:GetBool (string)
ControladorJugador:FixedUpdate () (at Assets/Scripts/ControladorJugador.cs:83)

[Assets/Scripts/ControladorJugador.cs line 83]

Parameter 'isRunning' does not exist.
UnityEngine.Debug:ExtractStackTraceNoAlloc (byte*,int,string)
UnityEngine.StackTraceUtility:ExtractStackTrace ()
UnityEngine.Animator:SetBoolString (string,bool)
UnityEngine.Animator:SetBool (string,bool)
ControladorJugador:Update () (at Assets/Scripts/ControladorJugador.cs:42)

[Assets/Scripts/ControladorJugador.cs line 42]

Parameter 'isWalking' does not exist.
UnityEngine.Debug:ExtractStackTraceNoAlloc (byte*,int,string)
UnityEngine.StackTraceUtility:ExtractStackTrace ()
UnityEngine.Animator:SetBoolString (string,bool)
UnityEngine.Animator:SetBool (string,bool)
ControladorJugador:Update () (at Assets/Scripts/ControladorJugador.cs:43)

[Assets/Scripts/ControladorJugador.cs line 43]

Parameter 'isRunning' does not exist.
UnityEngine.Debug:ExtractStackTraceNoAlloc (byte*,int,string)
UnityEngine.StackTraceUtility:ExtractStackTrace ()
UnityEngine.Animator:GetBoolString (string)
UnityEngine.Animator:GetBool (string)
ControladorJugador:FixedUpdate () (at Assets/Scripts/ControladorJugador.cs:83)

[Assets/Scripts/ControladorJugador.cs line 83]

Parameter 'isRunning' does not exist.
UnityEngine.Debug:ExtractStackTraceNoAlloc (byte*,int,string)
UnityEngine.StackTraceUtility:ExtractStackTrace ()
UnityEngine.Animator:SetBoolString (string,bool)
UnityEngine.Animator:SetBool (string,bool)
ControladorJugador:Update () (at Assets/Scripts/ControladorJugador.cs:42)

[Assets/Scripts/ControladorJugador.cs line 42]

Parameter 'isWalking' does not exist.
UnityEngine.Debug:ExtractStackTraceNoAlloc (byte*,int,string)
UnityEngine.StackTraceUtility:ExtractStackTrace ()
UnityEngine.Animator:SetBoolString (string,bool)
UnityEngine.Animator:SetBool (string,bool)
ControladorJugador:Update () (at Assets/Scripts/ControladorJugador.cs:43)

[Assets/Scripts/ControladorJugador.cs line 43]

Parameter 'isRunning' does not exist.
UnityEngine.Debug:ExtractStackTraceNoAlloc (byte*,int,string)
UnityEngine.StackTraceUtility:ExtractStackTrace ()
UnityEngine.Animator:SetBoolString (string,bool)
UnityEngine.Animator:SetBool (string,bool)
ControladorJugador:Update () (at Assets/Scripts/ControladorJugador.cs:42)

[Assets/Scripts/ControladorJugador.cs line 42]

Parameter 'isWalking' does not exist.
UnityEngine.Debug:ExtractStackTraceNoAlloc (byte*,int,string)
UnityEngine.StackTraceUtility:ExtractStackTrace ()
UnityEngine.Animator:SetBoolString (string,bool)
UnityEngine.Animator:SetBool (string,bool)
ControladorJugador:Update () (at Assets/Scripts/ControladorJugador.cs:43)

[Assets/Scripts/ControladorJugador.cs line 43]

Parameter 'isRunning' does not exist.
UnityEngine.Debug:ExtractStackTraceNoAlloc (byte*,int,string)
UnityEngine.StackTraceUtility:ExtractStackTrace ()
UnityEngine.Animator:SetBoolString (string,bool)
UnityEngine.Animator:SetBool (string,bool)
ControladorJugador:Update () (at Assets/Scripts/ControladorJugador.cs:42)

[Assets/Scripts/ControladorJugador.cs line 42]

Parameter 'isWalking' does not exist.
UnityEngine.Debug:ExtractStackTraceNoAlloc (byte*,int,string)
UnityEngine.StackTraceUtility:ExtractStackTrace ()
UnityEngine.Animator:SetBoolString (string,bool)
UnityEngine.Animator:SetBool (string,bool)
ControladorJugador:Update () (at Assets/Scripts/ControladorJugador.cs:43)

[Assets/Scripts/ControladorJugador.cs line 43]

Parameter 'isRunning' does not exist.
UnityEngine.Debug:ExtractStackTraceNoAlloc (byte*,int,string)
UnityEngine.StackTraceUtility:ExtractStackTrace ()
UnityEngine.Animator:SetBoolString (string,bool)
UnityEngine.Animator:SetBool (string,bool)
ControladorJugador:Update () (at Assets/Scripts/ControladorJugador.cs:42)

[Assets/Scripts/ControladorJugador.cs line 42]

Parameter 'isWalking' does not exist.
UnityEngine.Debug:ExtractStackTraceNoAlloc (byte*,int,string)
UnityEngine.StackTraceUtility:ExtractStackTrace ()
UnityEngine.Animator:SetBoolString (string,bool)
UnityEngine.Animator:SetBool (string,bool)
ControladorJugador:Update () (at Assets/Scripts/ControladorJugador.cs:43)

[Assets/Scripts/ControladorJugador.cs line 43]

Parameter 'isRunning' does not exist.
UnityEngine.Debug:ExtractStackTraceNoAlloc (byte*,int,string)
UnityEngine.StackTraceUtility:ExtractStackTrace ()
UnityEngine.Animator:GetBoolString (string)
UnityEngine.Animator:GetBool (string)
ControladorJugador:FixedUpdate () (at Assets/Scripts/ControladorJugador.cs:83)

[Assets/Scripts/ControladorJugador.cs line 83]

Parameter 'isRunning' does not exist.
UnityEngine.Debug:ExtractStackTraceNoAlloc (byte*,int,string)
UnityEngine.StackTraceUtility:ExtractStackTrace ()
UnityEngine.Animator:SetBoolString (string,bool)
UnityEngine.Animator:SetBool (string,bool)
ControladorJugador:Update () (at Assets/Scripts/ControladorJugador.cs:42)

[Assets/Scripts/ControladorJugador.cs line 42]

Parameter 'isWalking' does not exist.
UnityEngine.Debug:ExtractStackTraceNoAlloc (byte*,int,string)
UnityEngine.StackTraceUtility:ExtractStackTrace ()
UnityEngine.Animator:SetBoolString (string,bool)
UnityEngine.Animator:SetBool (string,bool)
ControladorJugador:Update () (at Assets/Scripts/ControladorJugador.cs:43)

[Assets/Scripts/ControladorJugador.cs line 43]

Parameter 'isRunning' does not exist.
UnityEngine.Debug:ExtractStackTraceNoAlloc (byte*,int,string)
UnityEngine.StackTraceUtility:ExtractStackTrace ()
UnityEngine.Animator:SetBoolString (string,bool)
UnityEngine.Animator:SetBool (string,bool)
ControladorJugador:Update () (at Assets/Scripts/ControladorJugador.cs:42)

[Assets/Scripts/ControladorJugador.cs line 42]

Parameter 'isWalking' does not exist.
UnityEngine.Debug:ExtractStackTraceNoAlloc (byte*,int,string)
UnityEngine.StackTraceUtility:ExtractStackTrace ()
UnityEngine.Animator:SetBoolString (string,bool)
UnityEngine.Animator:SetBool (string,bool)
ControladorJugador:Update () (at Assets/Scripts/ControladorJugador.cs:43)

[Assets/Scripts/ControladorJugador.cs line 43]

Parameter 'isRunning' does not exist.
UnityEngine.Debug:ExtractStackTraceNoAlloc (byte*,int,string)
UnityEngine.StackTraceUtility:ExtractStackTrace ()
UnityEngine.Animator:SetBoolString (string,bool)
UnityEngine.Animator:SetBool (string,bool)
ControladorJugador:Update () (at Assets/Scripts/ControladorJugador.cs:42)

[Assets/Scripts/ControladorJugador.cs line 42]

Parameter 'isWalking' does not exist.
UnityEngine.Debug:ExtractStackTraceNoAlloc (byte*,int,string)
UnityEngine.StackTraceUtility:ExtractStackTrace ()
UnityEngine.Animator:SetBoolString (string,bool)
UnityEngine.Animator:SetBool (string,bool)
ControladorJugador:Update () (at Assets/Scripts/ControladorJugador.cs:43)

[Assets/Scripts/ControladorJugador.cs line 43]

Parameter 'isRunning' does not exist.
UnityEngine.Debug:ExtractStackTraceNoAlloc (byte*,int,string)
UnityEngine.StackTraceUtility:ExtractStackTrace ()
UnityEngine.Animator:SetBoolString (string,bool)
UnityEngine.Animator:SetBool (string,bool)
ControladorJugador:Update () (at Assets/Scripts/ControladorJugador.cs:42)

[Assets/Scripts/ControladorJugador.cs line 42]

Parameter 'isWalking' does not exist.
UnityEngine.Debug:ExtractStackTraceNoAlloc (byte*,int,string)
UnityEngine.StackTraceUtility:ExtractStackTrace ()
UnityEngine.Animator:SetBoolString (string,bool)
UnityEngine.Animator:SetBool (string,bool)
ControladorJugador:Update () (at Assets/Scripts/ControladorJugador.cs:43)

[Assets/Scripts/ControladorJugador.cs line 43]

Parameter 'isRunning' does not exist.
UnityEngine.Debug:ExtractStackTraceNoAlloc (byte*,int,string)
UnityEngine.StackTraceUtility:ExtractStackTrace ()
UnityEngine.Animator:GetBoolString (string)
UnityEngine.Animator:GetBool (string)
ControladorJugador:FixedUpdate () (at Assets/Scripts/ControladorJugador.cs:83)

[Assets/Scripts/ControladorJugador.cs line 83]

Parameter 'isRunning' does not exist.
UnityEngine.Debug:ExtractStackTraceNoAlloc (byte*,int,string)
UnityEngine.StackTraceUtility:ExtractStackTrace ()
UnityEngine.Animator:SetBoolString (string,bool)
UnityEngine.Animator:SetBool (string,bool)
ControladorJugador:Update () (at Assets/Scripts/ControladorJugador.cs:42)

[Assets/Scripts/ControladorJugador.cs line 42]

Parameter 'isWalking' does not exist.
UnityEngine.Debug:ExtractStackTraceNoAlloc (byte*,int,string)
UnityEngine.StackTraceUtility:ExtractStackTrace ()
UnityEngine.Animator:SetBoolString (string,bool)
UnityEngine.Animator:SetBool (string,bool)
ControladorJugador:Update () (at Assets/Scripts/ControladorJugador.cs:43)

[Assets/Scripts/ControladorJugador.cs line 43]

Parameter 'isRunning' does not exist.
UnityEngine.Debug:ExtractStackTraceNoAlloc (byte*,int,string)
UnityEngine.StackTraceUtility:ExtractStackTrace ()
UnityEngine.Animator:SetBoolString (string,bool)
UnityEngine.Animator:SetBool (string,bool)
ControladorJugador:Update () (at Assets/Scripts/ControladorJugador.cs:42)

[Assets/Scripts/ControladorJugador.cs line 42]

Parameter 'isWalking' does not exist.
UnityEngine.Debug:ExtractStackTraceNoAlloc (byte*,int,string)
UnityEngine.StackTraceUtility:ExtractStackTrace ()
UnityEngine.Animator:SetBoolString (string,bool)
UnityEngine.Animator:SetBool (string,bool)
ControladorJugador:Update () (at Assets/Scripts/ControladorJugador.cs:43)

[Assets/Scripts/ControladorJugador.cs line 43]

Parameter 'isRunning' does not exist.
UnityEngine.Debug:ExtractStackTraceNoAlloc (byte*,int,string)
UnityEngine.StackTraceUtility:ExtractStackTrace ()
UnityEngine.Animator:SetBoolString (string,bool)
UnityEngine.Animator:SetBool (string,bool)
ControladorJugador:Update () (at Assets/Scripts/ControladorJugador.cs:42)

[Assets/Scripts/ControladorJugador.cs line 42]

Parameter 'isWalking' does not exist.
UnityEngine.Debug:ExtractStackTraceNoAlloc (byte*,int,string)
UnityEngine.StackTraceUtility:ExtractStackTrace ()
UnityEngine.Animator:SetBoolString (string,bool)
UnityEngine.Animator:SetBool (string,bool)
ControladorJugador:Update () (at Assets/Scripts/ControladorJugador.cs:43)

[Assets/Scripts/ControladorJugador.cs line 43]

Parameter 'isRunning' does not exist.
UnityEngine.Debug:ExtractStackTraceNoAlloc (byte*,int,string)
UnityEngine.StackTraceUtility:ExtractStackTrace ()
UnityEngine.Animator:SetBoolString (string,bool)
UnityEngine.Animator:SetBool (string,bool)
ControladorJugador:Update () (at Assets/Scripts/ControladorJugador.cs:42)

[Assets/Scripts/ControladorJugador.cs line 42]

Parameter 'isWalking' does not exist.
UnityEngine.Debug:ExtractStackTraceNoAlloc (byte*,int,string)
UnityEngine.StackTraceUtility:ExtractStackTrace ()
UnityEngine.Animator:SetBoolString (string,bool)
UnityEngine.Animator:SetBool (string,bool)
ControladorJugador:Update () (at Assets/Scripts/ControladorJugador.cs:43)

[Assets/Scripts/ControladorJugador.cs line 43]

Parameter 'isRunning' does not exist.
UnityEngine.Debug:ExtractStackTraceNoAlloc (byte*,int,string)
UnityEngine.StackTraceUtility:ExtractStackTrace ()
UnityEngine.Animator:GetBoolString (string)
UnityEngine.Animator:GetBool (string)
ControladorJugador:FixedUpdate () (at Assets/Scripts/ControladorJugador.cs:83)

[Assets/Scripts/ControladorJugador.cs line 83]

Parameter 'isRunning' does not exist.
UnityEngine.Debug:ExtractStackTraceNoAlloc (byte*,int,string)
UnityEngine.StackTraceUtility:ExtractStackTrace ()
UnityEngine.Animator:SetBoolString (string,bool)
UnityEngine.Animator:SetBool (string,bool)
ControladorJugador:Update () (at Assets/Scripts/ControladorJugador.cs:42)

[Assets/Scripts/ControladorJugador.cs line 42]

Parameter 'isWalking' does not exist.
UnityEngine.Debug:ExtractStackTraceNoAlloc (byte*,int,string)
UnityEngine.StackTraceUtility:ExtractStackTrace ()
UnityEngine.Animator:SetBoolString (string,bool)
UnityEngine.Animator:SetBool (string,bool)
ControladorJugador:Update () (at Assets/Scripts/ControladorJugador.cs:43)

[Assets/Scripts/ControladorJugador.cs line 43]

Parameter 'isRunning' does not exist.
UnityEngine.Debug:ExtractStackTraceNoAlloc (byte*,int,string)
UnityEngine.StackTraceUtility:ExtractStackTrace ()
UnityEngine.Animator:SetBoolString (string,bool)
UnityEngine.Animator:SetBool (string,bool)
ControladorJugador:Update () (at Assets/Scripts/ControladorJugador.cs:42)

[Assets/Scripts/ControladorJugador.cs line 42]

Parameter 'isWalking' does not exist.
UnityEngine.Debug:ExtractStackTraceNoAlloc (byte*,int,string)
UnityEngine.StackTraceUtility:ExtractStackTrace ()
UnityEngine.Animator:SetBoolString (string,bool)
UnityEngine.Animator:SetBool (string,bool)
ControladorJugador:Update () (at Assets/Scripts/ControladorJugador.cs:43)

[Assets/Scripts/ControladorJugador.cs line 43]

Parameter 'isRunning' does not exist.
UnityEngine.Debug:ExtractStackTraceNoAlloc (byte*,int,string)
UnityEngine.StackTraceUtility:ExtractStackTrace ()
UnityEngine.Animator:SetBoolString (string,bool)
UnityEngine.Animator:SetBool (string,bool)
ControladorJugador:Update () (at Assets/Scripts/ControladorJugador.cs:42)

[Assets/Scripts/ControladorJugador.cs line 42]

Parameter 'isWalking' does not exist.
UnityEngine.Debug:ExtractStackTraceNoAlloc (byte*,int,string)
UnityEngine.StackTraceUtility:ExtractStackTrace ()
UnityEngine.Animator:SetBoolString (string,bool)
UnityEngine.Animator:SetBool (string,bool)
ControladorJugador:Update () (at Assets/Scripts/ControladorJugador.cs:43)

[Assets/Scripts/ControladorJugador.cs line 43]

Parameter 'isRunning' does not exist.
UnityEngine.Debug:ExtractStackTraceNoAlloc (byte*,int,string)
UnityEngine.StackTraceUtility:ExtractStackTrace ()
UnityEngine.Animator:SetBoolString (string,bool)
UnityEngine.Animator:SetBool (string,bool)
ControladorJugador:Update () (at Assets/Scripts/ControladorJugador.cs:42)

[Assets/Scripts/ControladorJugador.cs line 42]

Parameter 'isWalking' does not exist.
UnityEngine.Debug:ExtractStackTraceNoAlloc (byte*,int,string)
UnityEngine.StackTraceUtility:ExtractStackTrace ()
UnityEngine.Animator:SetBoolString (string,bool)
UnityEngine.Animator:SetBool (string,bool)
ControladorJugador:Update () (at Assets/Scripts/ControladorJugador.cs:43)

[Assets/Scripts/ControladorJugador.cs line 43]

Parameter 'isRunning' does not exist.
UnityEngine.Debug:ExtractStackTraceNoAlloc (byte*,int,string)
UnityEngine.StackTraceUtility:ExtractStackTrace ()
UnityEngine.Animator:GetBoolString (string)
UnityEngine.Animator:GetBool (string)
ControladorJugador:FixedUpdate () (at Assets/Scripts/ControladorJugador.cs:83)

[Assets/Scripts/ControladorJugador.cs line 83]

Parameter 'isRunning' does not exist.
UnityEngine.Debug:ExtractStackTraceNoAlloc (byte*,int,string)
UnityEngine.StackTraceUtility:ExtractStackTrace ()
UnityEngine.Animator:SetBoolString (string,bool)
UnityEngine.Animator:SetBool (string,bool)
ControladorJugador:Update () (at Assets/Scripts/ControladorJugador.cs:42)

[Assets/Scripts/ControladorJugador.cs line 42]

Parameter 'isWalking' does not exist.
UnityEngine.Debug:ExtractStackTraceNoAlloc (byte*,int,string)
UnityEngine.StackTraceUtility:ExtractStackTrace ()
UnityEngine.Animator:SetBoolString (string,bool)
UnityEngine.Animator:SetBool (string,bool)
ControladorJugador:Update () (at Assets/Scripts/ControladorJugador.cs:43)

[Assets/Scripts/ControladorJugador.cs line 43]

Parameter 'isRunning' does not exist.
UnityEngine.Debug:ExtractStackTraceNoAlloc (byte*,int,string)
UnityEngine.StackTraceUtility:ExtractStackTrace ()
UnityEngine.Animator:SetBoolString (string,bool)
UnityEngine.Animator:SetBool (string,bool)
ControladorJugador:Update () (at Assets/Scripts/ControladorJugador.cs:42)

[Assets/Scripts/ControladorJugador.cs line 42]

Parameter 'isWalking' does not exist.
UnityEngine.Debug:ExtractStackTraceNoAlloc (byte*,int,string)
UnityEngine.StackTraceUtility:ExtractStackTrace ()
UnityEngine.Animator:SetBoolString (string,bool)
UnityEngine.Animator:SetBool (string,bool)
ControladorJugador:Update () (at Assets/Scripts/ControladorJugador.cs:43)

[Assets/Scripts/ControladorJugador.cs line 43]

Parameter 'isRunning' does not exist.
UnityEngine.Debug:ExtractStackTraceNoAlloc (byte*,int,string)
UnityEngine.StackTraceUtility:ExtractStackTrace ()
UnityEngine.Animator:SetBoolString (string,bool)
UnityEngine.Animator:SetBool (string,bool)
ControladorJugador:Update () (at Assets/Scripts/ControladorJugador.cs:42)

[Assets/Scripts/ControladorJugador.cs line 42]

Parameter 'isWalking' does not exist.
UnityEngine.Debug:ExtractStackTraceNoAlloc (byte*,int,string)
UnityEngine.StackTraceUtility:ExtractStackTrace ()
UnityEngine.Animator:SetBoolString (string,bool)
UnityEngine.Animator:SetBool (string,bool)
ControladorJugador:Update () (at Assets/Scripts/ControladorJugador.cs:43)

[Assets/Scripts/ControladorJugador.cs line 43]

Parameter 'isRunning' does not exist.
UnityEngine.Debug:ExtractStackTraceNoAlloc (byte*,int,string)
UnityEngine.StackTraceUtility:ExtractStackTrace ()
UnityEngine.Animator:SetBoolString (string,bool)
UnityEngine.Animator:SetBool (string,bool)
ControladorJugador:Update () (at Assets/Scripts/ControladorJugador.cs:42)

[Assets/Scripts/ControladorJugador.cs line 42]

Parameter 'isWalking' does not exist.
UnityEngine.Debug:ExtractStackTraceNoAlloc (byte*,int,string)
UnityEngine.StackTraceUtility:ExtractStackTrace ()
UnityEngine.Animator:SetBoolString (string,bool)
UnityEngine.Animator:SetBool (string,bool)
ControladorJugador:Update () (at Assets/Scripts/ControladorJugador.cs:43)

[Assets/Scripts/ControladorJugador.cs line 43]

Parameter 'isRunning' does not exist.
UnityEngine.Debug:ExtractStackTraceNoAlloc (byte*,int,string)
UnityEngine.StackTraceUtility:ExtractStackTrace ()
UnityEngine.Animator:GetBoolString (string)
UnityEngine.Animator:GetBool (string)
ControladorJugador:FixedUpdate () (at Assets/Scripts/ControladorJugador.cs:83)

[Assets/Scripts/ControladorJugador.cs line 83]

Parameter 'isRunning' does not exist.
UnityEngine.Debug:ExtractStackTraceNoAlloc (byte*,int,string)
UnityEngine.StackTraceUtility:ExtractStackTrace ()
UnityEngine.Animator:SetBoolString (string,bool)
UnityEngine.Animator:SetBool (string,bool)
ControladorJugador:Update () (at Assets/Scripts/ControladorJugador.cs:42)

[Assets/Scripts/ControladorJugador.cs line 42]

Parameter 'isWalking' does not exist.
UnityEngine.Debug:ExtractStackTraceNoAlloc (byte*,int,string)
UnityEngine.StackTraceUtility:ExtractStackTrace ()
UnityEngine.Animator:SetBoolString (string,bool)
UnityEngine.Animator:SetBool (string,bool)
ControladorJugador:Update () (at Assets/Scripts/ControladorJugador.cs:43)

[Assets/Scripts/ControladorJugador.cs line 43]

Parameter 'isRunning' does not exist.
UnityEngine.Debug:ExtractStackTraceNoAlloc (byte*,int,string)
UnityEngine.StackTraceUtility:ExtractStackTrace ()
UnityEngine.Animator:SetBoolString (string,bool)
UnityEngine.Animator:SetBool (string,bool)
ControladorJugador:Update () (at Assets/Scripts/ControladorJugador.cs:42)

[Assets/Scripts/ControladorJugador.cs line 42]

Parameter 'isWalking' does not exist.
UnityEngine.Debug:ExtractStackTraceNoAlloc (byte*,int,string)
UnityEngine.StackTraceUtility:ExtractStackTrace ()
UnityEngine.Animator:SetBoolString (string,bool)
UnityEngine.Animator:SetBool (string,bool)
ControladorJugador:Update () (at Assets/Scripts/ControladorJugador.cs:43)

[Assets/Scripts/ControladorJugador.cs line 43]

Parameter 'isRunning' does not exist.
UnityEngine.Debug:ExtractStackTraceNoAlloc (byte*,int,string)
UnityEngine.StackTraceUtility:ExtractStackTrace ()
UnityEngine.Animator:SetBoolString (string,bool)
UnityEngine.Animator:SetBool (string,bool)
ControladorJugador:Update () (at Assets/Scripts/ControladorJugador.cs:42)

[Assets/Scripts/ControladorJugador.cs line 42]

Parameter 'isWalking' does not exist.
UnityEngine.Debug:ExtractStackTraceNoAlloc (byte*,int,string)
UnityEngine.StackTraceUtility:ExtractStackTrace ()
UnityEngine.Animator:SetBoolString (string,bool)
UnityEngine.Animator:SetBool (string,bool)
ControladorJugador:Update () (at Assets/Scripts/ControladorJugador.cs:43)

[Assets/Scripts/ControladorJugador.cs line 43]

Parameter 'isRunning' does not exist.
UnityEngine.Debug:ExtractStackTraceNoAlloc (byte*,int,string)
UnityEngine.StackTraceUtility:ExtractStackTrace ()
UnityEngine.Animator:SetBoolString (string,bool)
UnityEngine.Animator:SetBool (string,bool)
ControladorJugador:Update () (at Assets/Scripts/ControladorJugador.cs:42)

[Assets/Scripts/ControladorJugador.cs line 42]

Parameter 'isWalking' does not exist.
UnityEngine.Debug:ExtractStackTraceNoAlloc (byte*,int,string)
UnityEngine.StackTraceUtility:ExtractStackTrace ()
UnityEngine.Animator:SetBoolString (string,bool)
UnityEngine.Animator:SetBool (string,bool)
ControladorJugador:Update () (at Assets/Scripts/ControladorJugador.cs:43)

[Assets/Scripts/ControladorJugador.cs line 43]

Parameter 'isRunning' does not exist.
UnityEngine.Debug:ExtractStackTraceNoAlloc (byte*,int,string)
UnityEngine.StackTraceUtility:ExtractStackTrace ()
UnityEngine.Animator:GetBoolString (string)
UnityEngine.Animator:GetBool (string)
ControladorJugador:FixedUpdate () (at Assets/Scripts/ControladorJugador.cs:83)

[Assets/Scripts/ControladorJugador.cs line 83]

Parameter 'isRunning' does not exist.
UnityEngine.Debug:ExtractStackTraceNoAlloc (byte*,int,string)
UnityEngine.StackTraceUtility:ExtractStackTrace ()
UnityEngine.Animator:SetBoolString (string,bool)
UnityEngine.Animator:SetBool (string,bool)
ControladorJugador:Update () (at Assets/Scripts/ControladorJugador.cs:42)

[Assets/Scripts/ControladorJugador.cs line 42]

Parameter 'isWalking' does not exist.
UnityEngine.Debug:ExtractStackTraceNoAlloc (byte*,int,string)
UnityEngine.StackTraceUtility:ExtractStackTrace ()
UnityEngine.Animator:SetBoolString (string,bool)
UnityEngine.Animator:SetBool (string,bool)
ControladorJugador:Update () (at Assets/Scripts/ControladorJugador.cs:43)

[Assets/Scripts/ControladorJugador.cs line 43]

Parameter 'isRunning' does not exist.
UnityEngine.Debug:ExtractStackTraceNoAlloc (byte*,int,string)
UnityEngine.StackTraceUtility:ExtractStackTrace ()
UnityEngine.Animator:SetBoolString (string,bool)
UnityEngine.Animator:SetBool (string,bool)
ControladorJugador:Update () (at Assets/Scripts/ControladorJugador.cs:42)

[Assets/Scripts/ControladorJugador.cs line 42]

Parameter 'isWalking' does not exist.
UnityEngine.Debug:ExtractStackTraceNoAlloc (byte*,int,string)
UnityEngine.StackTraceUtility:ExtractStackTrace ()
UnityEngine.Animator:SetBoolString (string,bool)
UnityEngine.Animator:SetBool (string,bool)
ControladorJugador:Update () (at Assets/Scripts/ControladorJugador.cs:43)

[Assets/Scripts/ControladorJugador.cs line 43]

Parameter 'isRunning' does not exist.
UnityEngine.Debug:ExtractStackTraceNoAlloc (byte*,int,string)
UnityEngine.StackTraceUtility:ExtractStackTrace ()
UnityEngine.Animator:SetBoolString (string,bool)
UnityEngine.Animator:SetBool (string,bool)
ControladorJugador:Update () (at Assets/Scripts/ControladorJugador.cs:42)

[Assets/Scripts/ControladorJugador.cs line 42]

Parameter 'isWalking' does not exist.
UnityEngine.Debug:ExtractStackTraceNoAlloc (byte*,int,string)
UnityEngine.StackTraceUtility:ExtractStackTrace ()
UnityEngine.Animator:SetBoolString (string,bool)
UnityEngine.Animator:SetBool (string,bool)
ControladorJugador:Update () (at Assets/Scripts/ControladorJugador.cs:43)

[Assets/Scripts/ControladorJugador.cs line 43]

Parameter 'isRunning' does not exist.
UnityEngine.Debug:ExtractStackTraceNoAlloc (byte*,int,string)
UnityEngine.StackTraceUtility:ExtractStackTrace ()
UnityEngine.Animator:GetBoolString (string)
UnityEngine.Animator:GetBool (string)
ControladorJugador:FixedUpdate () (at Assets/Scripts/ControladorJugador.cs:83)

[Assets/Scripts/ControladorJugador.cs line 83]

Parameter 'isRunning' does not exist.
UnityEngine.Debug:ExtractStackTraceNoAlloc (byte*,int,string)
UnityEngine.StackTraceUtility:ExtractStackTrace ()
UnityEngine.Animator:SetBoolString (string,bool)
UnityEngine.Animator:SetBool (string,bool)
ControladorJugador:Update () (at Assets/Scripts/ControladorJugador.cs:42)

[Assets/Scripts/ControladorJugador.cs line 42]

Parameter 'isWalking' does not exist.
UnityEngine.Debug:ExtractStackTraceNoAlloc (byte*,int,string)
UnityEngine.StackTraceUtility:ExtractStackTrace ()
UnityEngine.Animator:SetBoolString (string,bool)
UnityEngine.Animator:SetBool (string,bool)
ControladorJugador:Update () (at Assets/Scripts/ControladorJugador.cs:43)

[Assets/Scripts/ControladorJugador.cs line 43]

Parameter 'isRunning' does not exist.
UnityEngine.Debug:ExtractStackTraceNoAlloc (byte*,int,string)
UnityEngine.StackTraceUtility:ExtractStackTrace ()
UnityEngine.Animator:SetBoolString (string,bool)
UnityEngine.Animator:SetBool (string,bool)
ControladorJugador:Update () (at Assets/Scripts/ControladorJugador.cs:42)

[Assets/Scripts/ControladorJugador.cs line 42]

Parameter 'isWalking' does not exist.
UnityEngine.Debug:ExtractStackTraceNoAlloc (byte*,int,string)
UnityEngine.StackTraceUtility:ExtractStackTrace ()
UnityEngine.Animator:SetBoolString (string,bool)
UnityEngine.Animator:SetBool (string,bool)
ControladorJugador:Update () (at Assets/Scripts/ControladorJugador.cs:43)

[Assets/Scripts/ControladorJugador.cs line 43]

Parameter 'isRunning' does not exist.
UnityEngine.Debug:ExtractStackTraceNoAlloc (byte*,int,string)
UnityEngine.StackTraceUtility:ExtractStackTrace ()
UnityEngine.Animator:SetBoolString (string,bool)
UnityEngine.Animator:SetBool (string,bool)
ControladorJugador:Update () (at Assets/Scripts/ControladorJugador.cs:42)

[Assets/Scripts/ControladorJugador.cs line 42]

Parameter 'isWalking' does not exist.
UnityEngine.Debug:ExtractStackTraceNoAlloc (byte*,int,string)
UnityEngine.StackTraceUtility:ExtractStackTrace ()
UnityEngine.Animator:SetBoolString (string,bool)
UnityEngine.Animator:SetBool (string,bool)
ControladorJugador:Update () (at Assets/Scripts/ControladorJugador.cs:43)

[Assets/Scripts/ControladorJugador.cs line 43]

Parameter 'isRunning' does not exist.
UnityEngine.Debug:ExtractStackTraceNoAlloc (byte*,int,string)
UnityEngine.StackTraceUtility:ExtractStackTrace ()
UnityEngine.Animator:GetBoolString (string)
UnityEngine.Animator:GetBool (string)
ControladorJugador:FixedUpdate () (at Assets/Scripts/ControladorJugador.cs:83)

[Assets/Scripts/ControladorJugador.cs line 83]

Parameter 'isRunning' does not exist.
UnityEngine.Debug:ExtractStackTraceNoAlloc (byte*,int,string)
UnityEngine.StackTraceUtility:ExtractStackTrace ()
UnityEngine.Animator:SetBoolString (string,bool)
UnityEngine.Animator:SetBool (string,bool)
ControladorJugador:Update () (at Assets/Scripts/ControladorJugador.cs:42)

[Assets/Scripts/ControladorJugador.cs line 42]

Parameter 'isWalking' does not exist.
UnityEngine.Debug:ExtractStackTraceNoAlloc (byte*,int,string)
UnityEngine.StackTraceUtility:ExtractStackTrace ()
UnityEngine.Animator:SetBoolString (string,bool)
UnityEngine.Animator:SetBool (string,bool)
ControladorJugador:Update () (at Assets/Scripts/ControladorJugador.cs:43)

[Assets/Scripts/ControladorJugador.cs line 43]

Parameter 'isRunning' does not exist.
UnityEngine.Debug:ExtractStackTraceNoAlloc (byte*,int,string)
UnityEngine.StackTraceUtility:ExtractStackTrace ()
UnityEngine.Animator:SetBoolString (string,bool)
UnityEngine.Animator:SetBool (string,bool)
ControladorJugador:Update () (at Assets/Scripts/ControladorJugador.cs:42)

[Assets/Scripts/ControladorJugador.cs line 42]

Parameter 'isWalking' does not exist.
UnityEngine.Debug:ExtractStackTraceNoAlloc (byte*,int,string)
UnityEngine.StackTraceUtility:ExtractStackTrace ()
UnityEngine.Animator:SetBoolString (string,bool)
UnityEngine.Animator:SetBool (string,bool)
ControladorJugador:Update () (at Assets/Scripts/ControladorJugador.cs:43)

[Assets/Scripts/ControladorJugador.cs line 43]

Parameter 'isRunning' does not exist.
UnityEngine.Debug:ExtractStackTraceNoAlloc (byte*,int,string)
UnityEngine.StackTraceUtility:ExtractStackTrace ()
UnityEngine.Animator:SetBoolString (string,bool)
UnityEngine.Animator:SetBool (string,bool)
ControladorJugador:Update () (at Assets/Scripts/ControladorJugador.cs:42)

[Assets/Scripts/ControladorJugador.cs line 42]

Parameter 'isWalking' does not exist.
UnityEngine.Debug:ExtractStackTraceNoAlloc (byte*,int,string)
UnityEngine.StackTraceUtility:ExtractStackTrace ()
UnityEngine.Animator:SetBoolString (string,bool)
UnityEngine.Animator:SetBool (string,bool)
ControladorJugador:Update () (at Assets/Scripts/ControladorJugador.cs:43)

[Assets/Scripts/ControladorJugador.cs line 43]

Parameter 'isRunning' does not exist.
UnityEngine.Debug:ExtractStackTraceNoAlloc (byte*,int,string)
UnityEngine.StackTraceUtility:ExtractStackTrace ()
UnityEngine.Animator:SetBoolString (string,bool)
UnityEngine.Animator:SetBool (string,bool)
ControladorJugador:Update () (at Assets/Scripts/ControladorJugador.cs:42)

[Assets/Scripts/ControladorJugador.cs line 42]

Parameter 'isWalking' does not exist.
UnityEngine.Debug:ExtractStackTraceNoAlloc (byte*,int,string)
UnityEngine.StackTraceUtility:ExtractStackTrace ()
UnityEngine.Animator:SetBoolString (string,bool)
UnityEngine.Animator:SetBool (string,bool)
ControladorJugador:Update () (at Assets/Scripts/ControladorJugador.cs:43)

[Assets/Scripts/ControladorJugador.cs line 43]

Parameter 'isRunning' does not exist.
UnityEngine.Debug:ExtractStackTraceNoAlloc (byte*,int,string)
UnityEngine.StackTraceUtility:ExtractStackTrace ()
UnityEngine.Animator:GetBoolString (string)
UnityEngine.Animator:GetBool (string)
ControladorJugador:FixedUpdate () (at Assets/Scripts/ControladorJugador.cs:83)

[Assets/Scripts/ControladorJugador.cs line 83]

Parameter 'isRunning' does not exist.
UnityEngine.Debug:ExtractStackTraceNoAlloc (byte*,int,string)
UnityEngine.StackTraceUtility:ExtractStackTrace ()
UnityEngine.Animator:SetBoolString (string,bool)
UnityEngine.Animator:SetBool (string,bool)
ControladorJugador:Update () (at Assets/Scripts/ControladorJugador.cs:42)

[Assets/Scripts/ControladorJugador.cs line 42]

Parameter 'isWalking' does not exist.
UnityEngine.Debug:ExtractStackTraceNoAlloc (byte*,int,string)
UnityEngine.StackTraceUtility:ExtractStackTrace ()
UnityEngine.Animator:SetBoolString (string,bool)
UnityEngine.Animator:SetBool (string,bool)
ControladorJugador:Update () (at Assets/Scripts/ControladorJugador.cs:43)

[Assets/Scripts/ControladorJugador.cs line 43]

Parameter 'isRunning' does not exist.
UnityEngine.Debug:ExtractStackTraceNoAlloc (byte*,int,string)
UnityEngine.StackTraceUtility:ExtractStackTrace ()
UnityEngine.Animator:SetBoolString (string,bool)
UnityEngine.Animator:SetBool (string,bool)
ControladorJugador:Update () (at Assets/Scripts/ControladorJugador.cs:42)

[Assets/Scripts/ControladorJugador.cs line 42]

Parameter 'isWalking' does not exist.
UnityEngine.Debug:ExtractStackTraceNoAlloc (byte*,int,string)
UnityEngine.StackTraceUtility:ExtractStackTrace ()
UnityEngine.Animator:SetBoolString (string,bool)
UnityEngine.Animator:SetBool (string,bool)
ControladorJugador:Update () (at Assets/Scripts/ControladorJugador.cs:43)

[Assets/Scripts/ControladorJugador.cs line 43]

Parameter 'isRunning' does not exist.
UnityEngine.Debug:ExtractStackTraceNoAlloc (byte*,int,string)
UnityEngine.StackTraceUtility:ExtractStackTrace ()
UnityEngine.Animator:SetBoolString (string,bool)
UnityEngine.Animator:SetBool (string,bool)
ControladorJugador:Update () (at Assets/Scripts/ControladorJugador.cs:42)

[Assets/Scripts/ControladorJugador.cs line 42]

Parameter 'isWalking' does not exist.
UnityEngine.Debug:ExtractStackTraceNoAlloc (byte*,int,string)
UnityEngine.StackTraceUtility:ExtractStackTrace ()
UnityEngine.Animator:SetBoolString (string,bool)
UnityEngine.Animator:SetBool (string,bool)
ControladorJugador:Update () (at Assets/Scripts/ControladorJugador.cs:43)

[Assets/Scripts/ControladorJugador.cs line 43]

Parameter 'isRunning' does not exist.
UnityEngine.Debug:ExtractStackTraceNoAlloc (byte*,int,string)
UnityEngine.StackTraceUtility:ExtractStackTrace ()
UnityEngine.Animator:GetBoolString (string)
UnityEngine.Animator:GetBool (string)
ControladorJugador:FixedUpdate () (at Assets/Scripts/ControladorJugador.cs:83)

[Assets/Scripts/ControladorJugador.cs line 83]

Parameter 'isRunning' does not exist.
UnityEngine.Debug:ExtractStackTraceNoAlloc (byte*,int,string)
UnityEngine.StackTraceUtility:ExtractStackTrace ()
UnityEngine.Animator:SetBoolString (string,bool)
UnityEngine.Animator:SetBool (string,bool)
ControladorJugador:Update () (at Assets/Scripts/ControladorJugador.cs:42)

[Assets/Scripts/ControladorJugador.cs line 42]

Parameter 'isWalking' does not exist.
UnityEngine.Debug:ExtractStackTraceNoAlloc (byte*,int,string)
UnityEngine.StackTraceUtility:ExtractStackTrace ()
UnityEngine.Animator:SetBoolString (string,bool)
UnityEngine.Animator:SetBool (string,bool)
ControladorJugador:Update () (at Assets/Scripts/ControladorJugador.cs:43)

[Assets/Scripts/ControladorJugador.cs line 43]

Parameter 'isRunning' does not exist.
UnityEngine.Debug:ExtractStackTraceNoAlloc (byte*,int,string)
UnityEngine.StackTraceUtility:ExtractStackTrace ()
UnityEngine.Animator:SetBoolString (string,bool)
UnityEngine.Animator:SetBool (string,bool)
ControladorJugador:Update () (at Assets/Scripts/ControladorJugador.cs:42)

[Assets/Scripts/ControladorJugador.cs line 42]

Parameter 'isWalking' does not exist.
UnityEngine.Debug:ExtractStackTraceNoAlloc (byte*,int,string)
UnityEngine.StackTraceUtility:ExtractStackTrace ()
UnityEngine.Animator:SetBoolString (string,bool)
UnityEngine.Animator:SetBool (string,bool)
ControladorJugador:Update () (at Assets/Scripts/ControladorJugador.cs:43)

[Assets/Scripts/ControladorJugador.cs line 43]

Parameter 'isRunning' does not exist.
UnityEngine.Debug:ExtractStackTraceNoAlloc (byte*,int,string)
UnityEngine.StackTraceUtility:ExtractStackTrace ()
UnityEngine.Animator:SetBoolString (string,bool)
UnityEngine.Animator:SetBool (string,bool)
ControladorJugador:Update () (at Assets/Scripts/ControladorJugador.cs:42)

[Assets/Scripts/ControladorJugador.cs line 42]

Parameter 'isWalking' does not exist.
UnityEngine.Debug:ExtractStackTraceNoAlloc (byte*,int,string)
UnityEngine.StackTraceUtility:ExtractStackTrace ()
UnityEngine.Animator:SetBoolString (string,bool)
UnityEngine.Animator:SetBool (string,bool)
ControladorJugador:Update () (at Assets/Scripts/ControladorJugador.cs:43)

[Assets/Scripts/ControladorJugador.cs line 43]

Parameter 'isRunning' does not exist.
UnityEngine.Debug:ExtractStackTraceNoAlloc (byte*,int,string)
UnityEngine.StackTraceUtility:ExtractStackTrace ()
UnityEngine.Animator:SetBoolString (string,bool)
UnityEngine.Animator:SetBool (string,bool)
ControladorJugador:Update () (at Assets/Scripts/ControladorJugador.cs:42)

[Assets/Scripts/ControladorJugador.cs line 42]

Parameter 'isWalking' does not exist.
UnityEngine.Debug:ExtractStackTraceNoAlloc (byte*,int,string)
UnityEngine.StackTraceUtility:ExtractStackTrace ()
UnityEngine.Animator:SetBoolString (string,bool)
UnityEngine.Animator:SetBool (string,bool)
ControladorJugador:Update () (at Assets/Scripts/ControladorJugador.cs:43)

[Assets/Scripts/ControladorJugador.cs line 43]

Parameter 'isRunning' does not exist.
UnityEngine.Debug:ExtractStackTraceNoAlloc (byte*,int,string)
UnityEngine.StackTraceUtility:ExtractStackTrace ()
UnityEngine.Animator:GetBoolString (string)
UnityEngine.Animator:GetBool (string)
ControladorJugador:FixedUpdate () (at Assets/Scripts/ControladorJugador.cs:83)

[Assets/Scripts/ControladorJugador.cs line 83]

Parameter 'isRunning' does not exist.
UnityEngine.Debug:ExtractStackTraceNoAlloc (byte*,int,string)
UnityEngine.StackTraceUtility:ExtractStackTrace ()
UnityEngine.Animator:SetBoolString (string,bool)
UnityEngine.Animator:SetBool (string,bool)
ControladorJugador:Update () (at Assets/Scripts/ControladorJugador.cs:42)

[Assets/Scripts/ControladorJugador.cs line 42]

Parameter 'isWalking' does not exist.
UnityEngine.Debug:ExtractStackTraceNoAlloc (byte*,int,string)
UnityEngine.StackTraceUtility:ExtractStackTrace ()
UnityEngine.Animator:SetBoolString (string,bool)
UnityEngine.Animator:SetBool (string,bool)
ControladorJugador:Update () (at Assets/Scripts/ControladorJugador.cs:43)

[Assets/Scripts/ControladorJugador.cs line 43]

Parameter 'isWalking' does not exist.
UnityEngine.Debug:ExtractStackTraceNoAlloc (byte*,int,string)
UnityEngine.StackTraceUtility:ExtractStackTrace ()
UnityEngine.Animator:SetBoolString (string,bool)
UnityEngine.Animator:SetBool (string,bool)
ControladorJugador:Update () (at Assets/Scripts/ControladorJugador.cs:56)

[Assets/Scripts/ControladorJugador.cs line 56]

Parameter 'isRunning' does not exist.
UnityEngine.Debug:ExtractStackTraceNoAlloc (byte*,int,string)
UnityEngine.StackTraceUtility:ExtractStackTrace ()
UnityEngine.Animator:SetBoolString (string,bool)
UnityEngine.Animator:SetBool (string,bool)
ControladorJugador:Update () (at Assets/Scripts/ControladorJugador.cs:57)

[Assets/Scripts/ControladorJugador.cs line 57]

Parameter 'isRunning' does not exist.
UnityEngine.Debug:ExtractStackTraceNoAlloc (byte*,int,string)
UnityEngine.StackTraceUtility:ExtractStackTrace ()
UnityEngine.Animator:GetBoolString (string)
UnityEngine.Animator:GetBool (string)
ControladorJugador:FixedUpdate () (at Assets/Scripts/ControladorJugador.cs:83)

[Assets/Scripts/ControladorJugador.cs line 83]

Parameter 'isWalking' does not exist.
UnityEngine.Debug:ExtractStackTraceNoAlloc (byte*,int,string)
UnityEngine.StackTraceUtility:ExtractStackTrace ()
UnityEngine.Animator:SetBoolString (string,bool)
UnityEngine.Animator:SetBool (string,bool)
ControladorJugador:Update () (at Assets/Scripts/ControladorJugador.cs:56)

[Assets/Scripts/ControladorJugador.cs line 56]

Parameter 'isRunning' does not exist.
UnityEngine.Debug:ExtractStackTraceNoAlloc (byte*,int,string)
UnityEngine.StackTraceUtility:ExtractStackTrace ()
UnityEngine.Animator:SetBoolString (string,bool)
UnityEngine.Animator:SetBool (string,bool)
ControladorJugador:Update () (at Assets/Scripts/ControladorJugador.cs:57)

[Assets/Scripts/ControladorJugador.cs line 57]

Parameter 'isWalking' does not exist.
UnityEngine.Debug:ExtractStackTraceNoAlloc (byte*,int,string)
UnityEngine.StackTraceUtility:ExtractStackTrace ()
UnityEngine.Animator:SetBoolString (string,bool)
UnityEngine.Animator:SetBool (string,bool)
ControladorJugador:Update () (at Assets/Scripts/ControladorJugador.cs:56)

[Assets/Scripts/ControladorJugador.cs line 56]

Parameter 'isRunning' does not exist.
UnityEngine.Debug:ExtractStackTraceNoAlloc (byte*,int,string)
UnityEngine.StackTraceUtility:ExtractStackTrace ()
UnityEngine.Animator:SetBoolString (string,bool)
UnityEngine.Animator:SetBool (string,bool)
ControladorJugador:Update () (at Assets/Scripts/ControladorJugador.cs:57)

[Assets/Scripts/ControladorJugador.cs line 57]

Parameter 'isWalking' does not exist.
UnityEngine.Debug:ExtractStackTraceNoAlloc (byte*,int,string)
UnityEngine.StackTraceUtility:ExtractStackTrace ()
UnityEngine.Animator:SetBoolString (string,bool)
UnityEngine.Animator:SetBool (string,bool)
ControladorJugador:Update () (at Assets/Scripts/ControladorJugador.cs:56)

[Assets/Scripts/ControladorJugador.cs line 56]

Parameter 'isRunning' does not exist.
UnityEngine.Debug:ExtractStackTraceNoAlloc (byte*,int,string)
UnityEngine.StackTraceUtility:ExtractStackTrace ()
UnityEngine.Animator:SetBoolString (string,bool)
UnityEngine.Animator:SetBool (string,bool)
ControladorJugador:Update () (at Assets/Scripts/ControladorJugador.cs:57)

[Assets/Scripts/ControladorJugador.cs line 57]

Parameter 'isRunning' does not exist.
UnityEngine.Debug:ExtractStackTraceNoAlloc (byte*,int,string)
UnityEngine.StackTraceUtility:ExtractStackTrace ()
UnityEngine.Animator:GetBoolString (string)
UnityEngine.Animator:GetBool (string)
ControladorJugador:FixedUpdate () (at Assets/Scripts/ControladorJugador.cs:83)

[Assets/Scripts/ControladorJugador.cs line 83]

Parameter 'isWalking' does not exist.
UnityEngine.Debug:ExtractStackTraceNoAlloc (byte*,int,string)
UnityEngine.StackTraceUtility:ExtractStackTrace ()
UnityEngine.Animator:SetBoolString (string,bool)
UnityEngine.Animator:SetBool (string,bool)
ControladorJugador:Update () (at Assets/Scripts/ControladorJugador.cs:56)

[Assets/Scripts/ControladorJugador.cs line 56]

Parameter 'isRunning' does not exist.
UnityEngine.Debug:ExtractStackTraceNoAlloc (byte*,int,string)
UnityEngine.StackTraceUtility:ExtractStackTrace ()
UnityEngine.Animator:SetBoolString (string,bool)
UnityEngine.Animator:SetBool (string,bool)
ControladorJugador:Update () (at Assets/Scripts/ControladorJugador.cs:57)

[Assets/Scripts/ControladorJugador.cs line 57]

Parameter 'isWalking' does not exist.
UnityEngine.Debug:ExtractStackTraceNoAlloc (byte*,int,string)
UnityEngine.StackTraceUtility:ExtractStackTrace ()
UnityEngine.Animator:SetBoolString (string,bool)
UnityEngine.Animator:SetBool (string,bool)
ControladorJugador:Update () (at Assets/Scripts/ControladorJugador.cs:56)

[Assets/Scripts/ControladorJugador.cs line 56]

Parameter 'isRunning' does not exist.
UnityEngine.Debug:ExtractStackTraceNoAlloc (byte*,int,string)
UnityEngine.StackTraceUtility:ExtractStackTrace ()
UnityEngine.Animator:SetBoolString (string,bool)
UnityEngine.Animator:SetBool (string,bool)
ControladorJugador:Update () (at Assets/Scripts/ControladorJugador.cs:57)

[Assets/Scripts/ControladorJugador.cs line 57]

Parameter 'isWalking' does not exist.
UnityEngine.Debug:ExtractStackTraceNoAlloc (byte*,int,string)
UnityEngine.StackTraceUtility:ExtractStackTrace ()
UnityEngine.Animator:SetBoolString (string,bool)
UnityEngine.Animator:SetBool (string,bool)
ControladorJugador:Update () (at Assets/Scripts/ControladorJugador.cs:56)

[Assets/Scripts/ControladorJugador.cs line 56]

Parameter 'isRunning' does not exist.
UnityEngine.Debug:ExtractStackTraceNoAlloc (byte*,int,string)
UnityEngine.StackTraceUtility:ExtractStackTrace ()
UnityEngine.Animator:SetBoolString (string,bool)
UnityEngine.Animator:SetBool (string,bool)
ControladorJugador:Update () (at Assets/Scripts/ControladorJugador.cs:57)

[Assets/Scripts/ControladorJugador.cs line 57]

Parameter 'isRunning' does not exist.
UnityEngine.Debug:ExtractStackTraceNoAlloc (byte*,int,string)
UnityEngine.StackTraceUtility:ExtractStackTrace ()
UnityEngine.Animator:GetBoolString (string)
UnityEngine.Animator:GetBool (string)
ControladorJugador:FixedUpdate () (at Assets/Scripts/ControladorJugador.cs:83)

[Assets/Scripts/ControladorJugador.cs line 83]

Parameter 'isWalking' does not exist.
UnityEngine.Debug:ExtractStackTraceNoAlloc (byte*,int,string)
UnityEngine.StackTraceUtility:ExtractStackTrace ()
UnityEngine.Animator:SetBoolString (string,bool)
UnityEngine.Animator:SetBool (string,bool)
ControladorJugador:Update () (at Assets/Scripts/ControladorJugador.cs:56)

[Assets/Scripts/ControladorJugador.cs line 56]

Parameter 'isRunning' does not exist.
UnityEngine.Debug:ExtractStackTraceNoAlloc (byte*,int,string)
UnityEngine.StackTraceUtility:ExtractStackTrace ()
UnityEngine.Animator:SetBoolString (string,bool)
UnityEngine.Animator:SetBool (string,bool)
ControladorJugador:Update () (at Assets/Scripts/ControladorJugador.cs:57)

[Assets/Scripts/ControladorJugador.cs line 57]

Parameter 'isWalking' does not exist.
UnityEngine.Debug:ExtractStackTraceNoAlloc (byte*,int,string)
UnityEngine.StackTraceUtility:ExtractStackTrace ()
UnityEngine.Animator:SetBoolString (string,bool)
UnityEngine.Animator:SetBool (string,bool)
ControladorJugador:Update () (at Assets/Scripts/ControladorJugador.cs:56)

[Assets/Scripts/ControladorJugador.cs line 56]

Parameter 'isRunning' does not exist.
UnityEngine.Debug:ExtractStackTraceNoAlloc (byte*,int,string)
UnityEngine.StackTraceUtility:ExtractStackTrace ()
UnityEngine.Animator:SetBoolString (string,bool)
UnityEngine.Animator:SetBool (string,bool)
ControladorJugador:Update () (at Assets/Scripts/ControladorJugador.cs:57)

[Assets/Scripts/ControladorJugador.cs line 57]

Parameter 'isRunning' does not exist.
UnityEngine.Debug:ExtractStackTraceNoAlloc (byte*,int,string)
UnityEngine.StackTraceUtility:ExtractStackTrace ()
UnityEngine.Animator:GetBoolString (string)
UnityEngine.Animator:GetBool (string)
ControladorJugador:FixedUpdate () (at Assets/Scripts/ControladorJugador.cs:83)

[Assets/Scripts/ControladorJugador.cs line 83]

Parameter 'isWalking' does not exist.
UnityEngine.Debug:ExtractStackTraceNoAlloc (byte*,int,string)
UnityEngine.StackTraceUtility:ExtractStackTrace ()
UnityEngine.Animator:SetBoolString (string,bool)
UnityEngine.Animator:SetBool (string,bool)
ControladorJugador:Update () (at Assets/Scripts/ControladorJugador.cs:56)

[Assets/Scripts/ControladorJugador.cs line 56]

Parameter 'isRunning' does not exist.
UnityEngine.Debug:ExtractStackTraceNoAlloc (byte*,int,string)
UnityEngine.StackTraceUtility:ExtractStackTrace ()
UnityEngine.Animator:SetBoolString (string,bool)
UnityEngine.Animator:SetBool (string,bool)
ControladorJugador:Update () (at Assets/Scripts/ControladorJugador.cs:57)

[Assets/Scripts/ControladorJugador.cs line 57]

Parameter 'isWalking' does not exist.
UnityEngine.Debug:ExtractStackTraceNoAlloc (byte*,int,string)
UnityEngine.StackTraceUtility:ExtractStackTrace ()
UnityEngine.Animator:SetBoolString (string,bool)
UnityEngine.Animator:SetBool (string,bool)
ControladorJugador:Update () (at Assets/Scripts/ControladorJugador.cs:56)

[Assets/Scripts/ControladorJugador.cs line 56]

Parameter 'isRunning' does not exist.
UnityEngine.Debug:ExtractStackTraceNoAlloc (byte*,int,string)
UnityEngine.StackTraceUtility:ExtractStackTrace ()
UnityEngine.Animator:SetBoolString (string,bool)
UnityEngine.Animator:SetBool (string,bool)
ControladorJugador:Update () (at Assets/Scripts/ControladorJugador.cs:57)

[Assets/Scripts/ControladorJugador.cs line 57]

Parameter 'isWalking' does not exist.
UnityEngine.Debug:ExtractStackTraceNoAlloc (byte*,int,string)
UnityEngine.StackTraceUtility:ExtractStackTrace ()
UnityEngine.Animator:SetBoolString (string,bool)
UnityEngine.Animator:SetBool (string,bool)
ControladorJugador:Update () (at Assets/Scripts/ControladorJugador.cs:56)

[Assets/Scripts/ControladorJugador.cs line 56]

Parameter 'isRunning' does not exist.
UnityEngine.Debug:ExtractStackTraceNoAlloc (byte*,int,string)
UnityEngine.StackTraceUtility:ExtractStackTrace ()
UnityEngine.Animator:SetBoolString (string,bool)
UnityEngine.Animator:SetBool (string,bool)
ControladorJugador:Update () (at Assets/Scripts/ControladorJugador.cs:57)

[Assets/Scripts/ControladorJugador.cs line 57]

Parameter 'isWalking' does not exist.
UnityEngine.Debug:ExtractStackTraceNoAlloc (byte*,int,string)
UnityEngine.StackTraceUtility:ExtractStackTrace ()
UnityEngine.Animator:SetBoolString (string,bool)
UnityEngine.Animator:SetBool (string,bool)
ControladorJugador:Update () (at Assets/Scripts/ControladorJugador.cs:56)

[Assets/Scripts/ControladorJugador.cs line 56]

Parameter 'isRunning' does not exist.
UnityEngine.Debug:ExtractStackTraceNoAlloc (byte*,int,string)
UnityEngine.StackTraceUtility:ExtractStackTrace ()
UnityEngine.Animator:SetBoolString (string,bool)
UnityEngine.Animator:SetBool (string,bool)
ControladorJugador:Update () (at Assets/Scripts/ControladorJugador.cs:57)

[Assets/Scripts/ControladorJugador.cs line 57]

Parameter 'isRunning' does not exist.
UnityEngine.Debug:ExtractStackTraceNoAlloc (byte*,int,string)
UnityEngine.StackTraceUtility:ExtractStackTrace ()
UnityEngine.Animator:GetBoolString (string)
UnityEngine.Animator:GetBool (string)
ControladorJugador:FixedUpdate () (at Assets/Scripts/ControladorJugador.cs:83)

[Assets/Scripts/ControladorJugador.cs line 83]

Parameter 'isWalking' does not exist.
UnityEngine.Debug:ExtractStackTraceNoAlloc (byte*,int,string)
UnityEngine.StackTraceUtility:ExtractStackTrace ()
UnityEngine.Animator:SetBoolString (string,bool)
UnityEngine.Animator:SetBool (string,bool)
ControladorJugador:Update () (at Assets/Scripts/ControladorJugador.cs:56)

[Assets/Scripts/ControladorJugador.cs line 56]

Parameter 'isRunning' does not exist.
UnityEngine.Debug:ExtractStackTraceNoAlloc (byte*,int,string)
UnityEngine.StackTraceUtility:ExtractStackTrace ()
UnityEngine.Animator:SetBoolString (string,bool)
UnityEngine.Animator:SetBool (string,bool)
ControladorJugador:Update () (at Assets/Scripts/ControladorJugador.cs:57)

[Assets/Scripts/ControladorJugador.cs line 57]

Parameter 'isWalking' does not exist.
UnityEngine.Debug:ExtractStackTraceNoAlloc (byte*,int,string)
UnityEngine.StackTraceUtility:ExtractStackTrace ()
UnityEngine.Animator:SetBoolString (string,bool)
UnityEngine.Animator:SetBool (string,bool)
ControladorJugador:Update () (at Assets/Scripts/ControladorJugador.cs:56)

[Assets/Scripts/ControladorJugador.cs line 56]

Parameter 'isRunning' does not exist.
UnityEngine.Debug:ExtractStackTraceNoAlloc (byte*,int,string)
UnityEngine.StackTraceUtility:ExtractStackTrace ()
UnityEngine.Animator:SetBoolString (string,bool)
UnityEngine.Animator:SetBool (string,bool)
ControladorJugador:Update () (at Assets/Scripts/ControladorJugador.cs:57)

[Assets/Scripts/ControladorJugador.cs line 57]

Parameter 'isWalking' does not exist.
UnityEngine.Debug:ExtractStackTraceNoAlloc (byte*,int,string)
UnityEngine.StackTraceUtility:ExtractStackTrace ()
UnityEngine.Animator:SetBoolString (string,bool)
UnityEngine.Animator:SetBool (string,bool)
ControladorJugador:Update () (at Assets/Scripts/ControladorJugador.cs:56)

[Assets/Scripts/ControladorJugador.cs line 56]

Parameter 'isRunning' does not exist.
UnityEngine.Debug:ExtractStackTraceNoAlloc (byte*,int,string)
UnityEngine.StackTraceUtility:ExtractStackTrace ()
UnityEngine.Animator:SetBoolString (string,bool)
UnityEngine.Animator:SetBool (string,bool)
ControladorJugador:Update () (at Assets/Scripts/ControladorJugador.cs:57)

[Assets/Scripts/ControladorJugador.cs line 57]

Parameter 'isWalking' does not exist.
UnityEngine.Debug:ExtractStackTraceNoAlloc (byte*,int,string)
UnityEngine.StackTraceUtility:ExtractStackTrace ()
UnityEngine.Animator:SetBoolString (string,bool)
UnityEngine.Animator:SetBool (string,bool)
ControladorJugador:Update () (at Assets/Scripts/ControladorJugador.cs:56)

[Assets/Scripts/ControladorJugador.cs line 56]

Parameter 'isRunning' does not exist.
UnityEngine.Debug:ExtractStackTraceNoAlloc (byte*,int,string)
UnityEngine.StackTraceUtility:ExtractStackTrace ()
UnityEngine.Animator:SetBoolString (string,bool)
UnityEngine.Animator:SetBool (string,bool)
ControladorJugador:Update () (at Assets/Scripts/ControladorJugador.cs:57)

[Assets/Scripts/ControladorJugador.cs line 57]

Parameter 'isRunning' does not exist.
UnityEngine.Debug:ExtractStackTraceNoAlloc (byte*,int,string)
UnityEngine.StackTraceUtility:ExtractStackTrace ()
UnityEngine.Animator:GetBoolString (string)
UnityEngine.Animator:GetBool (string)
ControladorJugador:FixedUpdate () (at Assets/Scripts/ControladorJugador.cs:83)

[Assets/Scripts/ControladorJugador.cs line 83]

Parameter 'isWalking' does not exist.
UnityEngine.Debug:ExtractStackTraceNoAlloc (byte*,int,string)
UnityEngine.StackTraceUtility:ExtractStackTrace ()
UnityEngine.Animator:SetBoolString (string,bool)
UnityEngine.Animator:SetBool (string,bool)
ControladorJugador:Update () (at Assets/Scripts/ControladorJugador.cs:56)

[Assets/Scripts/ControladorJugador.cs line 56]

Parameter 'isRunning' does not exist.
UnityEngine.Debug:ExtractStackTraceNoAlloc (byte*,int,string)
UnityEngine.StackTraceUtility:ExtractStackTrace ()
UnityEngine.Animator:SetBoolString (string,bool)
UnityEngine.Animator:SetBool (string,bool)
ControladorJugador:Update () (at Assets/Scripts/ControladorJugador.cs:57)

[Assets/Scripts/ControladorJugador.cs line 57]

Parameter 'isWalking' does not exist.
UnityEngine.Debug:ExtractStackTraceNoAlloc (byte*,int,string)
UnityEngine.StackTraceUtility:ExtractStackTrace ()
UnityEngine.Animator:SetBoolString (string,bool)
UnityEngine.Animator:SetBool (string,bool)
ControladorJugador:Update () (at Assets/Scripts/ControladorJugador.cs:56)

[Assets/Scripts/ControladorJugador.cs line 56]

Parameter 'isRunning' does not exist.
UnityEngine.Debug:ExtractStackTraceNoAlloc (byte*,int,string)
UnityEngine.StackTraceUtility:ExtractStackTrace ()
UnityEngine.Animator:SetBoolString (string,bool)
UnityEngine.Animator:SetBool (string,bool)
ControladorJugador:Update () (at Assets/Scripts/ControladorJugador.cs:57)

[Assets/Scripts/ControladorJugador.cs line 57]

Parameter 'isWalking' does not exist.
UnityEngine.Debug:ExtractStackTraceNoAlloc (byte*,int,string)
UnityEngine.StackTraceUtility:ExtractStackTrace ()
UnityEngine.Animator:SetBoolString (string,bool)
UnityEngine.Animator:SetBool (string,bool)
ControladorJugador:Update () (at Assets/Scripts/ControladorJugador.cs:56)

[Assets/Scripts/ControladorJugador.cs line 56]

Parameter 'isRunning' does not exist.
UnityEngine.Debug:ExtractStackTraceNoAlloc (byte*,int,string)
UnityEngine.StackTraceUtility:ExtractStackTrace ()
UnityEngine.Animator:SetBoolString (string,bool)
UnityEngine.Animator:SetBool (string,bool)
ControladorJugador:Update () (at Assets/Scripts/ControladorJugador.cs:57)

[Assets/Scripts/ControladorJugador.cs line 57]

Parameter 'isRunning' does not exist.
UnityEngine.Debug:ExtractStackTraceNoAlloc (byte*,int,string)
UnityEngine.StackTraceUtility:ExtractStackTrace ()
UnityEngine.Animator:GetBoolString (string)
UnityEngine.Animator:GetBool (string)
ControladorJugador:FixedUpdate () (at Assets/Scripts/ControladorJugador.cs:83)

[Assets/Scripts/ControladorJugador.cs line 83]

Parameter 'isWalking' does not exist.
UnityEngine.Debug:ExtractStackTraceNoAlloc (byte*,int,string)
UnityEngine.StackTraceUtility:ExtractStackTrace ()
UnityEngine.Animator:SetBoolString (string,bool)
UnityEngine.Animator:SetBool (string,bool)
ControladorJugador:Update () (at Assets/Scripts/ControladorJugador.cs:56)

[Assets/Scripts/ControladorJugador.cs line 56]

Parameter 'isRunning' does not exist.
UnityEngine.Debug:ExtractStackTraceNoAlloc (byte*,int,string)
UnityEngine.StackTraceUtility:ExtractStackTrace ()
UnityEngine.Animator:SetBoolString (string,bool)
UnityEngine.Animator:SetBool (string,bool)
ControladorJugador:Update () (at Assets/Scripts/ControladorJugador.cs:57)

[Assets/Scripts/ControladorJugador.cs line 57]

Parameter 'isWalking' does not exist.
UnityEngine.Debug:ExtractStackTraceNoAlloc (byte*,int,string)
UnityEngine.StackTraceUtility:ExtractStackTrace ()
UnityEngine.Animator:SetBoolString (string,bool)
UnityEngine.Animator:SetBool (string,bool)
ControladorJugador:Update () (at Assets/Scripts/ControladorJugador.cs:56)

[Assets/Scripts/ControladorJugador.cs line 56]

Parameter 'isRunning' does not exist.
UnityEngine.Debug:ExtractStackTraceNoAlloc (byte*,int,string)
UnityEngine.StackTraceUtility:ExtractStackTrace ()
UnityEngine.Animator:SetBoolString (string,bool)
UnityEngine.Animator:SetBool (string,bool)
ControladorJugador:Update () (at Assets/Scripts/ControladorJugador.cs:57)

[Assets/Scripts/ControladorJugador.cs line 57]

Parameter 'isWalking' does not exist.
UnityEngine.Debug:ExtractStackTraceNoAlloc (byte*,int,string)
UnityEngine.StackTraceUtility:ExtractStackTrace ()
UnityEngine.Animator:SetBoolString (string,bool)
UnityEngine.Animator:SetBool (string,bool)
ControladorJugador:Update () (at Assets/Scripts/ControladorJugador.cs:56)

[Assets/Scripts/ControladorJugador.cs line 56]

Parameter 'isRunning' does not exist.
UnityEngine.Debug:ExtractStackTraceNoAlloc (byte*,int,string)
UnityEngine.StackTraceUtility:ExtractStackTrace ()
UnityEngine.Animator:SetBoolString (string,bool)
UnityEngine.Animator:SetBool (string,bool)
ControladorJugador:Update () (at Assets/Scripts/ControladorJugador.cs:57)

[Assets/Scripts/ControladorJugador.cs line 57]

Parameter 'isWalking' does not exist.
UnityEngine.Debug:ExtractStackTraceNoAlloc (byte*,int,string)
UnityEngine.StackTraceUtility:ExtractStackTrace ()
UnityEngine.Animator:SetBoolString (string,bool)
UnityEngine.Animator:SetBool (string,bool)
ControladorJugador:Update () (at Assets/Scripts/ControladorJugador.cs:56)

[Assets/Scripts/ControladorJugador.cs line 56]

Parameter 'isRunning' does not exist.
UnityEngine.Debug:ExtractStackTraceNoAlloc (byte*,int,string)
UnityEngine.StackTraceUtility:ExtractStackTrace ()
UnityEngine.Animator:SetBoolString (string,bool)
UnityEngine.Animator:SetBool (string,bool)
ControladorJugador:Update () (at Assets/Scripts/ControladorJugador.cs:57)

[Assets/Scripts/ControladorJugador.cs line 57]

Parameter 'isRunning' does not exist.
UnityEngine.Debug:ExtractStackTraceNoAlloc (byte*,int,string)
UnityEngine.StackTraceUtility:ExtractStackTrace ()
UnityEngine.Animator:GetBoolString (string)
UnityEngine.Animator:GetBool (string)
ControladorJugador:FixedUpdate () (at Assets/Scripts/ControladorJugador.cs:83)

[Assets/Scripts/ControladorJugador.cs line 83]

Parameter 'isWalking' does not exist.
UnityEngine.Debug:ExtractStackTraceNoAlloc (byte*,int,string)
UnityEngine.StackTraceUtility:ExtractStackTrace ()
UnityEngine.Animator:SetBoolString (string,bool)
UnityEngine.Animator:SetBool (string,bool)
ControladorJugador:Update () (at Assets/Scripts/ControladorJugador.cs:56)

[Assets/Scripts/ControladorJugador.cs line 56]

Parameter 'isRunning' does not exist.
UnityEngine.Debug:ExtractStackTraceNoAlloc (byte*,int,string)
UnityEngine.StackTraceUtility:ExtractStackTrace ()
UnityEngine.Animator:SetBoolString (string,bool)
UnityEngine.Animator:SetBool (string,bool)
ControladorJugador:Update () (at Assets/Scripts/ControladorJugador.cs:57)

[Assets/Scripts/ControladorJugador.cs line 57]

Parameter 'isWalking' does not exist.
UnityEngine.Debug:ExtractStackTraceNoAlloc (byte*,int,string)
UnityEngine.StackTraceUtility:ExtractStackTrace ()
UnityEngine.Animator:SetBoolString (string,bool)
UnityEngine.Animator:SetBool (string,bool)
ControladorJugador:Update () (at Assets/Scripts/ControladorJugador.cs:56)

[Assets/Scripts/ControladorJugador.cs line 56]

Parameter 'isRunning' does not exist.
UnityEngine.Debug:ExtractStackTraceNoAlloc (byte*,int,string)
UnityEngine.StackTraceUtility:ExtractStackTrace ()
UnityEngine.Animator:SetBoolString (string,bool)
UnityEngine.Animator:SetBool (string,bool)
ControladorJugador:Update () (at Assets/Scripts/ControladorJugador.cs:57)

[Assets/Scripts/ControladorJugador.cs line 57]

Parameter 'isWalking' does not exist.
UnityEngine.Debug:ExtractStackTraceNoAlloc (byte*,int,string)
UnityEngine.StackTraceUtility:ExtractStackTrace ()
UnityEngine.Animator:SetBoolString (string,bool)
UnityEngine.Animator:SetBool (string,bool)
ControladorJugador:Update () (at Assets/Scripts/ControladorJugador.cs:56)

[Assets/Scripts/ControladorJugador.cs line 56]

Parameter 'isRunning' does not exist.
UnityEngine.Debug:ExtractStackTraceNoAlloc (byte*,int,string)
UnityEngine.StackTraceUtility:ExtractStackTrace ()
UnityEngine.Animator:SetBoolString (string,bool)
UnityEngine.Animator:SetBool (string,bool)
ControladorJugador:Update () (at Assets/Scripts/ControladorJugador.cs:57)

[Assets/Scripts/ControladorJugador.cs line 57]

Parameter 'isWalking' does not exist.
UnityEngine.Debug:ExtractStackTraceNoAlloc (byte*,int,string)
UnityEngine.StackTraceUtility:ExtractStackTrace ()
UnityEngine.Animator:SetBoolString (string,bool)
UnityEngine.Animator:SetBool (string,bool)
ControladorJugador:Update () (at Assets/Scripts/ControladorJugador.cs:56)

[Assets/Scripts/ControladorJugador.cs line 56]

Parameter 'isRunning' does not exist.
UnityEngine.Debug:ExtractStackTraceNoAlloc (byte*,int,string)
UnityEngine.StackTraceUtility:ExtractStackTrace ()
UnityEngine.Animator:SetBoolString (string,bool)
UnityEngine.Animator:SetBool (string,bool)
ControladorJugador:Update () (at Assets/Scripts/ControladorJugador.cs:57)

[Assets/Scripts/ControladorJugador.cs line 57]

Parameter 'isWalking' does not exist.
UnityEngine.Debug:ExtractStackTraceNoAlloc (byte*,int,string)
UnityEngine.StackTraceUtility:ExtractStackTrace ()
UnityEngine.Animator:SetBoolString (string,bool)
UnityEngine.Animator:SetBool (string,bool)
ControladorJugador:Update () (at Assets/Scripts/ControladorJugador.cs:56)

[Assets/Scripts/ControladorJugador.cs line 56]

Parameter 'isRunning' does not exist.
UnityEngine.Debug:ExtractStackTraceNoAlloc (byte*,int,string)
UnityEngine.StackTraceUtility:ExtractStackTrace ()
UnityEngine.Animator:SetBoolString (string,bool)
UnityEngine.Animator:SetBool (string,bool)
ControladorJugador:Update () (at Assets/Scripts/ControladorJugador.cs:57)

[Assets/Scripts/ControladorJugador.cs line 57]

Parameter 'isRunning' does not exist.
UnityEngine.Debug:ExtractStackTraceNoAlloc (byte*,int,string)
UnityEngine.StackTraceUtility:ExtractStackTrace ()
UnityEngine.Animator:GetBoolString (string)
UnityEngine.Animator:GetBool (string)
ControladorJugador:FixedUpdate () (at Assets/Scripts/ControladorJugador.cs:83)

[Assets/Scripts/ControladorJugador.cs line 83]

Parameter 'isWalking' does not exist.
UnityEngine.Debug:ExtractStackTraceNoAlloc (byte*,int,string)
UnityEngine.StackTraceUtility:ExtractStackTrace ()
UnityEngine.Animator:SetBoolString (string,bool)
UnityEngine.Animator:SetBool (string,bool)
ControladorJugador:Update () (at Assets/Scripts/ControladorJugador.cs:56)

[Assets/Scripts/ControladorJugador.cs line 56]

Parameter 'isRunning' does not exist.
UnityEngine.Debug:ExtractStackTraceNoAlloc (byte*,int,string)
UnityEngine.StackTraceUtility:ExtractStackTrace ()
UnityEngine.Animator:SetBoolString (string,bool)
UnityEngine.Animator:SetBool (string,bool)
ControladorJugador:Update () (at Assets/Scripts/ControladorJugador.cs:57)

[Assets/Scripts/ControladorJugador.cs line 57]

Parameter 'isWalking' does not exist.
UnityEngine.Debug:ExtractStackTraceNoAlloc (byte*,int,string)
UnityEngine.StackTraceUtility:ExtractStackTrace ()
UnityEngine.Animator:SetBoolString (string,bool)
UnityEngine.Animator:SetBool (string,bool)
ControladorJugador:Update () (at Assets/Scripts/ControladorJugador.cs:56)

[Assets/Scripts/ControladorJugador.cs line 56]

Parameter 'isRunning' does not exist.
UnityEngine.Debug:ExtractStackTraceNoAlloc (byte*,int,string)
UnityEngine.StackTraceUtility:ExtractStackTrace ()
UnityEngine.Animator:SetBoolString (string,bool)
UnityEngine.Animator:SetBool (string,bool)
ControladorJugador:Update () (at Assets/Scripts/ControladorJugador.cs:57)

[Assets/Scripts/ControladorJugador.cs line 57]

Parameter 'isWalking' does not exist.
UnityEngine.Debug:ExtractStackTraceNoAlloc (byte*,int,string)
UnityEngine.StackTraceUtility:ExtractStackTrace ()
UnityEngine.Animator:SetBoolString (string,bool)
UnityEngine.Animator:SetBool (string,bool)
ControladorJugador:Update () (at Assets/Scripts/ControladorJugador.cs:56)

[Assets/Scripts/ControladorJugador.cs line 56]

Parameter 'isRunning' does not exist.
UnityEngine.Debug:ExtractStackTraceNoAlloc (byte*,int,string)
UnityEngine.StackTraceUtility:ExtractStackTrace ()
UnityEngine.Animator:SetBoolString (string,bool)
UnityEngine.Animator:SetBool (string,bool)
ControladorJugador:Update () (at Assets/Scripts/ControladorJugador.cs:57)

[Assets/Scripts/ControladorJugador.cs line 57]

Parameter 'isWalking' does not exist.
UnityEngine.Debug:ExtractStackTraceNoAlloc (byte*,int,string)
UnityEngine.StackTraceUtility:ExtractStackTrace ()
UnityEngine.Animator:SetBoolString (string,bool)
UnityEngine.Animator:SetBool (string,bool)
ControladorJugador:Update () (at Assets/Scripts/ControladorJugador.cs:56)

[Assets/Scripts/ControladorJugador.cs line 56]

Parameter 'isRunning' does not exist.
UnityEngine.Debug:ExtractStackTraceNoAlloc (byte*,int,string)
UnityEngine.StackTraceUtility:ExtractStackTrace ()
UnityEngine.Animator:SetBoolString (string,bool)
UnityEngine.Animator:SetBool (string,bool)
ControladorJugador:Update () (at Assets/Scripts/ControladorJugador.cs:57)

[Assets/Scripts/ControladorJugador.cs line 57]

Parameter 'isRunning' does not exist.
UnityEngine.Debug:ExtractStackTraceNoAlloc (byte*,int,string)
UnityEngine.StackTraceUtility:ExtractStackTrace ()
UnityEngine.Animator:GetBoolString (string)
UnityEngine.Animator:GetBool (string)
ControladorJugador:FixedUpdate () (at Assets/Scripts/ControladorJugador.cs:83)

[Assets/Scripts/ControladorJugador.cs line 83]

Parameter 'isWalking' does not exist.
UnityEngine.Debug:ExtractStackTraceNoAlloc (byte*,int,string)
UnityEngine.StackTraceUtility:ExtractStackTrace ()
UnityEngine.Animator:SetBoolString (string,bool)
UnityEngine.Animator:SetBool (string,bool)
ControladorJugador:Update () (at Assets/Scripts/ControladorJugador.cs:56)

[Assets/Scripts/ControladorJugador.cs line 56]

Parameter 'isRunning' does not exist.
UnityEngine.Debug:ExtractStackTraceNoAlloc (byte*,int,string)
UnityEngine.StackTraceUtility:ExtractStackTrace ()
UnityEngine.Animator:SetBoolString (string,bool)
UnityEngine.Animator:SetBool (string,bool)
ControladorJugador:Update () (at Assets/Scripts/ControladorJugador.cs:57)

[Assets/Scripts/ControladorJugador.cs line 57]

Parameter 'isWalking' does not exist.
UnityEngine.Debug:ExtractStackTraceNoAlloc (byte*,int,string)
UnityEngine.StackTraceUtility:ExtractStackTrace ()
UnityEngine.Animator:SetBoolString (string,bool)
UnityEngine.Animator:SetBool (string,bool)
ControladorJugador:Update () (at Assets/Scripts/ControladorJugador.cs:56)

[Assets/Scripts/ControladorJugador.cs line 56]

Parameter 'isRunning' does not exist.
UnityEngine.Debug:ExtractStackTraceNoAlloc (byte*,int,string)
UnityEngine.StackTraceUtility:ExtractStackTrace ()
UnityEngine.Animator:SetBoolString (string,bool)
UnityEngine.Animator:SetBool (string,bool)
ControladorJugador:Update () (at Assets/Scripts/ControladorJugador.cs:57)

[Assets/Scripts/ControladorJugador.cs line 57]

Parameter 'isWalking' does not exist.
UnityEngine.Debug:ExtractStackTraceNoAlloc (byte*,int,string)
UnityEngine.StackTraceUtility:ExtractStackTrace ()
UnityEngine.Animator:SetBoolString (string,bool)
UnityEngine.Animator:SetBool (string,bool)
ControladorJugador:Update () (at Assets/Scripts/ControladorJugador.cs:56)

[Assets/Scripts/ControladorJugador.cs line 56]

Parameter 'isRunning' does not exist.
UnityEngine.Debug:ExtractStackTraceNoAlloc (byte*,int,string)
UnityEngine.StackTraceUtility:ExtractStackTrace ()
UnityEngine.Animator:SetBoolString (string,bool)
UnityEngine.Animator:SetBool (string,bool)
ControladorJugador:Update () (at Assets/Scripts/ControladorJugador.cs:57)

[Assets/Scripts/ControladorJugador.cs line 57]

Parameter 'isWalking' does not exist.
UnityEngine.Debug:ExtractStackTraceNoAlloc (byte*,int,string)
UnityEngine.StackTraceUtility:ExtractStackTrace ()
UnityEngine.Animator:SetBoolString (string,bool)
UnityEngine.Animator:SetBool (string,bool)
ControladorJugador:Update () (at Assets/Scripts/ControladorJugador.cs:56)

[Assets/Scripts/ControladorJugador.cs line 56]

Parameter 'isRunning' does not exist.
UnityEngine.Debug:ExtractStackTraceNoAlloc (byte*,int,string)
UnityEngine.StackTraceUtility:ExtractStackTrace ()
UnityEngine.Animator:SetBoolString (string,bool)
UnityEngine.Animator:SetBool (string,bool)
ControladorJugador:Update () (at Assets/Scripts/ControladorJugador.cs:57)

[Assets/Scripts/ControladorJugador.cs line 57]

Parameter 'isRunning' does not exist.
UnityEngine.Debug:ExtractStackTraceNoAlloc (byte*,int,string)
UnityEngine.StackTraceUtility:ExtractStackTrace ()
UnityEngine.Animator:GetBoolString (string)
UnityEngine.Animator:GetBool (string)
ControladorJugador:FixedUpdate () (at Assets/Scripts/ControladorJugador.cs:83)

[Assets/Scripts/ControladorJugador.cs line 83]

Parameter 'isWalking' does not exist.
UnityEngine.Debug:ExtractStackTraceNoAlloc (byte*,int,string)
UnityEngine.StackTraceUtility:ExtractStackTrace ()
UnityEngine.Animator:SetBoolString (string,bool)
UnityEngine.Animator:SetBool (string,bool)
ControladorJugador:Update () (at Assets/Scripts/ControladorJugador.cs:56)

[Assets/Scripts/ControladorJugador.cs line 56]

Parameter 'isRunning' does not exist.
UnityEngine.Debug:ExtractStackTraceNoAlloc (byte*,int,string)
UnityEngine.StackTraceUtility:ExtractStackTrace ()
UnityEngine.Animator:SetBoolString (string,bool)
UnityEngine.Animator:SetBool (string,bool)
ControladorJugador:Update () (at Assets/Scripts/ControladorJugador.cs:57)

[Assets/Scripts/ControladorJugador.cs line 57]

Parameter 'isWalking' does not exist.
UnityEngine.Debug:ExtractStackTraceNoAlloc (byte*,int,string)
UnityEngine.StackTraceUtility:ExtractStackTrace ()
UnityEngine.Animator:SetBoolString (string,bool)
UnityEngine.Animator:SetBool (string,bool)
ControladorJugador:Update () (at Assets/Scripts/ControladorJugador.cs:56)

[Assets/Scripts/ControladorJugador.cs line 56]

Parameter 'isRunning' does not exist.
UnityEngine.Debug:ExtractStackTraceNoAlloc (byte*,int,string)
UnityEngine.StackTraceUtility:ExtractStackTrace ()
UnityEngine.Animator:SetBoolString (string,bool)
UnityEngine.Animator:SetBool (string,bool)
ControladorJugador:Update () (at Assets/Scripts/ControladorJugador.cs:57)

[Assets/Scripts/ControladorJugador.cs line 57]

Parameter 'isWalking' does not exist.
UnityEngine.Debug:ExtractStackTraceNoAlloc (byte*,int,string)
UnityEngine.StackTraceUtility:ExtractStackTrace ()
UnityEngine.Animator:SetBoolString (string,bool)
UnityEngine.Animator:SetBool (string,bool)
ControladorJugador:Update () (at Assets/Scripts/ControladorJugador.cs:56)

[Assets/Scripts/ControladorJugador.cs line 56]

Parameter 'isRunning' does not exist.
UnityEngine.Debug:ExtractStackTraceNoAlloc (byte*,int,string)
UnityEngine.StackTraceUtility:ExtractStackTrace ()
UnityEngine.Animator:SetBoolString (string,bool)
UnityEngine.Animator:SetBool (string,bool)
ControladorJugador:Update () (at Assets/Scripts/ControladorJugador.cs:57)

[Assets/Scripts/ControladorJugador.cs line 57]

Parameter 'isWalking' does not exist.
UnityEngine.Debug:ExtractStackTraceNoAlloc (byte*,int,string)
UnityEngine.StackTraceUtility:ExtractStackTrace ()
UnityEngine.Animator:SetBoolString (string,bool)
UnityEngine.Animator:SetBool (string,bool)
ControladorJugador:Update () (at Assets/Scripts/ControladorJugador.cs:56)

[Assets/Scripts/ControladorJugador.cs line 56]

Parameter 'isRunning' does not exist.
UnityEngine.Debug:ExtractStackTraceNoAlloc (byte*,int,string)
UnityEngine.StackTraceUtility:ExtractStackTrace ()
UnityEngine.Animator:SetBoolString (string,bool)
UnityEngine.Animator:SetBool (string,bool)
ControladorJugador:Update () (at Assets/Scripts/ControladorJugador.cs:57)

[Assets/Scripts/ControladorJugador.cs line 57]

Parameter 'isRunning' does not exist.
UnityEngine.Debug:ExtractStackTraceNoAlloc (byte*,int,string)
UnityEngine.StackTraceUtility:ExtractStackTrace ()
UnityEngine.Animator:GetBoolString (string)
UnityEngine.Animator:GetBool (string)
ControladorJugador:FixedUpdate () (at Assets/Scripts/ControladorJugador.cs:83)

[Assets/Scripts/ControladorJugador.cs line 83]

Parameter 'isWalking' does not exist.
UnityEngine.Debug:ExtractStackTraceNoAlloc (byte*,int,string)
UnityEngine.StackTraceUtility:ExtractStackTrace ()
UnityEngine.Animator:SetBoolString (string,bool)
UnityEngine.Animator:SetBool (string,bool)
ControladorJugador:Update () (at Assets/Scripts/ControladorJugador.cs:56)

[Assets/Scripts/ControladorJugador.cs line 56]

Parameter 'isRunning' does not exist.
UnityEngine.Debug:ExtractStackTraceNoAlloc (byte*,int,string)
UnityEngine.StackTraceUtility:ExtractStackTrace ()
UnityEngine.Animator:SetBoolString (string,bool)
UnityEngine.Animator:SetBool (string,bool)
ControladorJugador:Update () (at Assets/Scripts/ControladorJugador.cs:57)

[Assets/Scripts/ControladorJugador.cs line 57]

Parameter 'isWalking' does not exist.
UnityEngine.Debug:ExtractStackTraceNoAlloc (byte*,int,string)
UnityEngine.StackTraceUtility:ExtractStackTrace ()
UnityEngine.Animator:SetBoolString (string,bool)
UnityEngine.Animator:SetBool (string,bool)
ControladorJugador:Update () (at Assets/Scripts/ControladorJugador.cs:56)

[Assets/Scripts/ControladorJugador.cs line 56]

Parameter 'isRunning' does not exist.
UnityEngine.Debug:ExtractStackTraceNoAlloc (byte*,int,string)
UnityEngine.StackTraceUtility:ExtractStackTrace ()
UnityEngine.Animator:SetBoolString (string,bool)
UnityEngine.Animator:SetBool (string,bool)
ControladorJugador:Update () (at Assets/Scripts/ControladorJugador.cs:57)

[Assets/Scripts/ControladorJugador.cs line 57]

Parameter 'isWalking' does not exist.
UnityEngine.Debug:ExtractStackTraceNoAlloc (byte*,int,string)
UnityEngine.StackTraceUtility:ExtractStackTrace ()
UnityEngine.Animator:SetBoolString (string,bool)
UnityEngine.Animator:SetBool (string,bool)
ControladorJugador:Update () (at Assets/Scripts/ControladorJugador.cs:56)

[Assets/Scripts/ControladorJugador.cs line 56]

Parameter 'isRunning' does not exist.
UnityEngine.Debug:ExtractStackTraceNoAlloc (byte*,int,string)
UnityEngine.StackTraceUtility:ExtractStackTrace ()
UnityEngine.Animator:SetBoolString (string,bool)
UnityEngine.Animator:SetBool (string,bool)
ControladorJugador:Update () (at Assets/Scripts/ControladorJugador.cs:57)

[Assets/Scripts/ControladorJugador.cs line 57]

Parameter 'isWalking' does not exist.
UnityEngine.Debug:ExtractStackTraceNoAlloc (byte*,int,string)
UnityEngine.StackTraceUtility:ExtractStackTrace ()
UnityEngine.Animator:SetBoolString (string,bool)
UnityEngine.Animator:SetBool (string,bool)
ControladorJugador:Update () (at Assets/Scripts/ControladorJugador.cs:56)

[Assets/Scripts/ControladorJugador.cs line 56]

Parameter 'isRunning' does not exist.
UnityEngine.Debug:ExtractStackTraceNoAlloc (byte*,int,string)
UnityEngine.StackTraceUtility:ExtractStackTrace ()
UnityEngine.Animator:SetBoolString (string,bool)
UnityEngine.Animator:SetBool (string,bool)
ControladorJugador:Update () (at Assets/Scripts/ControladorJugador.cs:57)

[Assets/Scripts/ControladorJugador.cs line 57]

Parameter 'isWalking' does not exist.
UnityEngine.Debug:ExtractStackTraceNoAlloc (byte*,int,string)
UnityEngine.StackTraceUtility:ExtractStackTrace ()
UnityEngine.Animator:SetBoolString (string,bool)
UnityEngine.Animator:SetBool (string,bool)
ControladorJugador:Update () (at Assets/Scripts/ControladorJugador.cs:56)

[Assets/Scripts/ControladorJugador.cs line 56]

Parameter 'isRunning' does not exist.
UnityEngine.Debug:ExtractStackTraceNoAlloc (byte*,int,string)
UnityEngine.StackTraceUtility:ExtractStackTrace ()
UnityEngine.Animator:SetBoolString (string,bool)
UnityEngine.Animator:SetBool (string,bool)
ControladorJugador:Update () (at Assets/Scripts/ControladorJugador.cs:57)

[Assets/Scripts/ControladorJugador.cs line 57]

Parameter 'isRunning' does not exist.
UnityEngine.Debug:ExtractStackTraceNoAlloc (byte*,int,string)
UnityEngine.StackTraceUtility:ExtractStackTrace ()
UnityEngine.Animator:GetBoolString (string)
UnityEngine.Animator:GetBool (string)
ControladorJugador:FixedUpdate () (at Assets/Scripts/ControladorJugador.cs:83)

[Assets/Scripts/ControladorJugador.cs line 83]

Parameter 'isWalking' does not exist.
UnityEngine.Debug:ExtractStackTraceNoAlloc (byte*,int,string)
UnityEngine.StackTraceUtility:ExtractStackTrace ()
UnityEngine.Animator:SetBoolString (string,bool)
UnityEngine.Animator:SetBool (string,bool)
ControladorJugador:Update () (at Assets/Scripts/ControladorJugador.cs:56)

[Assets/Scripts/ControladorJugador.cs line 56]

Parameter 'isRunning' does not exist.
UnityEngine.Debug:ExtractStackTraceNoAlloc (byte*,int,string)
UnityEngine.StackTraceUtility:ExtractStackTrace ()
UnityEngine.Animator:SetBoolString (string,bool)
UnityEngine.Animator:SetBool (string,bool)
ControladorJugador:Update () (at Assets/Scripts/ControladorJugador.cs:57)

[Assets/Scripts/ControladorJugador.cs line 57]

Parameter 'isWalking' does not exist.
UnityEngine.Debug:ExtractStackTraceNoAlloc (byte*,int,string)
UnityEngine.StackTraceUtility:ExtractStackTrace ()
UnityEngine.Animator:SetBoolString (string,bool)
UnityEngine.Animator:SetBool (string,bool)
ControladorJugador:Update () (at Assets/Scripts/ControladorJugador.cs:56)

[Assets/Scripts/ControladorJugador.cs line 56]

Parameter 'isRunning' does not exist.
UnityEngine.Debug:ExtractStackTraceNoAlloc (byte*,int,string)
UnityEngine.StackTraceUtility:ExtractStackTrace ()
UnityEngine.Animator:SetBoolString (string,bool)
UnityEngine.Animator:SetBool (string,bool)
ControladorJugador:Update () (at Assets/Scripts/ControladorJugador.cs:57)

[Assets/Scripts/ControladorJugador.cs line 57]

Parameter 'isWalking' does not exist.
UnityEngine.Debug:ExtractStackTraceNoAlloc (byte*,int,string)
UnityEngine.StackTraceUtility:ExtractStackTrace ()
UnityEngine.Animator:SetBoolString (string,bool)
UnityEngine.Animator:SetBool (string,bool)
ControladorJugador:Update () (at Assets/Scripts/ControladorJugador.cs:56)

[Assets/Scripts/ControladorJugador.cs line 56]

Parameter 'isRunning' does not exist.
UnityEngine.Debug:ExtractStackTraceNoAlloc (byte*,int,string)
UnityEngine.StackTraceUtility:ExtractStackTrace ()
UnityEngine.Animator:SetBoolString (string,bool)
UnityEngine.Animator:SetBool (string,bool)
ControladorJugador:Update () (at Assets/Scripts/ControladorJugador.cs:57)

[Assets/Scripts/ControladorJugador.cs line 57]

Parameter 'isWalking' does not exist.
UnityEngine.Debug:ExtractStackTraceNoAlloc (byte*,int,string)
UnityEngine.StackTraceUtility:ExtractStackTrace ()
UnityEngine.Animator:SetBoolString (string,bool)
UnityEngine.Animator:SetBool (string,bool)
ControladorJugador:Update () (at Assets/Scripts/ControladorJugador.cs:56)

[Assets/Scripts/ControladorJugador.cs line 56]

Parameter 'isRunning' does not exist.
UnityEngine.Debug:ExtractStackTraceNoAlloc (byte*,int,string)
UnityEngine.StackTraceUtility:ExtractStackTrace ()
UnityEngine.Animator:SetBoolString (string,bool)
UnityEngine.Animator:SetBool (string,bool)
ControladorJugador:Update () (at Assets/Scripts/ControladorJugador.cs:57)

[Assets/Scripts/ControladorJugador.cs line 57]

Parameter 'isWalking' does not exist.
UnityEngine.Debug:ExtractStackTraceNoAlloc (byte*,int,string)
UnityEngine.StackTraceUtility:ExtractStackTrace ()
UnityEngine.Animator:SetBoolString (string,bool)
UnityEngine.Animator:SetBool (string,bool)
ControladorJugador:Update () (at Assets/Scripts/ControladorJugador.cs:56)

[Assets/Scripts/ControladorJugador.cs line 56]

Parameter 'isRunning' does not exist.
UnityEngine.Debug:ExtractStackTraceNoAlloc (byte*,int,string)
UnityEngine.StackTraceUtility:ExtractStackTrace ()
UnityEngine.Animator:SetBoolString (string,bool)
UnityEngine.Animator:SetBool (string,bool)
ControladorJugador:Update () (at Assets/Scripts/ControladorJugador.cs:57)

[Assets/Scripts/ControladorJugador.cs line 57]

Parameter 'isRunning' does not exist.
UnityEngine.Debug:ExtractStackTraceNoAlloc (byte*,int,string)
UnityEngine.StackTraceUtility:ExtractStackTrace ()
UnityEngine.Animator:GetBoolString (string)
UnityEngine.Animator:GetBool (string)
ControladorJugador:FixedUpdate () (at Assets/Scripts/ControladorJugador.cs:83)

[Assets/Scripts/ControladorJugador.cs line 83]

Parameter 'isWalking' does not exist.
UnityEngine.Debug:ExtractStackTraceNoAlloc (byte*,int,string)
UnityEngine.StackTraceUtility:ExtractStackTrace ()
UnityEngine.Animator:SetBoolString (string,bool)
UnityEngine.Animator:SetBool (string,bool)
ControladorJugador:Update () (at Assets/Scripts/ControladorJugador.cs:56)

[Assets/Scripts/ControladorJugador.cs line 56]

Parameter 'isRunning' does not exist.
UnityEngine.Debug:ExtractStackTraceNoAlloc (byte*,int,string)
UnityEngine.StackTraceUtility:ExtractStackTrace ()
UnityEngine.Animator:SetBoolString (string,bool)
UnityEngine.Animator:SetBool (string,bool)
ControladorJugador:Update () (at Assets/Scripts/ControladorJugador.cs:57)

[Assets/Scripts/ControladorJugador.cs line 57]

Parameter 'isWalking' does not exist.
UnityEngine.Debug:ExtractStackTraceNoAlloc (byte*,int,string)
UnityEngine.StackTraceUtility:ExtractStackTrace ()
UnityEngine.Animator:SetBoolString (string,bool)
UnityEngine.Animator:SetBool (string,bool)
ControladorJugador:Update () (at Assets/Scripts/ControladorJugador.cs:56)

[Assets/Scripts/ControladorJugador.cs line 56]

Parameter 'isRunning' does not exist.
UnityEngine.Debug:ExtractStackTraceNoAlloc (byte*,int,string)
UnityEngine.StackTraceUtility:ExtractStackTrace ()
UnityEngine.Animator:SetBoolString (string,bool)
UnityEngine.Animator:SetBool (string,bool)
ControladorJugador:Update () (at Assets/Scripts/ControladorJugador.cs:57)

[Assets/Scripts/ControladorJugador.cs line 57]

Parameter 'isWalking' does not exist.
UnityEngine.Debug:ExtractStackTraceNoAlloc (byte*,int,string)
UnityEngine.StackTraceUtility:ExtractStackTrace ()
UnityEngine.Animator:SetBoolString (string,bool)
UnityEngine.Animator:SetBool (string,bool)
ControladorJugador:Update () (at Assets/Scripts/ControladorJugador.cs:56)

[Assets/Scripts/ControladorJugador.cs line 56]

Parameter 'isRunning' does not exist.
UnityEngine.Debug:ExtractStackTraceNoAlloc (byte*,int,string)
UnityEngine.StackTraceUtility:ExtractStackTrace ()
UnityEngine.Animator:SetBoolString (string,bool)
UnityEngine.Animator:SetBool (string,bool)
ControladorJugador:Update () (at Assets/Scripts/ControladorJugador.cs:57)

[Assets/Scripts/ControladorJugador.cs line 57]

Parameter 'isWalking' does not exist.
UnityEngine.Debug:ExtractStackTraceNoAlloc (byte*,int,string)
UnityEngine.StackTraceUtility:ExtractStackTrace ()
UnityEngine.Animator:SetBoolString (string,bool)
UnityEngine.Animator:SetBool (string,bool)
ControladorJugador:Update () (at Assets/Scripts/ControladorJugador.cs:56)

[Assets/Scripts/ControladorJugador.cs line 56]

Parameter 'isRunning' does not exist.
UnityEngine.Debug:ExtractStackTraceNoAlloc (byte*,int,string)
UnityEngine.StackTraceUtility:ExtractStackTrace ()
UnityEngine.Animator:SetBoolString (string,bool)
UnityEngine.Animator:SetBool (string,bool)
ControladorJugador:Update () (at Assets/Scripts/ControladorJugador.cs:57)

[Assets/Scripts/ControladorJugador.cs line 57]

Parameter 'isRunning' does not exist.
UnityEngine.Debug:ExtractStackTraceNoAlloc (byte*,int,string)
UnityEngine.StackTraceUtility:ExtractStackTrace ()
UnityEngine.Animator:GetBoolString (string)
UnityEngine.Animator:GetBool (string)
ControladorJugador:FixedUpdate () (at Assets/Scripts/ControladorJugador.cs:83)

[Assets/Scripts/ControladorJugador.cs line 83]

Parameter 'isWalking' does not exist.
UnityEngine.Debug:ExtractStackTraceNoAlloc (byte*,int,string)
UnityEngine.StackTraceUtility:ExtractStackTrace ()
UnityEngine.Animator:SetBoolString (string,bool)
UnityEngine.Animator:SetBool (string,bool)
ControladorJugador:Update () (at Assets/Scripts/ControladorJugador.cs:56)

[Assets/Scripts/ControladorJugador.cs line 56]

Parameter 'isRunning' does not exist.
UnityEngine.Debug:ExtractStackTraceNoAlloc (byte*,int,string)
UnityEngine.StackTraceUtility:ExtractStackTrace ()
UnityEngine.Animator:SetBoolString (string,bool)
UnityEngine.Animator:SetBool (string,bool)
ControladorJugador:Update () (at Assets/Scripts/ControladorJugador.cs:57)

[Assets/Scripts/ControladorJugador.cs line 57]

Parameter 'isWalking' does not exist.
UnityEngine.Debug:ExtractStackTraceNoAlloc (byte*,int,string)
UnityEngine.StackTraceUtility:ExtractStackTrace ()
UnityEngine.Animator:SetBoolString (string,bool)
UnityEngine.Animator:SetBool (string,bool)
ControladorJugador:Update () (at Assets/Scripts/ControladorJugador.cs:56)

[Assets/Scripts/ControladorJugador.cs line 56]

Parameter 'isRunning' does not exist.
UnityEngine.Debug:ExtractStackTraceNoAlloc (byte*,int,string)
UnityEngine.StackTraceUtility:ExtractStackTrace ()
UnityEngine.Animator:SetBoolString (string,bool)
UnityEngine.Animator:SetBool (string,bool)
ControladorJugador:Update () (at Assets/Scripts/ControladorJugador.cs:57)

[Assets/Scripts/ControladorJugador.cs line 57]

Parameter 'isWalking' does not exist.
UnityEngine.Debug:ExtractStackTraceNoAlloc (byte*,int,string)
UnityEngine.StackTraceUtility:ExtractStackTrace ()
UnityEngine.Animator:SetBoolString (string,bool)
UnityEngine.Animator:SetBool (string,bool)
ControladorJugador:Update () (at Assets/Scripts/ControladorJugador.cs:56)

[Assets/Scripts/ControladorJugador.cs line 56]

Parameter 'isRunning' does not exist.
UnityEngine.Debug:ExtractStackTraceNoAlloc (byte*,int,string)
UnityEngine.StackTraceUtility:ExtractStackTrace ()
UnityEngine.Animator:SetBoolString (string,bool)
UnityEngine.Animator:SetBool (string,bool)
ControladorJugador:Update () (at Assets/Scripts/ControladorJugador.cs:57)

[Assets/Scripts/ControladorJugador.cs line 57]

Parameter 'isWalking' does not exist.
UnityEngine.Debug:ExtractStackTraceNoAlloc (byte*,int,string)
UnityEngine.StackTraceUtility:ExtractStackTrace ()
UnityEngine.Animator:SetBoolString (string,bool)
UnityEngine.Animator:SetBool (string,bool)
ControladorJugador:Update () (at Assets/Scripts/ControladorJugador.cs:56)

[Assets/Scripts/ControladorJugador.cs line 56]

Parameter 'isRunning' does not exist.
UnityEngine.Debug:ExtractStackTraceNoAlloc (byte*,int,string)
UnityEngine.StackTraceUtility:ExtractStackTrace ()
UnityEngine.Animator:SetBoolString (string,bool)
UnityEngine.Animator:SetBool (string,bool)
ControladorJugador:Update () (at Assets/Scripts/ControladorJugador.cs:57)

[Assets/Scripts/ControladorJugador.cs line 57]

Parameter 'isWalking' does not exist.
UnityEngine.Debug:ExtractStackTraceNoAlloc (byte*,int,string)
UnityEngine.StackTraceUtility:ExtractStackTrace ()
UnityEngine.Animator:SetBoolString (string,bool)
UnityEngine.Animator:SetBool (string,bool)
ControladorJugador:Update () (at Assets/Scripts/ControladorJugador.cs:56)

[Assets/Scripts/ControladorJugador.cs line 56]

Parameter 'isRunning' does not exist.
UnityEngine.Debug:ExtractStackTraceNoAlloc (byte*,int,string)
UnityEngine.StackTraceUtility:ExtractStackTrace ()
UnityEngine.Animator:SetBoolString (string,bool)
UnityEngine.Animator:SetBool (string,bool)
ControladorJugador:Update () (at Assets/Scripts/ControladorJugador.cs:57)

[Assets/Scripts/ControladorJugador.cs line 57]

Parameter 'isRunning' does not exist.
UnityEngine.Debug:ExtractStackTraceNoAlloc (byte*,int,string)
UnityEngine.StackTraceUtility:ExtractStackTrace ()
UnityEngine.Animator:GetBoolString (string)
UnityEngine.Animator:GetBool (string)
ControladorJugador:FixedUpdate () (at Assets/Scripts/ControladorJugador.cs:83)

[Assets/Scripts/ControladorJugador.cs line 83]

Parameter 'isWalking' does not exist.
UnityEngine.Debug:ExtractStackTraceNoAlloc (byte*,int,string)
UnityEngine.StackTraceUtility:ExtractStackTrace ()
UnityEngine.Animator:SetBoolString (string,bool)
UnityEngine.Animator:SetBool (string,bool)
ControladorJugador:Update () (at Assets/Scripts/ControladorJugador.cs:56)

[Assets/Scripts/ControladorJugador.cs line 56]

Parameter 'isRunning' does not exist.
UnityEngine.Debug:ExtractStackTraceNoAlloc (byte*,int,string)
UnityEngine.StackTraceUtility:ExtractStackTrace ()
UnityEngine.Animator:SetBoolString (string,bool)
UnityEngine.Animator:SetBool (string,bool)
ControladorJugador:Update () (at Assets/Scripts/ControladorJugador.cs:57)

[Assets/Scripts/ControladorJugador.cs line 57]

Parameter 'isWalking' does not exist.
UnityEngine.Debug:ExtractStackTraceNoAlloc (byte*,int,string)
UnityEngine.StackTraceUtility:ExtractStackTrace ()
UnityEngine.Animator:SetBoolString (string,bool)
UnityEngine.Animator:SetBool (string,bool)
ControladorJugador:Update () (at Assets/Scripts/ControladorJugador.cs:56)

[Assets/Scripts/ControladorJugador.cs line 56]

Parameter 'isRunning' does not exist.
UnityEngine.Debug:ExtractStackTraceNoAlloc (byte*,int,string)
UnityEngine.StackTraceUtility:ExtractStackTrace ()
UnityEngine.Animator:SetBoolString (string,bool)
UnityEngine.Animator:SetBool (string,bool)
ControladorJugador:Update () (at Assets/Scripts/ControladorJugador.cs:57)

[Assets/Scripts/ControladorJugador.cs line 57]

Parameter 'isWalking' does not exist.
UnityEngine.Debug:ExtractStackTraceNoAlloc (byte*,int,string)
UnityEngine.StackTraceUtility:ExtractStackTrace ()
UnityEngine.Animator:SetBoolString (string,bool)
UnityEngine.Animator:SetBool (string,bool)
ControladorJugador:Update () (at Assets/Scripts/ControladorJugador.cs:56)

[Assets/Scripts/ControladorJugador.cs line 56]

Parameter 'isRunning' does not exist.
UnityEngine.Debug:ExtractStackTraceNoAlloc (byte*,int,string)
UnityEngine.StackTraceUtility:ExtractStackTrace ()
UnityEngine.Animator:SetBoolString (string,bool)
UnityEngine.Animator:SetBool (string,bool)
ControladorJugador:Update () (at Assets/Scripts/ControladorJugador.cs:57)

[Assets/Scripts/ControladorJugador.cs line 57]

Parameter 'isWalking' does not exist.
UnityEngine.Debug:ExtractStackTraceNoAlloc (byte*,int,string)
UnityEngine.StackTraceUtility:ExtractStackTrace ()
UnityEngine.Animator:SetBoolString (string,bool)
UnityEngine.Animator:SetBool (string,bool)
ControladorJugador:Update () (at Assets/Scripts/ControladorJugador.cs:56)

[Assets/Scripts/ControladorJugador.cs line 56]

Parameter 'isRunning' does not exist.
UnityEngine.Debug:ExtractStackTraceNoAlloc (byte*,int,string)
UnityEngine.StackTraceUtility:ExtractStackTrace ()
UnityEngine.Animator:SetBoolString (string,bool)
UnityEngine.Animator:SetBool (string,bool)
ControladorJugador:Update () (at Assets/Scripts/ControladorJugador.cs:57)

[Assets/Scripts/ControladorJugador.cs line 57]

Parameter 'isWalking' does not exist.
UnityEngine.Debug:ExtractStackTraceNoAlloc (byte*,int,string)
UnityEngine.StackTraceUtility:ExtractStackTrace ()
UnityEngine.Animator:SetBoolString (string,bool)
UnityEngine.Animator:SetBool (string,bool)
ControladorJugador:Update () (at Assets/Scripts/ControladorJugador.cs:56)

[Assets/Scripts/ControladorJugador.cs line 56]

Parameter 'isRunning' does not exist.
UnityEngine.Debug:ExtractStackTraceNoAlloc (byte*,int,string)
UnityEngine.StackTraceUtility:ExtractStackTrace ()
UnityEngine.Animator:SetBoolString (string,bool)
UnityEngine.Animator:SetBool (string,bool)
ControladorJugador:Update () (at Assets/Scripts/ControladorJugador.cs:57)

[Assets/Scripts/ControladorJugador.cs line 57]

Parameter 'isRunning' does not exist.
UnityEngine.Debug:ExtractStackTraceNoAlloc (byte*,int,string)
UnityEngine.StackTraceUtility:ExtractStackTrace ()
UnityEngine.Animator:GetBoolString (string)
UnityEngine.Animator:GetBool (string)
ControladorJugador:FixedUpdate () (at Assets/Scripts/ControladorJugador.cs:83)

[Assets/Scripts/ControladorJugador.cs line 83]

Parameter 'isWalking' does not exist.
UnityEngine.Debug:ExtractStackTraceNoAlloc (byte*,int,string)
UnityEngine.StackTraceUtility:ExtractStackTrace ()
UnityEngine.Animator:SetBoolString (string,bool)
UnityEngine.Animator:SetBool (string,bool)
ControladorJugador:Update () (at Assets/Scripts/ControladorJugador.cs:56)

[Assets/Scripts/ControladorJugador.cs line 56]

Parameter 'isRunning' does not exist.
UnityEngine.Debug:ExtractStackTraceNoAlloc (byte*,int,string)
UnityEngine.StackTraceUtility:ExtractStackTrace ()
UnityEngine.Animator:SetBoolString (string,bool)
UnityEngine.Animator:SetBool (string,bool)
ControladorJugador:Update () (at Assets/Scripts/ControladorJugador.cs:57)

[Assets/Scripts/ControladorJugador.cs line 57]

Parameter 'isWalking' does not exist.
UnityEngine.Debug:ExtractStackTraceNoAlloc (byte*,int,string)
UnityEngine.StackTraceUtility:ExtractStackTrace ()
UnityEngine.Animator:SetBoolString (string,bool)
UnityEngine.Animator:SetBool (string,bool)
ControladorJugador:Update () (at Assets/Scripts/ControladorJugador.cs:56)

[Assets/Scripts/ControladorJugador.cs line 56]

Parameter 'isRunning' does not exist.
UnityEngine.Debug:ExtractStackTraceNoAlloc (byte*,int,string)
UnityEngine.StackTraceUtility:ExtractStackTrace ()
UnityEngine.Animator:SetBoolString (string,bool)
UnityEngine.Animator:SetBool (string,bool)
ControladorJugador:Update () (at Assets/Scripts/ControladorJugador.cs:57)

[Assets/Scripts/ControladorJugador.cs line 57]

Parameter 'isWalking' does not exist.
UnityEngine.Debug:ExtractStackTraceNoAlloc (byte*,int,string)
UnityEngine.StackTraceUtility:ExtractStackTrace ()
UnityEngine.Animator:SetBoolString (string,bool)
UnityEngine.Animator:SetBool (string,bool)
ControladorJugador:Update () (at Assets/Scripts/ControladorJugador.cs:56)

[Assets/Scripts/ControladorJugador.cs line 56]

Parameter 'isRunning' does not exist.
UnityEngine.Debug:ExtractStackTraceNoAlloc (byte*,int,string)
UnityEngine.StackTraceUtility:ExtractStackTrace ()
UnityEngine.Animator:SetBoolString (string,bool)
UnityEngine.Animator:SetBool (string,bool)
ControladorJugador:Update () (at Assets/Scripts/ControladorJugador.cs:57)

[Assets/Scripts/ControladorJugador.cs line 57]

Parameter 'isWalking' does not exist.
UnityEngine.Debug:ExtractStackTraceNoAlloc (byte*,int,string)
UnityEngine.StackTraceUtility:ExtractStackTrace ()
UnityEngine.Animator:SetBoolString (string,bool)
UnityEngine.Animator:SetBool (string,bool)
ControladorJugador:Update () (at Assets/Scripts/ControladorJugador.cs:56)

[Assets/Scripts/ControladorJugador.cs line 56]

Parameter 'isRunning' does not exist.
UnityEngine.Debug:ExtractStackTraceNoAlloc (byte*,int,string)
UnityEngine.StackTraceUtility:ExtractStackTrace ()
UnityEngine.Animator:SetBoolString (string,bool)
UnityEngine.Animator:SetBool (string,bool)
ControladorJugador:Update () (at Assets/Scripts/ControladorJugador.cs:57)

[Assets/Scripts/ControladorJugador.cs line 57]

Parameter 'isRunning' does not exist.
UnityEngine.Debug:ExtractStackTraceNoAlloc (byte*,int,string)
UnityEngine.StackTraceUtility:ExtractStackTrace ()
UnityEngine.Animator:GetBoolString (string)
UnityEngine.Animator:GetBool (string)
ControladorJugador:FixedUpdate () (at Assets/Scripts/ControladorJugador.cs:83)

[Assets/Scripts/ControladorJugador.cs line 83]

Parameter 'isWalking' does not exist.
UnityEngine.Debug:ExtractStackTraceNoAlloc (byte*,int,string)
UnityEngine.StackTraceUtility:ExtractStackTrace ()
UnityEngine.Animator:SetBoolString (string,bool)
UnityEngine.Animator:SetBool (string,bool)
ControladorJugador:Update () (at Assets/Scripts/ControladorJugador.cs:56)

[Assets/Scripts/ControladorJugador.cs line 56]

Parameter 'isRunning' does not exist.
UnityEngine.Debug:ExtractStackTraceNoAlloc (byte*,int,string)
UnityEngine.StackTraceUtility:ExtractStackTrace ()
UnityEngine.Animator:SetBoolString (string,bool)
UnityEngine.Animator:SetBool (string,bool)
ControladorJugador:Update () (at Assets/Scripts/ControladorJugador.cs:57)

[Assets/Scripts/ControladorJugador.cs line 57]

Parameter 'isWalking' does not exist.
UnityEngine.Debug:ExtractStackTraceNoAlloc (byte*,int,string)
UnityEngine.StackTraceUtility:ExtractStackTrace ()
UnityEngine.Animator:SetBoolString (string,bool)
UnityEngine.Animator:SetBool (string,bool)
ControladorJugador:Update () (at Assets/Scripts/ControladorJugador.cs:56)

[Assets/Scripts/ControladorJugador.cs line 56]

Parameter 'isRunning' does not exist.
UnityEngine.Debug:ExtractStackTraceNoAlloc (byte*,int,string)
UnityEngine.StackTraceUtility:ExtractStackTrace ()
UnityEngine.Animator:SetBoolString (string,bool)
UnityEngine.Animator:SetBool (string,bool)
ControladorJugador:Update () (at Assets/Scripts/ControladorJugador.cs:57)

[Assets/Scripts/ControladorJugador.cs line 57]

Parameter 'isWalking' does not exist.
UnityEngine.Debug:ExtractStackTraceNoAlloc (byte*,int,string)
UnityEngine.StackTraceUtility:ExtractStackTrace ()
UnityEngine.Animator:SetBoolString (string,bool)
UnityEngine.Animator:SetBool (string,bool)
ControladorJugador:Update () (at Assets/Scripts/ControladorJugador.cs:56)

[Assets/Scripts/ControladorJugador.cs line 56]

Parameter 'isRunning' does not exist.
UnityEngine.Debug:ExtractStackTraceNoAlloc (byte*,int,string)
UnityEngine.StackTraceUtility:ExtractStackTrace ()
UnityEngine.Animator:SetBoolString (string,bool)
UnityEngine.Animator:SetBool (string,bool)
ControladorJugador:Update () (at Assets/Scripts/ControladorJugador.cs:57)

[Assets/Scripts/ControladorJugador.cs line 57]

Parameter 'isWalking' does not exist.
UnityEngine.Debug:ExtractStackTraceNoAlloc (byte*,int,string)
UnityEngine.StackTraceUtility:ExtractStackTrace ()
UnityEngine.Animator:SetBoolString (string,bool)
UnityEngine.Animator:SetBool (string,bool)
ControladorJugador:Update () (at Assets/Scripts/ControladorJugador.cs:56)

[Assets/Scripts/ControladorJugador.cs line 56]

Parameter 'isRunning' does not exist.
UnityEngine.Debug:ExtractStackTraceNoAlloc (byte*,int,string)
UnityEngine.StackTraceUtility:ExtractStackTrace ()
UnityEngine.Animator:SetBoolString (string,bool)
UnityEngine.Animator:SetBool (string,bool)
ControladorJugador:Update () (at Assets/Scripts/ControladorJugador.cs:57)

[Assets/Scripts/ControladorJugador.cs line 57]

Parameter 'isRunning' does not exist.
UnityEngine.Debug:ExtractStackTraceNoAlloc (byte*,int,string)
UnityEngine.StackTraceUtility:ExtractStackTrace ()
UnityEngine.Animator:GetBoolString (string)
UnityEngine.Animator:GetBool (string)
ControladorJugador:FixedUpdate () (at Assets/Scripts/ControladorJugador.cs:83)

[Assets/Scripts/ControladorJugador.cs line 83]

Parameter 'isWalking' does not exist.
UnityEngine.Debug:ExtractStackTraceNoAlloc (byte*,int,string)
UnityEngine.StackTraceUtility:ExtractStackTrace ()
UnityEngine.Animator:SetBoolString (string,bool)
UnityEngine.Animator:SetBool (string,bool)
ControladorJugador:Update () (at Assets/Scripts/ControladorJugador.cs:56)

[Assets/Scripts/ControladorJugador.cs line 56]

Parameter 'isRunning' does not exist.
UnityEngine.Debug:ExtractStackTraceNoAlloc (byte*,int,string)
UnityEngine.StackTraceUtility:ExtractStackTrace ()
UnityEngine.Animator:SetBoolString (string,bool)
UnityEngine.Animator:SetBool (string,bool)
ControladorJugador:Update () (at Assets/Scripts/ControladorJugador.cs:57)

[Assets/Scripts/ControladorJugador.cs line 57]

Parameter 'isWalking' does not exist.
UnityEngine.Debug:ExtractStackTraceNoAlloc (byte*,int,string)
UnityEngine.StackTraceUtility:ExtractStackTrace ()
UnityEngine.Animator:SetBoolString (string,bool)
UnityEngine.Animator:SetBool (string,bool)
ControladorJugador:Update () (at Assets/Scripts/ControladorJugador.cs:56)

[Assets/Scripts/ControladorJugador.cs line 56]

Parameter 'isRunning' does not exist.
UnityEngine.Debug:ExtractStackTraceNoAlloc (byte*,int,string)
UnityEngine.StackTraceUtility:ExtractStackTrace ()
UnityEngine.Animator:SetBoolString (string,bool)
UnityEngine.Animator:SetBool (string,bool)
ControladorJugador:Update () (at Assets/Scripts/ControladorJugador.cs:57)

[Assets/Scripts/ControladorJugador.cs line 57]

Parameter 'isWalking' does not exist.
UnityEngine.Debug:ExtractStackTraceNoAlloc (byte*,int,string)
UnityEngine.StackTraceUtility:ExtractStackTrace ()
UnityEngine.Animator:SetBoolString (string,bool)
UnityEngine.Animator:SetBool (string,bool)
ControladorJugador:Update () (at Assets/Scripts/ControladorJugador.cs:56)

[Assets/Scripts/ControladorJugador.cs line 56]

Parameter 'isRunning' does not exist.
UnityEngine.Debug:ExtractStackTraceNoAlloc (byte*,int,string)
UnityEngine.StackTraceUtility:ExtractStackTrace ()
UnityEngine.Animator:SetBoolString (string,bool)
UnityEngine.Animator:SetBool (string,bool)
ControladorJugador:Update () (at Assets/Scripts/ControladorJugador.cs:57)

[Assets/Scripts/ControladorJugador.cs line 57]

Parameter 'isWalking' does not exist.
UnityEngine.Debug:ExtractStackTraceNoAlloc (byte*,int,string)
UnityEngine.StackTraceUtility:ExtractStackTrace ()
UnityEngine.Animator:SetBoolString (string,bool)
UnityEngine.Animator:SetBool (string,bool)
ControladorJugador:Update () (at Assets/Scripts/ControladorJugador.cs:56)

[Assets/Scripts/ControladorJugador.cs line 56]

Parameter 'isRunning' does not exist.
UnityEngine.Debug:ExtractStackTraceNoAlloc (byte*,int,string)
UnityEngine.StackTraceUtility:ExtractStackTrace ()
UnityEngine.Animator:SetBoolString (string,bool)
UnityEngine.Animator:SetBool (string,bool)
ControladorJugador:Update () (at Assets/Scripts/ControladorJugador.cs:57)

[Assets/Scripts/ControladorJugador.cs line 57]

Parameter 'isRunning' does not exist.
UnityEngine.Debug:ExtractStackTraceNoAlloc (byte*,int,string)
UnityEngine.StackTraceUtility:ExtractStackTrace ()
UnityEngine.Animator:GetBoolString (string)
UnityEngine.Animator:GetBool (string)
ControladorJugador:FixedUpdate () (at Assets/Scripts/ControladorJugador.cs:83)

[Assets/Scripts/ControladorJugador.cs line 83]

Parameter 'isWalking' does not exist.
UnityEngine.Debug:ExtractStackTraceNoAlloc (byte*,int,string)
UnityEngine.StackTraceUtility:ExtractStackTrace ()
UnityEngine.Animator:SetBoolString (string,bool)
UnityEngine.Animator:SetBool (string,bool)
ControladorJugador:Update () (at Assets/Scripts/ControladorJugador.cs:56)

[Assets/Scripts/ControladorJugador.cs line 56]

Parameter 'isRunning' does not exist.
UnityEngine.Debug:ExtractStackTraceNoAlloc (byte*,int,string)
UnityEngine.StackTraceUtility:ExtractStackTrace ()
UnityEngine.Animator:SetBoolString (string,bool)
UnityEngine.Animator:SetBool (string,bool)
ControladorJugador:Update () (at Assets/Scripts/ControladorJugador.cs:57)

[Assets/Scripts/ControladorJugador.cs line 57]

Parameter 'isWalking' does not exist.
UnityEngine.Debug:ExtractStackTraceNoAlloc (byte*,int,string)
UnityEngine.StackTraceUtility:ExtractStackTrace ()
UnityEngine.Animator:SetBoolString (string,bool)
UnityEngine.Animator:SetBool (string,bool)
ControladorJugador:Update () (at Assets/Scripts/ControladorJugador.cs:56)

[Assets/Scripts/ControladorJugador.cs line 56]

Parameter 'isRunning' does not exist.
UnityEngine.Debug:ExtractStackTraceNoAlloc (byte*,int,string)
UnityEngine.StackTraceUtility:ExtractStackTrace ()
UnityEngine.Animator:SetBoolString (string,bool)
UnityEngine.Animator:SetBool (string,bool)
ControladorJugador:Update () (at Assets/Scripts/ControladorJugador.cs:57)

[Assets/Scripts/ControladorJugador.cs line 57]

Parameter 'isWalking' does not exist.
UnityEngine.Debug:ExtractStackTraceNoAlloc (byte*,int,string)
UnityEngine.StackTraceUtility:ExtractStackTrace ()
UnityEngine.Animator:SetBoolString (string,bool)
UnityEngine.Animator:SetBool (string,bool)
ControladorJugador:Update () (at Assets/Scripts/ControladorJugador.cs:56)

[Assets/Scripts/ControladorJugador.cs line 56]

Parameter 'isRunning' does not exist.
UnityEngine.Debug:ExtractStackTraceNoAlloc (byte*,int,string)
UnityEngine.StackTraceUtility:ExtractStackTrace ()
UnityEngine.Animator:SetBoolString (string,bool)
UnityEngine.Animator:SetBool (string,bool)
ControladorJugador:Update () (at Assets/Scripts/ControladorJugador.cs:57)

[Assets/Scripts/ControladorJugador.cs line 57]

Parameter 'isWalking' does not exist.
UnityEngine.Debug:ExtractStackTraceNoAlloc (byte*,int,string)
UnityEngine.StackTraceUtility:ExtractStackTrace ()
UnityEngine.Animator:SetBoolString (string,bool)
UnityEngine.Animator:SetBool (string,bool)
ControladorJugador:Update () (at Assets/Scripts/ControladorJugador.cs:56)

[Assets/Scripts/ControladorJugador.cs line 56]

Parameter 'isRunning' does not exist.
UnityEngine.Debug:ExtractStackTraceNoAlloc (byte*,int,string)
UnityEngine.StackTraceUtility:ExtractStackTrace ()
UnityEngine.Animator:SetBoolString (string,bool)
UnityEngine.Animator:SetBool (string,bool)
ControladorJugador:Update () (at Assets/Scripts/ControladorJugador.cs:57)

[Assets/Scripts/ControladorJugador.cs line 57]

Parameter 'isWalking' does not exist.
UnityEngine.Debug:ExtractStackTraceNoAlloc (byte*,int,string)
UnityEngine.StackTraceUtility:ExtractStackTrace ()
UnityEngine.Animator:SetBoolString (string,bool)
UnityEngine.Animator:SetBool (string,bool)
ControladorJugador:Update () (at Assets/Scripts/ControladorJugador.cs:56)

[Assets/Scripts/ControladorJugador.cs line 56]

Parameter 'isRunning' does not exist.
UnityEngine.Debug:ExtractStackTraceNoAlloc (byte*,int,string)
UnityEngine.StackTraceUtility:ExtractStackTrace ()
UnityEngine.Animator:SetBoolString (string,bool)
UnityEngine.Animator:SetBool (string,bool)
ControladorJugador:Update () (at Assets/Scripts/ControladorJugador.cs:57)

[Assets/Scripts/ControladorJugador.cs line 57]

Parameter 'isRunning' does not exist.
UnityEngine.Debug:ExtractStackTraceNoAlloc (byte*,int,string)
UnityEngine.StackTraceUtility:ExtractStackTrace ()
UnityEngine.Animator:GetBoolString (string)
UnityEngine.Animator:GetBool (string)
ControladorJugador:FixedUpdate () (at Assets/Scripts/ControladorJugador.cs:83)

[Assets/Scripts/ControladorJugador.cs line 83]

Parameter 'isWalking' does not exist.
UnityEngine.Debug:ExtractStackTraceNoAlloc (byte*,int,string)
UnityEngine.StackTraceUtility:ExtractStackTrace ()
UnityEngine.Animator:SetBoolString (string,bool)
UnityEngine.Animator:SetBool (string,bool)
ControladorJugador:Update () (at Assets/Scripts/ControladorJugador.cs:56)

[Assets/Scripts/ControladorJugador.cs line 56]

Parameter 'isRunning' does not exist.
UnityEngine.Debug:ExtractStackTraceNoAlloc (byte*,int,string)
UnityEngine.StackTraceUtility:ExtractStackTrace ()
UnityEngine.Animator:SetBoolString (string,bool)
UnityEngine.Animator:SetBool (string,bool)
ControladorJugador:Update () (at Assets/Scripts/ControladorJugador.cs:57)

[Assets/Scripts/ControladorJugador.cs line 57]

Parameter 'isWalking' does not exist.
UnityEngine.Debug:ExtractStackTraceNoAlloc (byte*,int,string)
UnityEngine.StackTraceUtility:ExtractStackTrace ()
UnityEngine.Animator:SetBoolString (string,bool)
UnityEngine.Animator:SetBool (string,bool)
ControladorJugador:Update () (at Assets/Scripts/ControladorJugador.cs:56)

[Assets/Scripts/ControladorJugador.cs line 56]

Parameter 'isRunning' does not exist.
UnityEngine.Debug:ExtractStackTraceNoAlloc (byte*,int,string)
UnityEngine.StackTraceUtility:ExtractStackTrace ()
UnityEngine.Animator:SetBoolString (string,bool)
UnityEngine.Animator:SetBool (string,bool)
ControladorJugador:Update () (at Assets/Scripts/ControladorJugador.cs:57)

[Assets/Scripts/ControladorJugador.cs line 57]

Parameter 'isWalking' does not exist.
UnityEngine.Debug:ExtractStackTraceNoAlloc (byte*,int,string)
UnityEngine.StackTraceUtility:ExtractStackTrace ()
UnityEngine.Animator:SetBoolString (string,bool)
UnityEngine.Animator:SetBool (string,bool)
ControladorJugador:Update () (at Assets/Scripts/ControladorJugador.cs:56)

[Assets/Scripts/ControladorJugador.cs line 56]

Parameter 'isRunning' does not exist.
UnityEngine.Debug:ExtractStackTraceNoAlloc (byte*,int,string)
UnityEngine.StackTraceUtility:ExtractStackTrace ()
UnityEngine.Animator:SetBoolString (string,bool)
UnityEngine.Animator:SetBool (string,bool)
ControladorJugador:Update () (at Assets/Scripts/ControladorJugador.cs:57)

[Assets/Scripts/ControladorJugador.cs line 57]

Parameter 'isWalking' does not exist.
UnityEngine.Debug:ExtractStackTraceNoAlloc (byte*,int,string)
UnityEngine.StackTraceUtility:ExtractStackTrace ()
UnityEngine.Animator:SetBoolString (string,bool)
UnityEngine.Animator:SetBool (string,bool)
ControladorJugador:Update () (at Assets/Scripts/ControladorJugador.cs:56)

[Assets/Scripts/ControladorJugador.cs line 56]

Parameter 'isRunning' does not exist.
UnityEngine.Debug:ExtractStackTraceNoAlloc (byte*,int,string)
UnityEngine.StackTraceUtility:ExtractStackTrace ()
UnityEngine.Animator:SetBoolString (string,bool)
UnityEngine.Animator:SetBool (string,bool)
ControladorJugador:Update () (at Assets/Scripts/ControladorJugador.cs:57)

[Assets/Scripts/ControladorJugador.cs line 57]

Parameter 'isRunning' does not exist.
UnityEngine.Debug:ExtractStackTraceNoAlloc (byte*,int,string)
UnityEngine.StackTraceUtility:ExtractStackTrace ()
UnityEngine.Animator:GetBoolString (string)
UnityEngine.Animator:GetBool (string)
ControladorJugador:FixedUpdate () (at Assets/Scripts/ControladorJugador.cs:83)

[Assets/Scripts/ControladorJugador.cs line 83]

Parameter 'isWalking' does not exist.
UnityEngine.Debug:ExtractStackTraceNoAlloc (byte*,int,string)
UnityEngine.StackTraceUtility:ExtractStackTrace ()
UnityEngine.Animator:SetBoolString (string,bool)
UnityEngine.Animator:SetBool (string,bool)
ControladorJugador:Update () (at Assets/Scripts/ControladorJugador.cs:56)

[Assets/Scripts/ControladorJugador.cs line 56]

Parameter 'isRunning' does not exist.
UnityEngine.Debug:ExtractStackTraceNoAlloc (byte*,int,string)
UnityEngine.StackTraceUtility:ExtractStackTrace ()
UnityEngine.Animator:SetBoolString (string,bool)
UnityEngine.Animator:SetBool (string,bool)
ControladorJugador:Update () (at Assets/Scripts/ControladorJugador.cs:57)

[Assets/Scripts/ControladorJugador.cs line 57]

Parameter 'isWalking' does not exist.
UnityEngine.Debug:ExtractStackTraceNoAlloc (byte*,int,string)
UnityEngine.StackTraceUtility:ExtractStackTrace ()
UnityEngine.Animator:SetBoolString (string,bool)
UnityEngine.Animator:SetBool (string,bool)
ControladorJugador:Update () (at Assets/Scripts/ControladorJugador.cs:56)

[Assets/Scripts/ControladorJugador.cs line 56]

Parameter 'isRunning' does not exist.
UnityEngine.Debug:ExtractStackTraceNoAlloc (byte*,int,string)
UnityEngine.StackTraceUtility:ExtractStackTrace ()
UnityEngine.Animator:SetBoolString (string,bool)
UnityEngine.Animator:SetBool (string,bool)
ControladorJugador:Update () (at Assets/Scripts/ControladorJugador.cs:57)

[Assets/Scripts/ControladorJugador.cs line 57]

Parameter 'isRunning' does not exist.
UnityEngine.Debug:ExtractStackTraceNoAlloc (byte*,int,string)
UnityEngine.StackTraceUtility:ExtractStackTrace ()
UnityEngine.Animator:GetBoolString (string)
UnityEngine.Animator:GetBool (string)
ControladorJugador:FixedUpdate () (at Assets/Scripts/ControladorJugador.cs:83)

[Assets/Scripts/ControladorJugador.cs line 83]

Parameter 'isWalking' does not exist.
UnityEngine.Debug:ExtractStackTraceNoAlloc (byte*,int,string)
UnityEngine.StackTraceUtility:ExtractStackTrace ()
UnityEngine.Animator:SetBoolString (string,bool)
UnityEngine.Animator:SetBool (string,bool)
ControladorJugador:Update () (at Assets/Scripts/ControladorJugador.cs:56)

[Assets/Scripts/ControladorJugador.cs line 56]

Parameter 'isRunning' does not exist.
UnityEngine.Debug:ExtractStackTraceNoAlloc (byte*,int,string)
UnityEngine.StackTraceUtility:ExtractStackTrace ()
UnityEngine.Animator:SetBoolString (string,bool)
UnityEngine.Animator:SetBool (string,bool)
ControladorJugador:Update () (at Assets/Scripts/ControladorJugador.cs:57)

[Assets/Scripts/ControladorJugador.cs line 57]

Parameter 'isRunning' does not exist.
UnityEngine.Debug:ExtractStackTraceNoAlloc (byte*,int,string)
UnityEngine.StackTraceUtility:ExtractStackTrace ()
UnityEngine.Animator:GetBoolString (string)
UnityEngine.Animator:GetBool (string)
ControladorJugador:FixedUpdate () (at Assets/Scripts/ControladorJugador.cs:83)

[Assets/Scripts/ControladorJugador.cs line 83]

Parameter 'isWalking' does not exist.
UnityEngine.Debug:ExtractStackTraceNoAlloc (byte*,int,string)
UnityEngine.StackTraceUtility:ExtractStackTrace ()
UnityEngine.Animator:SetBoolString (string,bool)
UnityEngine.Animator:SetBool (string,bool)
ControladorJugador:Update () (at Assets/Scripts/ControladorJugador.cs:56)

[Assets/Scripts/ControladorJugador.cs line 56]

Parameter 'isRunning' does not exist.
UnityEngine.Debug:ExtractStackTraceNoAlloc (byte*,int,string)
UnityEngine.StackTraceUtility:ExtractStackTrace ()
UnityEngine.Animator:SetBoolString (string,bool)
UnityEngine.Animator:SetBool (string,bool)
ControladorJugador:Update () (at Assets/Scripts/ControladorJugador.cs:57)

[Assets/Scripts/ControladorJugador.cs line 57]

Parameter 'isWalking' does not exist.
UnityEngine.Debug:ExtractStackTraceNoAlloc (byte*,int,string)
UnityEngine.StackTraceUtility:ExtractStackTrace ()
UnityEngine.Animator:SetBoolString (string,bool)
UnityEngine.Animator:SetBool (string,bool)
ControladorJugador:Update () (at Assets/Scripts/ControladorJugador.cs:56)

[Assets/Scripts/ControladorJugador.cs line 56]

Parameter 'isRunning' does not exist.
UnityEngine.Debug:ExtractStackTraceNoAlloc (byte*,int,string)
UnityEngine.StackTraceUtility:ExtractStackTrace ()
UnityEngine.Animator:SetBoolString (string,bool)
UnityEngine.Animator:SetBool (string,bool)
ControladorJugador:Update () (at Assets/Scripts/ControladorJugador.cs:57)

[Assets/Scripts/ControladorJugador.cs line 57]

Parameter 'isRunning' does not exist.
UnityEngine.Debug:ExtractStackTraceNoAlloc (byte*,int,string)
UnityEngine.StackTraceUtility:ExtractStackTrace ()
UnityEngine.Animator:GetBoolString (string)
UnityEngine.Animator:GetBool (string)
ControladorJugador:FixedUpdate () (at Assets/Scripts/ControladorJugador.cs:83)

[Assets/Scripts/ControladorJugador.cs line 83]

Parameter 'isWalking' does not exist.
UnityEngine.Debug:ExtractStackTraceNoAlloc (byte*,int,string)
UnityEngine.StackTraceUtility:ExtractStackTrace ()
UnityEngine.Animator:SetBoolString (string,bool)
UnityEngine.Animator:SetBool (string,bool)
ControladorJugador:Update () (at Assets/Scripts/ControladorJugador.cs:56)

[Assets/Scripts/ControladorJugador.cs line 56]

Parameter 'isRunning' does not exist.
UnityEngine.Debug:ExtractStackTraceNoAlloc (byte*,int,string)
UnityEngine.StackTraceUtility:ExtractStackTrace ()
UnityEngine.Animator:SetBoolString (string,bool)
UnityEngine.Animator:SetBool (string,bool)
ControladorJugador:Update () (at Assets/Scripts/ControladorJugador.cs:57)

[Assets/Scripts/ControladorJugador.cs line 57]

Parameter 'isWalking' does not exist.
UnityEngine.Debug:ExtractStackTraceNoAlloc (byte*,int,string)
UnityEngine.StackTraceUtility:ExtractStackTrace ()
UnityEngine.Animator:SetBoolString (string,bool)
UnityEngine.Animator:SetBool (string,bool)
ControladorJugador:Update () (at Assets/Scripts/ControladorJugador.cs:56)

[Assets/Scripts/ControladorJugador.cs line 56]

Parameter 'isRunning' does not exist.
UnityEngine.Debug:ExtractStackTraceNoAlloc (byte*,int,string)
UnityEngine.StackTraceUtility:ExtractStackTrace ()
UnityEngine.Animator:SetBoolString (string,bool)
UnityEngine.Animator:SetBool (string,bool)
ControladorJugador:Update () (at Assets/Scripts/ControladorJugador.cs:57)

[Assets/Scripts/ControladorJugador.cs line 57]

Parameter 'isRunning' does not exist.
UnityEngine.Debug:ExtractStackTraceNoAlloc (byte*,int,string)
UnityEngine.StackTraceUtility:ExtractStackTrace ()
UnityEngine.Animator:GetBoolString (string)
UnityEngine.Animator:GetBool (string)
ControladorJugador:FixedUpdate () (at Assets/Scripts/ControladorJugador.cs:83)

[Assets/Scripts/ControladorJugador.cs line 83]

Parameter 'isWalking' does not exist.
UnityEngine.Debug:ExtractStackTraceNoAlloc (byte*,int,string)
UnityEngine.StackTraceUtility:ExtractStackTrace ()
UnityEngine.Animator:SetBoolString (string,bool)
UnityEngine.Animator:SetBool (string,bool)
ControladorJugador:Update () (at Assets/Scripts/ControladorJugador.cs:56)

[Assets/Scripts/ControladorJugador.cs line 56]

Parameter 'isRunning' does not exist.
UnityEngine.Debug:ExtractStackTraceNoAlloc (byte*,int,string)
UnityEngine.StackTraceUtility:ExtractStackTrace ()
UnityEngine.Animator:SetBoolString (string,bool)
UnityEngine.Animator:SetBool (string,bool)
ControladorJugador:Update () (at Assets/Scripts/ControladorJugador.cs:57)

[Assets/Scripts/ControladorJugador.cs line 57]

Parameter 'isWalking' does not exist.
UnityEngine.Debug:ExtractStackTraceNoAlloc (byte*,int,string)
UnityEngine.StackTraceUtility:ExtractStackTrace ()
UnityEngine.Animator:SetBoolString (string,bool)
UnityEngine.Animator:SetBool (string,bool)
ControladorJugador:Update () (at Assets/Scripts/ControladorJugador.cs:56)

[Assets/Scripts/ControladorJugador.cs line 56]

Parameter 'isRunning' does not exist.
UnityEngine.Debug:ExtractStackTraceNoAlloc (byte*,int,string)
UnityEngine.StackTraceUtility:ExtractStackTrace ()
UnityEngine.Animator:SetBoolString (string,bool)
UnityEngine.Animator:SetBool (string,bool)
ControladorJugador:Update () (at Assets/Scripts/ControladorJugador.cs:57)

[Assets/Scripts/ControladorJugador.cs line 57]

Parameter 'isWalking' does not exist.
UnityEngine.Debug:ExtractStackTraceNoAlloc (byte*,int,string)
UnityEngine.StackTraceUtility:ExtractStackTrace ()
UnityEngine.Animator:SetBoolString (string,bool)
UnityEngine.Animator:SetBool (string,bool)
ControladorJugador:Update () (at Assets/Scripts/ControladorJugador.cs:56)

[Assets/Scripts/ControladorJugador.cs line 56]

Parameter 'isRunning' does not exist.
UnityEngine.Debug:ExtractStackTraceNoAlloc (byte*,int,string)
UnityEngine.StackTraceUtility:ExtractStackTrace ()
UnityEngine.Animator:SetBoolString (string,bool)
UnityEngine.Animator:SetBool (string,bool)
ControladorJugador:Update () (at Assets/Scripts/ControladorJugador.cs:57)

[Assets/Scripts/ControladorJugador.cs line 57]

Parameter 'isWalking' does not exist.
UnityEngine.Debug:ExtractStackTraceNoAlloc (byte*,int,string)
UnityEngine.StackTraceUtility:ExtractStackTrace ()
UnityEngine.Animator:SetBoolString (string,bool)
UnityEngine.Animator:SetBool (string,bool)
ControladorJugador:Update () (at Assets/Scripts/ControladorJugador.cs:56)

[Assets/Scripts/ControladorJugador.cs line 56]

Parameter 'isRunning' does not exist.
UnityEngine.Debug:ExtractStackTraceNoAlloc (byte*,int,string)
UnityEngine.StackTraceUtility:ExtractStackTrace ()
UnityEngine.Animator:SetBoolString (string,bool)
UnityEngine.Animator:SetBool (string,bool)
ControladorJugador:Update () (at Assets/Scripts/ControladorJugador.cs:57)

[Assets/Scripts/ControladorJugador.cs line 57]

Parameter 'isRunning' does not exist.
UnityEngine.Debug:ExtractStackTraceNoAlloc (byte*,int,string)
UnityEngine.StackTraceUtility:ExtractStackTrace ()
UnityEngine.Animator:GetBoolString (string)
UnityEngine.Animator:GetBool (string)
ControladorJugador:FixedUpdate () (at Assets/Scripts/ControladorJugador.cs:83)

[Assets/Scripts/ControladorJugador.cs line 83]

Parameter 'isWalking' does not exist.
UnityEngine.Debug:ExtractStackTraceNoAlloc (byte*,int,string)
UnityEngine.StackTraceUtility:ExtractStackTrace ()
UnityEngine.Animator:SetBoolString (string,bool)
UnityEngine.Animator:SetBool (string,bool)
ControladorJugador:Update () (at Assets/Scripts/ControladorJugador.cs:56)

[Assets/Scripts/ControladorJugador.cs line 56]

Parameter 'isRunning' does not exist.
UnityEngine.Debug:ExtractStackTraceNoAlloc (byte*,int,string)
UnityEngine.StackTraceUtility:ExtractStackTrace ()
UnityEngine.Animator:SetBoolString (string,bool)
UnityEngine.Animator:SetBool (string,bool)
ControladorJugador:Update () (at Assets/Scripts/ControladorJugador.cs:57)

[Assets/Scripts/ControladorJugador.cs line 57]

Parameter 'isWalking' does not exist.
UnityEngine.Debug:ExtractStackTraceNoAlloc (byte*,int,string)
UnityEngine.StackTraceUtility:ExtractStackTrace ()
UnityEngine.Animator:SetBoolString (string,bool)
UnityEngine.Animator:SetBool (string,bool)
ControladorJugador:Update () (at Assets/Scripts/ControladorJugador.cs:56)

[Assets/Scripts/ControladorJugador.cs line 56]

Parameter 'isRunning' does not exist.
UnityEngine.Debug:ExtractStackTraceNoAlloc (byte*,int,string)
UnityEngine.StackTraceUtility:ExtractStackTrace ()
UnityEngine.Animator:SetBoolString (string,bool)
UnityEngine.Animator:SetBool (string,bool)
ControladorJugador:Update () (at Assets/Scripts/ControladorJugador.cs:57)

[Assets/Scripts/ControladorJugador.cs line 57]

Parameter 'isWalking' does not exist.
UnityEngine.Debug:ExtractStackTraceNoAlloc (byte*,int,string)
UnityEngine.StackTraceUtility:ExtractStackTrace ()
UnityEngine.Animator:SetBoolString (string,bool)
UnityEngine.Animator:SetBool (string,bool)
ControladorJugador:Update () (at Assets/Scripts/ControladorJugador.cs:56)

[Assets/Scripts/ControladorJugador.cs line 56]

Parameter 'isRunning' does not exist.
UnityEngine.Debug:ExtractStackTraceNoAlloc (byte*,int,string)
UnityEngine.StackTraceUtility:ExtractStackTrace ()
UnityEngine.Animator:SetBoolString (string,bool)
UnityEngine.Animator:SetBool (string,bool)
ControladorJugador:Update () (at Assets/Scripts/ControladorJugador.cs:57)

[Assets/Scripts/ControladorJugador.cs line 57]

Parameter 'isWalking' does not exist.
UnityEngine.Debug:ExtractStackTraceNoAlloc (byte*,int,string)
UnityEngine.StackTraceUtility:ExtractStackTrace ()
UnityEngine.Animator:SetBoolString (string,bool)
UnityEngine.Animator:SetBool (string,bool)
ControladorJugador:Update () (at Assets/Scripts/ControladorJugador.cs:56)

[Assets/Scripts/ControladorJugador.cs line 56]

Parameter 'isRunning' does not exist.
UnityEngine.Debug:ExtractStackTraceNoAlloc (byte*,int,string)
UnityEngine.StackTraceUtility:ExtractStackTrace ()
UnityEngine.Animator:SetBoolString (string,bool)
UnityEngine.Animator:SetBool (string,bool)
ControladorJugador:Update () (at Assets/Scripts/ControladorJugador.cs:57)

[Assets/Scripts/ControladorJugador.cs line 57]

Parameter 'isRunning' does not exist.
UnityEngine.Debug:ExtractStackTraceNoAlloc (byte*,int,string)
UnityEngine.StackTraceUtility:ExtractStackTrace ()
UnityEngine.Animator:GetBoolString (string)
UnityEngine.Animator:GetBool (string)
ControladorJugador:FixedUpdate () (at Assets/Scripts/ControladorJugador.cs:83)

[Assets/Scripts/ControladorJugador.cs line 83]

Parameter 'isWalking' does not exist.
UnityEngine.Debug:ExtractStackTraceNoAlloc (byte*,int,string)
UnityEngine.StackTraceUtility:ExtractStackTrace ()
UnityEngine.Animator:SetBoolString (string,bool)
UnityEngine.Animator:SetBool (string,bool)
ControladorJugador:Update () (at Assets/Scripts/ControladorJugador.cs:56)

[Assets/Scripts/ControladorJugador.cs line 56]

Parameter 'isRunning' does not exist.
UnityEngine.Debug:ExtractStackTraceNoAlloc (byte*,int,string)
UnityEngine.StackTraceUtility:ExtractStackTrace ()
UnityEngine.Animator:SetBoolString (string,bool)
UnityEngine.Animator:SetBool (string,bool)
ControladorJugador:Update () (at Assets/Scripts/ControladorJugador.cs:57)

[Assets/Scripts/ControladorJugador.cs line 57]

Parameter 'isWalking' does not exist.
UnityEngine.Debug:ExtractStackTraceNoAlloc (byte*,int,string)
UnityEngine.StackTraceUtility:ExtractStackTrace ()
UnityEngine.Animator:SetBoolString (string,bool)
UnityEngine.Animator:SetBool (string,bool)
ControladorJugador:Update () (at Assets/Scripts/ControladorJugador.cs:56)

[Assets/Scripts/ControladorJugador.cs line 56]

Parameter 'isRunning' does not exist.
UnityEngine.Debug:ExtractStackTraceNoAlloc (byte*,int,string)
UnityEngine.StackTraceUtility:ExtractStackTrace ()
UnityEngine.Animator:SetBoolString (string,bool)
UnityEngine.Animator:SetBool (string,bool)
ControladorJugador:Update () (at Assets/Scripts/ControladorJugador.cs:57)

[Assets/Scripts/ControladorJugador.cs line 57]

Parameter 'isWalking' does not exist.
UnityEngine.Debug:ExtractStackTraceNoAlloc (byte*,int,string)
UnityEngine.StackTraceUtility:ExtractStackTrace ()
UnityEngine.Animator:SetBoolString (string,bool)
UnityEngine.Animator:SetBool (string,bool)
ControladorJugador:Update () (at Assets/Scripts/ControladorJugador.cs:56)

[Assets/Scripts/ControladorJugador.cs line 56]

Parameter 'isRunning' does not exist.
UnityEngine.Debug:ExtractStackTraceNoAlloc (byte*,int,string)
UnityEngine.StackTraceUtility:ExtractStackTrace ()
UnityEngine.Animator:SetBoolString (string,bool)
UnityEngine.Animator:SetBool (string,bool)
ControladorJugador:Update () (at Assets/Scripts/ControladorJugador.cs:57)

[Assets/Scripts/ControladorJugador.cs line 57]

Parameter 'isWalking' does not exist.
UnityEngine.Debug:ExtractStackTraceNoAlloc (byte*,int,string)
UnityEngine.StackTraceUtility:ExtractStackTrace ()
UnityEngine.Animator:SetBoolString (string,bool)
UnityEngine.Animator:SetBool (string,bool)
ControladorJugador:Update () (at Assets/Scripts/ControladorJugador.cs:56)

[Assets/Scripts/ControladorJugador.cs line 56]

Parameter 'isRunning' does not exist.
UnityEngine.Debug:ExtractStackTraceNoAlloc (byte*,int,string)
UnityEngine.StackTraceUtility:ExtractStackTrace ()
UnityEngine.Animator:SetBoolString (string,bool)
UnityEngine.Animator:SetBool (string,bool)
ControladorJugador:Update () (at Assets/Scripts/ControladorJugador.cs:57)

[Assets/Scripts/ControladorJugador.cs line 57]

Parameter 'isRunning' does not exist.
UnityEngine.Debug:ExtractStackTraceNoAlloc (byte*,int,string)
UnityEngine.StackTraceUtility:ExtractStackTrace ()
UnityEngine.Animator:GetBoolString (string)
UnityEngine.Animator:GetBool (string)
ControladorJugador:FixedUpdate () (at Assets/Scripts/ControladorJugador.cs:83)

[Assets/Scripts/ControladorJugador.cs line 83]

Parameter 'isWalking' does not exist.
UnityEngine.Debug:ExtractStackTraceNoAlloc (byte*,int,string)
UnityEngine.StackTraceUtility:ExtractStackTrace ()
UnityEngine.Animator:SetBoolString (string,bool)
UnityEngine.Animator:SetBool (string,bool)
ControladorJugador:Update () (at Assets/Scripts/ControladorJugador.cs:56)

[Assets/Scripts/ControladorJugador.cs line 56]

Parameter 'isRunning' does not exist.
UnityEngine.Debug:ExtractStackTraceNoAlloc (byte*,int,string)
UnityEngine.StackTraceUtility:ExtractStackTrace ()
UnityEngine.Animator:SetBoolString (string,bool)
UnityEngine.Animator:SetBool (string,bool)
ControladorJugador:Update () (at Assets/Scripts/ControladorJugador.cs:57)

[Assets/Scripts/ControladorJugador.cs line 57]

Parameter 'isWalking' does not exist.
UnityEngine.Debug:ExtractStackTraceNoAlloc (byte*,int,string)
UnityEngine.StackTraceUtility:ExtractStackTrace ()
UnityEngine.Animator:SetBoolString (string,bool)
UnityEngine.Animator:SetBool (string,bool)
ControladorJugador:Update () (at Assets/Scripts/ControladorJugador.cs:56)

[Assets/Scripts/ControladorJugador.cs line 56]

Parameter 'isRunning' does not exist.
UnityEngine.Debug:ExtractStackTraceNoAlloc (byte*,int,string)
UnityEngine.StackTraceUtility:ExtractStackTrace ()
UnityEngine.Animator:SetBoolString (string,bool)
UnityEngine.Animator:SetBool (string,bool)
ControladorJugador:Update () (at Assets/Scripts/ControladorJugador.cs:57)

[Assets/Scripts/ControladorJugador.cs line 57]

Parameter 'isWalking' does not exist.
UnityEngine.Debug:ExtractStackTraceNoAlloc (byte*,int,string)
UnityEngine.StackTraceUtility:ExtractStackTrace ()
UnityEngine.Animator:SetBoolString (string,bool)
UnityEngine.Animator:SetBool (string,bool)
ControladorJugador:Update () (at Assets/Scripts/ControladorJugador.cs:56)

[Assets/Scripts/ControladorJugador.cs line 56]

Parameter 'isRunning' does not exist.
UnityEngine.Debug:ExtractStackTraceNoAlloc (byte*,int,string)
UnityEngine.StackTraceUtility:ExtractStackTrace ()
UnityEngine.Animator:SetBoolString (string,bool)
UnityEngine.Animator:SetBool (string,bool)
ControladorJugador:Update () (at Assets/Scripts/ControladorJugador.cs:57)

[Assets/Scripts/ControladorJugador.cs line 57]

Parameter 'isWalking' does not exist.
UnityEngine.Debug:ExtractStackTraceNoAlloc (byte*,int,string)
UnityEngine.StackTraceUtility:ExtractStackTrace ()
UnityEngine.Animator:SetBoolString (string,bool)
UnityEngine.Animator:SetBool (string,bool)
ControladorJugador:Update () (at Assets/Scripts/ControladorJugador.cs:56)

[Assets/Scripts/ControladorJugador.cs line 56]

Parameter 'isRunning' does not exist.
UnityEngine.Debug:ExtractStackTraceNoAlloc (byte*,int,string)
UnityEngine.StackTraceUtility:ExtractStackTrace ()
UnityEngine.Animator:SetBoolString (string,bool)
UnityEngine.Animator:SetBool (string,bool)
ControladorJugador:Update () (at Assets/Scripts/ControladorJugador.cs:57)

[Assets/Scripts/ControladorJugador.cs line 57]

Parameter 'isRunning' does not exist.
UnityEngine.Debug:ExtractStackTraceNoAlloc (byte*,int,string)
UnityEngine.StackTraceUtility:ExtractStackTrace ()
UnityEngine.Animator:GetBoolString (string)
UnityEngine.Animator:GetBool (string)
ControladorJugador:FixedUpdate () (at Assets/Scripts/ControladorJugador.cs:83)

[Assets/Scripts/ControladorJugador.cs line 83]

Parameter 'isWalking' does not exist.
UnityEngine.Debug:ExtractStackTraceNoAlloc (byte*,int,string)
UnityEngine.StackTraceUtility:ExtractStackTrace ()
UnityEngine.Animator:SetBoolString (string,bool)
UnityEngine.Animator:SetBool (string,bool)
ControladorJugador:Update () (at Assets/Scripts/ControladorJugador.cs:56)

[Assets/Scripts/ControladorJugador.cs line 56]

Parameter 'isRunning' does not exist.
UnityEngine.Debug:ExtractStackTraceNoAlloc (byte*,int,string)
UnityEngine.StackTraceUtility:ExtractStackTrace ()
UnityEngine.Animator:SetBoolString (string,bool)
UnityEngine.Animator:SetBool (string,bool)
ControladorJugador:Update () (at Assets/Scripts/ControladorJugador.cs:57)

[Assets/Scripts/ControladorJugador.cs line 57]

Parameter 'isWalking' does not exist.
UnityEngine.Debug:ExtractStackTraceNoAlloc (byte*,int,string)
UnityEngine.StackTraceUtility:ExtractStackTrace ()
UnityEngine.Animator:SetBoolString (string,bool)
UnityEngine.Animator:SetBool (string,bool)
ControladorJugador:Update () (at Assets/Scripts/ControladorJugador.cs:56)

[Assets/Scripts/ControladorJugador.cs line 56]

Parameter 'isRunning' does not exist.
UnityEngine.Debug:ExtractStackTraceNoAlloc (byte*,int,string)
UnityEngine.StackTraceUtility:ExtractStackTrace ()
UnityEngine.Animator:SetBoolString (string,bool)
UnityEngine.Animator:SetBool (string,bool)
ControladorJugador:Update () (at Assets/Scripts/ControladorJugador.cs:57)

[Assets/Scripts/ControladorJugador.cs line 57]

Parameter 'isWalking' does not exist.
UnityEngine.Debug:ExtractStackTraceNoAlloc (byte*,int,string)
UnityEngine.StackTraceUtility:ExtractStackTrace ()
UnityEngine.Animator:SetBoolString (string,bool)
UnityEngine.Animator:SetBool (string,bool)
ControladorJugador:Update () (at Assets/Scripts/ControladorJugador.cs:56)

[Assets/Scripts/ControladorJugador.cs line 56]

Parameter 'isRunning' does not exist.
UnityEngine.Debug:ExtractStackTraceNoAlloc (byte*,int,string)
UnityEngine.StackTraceUtility:ExtractStackTrace ()
UnityEngine.Animator:SetBoolString (string,bool)
UnityEngine.Animator:SetBool (string,bool)
ControladorJugador:Update () (at Assets/Scripts/ControladorJugador.cs:57)

[Assets/Scripts/ControladorJugador.cs line 57]

Parameter 'isWalking' does not exist.
UnityEngine.Debug:ExtractStackTraceNoAlloc (byte*,int,string)
UnityEngine.StackTraceUtility:ExtractStackTrace ()
UnityEngine.Animator:SetBoolString (string,bool)
UnityEngine.Animator:SetBool (string,bool)
ControladorJugador:Update () (at Assets/Scripts/ControladorJugador.cs:56)

[Assets/Scripts/ControladorJugador.cs line 56]

Parameter 'isRunning' does not exist.
UnityEngine.Debug:ExtractStackTraceNoAlloc (byte*,int,string)
UnityEngine.StackTraceUtility:ExtractStackTrace ()
UnityEngine.Animator:SetBoolString (string,bool)
UnityEngine.Animator:SetBool (string,bool)
ControladorJugador:Update () (at Assets/Scripts/ControladorJugador.cs:57)

[Assets/Scripts/ControladorJugador.cs line 57]

Parameter 'isRunning' does not exist.
UnityEngine.Debug:ExtractStackTraceNoAlloc (byte*,int,string)
UnityEngine.StackTraceUtility:ExtractStackTrace ()
UnityEngine.Animator:GetBoolString (string)
UnityEngine.Animator:GetBool (string)
ControladorJugador:FixedUpdate () (at Assets/Scripts/ControladorJugador.cs:83)

[Assets/Scripts/ControladorJugador.cs line 83]

Parameter 'isWalking' does not exist.
UnityEngine.Debug:ExtractStackTraceNoAlloc (byte*,int,string)
UnityEngine.StackTraceUtility:ExtractStackTrace ()
UnityEngine.Animator:SetBoolString (string,bool)
UnityEngine.Animator:SetBool (string,bool)
ControladorJugador:Update () (at Assets/Scripts/ControladorJugador.cs:56)

[Assets/Scripts/ControladorJugador.cs line 56]

Parameter 'isRunning' does not exist.
UnityEngine.Debug:ExtractStackTraceNoAlloc (byte*,int,string)
UnityEngine.StackTraceUtility:ExtractStackTrace ()
UnityEngine.Animator:SetBoolString (string,bool)
UnityEngine.Animator:SetBool (string,bool)
ControladorJugador:Update () (at Assets/Scripts/ControladorJugador.cs:57)

[Assets/Scripts/ControladorJugador.cs line 57]

Parameter 'isWalking' does not exist.
UnityEngine.Debug:ExtractStackTraceNoAlloc (byte*,int,string)
UnityEngine.StackTraceUtility:ExtractStackTrace ()
UnityEngine.Animator:SetBoolString (string,bool)
UnityEngine.Animator:SetBool (string,bool)
ControladorJugador:Update () (at Assets/Scripts/ControladorJugador.cs:56)

[Assets/Scripts/ControladorJugador.cs line 56]

Parameter 'isRunning' does not exist.
UnityEngine.Debug:ExtractStackTraceNoAlloc (byte*,int,string)
UnityEngine.StackTraceUtility:ExtractStackTrace ()
UnityEngine.Animator:SetBoolString (string,bool)
UnityEngine.Animator:SetBool (string,bool)
ControladorJugador:Update () (at Assets/Scripts/ControladorJugador.cs:57)

[Assets/Scripts/ControladorJugador.cs line 57]

Parameter 'isWalking' does not exist.
UnityEngine.Debug:ExtractStackTraceNoAlloc (byte*,int,string)
UnityEngine.StackTraceUtility:ExtractStackTrace ()
UnityEngine.Animator:SetBoolString (string,bool)
UnityEngine.Animator:SetBool (string,bool)
ControladorJugador:Update () (at Assets/Scripts/ControladorJugador.cs:56)

[Assets/Scripts/ControladorJugador.cs line 56]

Parameter 'isRunning' does not exist.
UnityEngine.Debug:ExtractStackTraceNoAlloc (byte*,int,string)
UnityEngine.StackTraceUtility:ExtractStackTrace ()
UnityEngine.Animator:SetBoolString (string,bool)
UnityEngine.Animator:SetBool (string,bool)
ControladorJugador:Update () (at Assets/Scripts/ControladorJugador.cs:57)

[Assets/Scripts/ControladorJugador.cs line 57]

Parameter 'isWalking' does not exist.
UnityEngine.Debug:ExtractStackTraceNoAlloc (byte*,int,string)
UnityEngine.StackTraceUtility:ExtractStackTrace ()
UnityEngine.Animator:SetBoolString (string,bool)
UnityEngine.Animator:SetBool (string,bool)
ControladorJugador:Update () (at Assets/Scripts/ControladorJugador.cs:56)

[Assets/Scripts/ControladorJugador.cs line 56]

Parameter 'isRunning' does not exist.
UnityEngine.Debug:ExtractStackTraceNoAlloc (byte*,int,string)
UnityEngine.StackTraceUtility:ExtractStackTrace ()
UnityEngine.Animator:SetBoolString (string,bool)
UnityEngine.Animator:SetBool (string,bool)
ControladorJugador:Update () (at Assets/Scripts/ControladorJugador.cs:57)

[Assets/Scripts/ControladorJugador.cs line 57]

Parameter 'isRunning' does not exist.
UnityEngine.Debug:ExtractStackTraceNoAlloc (byte*,int,string)
UnityEngine.StackTraceUtility:ExtractStackTrace ()
UnityEngine.Animator:GetBoolString (string)
UnityEngine.Animator:GetBool (string)
ControladorJugador:FixedUpdate () (at Assets/Scripts/ControladorJugador.cs:83)

[Assets/Scripts/ControladorJugador.cs line 83]

Parameter 'isWalking' does not exist.
UnityEngine.Debug:ExtractStackTraceNoAlloc (byte*,int,string)
UnityEngine.StackTraceUtility:ExtractStackTrace ()
UnityEngine.Animator:SetBoolString (string,bool)
UnityEngine.Animator:SetBool (string,bool)
ControladorJugador:Update () (at Assets/Scripts/ControladorJugador.cs:56)

[Assets/Scripts/ControladorJugador.cs line 56]

Parameter 'isRunning' does not exist.
UnityEngine.Debug:ExtractStackTraceNoAlloc (byte*,int,string)
UnityEngine.StackTraceUtility:ExtractStackTrace ()
UnityEngine.Animator:SetBoolString (string,bool)
UnityEngine.Animator:SetBool (string,bool)
ControladorJugador:Update () (at Assets/Scripts/ControladorJugador.cs:57)

[Assets/Scripts/ControladorJugador.cs line 57]

Parameter 'isWalking' does not exist.
UnityEngine.Debug:ExtractStackTraceNoAlloc (byte*,int,string)
UnityEngine.StackTraceUtility:ExtractStackTrace ()
UnityEngine.Animator:SetBoolString (string,bool)
UnityEngine.Animator:SetBool (string,bool)
ControladorJugador:Update () (at Assets/Scripts/ControladorJugador.cs:56)

[Assets/Scripts/ControladorJugador.cs line 56]

Parameter 'isRunning' does not exist.
UnityEngine.Debug:ExtractStackTraceNoAlloc (byte*,int,string)
UnityEngine.StackTraceUtility:ExtractStackTrace ()
UnityEngine.Animator:SetBoolString (string,bool)
UnityEngine.Animator:SetBool (string,bool)
ControladorJugador:Update () (at Assets/Scripts/ControladorJugador.cs:57)

[Assets/Scripts/ControladorJugador.cs line 57]

Parameter 'isWalking' does not exist.
UnityEngine.Debug:ExtractStackTraceNoAlloc (byte*,int,string)
UnityEngine.StackTraceUtility:ExtractStackTrace ()
UnityEngine.Animator:SetBoolString (string,bool)
UnityEngine.Animator:SetBool (string,bool)
ControladorJugador:Update () (at Assets/Scripts/ControladorJugador.cs:56)

[Assets/Scripts/ControladorJugador.cs line 56]

Parameter 'isRunning' does not exist.
UnityEngine.Debug:ExtractStackTraceNoAlloc (byte*,int,string)
UnityEngine.StackTraceUtility:ExtractStackTrace ()
UnityEngine.Animator:SetBoolString (string,bool)
UnityEngine.Animator:SetBool (string,bool)
ControladorJugador:Update () (at Assets/Scripts/ControladorJugador.cs:57)

[Assets/Scripts/ControladorJugador.cs line 57]

Parameter 'isWalking' does not exist.
UnityEngine.Debug:ExtractStackTraceNoAlloc (byte*,int,string)
UnityEngine.StackTraceUtility:ExtractStackTrace ()
UnityEngine.Animator:SetBoolString (string,bool)
UnityEngine.Animator:SetBool (string,bool)
ControladorJugador:Update () (at Assets/Scripts/ControladorJugador.cs:56)

[Assets/Scripts/ControladorJugador.cs line 56]

Parameter 'isRunning' does not exist.
UnityEngine.Debug:ExtractStackTraceNoAlloc (byte*,int,string)
UnityEngine.StackTraceUtility:ExtractStackTrace ()
UnityEngine.Animator:SetBoolString (string,bool)
UnityEngine.Animator:SetBool (string,bool)
ControladorJugador:Update () (at Assets/Scripts/ControladorJugador.cs:57)

[Assets/Scripts/ControladorJugador.cs line 57]

Parameter 'isRunning' does not exist.
UnityEngine.Debug:ExtractStackTraceNoAlloc (byte*,int,string)
UnityEngine.StackTraceUtility:ExtractStackTrace ()
UnityEngine.Animator:GetBoolString (string)
UnityEngine.Animator:GetBool (string)
ControladorJugador:FixedUpdate () (at Assets/Scripts/ControladorJugador.cs:83)

[Assets/Scripts/ControladorJugador.cs line 83]

Parameter 'isWalking' does not exist.
UnityEngine.Debug:ExtractStackTraceNoAlloc (byte*,int,string)
UnityEngine.StackTraceUtility:ExtractStackTrace ()
UnityEngine.Animator:SetBoolString (string,bool)
UnityEngine.Animator:SetBool (string,bool)
ControladorJugador:Update () (at Assets/Scripts/ControladorJugador.cs:56)

[Assets/Scripts/ControladorJugador.cs line 56]

Parameter 'isRunning' does not exist.
UnityEngine.Debug:ExtractStackTraceNoAlloc (byte*,int,string)
UnityEngine.StackTraceUtility:ExtractStackTrace ()
UnityEngine.Animator:SetBoolString (string,bool)
UnityEngine.Animator:SetBool (string,bool)
ControladorJugador:Update () (at Assets/Scripts/ControladorJugador.cs:57)

[Assets/Scripts/ControladorJugador.cs line 57]

Parameter 'isWalking' does not exist.
UnityEngine.Debug:ExtractStackTraceNoAlloc (byte*,int,string)
UnityEngine.StackTraceUtility:ExtractStackTrace ()
UnityEngine.Animator:SetBoolString (string,bool)
UnityEngine.Animator:SetBool (string,bool)
ControladorJugador:Update () (at Assets/Scripts/ControladorJugador.cs:56)

[Assets/Scripts/ControladorJugador.cs line 56]

Parameter 'isRunning' does not exist.
UnityEngine.Debug:ExtractStackTraceNoAlloc (byte*,int,string)
UnityEngine.StackTraceUtility:ExtractStackTrace ()
UnityEngine.Animator:SetBoolString (string,bool)
UnityEngine.Animator:SetBool (string,bool)
ControladorJugador:Update () (at Assets/Scripts/ControladorJugador.cs:57)

[Assets/Scripts/ControladorJugador.cs line 57]

Parameter 'isWalking' does not exist.
UnityEngine.Debug:ExtractStackTraceNoAlloc (byte*,int,string)
UnityEngine.StackTraceUtility:ExtractStackTrace ()
UnityEngine.Animator:SetBoolString (string,bool)
UnityEngine.Animator:SetBool (string,bool)
ControladorJugador:Update () (at Assets/Scripts/ControladorJugador.cs:56)

[Assets/Scripts/ControladorJugador.cs line 56]

Parameter 'isRunning' does not exist.
UnityEngine.Debug:ExtractStackTraceNoAlloc (byte*,int,string)
UnityEngine.StackTraceUtility:ExtractStackTrace ()
UnityEngine.Animator:SetBoolString (string,bool)
UnityEngine.Animator:SetBool (string,bool)
ControladorJugador:Update () (at Assets/Scripts/ControladorJugador.cs:57)

[Assets/Scripts/ControladorJugador.cs line 57]

Parameter 'isWalking' does not exist.
UnityEngine.Debug:ExtractStackTraceNoAlloc (byte*,int,string)
UnityEngine.StackTraceUtility:ExtractStackTrace ()
UnityEngine.Animator:SetBoolString (string,bool)
UnityEngine.Animator:SetBool (string,bool)
ControladorJugador:Update () (at Assets/Scripts/ControladorJugador.cs:56)

[Assets/Scripts/ControladorJugador.cs line 56]

Parameter 'isRunning' does not exist.
UnityEngine.Debug:ExtractStackTraceNoAlloc (byte*,int,string)
UnityEngine.StackTraceUtility:ExtractStackTrace ()
UnityEngine.Animator:SetBoolString (string,bool)
UnityEngine.Animator:SetBool (string,bool)
ControladorJugador:Update () (at Assets/Scripts/ControladorJugador.cs:57)

[Assets/Scripts/ControladorJugador.cs line 57]

Parameter 'isRunning' does not exist.
UnityEngine.Debug:ExtractStackTraceNoAlloc (byte*,int,string)
UnityEngine.StackTraceUtility:ExtractStackTrace ()
UnityEngine.Animator:GetBoolString (string)
UnityEngine.Animator:GetBool (string)
ControladorJugador:FixedUpdate () (at Assets/Scripts/ControladorJugador.cs:83)

[Assets/Scripts/ControladorJugador.cs line 83]

Parameter 'isWalking' does not exist.
UnityEngine.Debug:ExtractStackTraceNoAlloc (byte*,int,string)
UnityEngine.StackTraceUtility:ExtractStackTrace ()
UnityEngine.Animator:SetBoolString (string,bool)
UnityEngine.Animator:SetBool (string,bool)
ControladorJugador:Update () (at Assets/Scripts/ControladorJugador.cs:56)

[Assets/Scripts/ControladorJugador.cs line 56]

Parameter 'isRunning' does not exist.
UnityEngine.Debug:ExtractStackTraceNoAlloc (byte*,int,string)
UnityEngine.StackTraceUtility:ExtractStackTrace ()
UnityEngine.Animator:SetBoolString (string,bool)
UnityEngine.Animator:SetBool (string,bool)
ControladorJugador:Update () (at Assets/Scripts/ControladorJugador.cs:57)

[Assets/Scripts/ControladorJugador.cs line 57]

Parameter 'isWalking' does not exist.
UnityEngine.Debug:ExtractStackTraceNoAlloc (byte*,int,string)
UnityEngine.StackTraceUtility:ExtractStackTrace ()
UnityEngine.Animator:SetBoolString (string,bool)
UnityEngine.Animator:SetBool (string,bool)
ControladorJugador:Update () (at Assets/Scripts/ControladorJugador.cs:56)

[Assets/Scripts/ControladorJugador.cs line 56]

Parameter 'isRunning' does not exist.
UnityEngine.Debug:ExtractStackTraceNoAlloc (byte*,int,string)
UnityEngine.StackTraceUtility:ExtractStackTrace ()
UnityEngine.Animator:SetBoolString (string,bool)
UnityEngine.Animator:SetBool (string,bool)
ControladorJugador:Update () (at Assets/Scripts/ControladorJugador.cs:57)

[Assets/Scripts/ControladorJugador.cs line 57]

Parameter 'isWalking' does not exist.
UnityEngine.Debug:ExtractStackTraceNoAlloc (byte*,int,string)
UnityEngine.StackTraceUtility:ExtractStackTrace ()
UnityEngine.Animator:SetBoolString (string,bool)
UnityEngine.Animator:SetBool (string,bool)
ControladorJugador:Update () (at Assets/Scripts/ControladorJugador.cs:56)

[Assets/Scripts/ControladorJugador.cs line 56]

Parameter 'isRunning' does not exist.
UnityEngine.Debug:ExtractStackTraceNoAlloc (byte*,int,string)
UnityEngine.StackTraceUtility:ExtractStackTrace ()
UnityEngine.Animator:SetBoolString (string,bool)
UnityEngine.Animator:SetBool (string,bool)
ControladorJugador:Update () (at Assets/Scripts/ControladorJugador.cs:57)

[Assets/Scripts/ControladorJugador.cs line 57]

Parameter 'isRunning' does not exist.
UnityEngine.Debug:ExtractStackTraceNoAlloc (byte*,int,string)
UnityEngine.StackTraceUtility:ExtractStackTrace ()
UnityEngine.Animator:GetBoolString (string)
UnityEngine.Animator:GetBool (string)
ControladorJugador:FixedUpdate () (at Assets/Scripts/ControladorJugador.cs:83)

[Assets/Scripts/ControladorJugador.cs line 83]

Parameter 'isWalking' does not exist.
UnityEngine.Debug:ExtractStackTraceNoAlloc (byte*,int,string)
UnityEngine.StackTraceUtility:ExtractStackTrace ()
UnityEngine.Animator:SetBoolString (string,bool)
UnityEngine.Animator:SetBool (string,bool)
ControladorJugador:Update () (at Assets/Scripts/ControladorJugador.cs:56)

[Assets/Scripts/ControladorJugador.cs line 56]

Parameter 'isRunning' does not exist.
UnityEngine.Debug:ExtractStackTraceNoAlloc (byte*,int,string)
UnityEngine.StackTraceUtility:ExtractStackTrace ()
UnityEngine.Animator:SetBoolString (string,bool)
UnityEngine.Animator:SetBool (string,bool)
ControladorJugador:Update () (at Assets/Scripts/ControladorJugador.cs:57)

[Assets/Scripts/ControladorJugador.cs line 57]

Parameter 'isWalking' does not exist.
UnityEngine.Debug:ExtractStackTraceNoAlloc (byte*,int,string)
UnityEngine.StackTraceUtility:ExtractStackTrace ()
UnityEngine.Animator:SetBoolString (string,bool)
UnityEngine.Animator:SetBool (string,bool)
ControladorJugador:Update () (at Assets/Scripts/ControladorJugador.cs:56)

[Assets/Scripts/ControladorJugador.cs line 56]

Parameter 'isRunning' does not exist.
UnityEngine.Debug:ExtractStackTraceNoAlloc (byte*,int,string)
UnityEngine.StackTraceUtility:ExtractStackTrace ()
UnityEngine.Animator:SetBoolString (string,bool)
UnityEngine.Animator:SetBool (string,bool)
ControladorJugador:Update () (at Assets/Scripts/ControladorJugador.cs:57)

[Assets/Scripts/ControladorJugador.cs line 57]

Parameter 'isWalking' does not exist.
UnityEngine.Debug:ExtractStackTraceNoAlloc (byte*,int,string)
UnityEngine.StackTraceUtility:ExtractStackTrace ()
UnityEngine.Animator:SetBoolString (string,bool)
UnityEngine.Animator:SetBool (string,bool)
ControladorJugador:Update () (at Assets/Scripts/ControladorJugador.cs:56)

[Assets/Scripts/ControladorJugador.cs line 56]

Parameter 'isRunning' does not exist.
UnityEngine.Debug:ExtractStackTraceNoAlloc (byte*,int,string)
UnityEngine.StackTraceUtility:ExtractStackTrace ()
UnityEngine.Animator:SetBoolString (string,bool)
UnityEngine.Animator:SetBool (string,bool)
ControladorJugador:Update () (at Assets/Scripts/ControladorJugador.cs:57)

[Assets/Scripts/ControladorJugador.cs line 57]

Parameter 'isRunning' does not exist.
UnityEngine.Debug:ExtractStackTraceNoAlloc (byte*,int,string)
UnityEngine.StackTraceUtility:ExtractStackTrace ()
UnityEngine.Animator:GetBoolString (string)
UnityEngine.Animator:GetBool (string)
ControladorJugador:FixedUpdate () (at Assets/Scripts/ControladorJugador.cs:83)

[Assets/Scripts/ControladorJugador.cs line 83]

Parameter 'isWalking' does not exist.
UnityEngine.Debug:ExtractStackTraceNoAlloc (byte*,int,string)
UnityEngine.StackTraceUtility:ExtractStackTrace ()
UnityEngine.Animator:SetBoolString (string,bool)
UnityEngine.Animator:SetBool (string,bool)
ControladorJugador:Update () (at Assets/Scripts/ControladorJugador.cs:56)

[Assets/Scripts/ControladorJugador.cs line 56]

Parameter 'isRunning' does not exist.
UnityEngine.Debug:ExtractStackTraceNoAlloc (byte*,int,string)
UnityEngine.StackTraceUtility:ExtractStackTrace ()
UnityEngine.Animator:SetBoolString (string,bool)
UnityEngine.Animator:SetBool (string,bool)
ControladorJugador:Update () (at Assets/Scripts/ControladorJugador.cs:57)

[Assets/Scripts/ControladorJugador.cs line 57]

Parameter 'isWalking' does not exist.
UnityEngine.Debug:ExtractStackTraceNoAlloc (byte*,int,string)
UnityEngine.StackTraceUtility:ExtractStackTrace ()
UnityEngine.Animator:SetBoolString (string,bool)
UnityEngine.Animator:SetBool (string,bool)
ControladorJugador:Update () (at Assets/Scripts/ControladorJugador.cs:56)

[Assets/Scripts/ControladorJugador.cs line 56]

Parameter 'isRunning' does not exist.
UnityEngine.Debug:ExtractStackTraceNoAlloc (byte*,int,string)
UnityEngine.StackTraceUtility:ExtractStackTrace ()
UnityEngine.Animator:SetBoolString (string,bool)
UnityEngine.Animator:SetBool (string,bool)
ControladorJugador:Update () (at Assets/Scripts/ControladorJugador.cs:57)

[Assets/Scripts/ControladorJugador.cs line 57]

Parameter 'isWalking' does not exist.
UnityEngine.Debug:ExtractStackTraceNoAlloc (byte*,int,string)
UnityEngine.StackTraceUtility:ExtractStackTrace ()
UnityEngine.Animator:SetBoolString (string,bool)
UnityEngine.Animator:SetBool (string,bool)
ControladorJugador:Update () (at Assets/Scripts/ControladorJugador.cs:56)

[Assets/Scripts/ControladorJugador.cs line 56]

Parameter 'isRunning' does not exist.
UnityEngine.Debug:ExtractStackTraceNoAlloc (byte*,int,string)
UnityEngine.StackTraceUtility:ExtractStackTrace ()
UnityEngine.Animator:SetBoolString (string,bool)
UnityEngine.Animator:SetBool (string,bool)
ControladorJugador:Update () (at Assets/Scripts/ControladorJugador.cs:57)

[Assets/Scripts/ControladorJugador.cs line 57]

Parameter 'isWalking' does not exist.
UnityEngine.Debug:ExtractStackTraceNoAlloc (byte*,int,string)
UnityEngine.StackTraceUtility:ExtractStackTrace ()
UnityEngine.Animator:SetBoolString (string,bool)
UnityEngine.Animator:SetBool (string,bool)
ControladorJugador:Update () (at Assets/Scripts/ControladorJugador.cs:56)

[Assets/Scripts/ControladorJugador.cs line 56]

Parameter 'isRunning' does not exist.
UnityEngine.Debug:ExtractStackTraceNoAlloc (byte*,int,string)
UnityEngine.StackTraceUtility:ExtractStackTrace ()
UnityEngine.Animator:SetBoolString (string,bool)
UnityEngine.Animator:SetBool (string,bool)
ControladorJugador:Update () (at Assets/Scripts/ControladorJugador.cs:57)

[Assets/Scripts/ControladorJugador.cs line 57]

Parameter 'isRunning' does not exist.
UnityEngine.Debug:ExtractStackTraceNoAlloc (byte*,int,string)
UnityEngine.StackTraceUtility:ExtractStackTrace ()
UnityEngine.Animator:GetBoolString (string)
UnityEngine.Animator:GetBool (string)
ControladorJugador:FixedUpdate () (at Assets/Scripts/ControladorJugador.cs:83)

[Assets/Scripts/ControladorJugador.cs line 83]

Parameter 'isWalking' does not exist.
UnityEngine.Debug:ExtractStackTraceNoAlloc (byte*,int,string)
UnityEngine.StackTraceUtility:ExtractStackTrace ()
UnityEngine.Animator:SetBoolString (string,bool)
UnityEngine.Animator:SetBool (string,bool)
ControladorJugador:Update () (at Assets/Scripts/ControladorJugador.cs:56)

[Assets/Scripts/ControladorJugador.cs line 56]

Parameter 'isRunning' does not exist.
UnityEngine.Debug:ExtractStackTraceNoAlloc (byte*,int,string)
UnityEngine.StackTraceUtility:ExtractStackTrace ()
UnityEngine.Animator:SetBoolString (string,bool)
UnityEngine.Animator:SetBool (string,bool)
ControladorJugador:Update () (at Assets/Scripts/ControladorJugador.cs:57)

[Assets/Scripts/ControladorJugador.cs line 57]

Parameter 'isWalking' does not exist.
UnityEngine.Debug:ExtractStackTraceNoAlloc (byte*,int,string)
UnityEngine.StackTraceUtility:ExtractStackTrace ()
UnityEngine.Animator:SetBoolString (string,bool)
UnityEngine.Animator:SetBool (string,bool)
ControladorJugador:Update () (at Assets/Scripts/ControladorJugador.cs:56)

[Assets/Scripts/ControladorJugador.cs line 56]

Parameter 'isRunning' does not exist.
UnityEngine.Debug:ExtractStackTraceNoAlloc (byte*,int,string)
UnityEngine.StackTraceUtility:ExtractStackTrace ()
UnityEngine.Animator:SetBoolString (string,bool)
UnityEngine.Animator:SetBool (string,bool)
ControladorJugador:Update () (at Assets/Scripts/ControladorJugador.cs:57)

[Assets/Scripts/ControladorJugador.cs line 57]

Parameter 'isWalking' does not exist.
UnityEngine.Debug:ExtractStackTraceNoAlloc (byte*,int,string)
UnityEngine.StackTraceUtility:ExtractStackTrace ()
UnityEngine.Animator:SetBoolString (string,bool)
UnityEngine.Animator:SetBool (string,bool)
ControladorJugador:Update () (at Assets/Scripts/ControladorJugador.cs:56)

[Assets/Scripts/ControladorJugador.cs line 56]

Parameter 'isRunning' does not exist.
UnityEngine.Debug:ExtractStackTraceNoAlloc (byte*,int,string)
UnityEngine.StackTraceUtility:ExtractStackTrace ()
UnityEngine.Animator:SetBoolString (string,bool)
UnityEngine.Animator:SetBool (string,bool)
ControladorJugador:Update () (at Assets/Scripts/ControladorJugador.cs:57)

[Assets/Scripts/ControladorJugador.cs line 57]

Parameter 'isWalking' does not exist.
UnityEngine.Debug:ExtractStackTraceNoAlloc (byte*,int,string)
UnityEngine.StackTraceUtility:ExtractStackTrace ()
UnityEngine.Animator:SetBoolString (string,bool)
UnityEngine.Animator:SetBool (string,bool)
ControladorJugador:Update () (at Assets/Scripts/ControladorJugador.cs:56)

[Assets/Scripts/ControladorJugador.cs line 56]

Parameter 'isRunning' does not exist.
UnityEngine.Debug:ExtractStackTraceNoAlloc (byte*,int,string)
UnityEngine.StackTraceUtility:ExtractStackTrace ()
UnityEngine.Animator:SetBoolString (string,bool)
UnityEngine.Animator:SetBool (string,bool)
ControladorJugador:Update () (at Assets/Scripts/ControladorJugador.cs:57)

[Assets/Scripts/ControladorJugador.cs line 57]

Parameter 'isRunning' does not exist.
UnityEngine.Debug:ExtractStackTraceNoAlloc (byte*,int,string)
UnityEngine.StackTraceUtility:ExtractStackTrace ()
UnityEngine.Animator:GetBoolString (string)
UnityEngine.Animator:GetBool (string)
ControladorJugador:FixedUpdate () (at Assets/Scripts/ControladorJugador.cs:83)

[Assets/Scripts/ControladorJugador.cs line 83]

Parameter 'isWalking' does not exist.
UnityEngine.Debug:ExtractStackTraceNoAlloc (byte*,int,string)
UnityEngine.StackTraceUtility:ExtractStackTrace ()
UnityEngine.Animator:SetBoolString (string,bool)
UnityEngine.Animator:SetBool (string,bool)
ControladorJugador:Update () (at Assets/Scripts/ControladorJugador.cs:56)

[Assets/Scripts/ControladorJugador.cs line 56]

Parameter 'isRunning' does not exist.
UnityEngine.Debug:ExtractStackTraceNoAlloc (byte*,int,string)
UnityEngine.StackTraceUtility:ExtractStackTrace ()
UnityEngine.Animator:SetBoolString (string,bool)
UnityEngine.Animator:SetBool (string,bool)
ControladorJugador:Update () (at Assets/Scripts/ControladorJugador.cs:57)

[Assets/Scripts/ControladorJugador.cs line 57]

Parameter 'isWalking' does not exist.
UnityEngine.Debug:ExtractStackTraceNoAlloc (byte*,int,string)
UnityEngine.StackTraceUtility:ExtractStackTrace ()
UnityEngine.Animator:SetBoolString (string,bool)
UnityEngine.Animator:SetBool (string,bool)
ControladorJugador:Update () (at Assets/Scripts/ControladorJugador.cs:56)

[Assets/Scripts/ControladorJugador.cs line 56]

Parameter 'isRunning' does not exist.
UnityEngine.Debug:ExtractStackTraceNoAlloc (byte*,int,string)
UnityEngine.StackTraceUtility:ExtractStackTrace ()
UnityEngine.Animator:SetBoolString (string,bool)
UnityEngine.Animator:SetBool (string,bool)
ControladorJugador:Update () (at Assets/Scripts/ControladorJugador.cs:57)

[Assets/Scripts/ControladorJugador.cs line 57]

Parameter 'isWalking' does not exist.
UnityEngine.Debug:ExtractStackTraceNoAlloc (byte*,int,string)
UnityEngine.StackTraceUtility:ExtractStackTrace ()
UnityEngine.Animator:SetBoolString (string,bool)
UnityEngine.Animator:SetBool (string,bool)
ControladorJugador:Update () (at Assets/Scripts/ControladorJugador.cs:56)

[Assets/Scripts/ControladorJugador.cs line 56]

Parameter 'isRunning' does not exist.
UnityEngine.Debug:ExtractStackTraceNoAlloc (byte*,int,string)
UnityEngine.StackTraceUtility:ExtractStackTrace ()
UnityEngine.Animator:SetBoolString (string,bool)
UnityEngine.Animator:SetBool (string,bool)
ControladorJugador:Update () (at Assets/Scripts/ControladorJugador.cs:57)

[Assets/Scripts/ControladorJugador.cs line 57]

Parameter 'isRunning' does not exist.
UnityEngine.Debug:ExtractStackTraceNoAlloc (byte*,int,string)
UnityEngine.StackTraceUtility:ExtractStackTrace ()
UnityEngine.Animator:GetBoolString (string)
UnityEngine.Animator:GetBool (string)
ControladorJugador:FixedUpdate () (at Assets/Scripts/ControladorJugador.cs:83)

[Assets/Scripts/ControladorJugador.cs line 83]

Parameter 'isWalking' does not exist.
UnityEngine.Debug:ExtractStackTraceNoAlloc (byte*,int,string)
UnityEngine.StackTraceUtility:ExtractStackTrace ()
UnityEngine.Animator:SetBoolString (string,bool)
UnityEngine.Animator:SetBool (string,bool)
ControladorJugador:Update () (at Assets/Scripts/ControladorJugador.cs:56)

[Assets/Scripts/ControladorJugador.cs line 56]

Parameter 'isRunning' does not exist.
UnityEngine.Debug:ExtractStackTraceNoAlloc (byte*,int,string)
UnityEngine.StackTraceUtility:ExtractStackTrace ()
UnityEngine.Animator:SetBoolString (string,bool)
UnityEngine.Animator:SetBool (string,bool)
ControladorJugador:Update () (at Assets/Scripts/ControladorJugador.cs:57)

[Assets/Scripts/ControladorJugador.cs line 57]

Parameter 'isWalking' does not exist.
UnityEngine.Debug:ExtractStackTraceNoAlloc (byte*,int,string)
UnityEngine.StackTraceUtility:ExtractStackTrace ()
UnityEngine.Animator:SetBoolString (string,bool)
UnityEngine.Animator:SetBool (string,bool)
ControladorJugador:Update () (at Assets/Scripts/ControladorJugador.cs:56)

[Assets/Scripts/ControladorJugador.cs line 56]

Parameter 'isRunning' does not exist.
UnityEngine.Debug:ExtractStackTraceNoAlloc (byte*,int,string)
UnityEngine.StackTraceUtility:ExtractStackTrace ()
UnityEngine.Animator:SetBoolString (string,bool)
UnityEngine.Animator:SetBool (string,bool)
ControladorJugador:Update () (at Assets/Scripts/ControladorJugador.cs:57)

[Assets/Scripts/ControladorJugador.cs line 57]

Parameter 'isWalking' does not exist.
UnityEngine.Debug:ExtractStackTraceNoAlloc (byte*,int,string)
UnityEngine.StackTraceUtility:ExtractStackTrace ()
UnityEngine.Animator:SetBoolString (string,bool)
UnityEngine.Animator:SetBool (string,bool)
ControladorJugador:Update () (at Assets/Scripts/ControladorJugador.cs:56)

[Assets/Scripts/ControladorJugador.cs line 56]

Parameter 'isRunning' does not exist.
UnityEngine.Debug:ExtractStackTraceNoAlloc (byte*,int,string)
UnityEngine.StackTraceUtility:ExtractStackTrace ()
UnityEngine.Animator:SetBoolString (string,bool)
UnityEngine.Animator:SetBool (string,bool)
ControladorJugador:Update () (at Assets/Scripts/ControladorJugador.cs:57)

[Assets/Scripts/ControladorJugador.cs line 57]

Parameter 'isWalking' does not exist.
UnityEngine.Debug:ExtractStackTraceNoAlloc (byte*,int,string)
UnityEngine.StackTraceUtility:ExtractStackTrace ()
UnityEngine.Animator:SetBoolString (string,bool)
UnityEngine.Animator:SetBool (string,bool)
ControladorJugador:Update () (at Assets/Scripts/ControladorJugador.cs:56)

[Assets/Scripts/ControladorJugador.cs line 56]

Parameter 'isRunning' does not exist.
UnityEngine.Debug:ExtractStackTraceNoAlloc (byte*,int,string)
UnityEngine.StackTraceUtility:ExtractStackTrace ()
UnityEngine.Animator:SetBoolString (string,bool)
UnityEngine.Animator:SetBool (string,bool)
ControladorJugador:Update () (at Assets/Scripts/ControladorJugador.cs:57)

[Assets/Scripts/ControladorJugador.cs line 57]

Parameter 'isWalking' does not exist.
UnityEngine.Debug:ExtractStackTraceNoAlloc (byte*,int,string)
UnityEngine.StackTraceUtility:ExtractStackTrace ()
UnityEngine.Animator:SetBoolString (string,bool)
UnityEngine.Animator:SetBool (string,bool)
ControladorJugador:Update () (at Assets/Scripts/ControladorJugador.cs:56)

[Assets/Scripts/ControladorJugador.cs line 56]

Parameter 'isRunning' does not exist.
UnityEngine.Debug:ExtractStackTraceNoAlloc (byte*,int,string)
UnityEngine.StackTraceUtility:ExtractStackTrace ()
UnityEngine.Animator:SetBoolString (string,bool)
UnityEngine.Animator:SetBool (string,bool)
ControladorJugador:Update () (at Assets/Scripts/ControladorJugador.cs:57)

[Assets/Scripts/ControladorJugador.cs line 57]

Parameter 'isRunning' does not exist.
UnityEngine.Debug:ExtractStackTraceNoAlloc (byte*,int,string)
UnityEngine.StackTraceUtility:ExtractStackTrace ()
UnityEngine.Animator:GetBoolString (string)
UnityEngine.Animator:GetBool (string)
ControladorJugador:FixedUpdate () (at Assets/Scripts/ControladorJugador.cs:83)

[Assets/Scripts/ControladorJugador.cs line 83]

Parameter 'isWalking' does not exist.
UnityEngine.Debug:ExtractStackTraceNoAlloc (byte*,int,string)
UnityEngine.StackTraceUtility:ExtractStackTrace ()
UnityEngine.Animator:SetBoolString (string,bool)
UnityEngine.Animator:SetBool (string,bool)
ControladorJugador:Update () (at Assets/Scripts/ControladorJugador.cs:56)

[Assets/Scripts/ControladorJugador.cs line 56]

Parameter 'isRunning' does not exist.
UnityEngine.Debug:ExtractStackTraceNoAlloc (byte*,int,string)
UnityEngine.StackTraceUtility:ExtractStackTrace ()
UnityEngine.Animator:SetBoolString (string,bool)
UnityEngine.Animator:SetBool (string,bool)
ControladorJugador:Update () (at Assets/Scripts/ControladorJugador.cs:57)

[Assets/Scripts/ControladorJugador.cs line 57]

Parameter 'isWalking' does not exist.
UnityEngine.Debug:ExtractStackTraceNoAlloc (byte*,int,string)
UnityEngine.StackTraceUtility:ExtractStackTrace ()
UnityEngine.Animator:SetBoolString (string,bool)
UnityEngine.Animator:SetBool (string,bool)
ControladorJugador:Update () (at Assets/Scripts/ControladorJugador.cs:56)

[Assets/Scripts/ControladorJugador.cs line 56]

Parameter 'isRunning' does not exist.
UnityEngine.Debug:ExtractStackTraceNoAlloc (byte*,int,string)
UnityEngine.StackTraceUtility:ExtractStackTrace ()
UnityEngine.Animator:SetBoolString (string,bool)
UnityEngine.Animator:SetBool (string,bool)
ControladorJugador:Update () (at Assets/Scripts/ControladorJugador.cs:57)

[Assets/Scripts/ControladorJugador.cs line 57]

Parameter 'isWalking' does not exist.
UnityEngine.Debug:ExtractStackTraceNoAlloc (byte*,int,string)
UnityEngine.StackTraceUtility:ExtractStackTrace ()
UnityEngine.Animator:SetBoolString (string,bool)
UnityEngine.Animator:SetBool (string,bool)
ControladorJugador:Update () (at Assets/Scripts/ControladorJugador.cs:56)

[Assets/Scripts/ControladorJugador.cs line 56]

Parameter 'isRunning' does not exist.
UnityEngine.Debug:ExtractStackTraceNoAlloc (byte*,int,string)
UnityEngine.StackTraceUtility:ExtractStackTrace ()
UnityEngine.Animator:SetBoolString (string,bool)
UnityEngine.Animator:SetBool (string,bool)
ControladorJugador:Update () (at Assets/Scripts/ControladorJugador.cs:57)

[Assets/Scripts/ControladorJugador.cs line 57]

Parameter 'isWalking' does not exist.
UnityEngine.Debug:ExtractStackTraceNoAlloc (byte*,int,string)
UnityEngine.StackTraceUtility:ExtractStackTrace ()
UnityEngine.Animator:SetBoolString (string,bool)
UnityEngine.Animator:SetBool (string,bool)
ControladorJugador:Update () (at Assets/Scripts/ControladorJugador.cs:56)

[Assets/Scripts/ControladorJugador.cs line 56]

Parameter 'isRunning' does not exist.
UnityEngine.Debug:ExtractStackTraceNoAlloc (byte*,int,string)
UnityEngine.StackTraceUtility:ExtractStackTrace ()
UnityEngine.Animator:SetBoolString (string,bool)
UnityEngine.Animator:SetBool (string,bool)
ControladorJugador:Update () (at Assets/Scripts/ControladorJugador.cs:57)

[Assets/Scripts/ControladorJugador.cs line 57]

Parameter 'isRunning' does not exist.
UnityEngine.Debug:ExtractStackTraceNoAlloc (byte*,int,string)
UnityEngine.StackTraceUtility:ExtractStackTrace ()
UnityEngine.Animator:GetBoolString (string)
UnityEngine.Animator:GetBool (string)
ControladorJugador:FixedUpdate () (at Assets/Scripts/ControladorJugador.cs:83)

[Assets/Scripts/ControladorJugador.cs line 83]

Parameter 'isWalking' does not exist.
UnityEngine.Debug:ExtractStackTraceNoAlloc (byte*,int,string)
UnityEngine.StackTraceUtility:ExtractStackTrace ()
UnityEngine.Animator:SetBoolString (string,bool)
UnityEngine.Animator:SetBool (string,bool)
ControladorJugador:Update () (at Assets/Scripts/ControladorJugador.cs:56)

[Assets/Scripts/ControladorJugador.cs line 56]

Parameter 'isRunning' does not exist.
UnityEngine.Debug:ExtractStackTraceNoAlloc (byte*,int,string)
UnityEngine.StackTraceUtility:ExtractStackTrace ()
UnityEngine.Animator:SetBoolString (string,bool)
UnityEngine.Animator:SetBool (string,bool)
ControladorJugador:Update () (at Assets/Scripts/ControladorJugador.cs:57)

[Assets/Scripts/ControladorJugador.cs line 57]

Parameter 'isWalking' does not exist.
UnityEngine.Debug:ExtractStackTraceNoAlloc (byte*,int,string)
UnityEngine.StackTraceUtility:ExtractStackTrace ()
UnityEngine.Animator:SetBoolString (string,bool)
UnityEngine.Animator:SetBool (string,bool)
ControladorJugador:Update () (at Assets/Scripts/ControladorJugador.cs:56)

[Assets/Scripts/ControladorJugador.cs line 56]

Parameter 'isRunning' does not exist.
UnityEngine.Debug:ExtractStackTraceNoAlloc (byte*,int,string)
UnityEngine.StackTraceUtility:ExtractStackTrace ()
UnityEngine.Animator:SetBoolString (string,bool)
UnityEngine.Animator:SetBool (string,bool)
ControladorJugador:Update () (at Assets/Scripts/ControladorJugador.cs:57)

[Assets/Scripts/ControladorJugador.cs line 57]

Parameter 'isWalking' does not exist.
UnityEngine.Debug:ExtractStackTraceNoAlloc (byte*,int,string)
UnityEngine.StackTraceUtility:ExtractStackTrace ()
UnityEngine.Animator:SetBoolString (string,bool)
UnityEngine.Animator:SetBool (string,bool)
ControladorJugador:Update () (at Assets/Scripts/ControladorJugador.cs:56)

[Assets/Scripts/ControladorJugador.cs line 56]

Parameter 'isRunning' does not exist.
UnityEngine.Debug:ExtractStackTraceNoAlloc (byte*,int,string)
UnityEngine.StackTraceUtility:ExtractStackTrace ()
UnityEngine.Animator:SetBoolString (string,bool)
UnityEngine.Animator:SetBool (string,bool)
ControladorJugador:Update () (at Assets/Scripts/ControladorJugador.cs:57)

[Assets/Scripts/ControladorJugador.cs line 57]

Parameter 'isRunning' does not exist.
UnityEngine.Debug:ExtractStackTraceNoAlloc (byte*,int,string)
UnityEngine.StackTraceUtility:ExtractStackTrace ()
UnityEngine.Animator:GetBoolString (string)
UnityEngine.Animator:GetBool (string)
ControladorJugador:FixedUpdate () (at Assets/Scripts/ControladorJugador.cs:83)

[Assets/Scripts/ControladorJugador.cs line 83]

Parameter 'isWalking' does not exist.
UnityEngine.Debug:ExtractStackTraceNoAlloc (byte*,int,string)
UnityEngine.StackTraceUtility:ExtractStackTrace ()
UnityEngine.Animator:SetBoolString (string,bool)
UnityEngine.Animator:SetBool (string,bool)
ControladorJugador:Update () (at Assets/Scripts/ControladorJugador.cs:56)

[Assets/Scripts/ControladorJugador.cs line 56]

Parameter 'isRunning' does not exist.
UnityEngine.Debug:ExtractStackTraceNoAlloc (byte*,int,string)
UnityEngine.StackTraceUtility:ExtractStackTrace ()
UnityEngine.Animator:SetBoolString (string,bool)
UnityEngine.Animator:SetBool (string,bool)
ControladorJugador:Update () (at Assets/Scripts/ControladorJugador.cs:57)

[Assets/Scripts/ControladorJugador.cs line 57]

Parameter 'isWalking' does not exist.
UnityEngine.Debug:ExtractStackTraceNoAlloc (byte*,int,string)
UnityEngine.StackTraceUtility:ExtractStackTrace ()
UnityEngine.Animator:SetBoolString (string,bool)
UnityEngine.Animator:SetBool (string,bool)
ControladorJugador:Update () (at Assets/Scripts/ControladorJugador.cs:56)

[Assets/Scripts/ControladorJugador.cs line 56]

Parameter 'isRunning' does not exist.
UnityEngine.Debug:ExtractStackTraceNoAlloc (byte*,int,string)
UnityEngine.StackTraceUtility:ExtractStackTrace ()
UnityEngine.Animator:SetBoolString (string,bool)
UnityEngine.Animator:SetBool (string,bool)
ControladorJugador:Update () (at Assets/Scripts/ControladorJugador.cs:57)

[Assets/Scripts/ControladorJugador.cs line 57]

Parameter 'isWalking' does not exist.
UnityEngine.Debug:ExtractStackTraceNoAlloc (byte*,int,string)
UnityEngine.StackTraceUtility:ExtractStackTrace ()
UnityEngine.Animator:SetBoolString (string,bool)
UnityEngine.Animator:SetBool (string,bool)
ControladorJugador:Update () (at Assets/Scripts/ControladorJugador.cs:56)

[Assets/Scripts/ControladorJugador.cs line 56]

Parameter 'isRunning' does not exist.
UnityEngine.Debug:ExtractStackTraceNoAlloc (byte*,int,string)
UnityEngine.StackTraceUtility:ExtractStackTrace ()
UnityEngine.Animator:SetBoolString (string,bool)
UnityEngine.Animator:SetBool (string,bool)
ControladorJugador:Update () (at Assets/Scripts/ControladorJugador.cs:57)

[Assets/Scripts/ControladorJugador.cs line 57]

Parameter 'isRunning' does not exist.
UnityEngine.Debug:ExtractStackTraceNoAlloc (byte*,int,string)
UnityEngine.StackTraceUtility:ExtractStackTrace ()
UnityEngine.Animator:GetBoolString (string)
UnityEngine.Animator:GetBool (string)
ControladorJugador:FixedUpdate () (at Assets/Scripts/ControladorJugador.cs:83)

[Assets/Scripts/ControladorJugador.cs line 83]

Parameter 'isWalking' does not exist.
UnityEngine.Debug:ExtractStackTraceNoAlloc (byte*,int,string)
UnityEngine.StackTraceUtility:ExtractStackTrace ()
UnityEngine.Animator:SetBoolString (string,bool)
UnityEngine.Animator:SetBool (string,bool)
ControladorJugador:Update () (at Assets/Scripts/ControladorJugador.cs:56)

[Assets/Scripts/ControladorJugador.cs line 56]

Parameter 'isRunning' does not exist.
UnityEngine.Debug:ExtractStackTraceNoAlloc (byte*,int,string)
UnityEngine.StackTraceUtility:ExtractStackTrace ()
UnityEngine.Animator:SetBoolString (string,bool)
UnityEngine.Animator:SetBool (string,bool)
ControladorJugador:Update () (at Assets/Scripts/ControladorJugador.cs:57)

[Assets/Scripts/ControladorJugador.cs line 57]

Parameter 'isWalking' does not exist.
UnityEngine.Debug:ExtractStackTraceNoAlloc (byte*,int,string)
UnityEngine.StackTraceUtility:ExtractStackTrace ()
UnityEngine.Animator:SetBoolString (string,bool)
UnityEngine.Animator:SetBool (string,bool)
ControladorJugador:Update () (at Assets/Scripts/ControladorJugador.cs:56)

[Assets/Scripts/ControladorJugador.cs line 56]

Parameter 'isRunning' does not exist.
UnityEngine.Debug:ExtractStackTraceNoAlloc (byte*,int,string)
UnityEngine.StackTraceUtility:ExtractStackTrace ()
UnityEngine.Animator:SetBoolString (string,bool)
UnityEngine.Animator:SetBool (string,bool)
ControladorJugador:Update () (at Assets/Scripts/ControladorJugador.cs:57)

[Assets/Scripts/ControladorJugador.cs line 57]

Parameter 'isWalking' does not exist.
UnityEngine.Debug:ExtractStackTraceNoAlloc (byte*,int,string)
UnityEngine.StackTraceUtility:ExtractStackTrace ()
UnityEngine.Animator:SetBoolString (string,bool)
UnityEngine.Animator:SetBool (string,bool)
ControladorJugador:Update () (at Assets/Scripts/ControladorJugador.cs:56)

[Assets/Scripts/ControladorJugador.cs line 56]

Parameter 'isRunning' does not exist.
UnityEngine.Debug:ExtractStackTraceNoAlloc (byte*,int,string)
UnityEngine.StackTraceUtility:ExtractStackTrace ()
UnityEngine.Animator:SetBoolString (string,bool)
UnityEngine.Animator:SetBool (string,bool)
ControladorJugador:Update () (at Assets/Scripts/ControladorJugador.cs:57)

[Assets/Scripts/ControladorJugador.cs line 57]

Parameter 'isWalking' does not exist.
UnityEngine.Debug:ExtractStackTraceNoAlloc (byte*,int,string)
UnityEngine.StackTraceUtility:ExtractStackTrace ()
UnityEngine.Animator:SetBoolString (string,bool)
UnityEngine.Animator:SetBool (string,bool)
ControladorJugador:Update () (at Assets/Scripts/ControladorJugador.cs:56)

[Assets/Scripts/ControladorJugador.cs line 56]

Parameter 'isRunning' does not exist.
UnityEngine.Debug:ExtractStackTraceNoAlloc (byte*,int,string)
UnityEngine.StackTraceUtility:ExtractStackTrace ()
UnityEngine.Animator:SetBoolString (string,bool)
UnityEngine.Animator:SetBool (string,bool)
ControladorJugador:Update () (at Assets/Scripts/ControladorJugador.cs:57)

[Assets/Scripts/ControladorJugador.cs line 57]

Parameter 'isRunning' does not exist.
UnityEngine.Debug:ExtractStackTraceNoAlloc (byte*,int,string)
UnityEngine.StackTraceUtility:ExtractStackTrace ()
UnityEngine.Animator:GetBoolString (string)
UnityEngine.Animator:GetBool (string)
ControladorJugador:FixedUpdate () (at Assets/Scripts/ControladorJugador.cs:83)

[Assets/Scripts/ControladorJugador.cs line 83]

Parameter 'isWalking' does not exist.
UnityEngine.Debug:ExtractStackTraceNoAlloc (byte*,int,string)
UnityEngine.StackTraceUtility:ExtractStackTrace ()
UnityEngine.Animator:SetBoolString (string,bool)
UnityEngine.Animator:SetBool (string,bool)
ControladorJugador:Update () (at Assets/Scripts/ControladorJugador.cs:56)

[Assets/Scripts/ControladorJugador.cs line 56]

Parameter 'isRunning' does not exist.
UnityEngine.Debug:ExtractStackTraceNoAlloc (byte*,int,string)
UnityEngine.StackTraceUtility:ExtractStackTrace ()
UnityEngine.Animator:SetBoolString (string,bool)
UnityEngine.Animator:SetBool (string,bool)
ControladorJugador:Update () (at Assets/Scripts/ControladorJugador.cs:57)

[Assets/Scripts/ControladorJugador.cs line 57]

Parameter 'isWalking' does not exist.
UnityEngine.Debug:ExtractStackTraceNoAlloc (byte*,int,string)
UnityEngine.StackTraceUtility:ExtractStackTrace ()
UnityEngine.Animator:SetBoolString (string,bool)
UnityEngine.Animator:SetBool (string,bool)
ControladorJugador:Update () (at Assets/Scripts/ControladorJugador.cs:56)

[Assets/Scripts/ControladorJugador.cs line 56]

Parameter 'isRunning' does not exist.
UnityEngine.Debug:ExtractStackTraceNoAlloc (byte*,int,string)
UnityEngine.StackTraceUtility:ExtractStackTrace ()
UnityEngine.Animator:SetBoolString (string,bool)
UnityEngine.Animator:SetBool (string,bool)
ControladorJugador:Update () (at Assets/Scripts/ControladorJugador.cs:57)

[Assets/Scripts/ControladorJugador.cs line 57]

Parameter 'isWalking' does not exist.
UnityEngine.Debug:ExtractStackTraceNoAlloc (byte*,int,string)
UnityEngine.StackTraceUtility:ExtractStackTrace ()
UnityEngine.Animator:SetBoolString (string,bool)
UnityEngine.Animator:SetBool (string,bool)
ControladorJugador:Update () (at Assets/Scripts/ControladorJugador.cs:56)

[Assets/Scripts/ControladorJugador.cs line 56]

Parameter 'isRunning' does not exist.
UnityEngine.Debug:ExtractStackTraceNoAlloc (byte*,int,string)
UnityEngine.StackTraceUtility:ExtractStackTrace ()
UnityEngine.Animator:SetBoolString (string,bool)
UnityEngine.Animator:SetBool (string,bool)
ControladorJugador:Update () (at Assets/Scripts/ControladorJugador.cs:57)

[Assets/Scripts/ControladorJugador.cs line 57]

Parameter 'isWalking' does not exist.
UnityEngine.Debug:ExtractStackTraceNoAlloc (byte*,int,string)
UnityEngine.StackTraceUtility:ExtractStackTrace ()
UnityEngine.Animator:SetBoolString (string,bool)
UnityEngine.Animator:SetBool (string,bool)
ControladorJugador:Update () (at Assets/Scripts/ControladorJugador.cs:56)

[Assets/Scripts/ControladorJugador.cs line 56]

Parameter 'isRunning' does not exist.
UnityEngine.Debug:ExtractStackTraceNoAlloc (byte*,int,string)
UnityEngine.StackTraceUtility:ExtractStackTrace ()
UnityEngine.Animator:SetBoolString (string,bool)
UnityEngine.Animator:SetBool (string,bool)
ControladorJugador:Update () (at Assets/Scripts/ControladorJugador.cs:57)

[Assets/Scripts/ControladorJugador.cs line 57]

Parameter 'isRunning' does not exist.
UnityEngine.Debug:ExtractStackTraceNoAlloc (byte*,int,string)
UnityEngine.StackTraceUtility:ExtractStackTrace ()
UnityEngine.Animator:GetBoolString (string)
UnityEngine.Animator:GetBool (string)
ControladorJugador:FixedUpdate () (at Assets/Scripts/ControladorJugador.cs:83)

[Assets/Scripts/ControladorJugador.cs line 83]

Parameter 'isWalking' does not exist.
UnityEngine.Debug:ExtractStackTraceNoAlloc (byte*,int,string)
UnityEngine.StackTraceUtility:ExtractStackTrace ()
UnityEngine.Animator:SetBoolString (string,bool)
UnityEngine.Animator:SetBool (string,bool)
ControladorJugador:Update () (at Assets/Scripts/ControladorJugador.cs:56)

[Assets/Scripts/ControladorJugador.cs line 56]

Parameter 'isRunning' does not exist.
UnityEngine.Debug:ExtractStackTraceNoAlloc (byte*,int,string)
UnityEngine.StackTraceUtility:ExtractStackTrace ()
UnityEngine.Animator:SetBoolString (string,bool)
UnityEngine.Animator:SetBool (string,bool)
ControladorJugador:Update () (at Assets/Scripts/ControladorJugador.cs:57)

[Assets/Scripts/ControladorJugador.cs line 57]

Parameter 'isWalking' does not exist.
UnityEngine.Debug:ExtractStackTraceNoAlloc (byte*,int,string)
UnityEngine.StackTraceUtility:ExtractStackTrace ()
UnityEngine.Animator:SetBoolString (string,bool)
UnityEngine.Animator:SetBool (string,bool)
ControladorJugador:Update () (at Assets/Scripts/ControladorJugador.cs:56)

[Assets/Scripts/ControladorJugador.cs line 56]

Parameter 'isRunning' does not exist.
UnityEngine.Debug:ExtractStackTraceNoAlloc (byte*,int,string)
UnityEngine.StackTraceUtility:ExtractStackTrace ()
UnityEngine.Animator:SetBoolString (string,bool)
UnityEngine.Animator:SetBool (string,bool)
ControladorJugador:Update () (at Assets/Scripts/ControladorJugador.cs:57)

[Assets/Scripts/ControladorJugador.cs line 57]

Parameter 'isWalking' does not exist.
UnityEngine.Debug:ExtractStackTraceNoAlloc (byte*,int,string)
UnityEngine.StackTraceUtility:ExtractStackTrace ()
UnityEngine.Animator:SetBoolString (string,bool)
UnityEngine.Animator:SetBool (string,bool)
ControladorJugador:Update () (at Assets/Scripts/ControladorJugador.cs:56)

[Assets/Scripts/ControladorJugador.cs line 56]

Parameter 'isRunning' does not exist.
UnityEngine.Debug:ExtractStackTraceNoAlloc (byte*,int,string)
UnityEngine.StackTraceUtility:ExtractStackTrace ()
UnityEngine.Animator:SetBoolString (string,bool)
UnityEngine.Animator:SetBool (string,bool)
ControladorJugador:Update () (at Assets/Scripts/ControladorJugador.cs:57)

[Assets/Scripts/ControladorJugador.cs line 57]

Parameter 'isWalking' does not exist.
UnityEngine.Debug:ExtractStackTraceNoAlloc (byte*,int,string)
UnityEngine.StackTraceUtility:ExtractStackTrace ()
UnityEngine.Animator:SetBoolString (string,bool)
UnityEngine.Animator:SetBool (string,bool)
ControladorJugador:Update () (at Assets/Scripts/ControladorJugador.cs:56)

[Assets/Scripts/ControladorJugador.cs line 56]

Parameter 'isRunning' does not exist.
UnityEngine.Debug:ExtractStackTraceNoAlloc (byte*,int,string)
UnityEngine.StackTraceUtility:ExtractStackTrace ()
UnityEngine.Animator:SetBoolString (string,bool)
UnityEngine.Animator:SetBool (string,bool)
ControladorJugador:Update () (at Assets/Scripts/ControladorJugador.cs:57)

[Assets/Scripts/ControladorJugador.cs line 57]

Parameter 'isRunning' does not exist.
UnityEngine.Debug:ExtractStackTraceNoAlloc (byte*,int,string)
UnityEngine.StackTraceUtility:ExtractStackTrace ()
UnityEngine.Animator:GetBoolString (string)
UnityEngine.Animator:GetBool (string)
ControladorJugador:FixedUpdate () (at Assets/Scripts/ControladorJugador.cs:83)

[Assets/Scripts/ControladorJugador.cs line 83]

Parameter 'isWalking' does not exist.
UnityEngine.Debug:ExtractStackTraceNoAlloc (byte*,int,string)
UnityEngine.StackTraceUtility:ExtractStackTrace ()
UnityEngine.Animator:SetBoolString (string,bool)
UnityEngine.Animator:SetBool (string,bool)
ControladorJugador:Update () (at Assets/Scripts/ControladorJugador.cs:56)

[Assets/Scripts/ControladorJugador.cs line 56]

Parameter 'isRunning' does not exist.
UnityEngine.Debug:ExtractStackTraceNoAlloc (byte*,int,string)
UnityEngine.StackTraceUtility:ExtractStackTrace ()
UnityEngine.Animator:SetBoolString (string,bool)
UnityEngine.Animator:SetBool (string,bool)
ControladorJugador:Update () (at Assets/Scripts/ControladorJugador.cs:57)

[Assets/Scripts/ControladorJugador.cs line 57]

Parameter 'isWalking' does not exist.
UnityEngine.Debug:ExtractStackTraceNoAlloc (byte*,int,string)
UnityEngine.StackTraceUtility:ExtractStackTrace ()
UnityEngine.Animator:SetBoolString (string,bool)
UnityEngine.Animator:SetBool (string,bool)
ControladorJugador:Update () (at Assets/Scripts/ControladorJugador.cs:56)

[Assets/Scripts/ControladorJugador.cs line 56]

Parameter 'isRunning' does not exist.
UnityEngine.Debug:ExtractStackTraceNoAlloc (byte*,int,string)
UnityEngine.StackTraceUtility:ExtractStackTrace ()
UnityEngine.Animator:SetBoolString (string,bool)
UnityEngine.Animator:SetBool (string,bool)
ControladorJugador:Update () (at Assets/Scripts/ControladorJugador.cs:57)

[Assets/Scripts/ControladorJugador.cs line 57]

Parameter 'isWalking' does not exist.
UnityEngine.Debug:ExtractStackTraceNoAlloc (byte*,int,string)
UnityEngine.StackTraceUtility:ExtractStackTrace ()
UnityEngine.Animator:SetBoolString (string,bool)
UnityEngine.Animator:SetBool (string,bool)
ControladorJugador:Update () (at Assets/Scripts/ControladorJugador.cs:56)

[Assets/Scripts/ControladorJugador.cs line 56]

Parameter 'isRunning' does not exist.
UnityEngine.Debug:ExtractStackTraceNoAlloc (byte*,int,string)
UnityEngine.StackTraceUtility:ExtractStackTrace ()
UnityEngine.Animator:SetBoolString (string,bool)
UnityEngine.Animator:SetBool (string,bool)
ControladorJugador:Update () (at Assets/Scripts/ControladorJugador.cs:57)

[Assets/Scripts/ControladorJugador.cs line 57]

Parameter 'isWalking' does not exist.
UnityEngine.Debug:ExtractStackTraceNoAlloc (byte*,int,string)
UnityEngine.StackTraceUtility:ExtractStackTrace ()
UnityEngine.Animator:SetBoolString (string,bool)
UnityEngine.Animator:SetBool (string,bool)
ControladorJugador:Update () (at Assets/Scripts/ControladorJugador.cs:56)

[Assets/Scripts/ControladorJugador.cs line 56]

Parameter 'isRunning' does not exist.
UnityEngine.Debug:ExtractStackTraceNoAlloc (byte*,int,string)
UnityEngine.StackTraceUtility:ExtractStackTrace ()
UnityEngine.Animator:SetBoolString (string,bool)
UnityEngine.Animator:SetBool (string,bool)
ControladorJugador:Update () (at Assets/Scripts/ControladorJugador.cs:57)

[Assets/Scripts/ControladorJugador.cs line 57]

Parameter 'isWalking' does not exist.
UnityEngine.Debug:ExtractStackTraceNoAlloc (byte*,int,string)
UnityEngine.StackTraceUtility:ExtractStackTrace ()
UnityEngine.Animator:SetBoolString (string,bool)
UnityEngine.Animator:SetBool (string,bool)
ControladorJugador:Update () (at Assets/Scripts/ControladorJugador.cs:56)

[Assets/Scripts/ControladorJugador.cs line 56]

Parameter 'isRunning' does not exist.
UnityEngine.Debug:ExtractStackTraceNoAlloc (byte*,int,string)
UnityEngine.StackTraceUtility:ExtractStackTrace ()
UnityEngine.Animator:SetBoolString (string,bool)
UnityEngine.Animator:SetBool (string,bool)
ControladorJugador:Update () (at Assets/Scripts/ControladorJugador.cs:57)

[Assets/Scripts/ControladorJugador.cs line 57]

Parameter 'isRunning' does not exist.
UnityEngine.Debug:ExtractStackTraceNoAlloc (byte*,int,string)
UnityEngine.StackTraceUtility:ExtractStackTrace ()
UnityEngine.Animator:GetBoolString (string)
UnityEngine.Animator:GetBool (string)
ControladorJugador:FixedUpdate () (at Assets/Scripts/ControladorJugador.cs:83)

[Assets/Scripts/ControladorJugador.cs line 83]

Parameter 'isWalking' does not exist.
UnityEngine.Debug:ExtractStackTraceNoAlloc (byte*,int,string)
UnityEngine.StackTraceUtility:ExtractStackTrace ()
UnityEngine.Animator:SetBoolString (string,bool)
UnityEngine.Animator:SetBool (string,bool)
ControladorJugador:Update () (at Assets/Scripts/ControladorJugador.cs:56)

[Assets/Scripts/ControladorJugador.cs line 56]

Parameter 'isRunning' does not exist.
UnityEngine.Debug:ExtractStackTraceNoAlloc (byte*,int,string)
UnityEngine.StackTraceUtility:ExtractStackTrace ()
UnityEngine.Animator:SetBoolString (string,bool)
UnityEngine.Animator:SetBool (string,bool)
ControladorJugador:Update () (at Assets/Scripts/ControladorJugador.cs:57)

[Assets/Scripts/ControladorJugador.cs line 57]

Parameter 'isWalking' does not exist.
UnityEngine.Debug:ExtractStackTraceNoAlloc (byte*,int,string)
UnityEngine.StackTraceUtility:ExtractStackTrace ()
UnityEngine.Animator:SetBoolString (string,bool)
UnityEngine.Animator:SetBool (string,bool)
ControladorJugador:Update () (at Assets/Scripts/ControladorJugador.cs:56)

[Assets/Scripts/ControladorJugador.cs line 56]

Parameter 'isRunning' does not exist.
UnityEngine.Debug:ExtractStackTraceNoAlloc (byte*,int,string)
UnityEngine.StackTraceUtility:ExtractStackTrace ()
UnityEngine.Animator:SetBoolString (string,bool)
UnityEngine.Animator:SetBool (string,bool)
ControladorJugador:Update () (at Assets/Scripts/ControladorJugador.cs:57)

[Assets/Scripts/ControladorJugador.cs line 57]

Parameter 'isWalking' does not exist.
UnityEngine.Debug:ExtractStackTraceNoAlloc (byte*,int,string)
UnityEngine.StackTraceUtility:ExtractStackTrace ()
UnityEngine.Animator:SetBoolString (string,bool)
UnityEngine.Animator:SetBool (string,bool)
ControladorJugador:Update () (at Assets/Scripts/ControladorJugador.cs:56)

[Assets/Scripts/ControladorJugador.cs line 56]

Parameter 'isRunning' does not exist.
UnityEngine.Debug:ExtractStackTraceNoAlloc (byte*,int,string)
UnityEngine.StackTraceUtility:ExtractStackTrace ()
UnityEngine.Animator:SetBoolString (string,bool)
UnityEngine.Animator:SetBool (string,bool)
ControladorJugador:Update () (at Assets/Scripts/ControladorJugador.cs:57)

[Assets/Scripts/ControladorJugador.cs line 57]

Parameter 'isWalking' does not exist.
UnityEngine.Debug:ExtractStackTraceNoAlloc (byte*,int,string)
UnityEngine.StackTraceUtility:ExtractStackTrace ()
UnityEngine.Animator:SetBoolString (string,bool)
UnityEngine.Animator:SetBool (string,bool)
ControladorJugador:Update () (at Assets/Scripts/ControladorJugador.cs:56)

[Assets/Scripts/ControladorJugador.cs line 56]

Parameter 'isRunning' does not exist.
UnityEngine.Debug:ExtractStackTraceNoAlloc (byte*,int,string)
UnityEngine.StackTraceUtility:ExtractStackTrace ()
UnityEngine.Animator:SetBoolString (string,bool)
UnityEngine.Animator:SetBool (string,bool)
ControladorJugador:Update () (at Assets/Scripts/ControladorJugador.cs:57)

[Assets/Scripts/ControladorJugador.cs line 57]

Parameter 'isRunning' does not exist.
UnityEngine.Debug:ExtractStackTraceNoAlloc (byte*,int,string)
UnityEngine.StackTraceUtility:ExtractStackTrace ()
UnityEngine.Animator:GetBoolString (string)
UnityEngine.Animator:GetBool (string)
ControladorJugador:FixedUpdate () (at Assets/Scripts/ControladorJugador.cs:83)

[Assets/Scripts/ControladorJugador.cs line 83]

Parameter 'isWalking' does not exist.
UnityEngine.Debug:ExtractStackTraceNoAlloc (byte*,int,string)
UnityEngine.StackTraceUtility:ExtractStackTrace ()
UnityEngine.Animator:SetBoolString (string,bool)
UnityEngine.Animator:SetBool (string,bool)
ControladorJugador:Update () (at Assets/Scripts/ControladorJugador.cs:56)

[Assets/Scripts/ControladorJugador.cs line 56]

Parameter 'isRunning' does not exist.
UnityEngine.Debug:ExtractStackTraceNoAlloc (byte*,int,string)
UnityEngine.StackTraceUtility:ExtractStackTrace ()
UnityEngine.Animator:SetBoolString (string,bool)
UnityEngine.Animator:SetBool (string,bool)
ControladorJugador:Update () (at Assets/Scripts/ControladorJugador.cs:57)

[Assets/Scripts/ControladorJugador.cs line 57]

Parameter 'isWalking' does not exist.
UnityEngine.Debug:ExtractStackTraceNoAlloc (byte*,int,string)
UnityEngine.StackTraceUtility:ExtractStackTrace ()
UnityEngine.Animator:SetBoolString (string,bool)
UnityEngine.Animator:SetBool (string,bool)
ControladorJugador:Update () (at Assets/Scripts/ControladorJugador.cs:56)

[Assets/Scripts/ControladorJugador.cs line 56]

Parameter 'isRunning' does not exist.
UnityEngine.Debug:ExtractStackTraceNoAlloc (byte*,int,string)
UnityEngine.StackTraceUtility:ExtractStackTrace ()
UnityEngine.Animator:SetBoolString (string,bool)
UnityEngine.Animator:SetBool (string,bool)
ControladorJugador:Update () (at Assets/Scripts/ControladorJugador.cs:57)

[Assets/Scripts/ControladorJugador.cs line 57]

Parameter 'isWalking' does not exist.
UnityEngine.Debug:ExtractStackTraceNoAlloc (byte*,int,string)
UnityEngine.StackTraceUtility:ExtractStackTrace ()
UnityEngine.Animator:SetBoolString (string,bool)
UnityEngine.Animator:SetBool (string,bool)
ControladorJugador:Update () (at Assets/Scripts/ControladorJugador.cs:56)

[Assets/Scripts/ControladorJugador.cs line 56]

Parameter 'isRunning' does not exist.
UnityEngine.Debug:ExtractStackTraceNoAlloc (byte*,int,string)
UnityEngine.StackTraceUtility:ExtractStackTrace ()
UnityEngine.Animator:SetBoolString (string,bool)
UnityEngine.Animator:SetBool (string,bool)
ControladorJugador:Update () (at Assets/Scripts/ControladorJugador.cs:57)

[Assets/Scripts/ControladorJugador.cs line 57]

Parameter 'isWalking' does not exist.
UnityEngine.Debug:ExtractStackTraceNoAlloc (byte*,int,string)
UnityEngine.StackTraceUtility:ExtractStackTrace ()
UnityEngine.Animator:SetBoolString (string,bool)
UnityEngine.Animator:SetBool (string,bool)
ControladorJugador:Update () (at Assets/Scripts/ControladorJugador.cs:56)

[Assets/Scripts/ControladorJugador.cs line 56]

Parameter 'isRunning' does not exist.
UnityEngine.Debug:ExtractStackTraceNoAlloc (byte*,int,string)
UnityEngine.StackTraceUtility:ExtractStackTrace ()
UnityEngine.Animator:SetBoolString (string,bool)
UnityEngine.Animator:SetBool (string,bool)
ControladorJugador:Update () (at Assets/Scripts/ControladorJugador.cs:57)

[Assets/Scripts/ControladorJugador.cs line 57]

Parameter 'isRunning' does not exist.
UnityEngine.Debug:ExtractStackTraceNoAlloc (byte*,int,string)
UnityEngine.StackTraceUtility:ExtractStackTrace ()
UnityEngine.Animator:GetBoolString (string)
UnityEngine.Animator:GetBool (string)
ControladorJugador:FixedUpdate () (at Assets/Scripts/ControladorJugador.cs:83)

[Assets/Scripts/ControladorJugador.cs line 83]

Parameter 'isWalking' does not exist.
UnityEngine.Debug:ExtractStackTraceNoAlloc (byte*,int,string)
UnityEngine.StackTraceUtility:ExtractStackTrace ()
UnityEngine.Animator:SetBoolString (string,bool)
UnityEngine.Animator:SetBool (string,bool)
ControladorJugador:Update () (at Assets/Scripts/ControladorJugador.cs:56)

[Assets/Scripts/ControladorJugador.cs line 56]

Parameter 'isRunning' does not exist.
UnityEngine.Debug:ExtractStackTraceNoAlloc (byte*,int,string)
UnityEngine.StackTraceUtility:ExtractStackTrace ()
UnityEngine.Animator:SetBoolString (string,bool)
UnityEngine.Animator:SetBool (string,bool)
ControladorJugador:Update () (at Assets/Scripts/ControladorJugador.cs:57)

[Assets/Scripts/ControladorJugador.cs line 57]

Parameter 'isWalking' does not exist.
UnityEngine.Debug:ExtractStackTraceNoAlloc (byte*,int,string)
UnityEngine.StackTraceUtility:ExtractStackTrace ()
UnityEngine.Animator:SetBoolString (string,bool)
UnityEngine.Animator:SetBool (string,bool)
ControladorJugador:Update () (at Assets/Scripts/ControladorJugador.cs:56)

[Assets/Scripts/ControladorJugador.cs line 56]

Parameter 'isRunning' does not exist.
UnityEngine.Debug:ExtractStackTraceNoAlloc (byte*,int,string)
UnityEngine.StackTraceUtility:ExtractStackTrace ()
UnityEngine.Animator:SetBoolString (string,bool)
UnityEngine.Animator:SetBool (string,bool)
ControladorJugador:Update () (at Assets/Scripts/ControladorJugador.cs:57)

[Assets/Scripts/ControladorJugador.cs line 57]

Parameter 'isWalking' does not exist.
UnityEngine.Debug:ExtractStackTraceNoAlloc (byte*,int,string)
UnityEngine.StackTraceUtility:ExtractStackTrace ()
UnityEngine.Animator:SetBoolString (string,bool)
UnityEngine.Animator:SetBool (string,bool)
ControladorJugador:Update () (at Assets/Scripts/ControladorJugador.cs:56)

[Assets/Scripts/ControladorJugador.cs line 56]

Parameter 'isRunning' does not exist.
UnityEngine.Debug:ExtractStackTraceNoAlloc (byte*,int,string)
UnityEngine.StackTraceUtility:ExtractStackTrace ()
UnityEngine.Animator:SetBoolString (string,bool)
UnityEngine.Animator:SetBool (string,bool)
ControladorJugador:Update () (at Assets/Scripts/ControladorJugador.cs:57)

[Assets/Scripts/ControladorJugador.cs line 57]

Parameter 'isWalking' does not exist.
UnityEngine.Debug:ExtractStackTraceNoAlloc (byte*,int,string)
UnityEngine.StackTraceUtility:ExtractStackTrace ()
UnityEngine.Animator:SetBoolString (string,bool)
UnityEngine.Animator:SetBool (string,bool)
ControladorJugador:Update () (at Assets/Scripts/ControladorJugador.cs:56)

[Assets/Scripts/ControladorJugador.cs line 56]

Parameter 'isRunning' does not exist.
UnityEngine.Debug:ExtractStackTraceNoAlloc (byte*,int,string)
UnityEngine.StackTraceUtility:ExtractStackTrace ()
UnityEngine.Animator:SetBoolString (string,bool)
UnityEngine.Animator:SetBool (string,bool)
ControladorJugador:Update () (at Assets/Scripts/ControladorJugador.cs:57)

[Assets/Scripts/ControladorJugador.cs line 57]

Parameter 'isRunning' does not exist.
UnityEngine.Debug:ExtractStackTraceNoAlloc (byte*,int,string)
UnityEngine.StackTraceUtility:ExtractStackTrace ()
UnityEngine.Animator:GetBoolString (string)
UnityEngine.Animator:GetBool (string)
ControladorJugador:FixedUpdate () (at Assets/Scripts/ControladorJugador.cs:83)

[Assets/Scripts/ControladorJugador.cs line 83]

Parameter 'isWalking' does not exist.
UnityEngine.Debug:ExtractStackTraceNoAlloc (byte*,int,string)
UnityEngine.StackTraceUtility:ExtractStackTrace ()
UnityEngine.Animator:SetBoolString (string,bool)
UnityEngine.Animator:SetBool (string,bool)
ControladorJugador:Update () (at Assets/Scripts/ControladorJugador.cs:56)

[Assets/Scripts/ControladorJugador.cs line 56]

Parameter 'isRunning' does not exist.
UnityEngine.Debug:ExtractStackTraceNoAlloc (byte*,int,string)
UnityEngine.StackTraceUtility:ExtractStackTrace ()
UnityEngine.Animator:SetBoolString (string,bool)
UnityEngine.Animator:SetBool (string,bool)
ControladorJugador:Update () (at Assets/Scripts/ControladorJugador.cs:57)

[Assets/Scripts/ControladorJugador.cs line 57]

Parameter 'isWalking' does not exist.
UnityEngine.Debug:ExtractStackTraceNoAlloc (byte*,int,string)
UnityEngine.StackTraceUtility:ExtractStackTrace ()
UnityEngine.Animator:SetBoolString (string,bool)
UnityEngine.Animator:SetBool (string,bool)
ControladorJugador:Update () (at Assets/Scripts/ControladorJugador.cs:56)

[Assets/Scripts/ControladorJugador.cs line 56]

Parameter 'isRunning' does not exist.
UnityEngine.Debug:ExtractStackTraceNoAlloc (byte*,int,string)
UnityEngine.StackTraceUtility:ExtractStackTrace ()
UnityEngine.Animator:SetBoolString (string,bool)
UnityEngine.Animator:SetBool (string,bool)
ControladorJugador:Update () (at Assets/Scripts/ControladorJugador.cs:57)

[Assets/Scripts/ControladorJugador.cs line 57]

Parameter 'isWalking' does not exist.
UnityEngine.Debug:ExtractStackTraceNoAlloc (byte*,int,string)
UnityEngine.StackTraceUtility:ExtractStackTrace ()
UnityEngine.Animator:SetBoolString (string,bool)
UnityEngine.Animator:SetBool (string,bool)
ControladorJugador:Update () (at Assets/Scripts/ControladorJugador.cs:56)

[Assets/Scripts/ControladorJugador.cs line 56]

Parameter 'isRunning' does not exist.
UnityEngine.Debug:ExtractStackTraceNoAlloc (byte*,int,string)
UnityEngine.StackTraceUtility:ExtractStackTrace ()
UnityEngine.Animator:SetBoolString (string,bool)
UnityEngine.Animator:SetBool (string,bool)
ControladorJugador:Update () (at Assets/Scripts/ControladorJugador.cs:57)

[Assets/Scripts/ControladorJugador.cs line 57]

Parameter 'isWalking' does not exist.
UnityEngine.Debug:ExtractStackTraceNoAlloc (byte*,int,string)
UnityEngine.StackTraceUtility:ExtractStackTrace ()
UnityEngine.Animator:SetBoolString (string,bool)
UnityEngine.Animator:SetBool (string,bool)
ControladorJugador:Update () (at Assets/Scripts/ControladorJugador.cs:56)

[Assets/Scripts/ControladorJugador.cs line 56]

Parameter 'isRunning' does not exist.
UnityEngine.Debug:ExtractStackTraceNoAlloc (byte*,int,string)
UnityEngine.StackTraceUtility:ExtractStackTrace ()
UnityEngine.Animator:SetBoolString (string,bool)
UnityEngine.Animator:SetBool (string,bool)
ControladorJugador:Update () (at Assets/Scripts/ControladorJugador.cs:57)

[Assets/Scripts/ControladorJugador.cs line 57]

Parameter 'isWalking' does not exist.
UnityEngine.Debug:ExtractStackTraceNoAlloc (byte*,int,string)
UnityEngine.StackTraceUtility:ExtractStackTrace ()
UnityEngine.Animator:SetBoolString (string,bool)
UnityEngine.Animator:SetBool (string,bool)
ControladorJugador:Update () (at Assets/Scripts/ControladorJugador.cs:56)

[Assets/Scripts/ControladorJugador.cs line 56]

Parameter 'isRunning' does not exist.
UnityEngine.Debug:ExtractStackTraceNoAlloc (byte*,int,string)
UnityEngine.StackTraceUtility:ExtractStackTrace ()
UnityEngine.Animator:SetBoolString (string,bool)
UnityEngine.Animator:SetBool (string,bool)
ControladorJugador:Update () (at Assets/Scripts/ControladorJugador.cs:57)

[Assets/Scripts/ControladorJugador.cs line 57]

Parameter 'isRunning' does not exist.
UnityEngine.Debug:ExtractStackTraceNoAlloc (byte*,int,string)
UnityEngine.StackTraceUtility:ExtractStackTrace ()
UnityEngine.Animator:GetBoolString (string)
UnityEngine.Animator:GetBool (string)
ControladorJugador:FixedUpdate () (at Assets/Scripts/ControladorJugador.cs:83)

[Assets/Scripts/ControladorJugador.cs line 83]

Parameter 'isWalking' does not exist.
UnityEngine.Debug:ExtractStackTraceNoAlloc (byte*,int,string)
UnityEngine.StackTraceUtility:ExtractStackTrace ()
UnityEngine.Animator:SetBoolString (string,bool)
UnityEngine.Animator:SetBool (string,bool)
ControladorJugador:Update () (at Assets/Scripts/ControladorJugador.cs:56)

[Assets/Scripts/ControladorJugador.cs line 56]

Parameter 'isRunning' does not exist.
UnityEngine.Debug:ExtractStackTraceNoAlloc (byte*,int,string)
UnityEngine.StackTraceUtility:ExtractStackTrace ()
UnityEngine.Animator:SetBoolString (string,bool)
UnityEngine.Animator:SetBool (string,bool)
ControladorJugador:Update () (at Assets/Scripts/ControladorJugador.cs:57)

[Assets/Scripts/ControladorJugador.cs line 57]

Parameter 'isWalking' does not exist.
UnityEngine.Debug:ExtractStackTraceNoAlloc (byte*,int,string)
UnityEngine.StackTraceUtility:ExtractStackTrace ()
UnityEngine.Animator:SetBoolString (string,bool)
UnityEngine.Animator:SetBool (string,bool)
ControladorJugador:Update () (at Assets/Scripts/ControladorJugador.cs:56)

[Assets/Scripts/ControladorJugador.cs line 56]

Parameter 'isRunning' does not exist.
UnityEngine.Debug:ExtractStackTraceNoAlloc (byte*,int,string)
UnityEngine.StackTraceUtility:ExtractStackTrace ()
UnityEngine.Animator:SetBoolString (string,bool)
UnityEngine.Animator:SetBool (string,bool)
ControladorJugador:Update () (at Assets/Scripts/ControladorJugador.cs:57)

[Assets/Scripts/ControladorJugador.cs line 57]

Parameter 'isWalking' does not exist.
UnityEngine.Debug:ExtractStackTraceNoAlloc (byte*,int,string)
UnityEngine.StackTraceUtility:ExtractStackTrace ()
UnityEngine.Animator:SetBoolString (string,bool)
UnityEngine.Animator:SetBool (string,bool)
ControladorJugador:Update () (at Assets/Scripts/ControladorJugador.cs:56)

[Assets/Scripts/ControladorJugador.cs line 56]

Parameter 'isRunning' does not exist.
UnityEngine.Debug:ExtractStackTraceNoAlloc (byte*,int,string)
UnityEngine.StackTraceUtility:ExtractStackTrace ()
UnityEngine.Animator:SetBoolString (string,bool)
UnityEngine.Animator:SetBool (string,bool)
ControladorJugador:Update () (at Assets/Scripts/ControladorJugador.cs:57)

[Assets/Scripts/ControladorJugador.cs line 57]

Parameter 'isWalking' does not exist.
UnityEngine.Debug:ExtractStackTraceNoAlloc (byte*,int,string)
UnityEngine.StackTraceUtility:ExtractStackTrace ()
UnityEngine.Animator:SetBoolString (string,bool)
UnityEngine.Animator:SetBool (string,bool)
ControladorJugador:Update () (at Assets/Scripts/ControladorJugador.cs:56)

[Assets/Scripts/ControladorJugador.cs line 56]

Parameter 'isRunning' does not exist.
UnityEngine.Debug:ExtractStackTraceNoAlloc (byte*,int,string)
UnityEngine.StackTraceUtility:ExtractStackTrace ()
UnityEngine.Animator:SetBoolString (string,bool)
UnityEngine.Animator:SetBool (string,bool)
ControladorJugador:Update () (at Assets/Scripts/ControladorJugador.cs:57)

[Assets/Scripts/ControladorJugador.cs line 57]

Parameter 'isRunning' does not exist.
UnityEngine.Debug:ExtractStackTraceNoAlloc (byte*,int,string)
UnityEngine.StackTraceUtility:ExtractStackTrace ()
UnityEngine.Animator:GetBoolString (string)
UnityEngine.Animator:GetBool (string)
ControladorJugador:FixedUpdate () (at Assets/Scripts/ControladorJugador.cs:83)

[Assets/Scripts/ControladorJugador.cs line 83]

Parameter 'isWalking' does not exist.
UnityEngine.Debug:ExtractStackTraceNoAlloc (byte*,int,string)
UnityEngine.StackTraceUtility:ExtractStackTrace ()
UnityEngine.Animator:SetBoolString (string,bool)
UnityEngine.Animator:SetBool (string,bool)
ControladorJugador:Update () (at Assets/Scripts/ControladorJugador.cs:56)

[Assets/Scripts/ControladorJugador.cs line 56]

Parameter 'isRunning' does not exist.
UnityEngine.Debug:ExtractStackTraceNoAlloc (byte*,int,string)
UnityEngine.StackTraceUtility:ExtractStackTrace ()
UnityEngine.Animator:SetBoolString (string,bool)
UnityEngine.Animator:SetBool (string,bool)
ControladorJugador:Update () (at Assets/Scripts/ControladorJugador.cs:57)

[Assets/Scripts/ControladorJugador.cs line 57]

Parameter 'isWalking' does not exist.
UnityEngine.Debug:ExtractStackTraceNoAlloc (byte*,int,string)
UnityEngine.StackTraceUtility:ExtractStackTrace ()
UnityEngine.Animator:SetBoolString (string,bool)
UnityEngine.Animator:SetBool (string,bool)
ControladorJugador:Update () (at Assets/Scripts/ControladorJugador.cs:56)

[Assets/Scripts/ControladorJugador.cs line 56]

Parameter 'isRunning' does not exist.
UnityEngine.Debug:ExtractStackTraceNoAlloc (byte*,int,string)
UnityEngine.StackTraceUtility:ExtractStackTrace ()
UnityEngine.Animator:SetBoolString (string,bool)
UnityEngine.Animator:SetBool (string,bool)
ControladorJugador:Update () (at Assets/Scripts/ControladorJugador.cs:57)

[Assets/Scripts/ControladorJugador.cs line 57]

Parameter 'isWalking' does not exist.
UnityEngine.Debug:ExtractStackTraceNoAlloc (byte*,int,string)
UnityEngine.StackTraceUtility:ExtractStackTrace ()
UnityEngine.Animator:SetBoolString (string,bool)
UnityEngine.Animator:SetBool (string,bool)
ControladorJugador:Update () (at Assets/Scripts/ControladorJugador.cs:56)

[Assets/Scripts/ControladorJugador.cs line 56]

Parameter 'isRunning' does not exist.
UnityEngine.Debug:ExtractStackTraceNoAlloc (byte*,int,string)
UnityEngine.StackTraceUtility:ExtractStackTrace ()
UnityEngine.Animator:SetBoolString (string,bool)
UnityEngine.Animator:SetBool (string,bool)
ControladorJugador:Update () (at Assets/Scripts/ControladorJugador.cs:57)

[Assets/Scripts/ControladorJugador.cs line 57]

Parameter 'isWalking' does not exist.
UnityEngine.Debug:ExtractStackTraceNoAlloc (byte*,int,string)
UnityEngine.StackTraceUtility:ExtractStackTrace ()
UnityEngine.Animator:SetBoolString (string,bool)
UnityEngine.Animator:SetBool (string,bool)
ControladorJugador:Update () (at Assets/Scripts/ControladorJugador.cs:56)

[Assets/Scripts/ControladorJugador.cs line 56]

Parameter 'isRunning' does not exist.
UnityEngine.Debug:ExtractStackTraceNoAlloc (byte*,int,string)
UnityEngine.StackTraceUtility:ExtractStackTrace ()
UnityEngine.Animator:SetBoolString (string,bool)
UnityEngine.Animator:SetBool (string,bool)
ControladorJugador:Update () (at Assets/Scripts/ControladorJugador.cs:57)

[Assets/Scripts/ControladorJugador.cs line 57]

Parameter 'isRunning' does not exist.
UnityEngine.Debug:ExtractStackTraceNoAlloc (byte*,int,string)
UnityEngine.StackTraceUtility:ExtractStackTrace ()
UnityEngine.Animator:GetBoolString (string)
UnityEngine.Animator:GetBool (string)
ControladorJugador:FixedUpdate () (at Assets/Scripts/ControladorJugador.cs:83)

[Assets/Scripts/ControladorJugador.cs line 83]

Parameter 'isWalking' does not exist.
UnityEngine.Debug:ExtractStackTraceNoAlloc (byte*,int,string)
UnityEngine.StackTraceUtility:ExtractStackTrace ()
UnityEngine.Animator:SetBoolString (string,bool)
UnityEngine.Animator:SetBool (string,bool)
ControladorJugador:Update () (at Assets/Scripts/ControladorJugador.cs:56)

[Assets/Scripts/ControladorJugador.cs line 56]

Parameter 'isRunning' does not exist.
UnityEngine.Debug:ExtractStackTraceNoAlloc (byte*,int,string)
UnityEngine.StackTraceUtility:ExtractStackTrace ()
UnityEngine.Animator:SetBoolString (string,bool)
UnityEngine.Animator:SetBool (string,bool)
ControladorJugador:Update () (at Assets/Scripts/ControladorJugador.cs:57)

[Assets/Scripts/ControladorJugador.cs line 57]

Parameter 'isWalking' does not exist.
UnityEngine.Debug:ExtractStackTraceNoAlloc (byte*,int,string)
UnityEngine.StackTraceUtility:ExtractStackTrace ()
UnityEngine.Animator:SetBoolString (string,bool)
UnityEngine.Animator:SetBool (string,bool)
ControladorJugador:Update () (at Assets/Scripts/ControladorJugador.cs:56)

[Assets/Scripts/ControladorJugador.cs line 56]

Parameter 'isRunning' does not exist.
UnityEngine.Debug:ExtractStackTraceNoAlloc (byte*,int,string)
UnityEngine.StackTraceUtility:ExtractStackTrace ()
UnityEngine.Animator:SetBoolString (string,bool)
UnityEngine.Animator:SetBool (string,bool)
ControladorJugador:Update () (at Assets/Scripts/ControladorJugador.cs:57)

[Assets/Scripts/ControladorJugador.cs line 57]

Parameter 'isWalking' does not exist.
UnityEngine.Debug:ExtractStackTraceNoAlloc (byte*,int,string)
UnityEngine.StackTraceUtility:ExtractStackTrace ()
UnityEngine.Animator:SetBoolString (string,bool)
UnityEngine.Animator:SetBool (string,bool)
ControladorJugador:Update () (at Assets/Scripts/ControladorJugador.cs:56)

[Assets/Scripts/ControladorJugador.cs line 56]

Parameter 'isRunning' does not exist.
UnityEngine.Debug:ExtractStackTraceNoAlloc (byte*,int,string)
UnityEngine.StackTraceUtility:ExtractStackTrace ()
UnityEngine.Animator:SetBoolString (string,bool)
UnityEngine.Animator:SetBool (string,bool)
ControladorJugador:Update () (at Assets/Scripts/ControladorJugador.cs:57)

[Assets/Scripts/ControladorJugador.cs line 57]

Parameter 'isWalking' does not exist.
UnityEngine.Debug:ExtractStackTraceNoAlloc (byte*,int,string)
UnityEngine.StackTraceUtility:ExtractStackTrace ()
UnityEngine.Animator:SetBoolString (string,bool)
UnityEngine.Animator:SetBool (string,bool)
ControladorJugador:Update () (at Assets/Scripts/ControladorJugador.cs:56)

[Assets/Scripts/ControladorJugador.cs line 56]

Parameter 'isRunning' does not exist.
UnityEngine.Debug:ExtractStackTraceNoAlloc (byte*,int,string)
UnityEngine.StackTraceUtility:ExtractStackTrace ()
UnityEngine.Animator:SetBoolString (string,bool)
UnityEngine.Animator:SetBool (string,bool)
ControladorJugador:Update () (at Assets/Scripts/ControladorJugador.cs:57)

[Assets/Scripts/ControladorJugador.cs line 57]

Parameter 'isRunning' does not exist.
UnityEngine.Debug:ExtractStackTraceNoAlloc (byte*,int,string)
UnityEngine.StackTraceUtility:ExtractStackTrace ()
UnityEngine.Animator:GetBoolString (string)
UnityEngine.Animator:GetBool (string)
ControladorJugador:FixedUpdate () (at Assets/Scripts/ControladorJugador.cs:83)

[Assets/Scripts/ControladorJugador.cs line 83]

Parameter 'isWalking' does not exist.
UnityEngine.Debug:ExtractStackTraceNoAlloc (byte*,int,string)
UnityEngine.StackTraceUtility:ExtractStackTrace ()
UnityEngine.Animator:SetBoolString (string,bool)
UnityEngine.Animator:SetBool (string,bool)
ControladorJugador:Update () (at Assets/Scripts/ControladorJugador.cs:56)

[Assets/Scripts/ControladorJugador.cs line 56]

Parameter 'isRunning' does not exist.
UnityEngine.Debug:ExtractStackTraceNoAlloc (byte*,int,string)
UnityEngine.StackTraceUtility:ExtractStackTrace ()
UnityEngine.Animator:SetBoolString (string,bool)
UnityEngine.Animator:SetBool (string,bool)
ControladorJugador:Update () (at Assets/Scripts/ControladorJugador.cs:57)

[Assets/Scripts/ControladorJugador.cs line 57]

Parameter 'isWalking' does not exist.
UnityEngine.Debug:ExtractStackTraceNoAlloc (byte*,int,string)
UnityEngine.StackTraceUtility:ExtractStackTrace ()
UnityEngine.Animator:SetBoolString (string,bool)
UnityEngine.Animator:SetBool (string,bool)
ControladorJugador:Update () (at Assets/Scripts/ControladorJugador.cs:56)

[Assets/Scripts/ControladorJugador.cs line 56]

Parameter 'isRunning' does not exist.
UnityEngine.Debug:ExtractStackTraceNoAlloc (byte*,int,string)
UnityEngine.StackTraceUtility:ExtractStackTrace ()
UnityEngine.Animator:SetBoolString (string,bool)
UnityEngine.Animator:SetBool (string,bool)
ControladorJugador:Update () (at Assets/Scripts/ControladorJugador.cs:57)

[Assets/Scripts/ControladorJugador.cs line 57]

Parameter 'isWalking' does not exist.
UnityEngine.Debug:ExtractStackTraceNoAlloc (byte*,int,string)
UnityEngine.StackTraceUtility:ExtractStackTrace ()
UnityEngine.Animator:SetBoolString (string,bool)
UnityEngine.Animator:SetBool (string,bool)
ControladorJugador:Update () (at Assets/Scripts/ControladorJugador.cs:56)

[Assets/Scripts/ControladorJugador.cs line 56]

Parameter 'isRunning' does not exist.
UnityEngine.Debug:ExtractStackTraceNoAlloc (byte*,int,string)
UnityEngine.StackTraceUtility:ExtractStackTrace ()
UnityEngine.Animator:SetBoolString (string,bool)
UnityEngine.Animator:SetBool (string,bool)
ControladorJugador:Update () (at Assets/Scripts/ControladorJugador.cs:57)

[Assets/Scripts/ControladorJugador.cs line 57]

Parameter 'isWalking' does not exist.
UnityEngine.Debug:ExtractStackTraceNoAlloc (byte*,int,string)
UnityEngine.StackTraceUtility:ExtractStackTrace ()
UnityEngine.Animator:SetBoolString (string,bool)
UnityEngine.Animator:SetBool (string,bool)
ControladorJugador:Update () (at Assets/Scripts/ControladorJugador.cs:56)

[Assets/Scripts/ControladorJugador.cs line 56]

Parameter 'isRunning' does not exist.
UnityEngine.Debug:ExtractStackTraceNoAlloc (byte*,int,string)
UnityEngine.StackTraceUtility:ExtractStackTrace ()
UnityEngine.Animator:SetBoolString (string,bool)
UnityEngine.Animator:SetBool (string,bool)
ControladorJugador:Update () (at Assets/Scripts/ControladorJugador.cs:57)

[Assets/Scripts/ControladorJugador.cs line 57]

Parameter 'isWalking' does not exist.
UnityEngine.Debug:ExtractStackTraceNoAlloc (byte*,int,string)
UnityEngine.StackTraceUtility:ExtractStackTrace ()
UnityEngine.Animator:SetBoolString (string,bool)
UnityEngine.Animator:SetBool (string,bool)
ControladorJugador:Update () (at Assets/Scripts/ControladorJugador.cs:56)

[Assets/Scripts/ControladorJugador.cs line 56]

Parameter 'isRunning' does not exist.
UnityEngine.Debug:ExtractStackTraceNoAlloc (byte*,int,string)
UnityEngine.StackTraceUtility:ExtractStackTrace ()
UnityEngine.Animator:SetBoolString (string,bool)
UnityEngine.Animator:SetBool (string,bool)
ControladorJugador:Update () (at Assets/Scripts/ControladorJugador.cs:57)

[Assets/Scripts/ControladorJugador.cs line 57]

Parameter 'isRunning' does not exist.
UnityEngine.Debug:ExtractStackTraceNoAlloc (byte*,int,string)
UnityEngine.StackTraceUtility:ExtractStackTrace ()
UnityEngine.Animator:GetBoolString (string)
UnityEngine.Animator:GetBool (string)
ControladorJugador:FixedUpdate () (at Assets/Scripts/ControladorJugador.cs:83)

[Assets/Scripts/ControladorJugador.cs line 83]

Parameter 'isWalking' does not exist.
UnityEngine.Debug:ExtractStackTraceNoAlloc (byte*,int,string)
UnityEngine.StackTraceUtility:ExtractStackTrace ()
UnityEngine.Animator:SetBoolString (string,bool)
UnityEngine.Animator:SetBool (string,bool)
ControladorJugador:Update () (at Assets/Scripts/ControladorJugador.cs:56)

[Assets/Scripts/ControladorJugador.cs line 56]

Parameter 'isRunning' does not exist.
UnityEngine.Debug:ExtractStackTraceNoAlloc (byte*,int,string)
UnityEngine.StackTraceUtility:ExtractStackTrace ()
UnityEngine.Animator:SetBoolString (string,bool)
UnityEngine.Animator:SetBool (string,bool)
ControladorJugador:Update () (at Assets/Scripts/ControladorJugador.cs:57)

[Assets/Scripts/ControladorJugador.cs line 57]

Parameter 'isWalking' does not exist.
UnityEngine.Debug:ExtractStackTraceNoAlloc (byte*,int,string)
UnityEngine.StackTraceUtility:ExtractStackTrace ()
UnityEngine.Animator:SetBoolString (string,bool)
UnityEngine.Animator:SetBool (string,bool)
ControladorJugador:Update () (at Assets/Scripts/ControladorJugador.cs:56)

[Assets/Scripts/ControladorJugador.cs line 56]

Parameter 'isRunning' does not exist.
UnityEngine.Debug:ExtractStackTraceNoAlloc (byte*,int,string)
UnityEngine.StackTraceUtility:ExtractStackTrace ()
UnityEngine.Animator:SetBoolString (string,bool)
UnityEngine.Animator:SetBool (string,bool)
ControladorJugador:Update () (at Assets/Scripts/ControladorJugador.cs:57)

[Assets/Scripts/ControladorJugador.cs line 57]

Parameter 'isWalking' does not exist.
UnityEngine.Debug:ExtractStackTraceNoAlloc (byte*,int,string)
UnityEngine.StackTraceUtility:ExtractStackTrace ()
UnityEngine.Animator:SetBoolString (string,bool)
UnityEngine.Animator:SetBool (string,bool)
ControladorJugador:Update () (at Assets/Scripts/ControladorJugador.cs:56)

[Assets/Scripts/ControladorJugador.cs line 56]

Parameter 'isRunning' does not exist.
UnityEngine.Debug:ExtractStackTraceNoAlloc (byte*,int,string)
UnityEngine.StackTraceUtility:ExtractStackTrace ()
UnityEngine.Animator:SetBoolString (string,bool)
UnityEngine.Animator:SetBool (string,bool)
ControladorJugador:Update () (at Assets/Scripts/ControladorJugador.cs:57)

[Assets/Scripts/ControladorJugador.cs line 57]

Parameter 'isWalking' does not exist.
UnityEngine.Debug:ExtractStackTraceNoAlloc (byte*,int,string)
UnityEngine.StackTraceUtility:ExtractStackTrace ()
UnityEngine.Animator:SetBoolString (string,bool)
UnityEngine.Animator:SetBool (string,bool)
ControladorJugador:Update () (at Assets/Scripts/ControladorJugador.cs:56)

[Assets/Scripts/ControladorJugador.cs line 56]

Parameter 'isRunning' does not exist.
UnityEngine.Debug:ExtractStackTraceNoAlloc (byte*,int,string)
UnityEngine.StackTraceUtility:ExtractStackTrace ()
UnityEngine.Animator:SetBoolString (string,bool)
UnityEngine.Animator:SetBool (string,bool)
ControladorJugador:Update () (at Assets/Scripts/ControladorJugador.cs:57)

[Assets/Scripts/ControladorJugador.cs line 57]

Parameter 'isWalking' does not exist.
UnityEngine.Debug:ExtractStackTraceNoAlloc (byte*,int,string)
UnityEngine.StackTraceUtility:ExtractStackTrace ()
UnityEngine.Animator:SetBoolString (string,bool)
UnityEngine.Animator:SetBool (string,bool)
ControladorJugador:Update () (at Assets/Scripts/ControladorJugador.cs:56)

[Assets/Scripts/ControladorJugador.cs line 56]

Parameter 'isRunning' does not exist.
UnityEngine.Debug:ExtractStackTraceNoAlloc (byte*,int,string)
UnityEngine.StackTraceUtility:ExtractStackTrace ()
UnityEngine.Animator:SetBoolString (string,bool)
UnityEngine.Animator:SetBool (string,bool)
ControladorJugador:Update () (at Assets/Scripts/ControladorJugador.cs:57)

[Assets/Scripts/ControladorJugador.cs line 57]

Parameter 'isRunning' does not exist.
UnityEngine.Debug:ExtractStackTraceNoAlloc (byte*,int,string)
UnityEngine.StackTraceUtility:ExtractStackTrace ()
UnityEngine.Animator:GetBoolString (string)
UnityEngine.Animator:GetBool (string)
ControladorJugador:FixedUpdate () (at Assets/Scripts/ControladorJugador.cs:83)

[Assets/Scripts/ControladorJugador.cs line 83]

Parameter 'isWalking' does not exist.
UnityEngine.Debug:ExtractStackTraceNoAlloc (byte*,int,string)
UnityEngine.StackTraceUtility:ExtractStackTrace ()
UnityEngine.Animator:SetBoolString (string,bool)
UnityEngine.Animator:SetBool (string,bool)
ControladorJugador:Update () (at Assets/Scripts/ControladorJugador.cs:56)

[Assets/Scripts/ControladorJugador.cs line 56]

Parameter 'isRunning' does not exist.
UnityEngine.Debug:ExtractStackTraceNoAlloc (byte*,int,string)
UnityEngine.StackTraceUtility:ExtractStackTrace ()
UnityEngine.Animator:SetBoolString (string,bool)
UnityEngine.Animator:SetBool (string,bool)
ControladorJugador:Update () (at Assets/Scripts/ControladorJugador.cs:57)

[Assets/Scripts/ControladorJugador.cs line 57]

Parameter 'isWalking' does not exist.
UnityEngine.Debug:ExtractStackTraceNoAlloc (byte*,int,string)
UnityEngine.StackTraceUtility:ExtractStackTrace ()
UnityEngine.Animator:SetBoolString (string,bool)
UnityEngine.Animator:SetBool (string,bool)
ControladorJugador:Update () (at Assets/Scripts/ControladorJugador.cs:56)

[Assets/Scripts/ControladorJugador.cs line 56]

Parameter 'isRunning' does not exist.
UnityEngine.Debug:ExtractStackTraceNoAlloc (byte*,int,string)
UnityEngine.StackTraceUtility:ExtractStackTrace ()
UnityEngine.Animator:SetBoolString (string,bool)
UnityEngine.Animator:SetBool (string,bool)
ControladorJugador:Update () (at Assets/Scripts/ControladorJugador.cs:57)

[Assets/Scripts/ControladorJugador.cs line 57]

Parameter 'isWalking' does not exist.
UnityEngine.Debug:ExtractStackTraceNoAlloc (byte*,int,string)
UnityEngine.StackTraceUtility:ExtractStackTrace ()
UnityEngine.Animator:SetBoolString (string,bool)
UnityEngine.Animator:SetBool (string,bool)
ControladorJugador:Update () (at Assets/Scripts/ControladorJugador.cs:56)

[Assets/Scripts/ControladorJugador.cs line 56]

Parameter 'isRunning' does not exist.
UnityEngine.Debug:ExtractStackTraceNoAlloc (byte*,int,string)
UnityEngine.StackTraceUtility:ExtractStackTrace ()
UnityEngine.Animator:SetBoolString (string,bool)
UnityEngine.Animator:SetBool (string,bool)
ControladorJugador:Update () (at Assets/Scripts/ControladorJugador.cs:57)

[Assets/Scripts/ControladorJugador.cs line 57]

Parameter 'isWalking' does not exist.
UnityEngine.Debug:ExtractStackTraceNoAlloc (byte*,int,string)
UnityEngine.StackTraceUtility:ExtractStackTrace ()
UnityEngine.Animator:SetBoolString (string,bool)
UnityEngine.Animator:SetBool (string,bool)
ControladorJugador:Update () (at Assets/Scripts/ControladorJugador.cs:56)

[Assets/Scripts/ControladorJugador.cs line 56]

Parameter 'isRunning' does not exist.
UnityEngine.Debug:ExtractStackTraceNoAlloc (byte*,int,string)
UnityEngine.StackTraceUtility:ExtractStackTrace ()
UnityEngine.Animator:SetBoolString (string,bool)
UnityEngine.Animator:SetBool (string,bool)
ControladorJugador:Update () (at Assets/Scripts/ControladorJugador.cs:57)

[Assets/Scripts/ControladorJugador.cs line 57]

Parameter 'isWalking' does not exist.
UnityEngine.Debug:ExtractStackTraceNoAlloc (byte*,int,string)
UnityEngine.StackTraceUtility:ExtractStackTrace ()
UnityEngine.Animator:SetBoolString (string,bool)
UnityEngine.Animator:SetBool (string,bool)
ControladorJugador:Update () (at Assets/Scripts/ControladorJugador.cs:56)

[Assets/Scripts/ControladorJugador.cs line 56]

Parameter 'isRunning' does not exist.
UnityEngine.Debug:ExtractStackTraceNoAlloc (byte*,int,string)
UnityEngine.StackTraceUtility:ExtractStackTrace ()
UnityEngine.Animator:SetBoolString (string,bool)
UnityEngine.Animator:SetBool (string,bool)
ControladorJugador:Update () (at Assets/Scripts/ControladorJugador.cs:57)

[Assets/Scripts/ControladorJugador.cs line 57]

Parameter 'isRunning' does not exist.
UnityEngine.Debug:ExtractStackTraceNoAlloc (byte*,int,string)
UnityEngine.StackTraceUtility:ExtractStackTrace ()
UnityEngine.Animator:GetBoolString (string)
UnityEngine.Animator:GetBool (string)
ControladorJugador:FixedUpdate () (at Assets/Scripts/ControladorJugador.cs:83)

[Assets/Scripts/ControladorJugador.cs line 83]

Parameter 'isWalking' does not exist.
UnityEngine.Debug:ExtractStackTraceNoAlloc (byte*,int,string)
UnityEngine.StackTraceUtility:ExtractStackTrace ()
UnityEngine.Animator:SetBoolString (string,bool)
UnityEngine.Animator:SetBool (string,bool)
ControladorJugador:Update () (at Assets/Scripts/ControladorJugador.cs:56)

[Assets/Scripts/ControladorJugador.cs line 56]

Parameter 'isRunning' does not exist.
UnityEngine.Debug:ExtractStackTraceNoAlloc (byte*,int,string)
UnityEngine.StackTraceUtility:ExtractStackTrace ()
UnityEngine.Animator:SetBoolString (string,bool)
UnityEngine.Animator:SetBool (string,bool)
ControladorJugador:Update () (at Assets/Scripts/ControladorJugador.cs:57)

[Assets/Scripts/ControladorJugador.cs line 57]

Parameter 'isWalking' does not exist.
UnityEngine.Debug:ExtractStackTraceNoAlloc (byte*,int,string)
UnityEngine.StackTraceUtility:ExtractStackTrace ()
UnityEngine.Animator:SetBoolString (string,bool)
UnityEngine.Animator:SetBool (string,bool)
ControladorJugador:Update () (at Assets/Scripts/ControladorJugador.cs:56)

[Assets/Scripts/ControladorJugador.cs line 56]

Parameter 'isRunning' does not exist.
UnityEngine.Debug:ExtractStackTraceNoAlloc (byte*,int,string)
UnityEngine.StackTraceUtility:ExtractStackTrace ()
UnityEngine.Animator:SetBoolString (string,bool)
UnityEngine.Animator:SetBool (string,bool)
ControladorJugador:Update () (at Assets/Scripts/ControladorJugador.cs:57)

[Assets/Scripts/ControladorJugador.cs line 57]

Parameter 'isWalking' does not exist.
UnityEngine.Debug:ExtractStackTraceNoAlloc (byte*,int,string)
UnityEngine.StackTraceUtility:ExtractStackTrace ()
UnityEngine.Animator:SetBoolString (string,bool)
UnityEngine.Animator:SetBool (string,bool)
ControladorJugador:Update () (at Assets/Scripts/ControladorJugador.cs:56)

[Assets/Scripts/ControladorJugador.cs line 56]

Parameter 'isRunning' does not exist.
UnityEngine.Debug:ExtractStackTraceNoAlloc (byte*,int,string)
UnityEngine.StackTraceUtility:ExtractStackTrace ()
UnityEngine.Animator:SetBoolString (string,bool)
UnityEngine.Animator:SetBool (string,bool)
ControladorJugador:Update () (at Assets/Scripts/ControladorJugador.cs:57)

[Assets/Scripts/ControladorJugador.cs line 57]

Parameter 'isWalking' does not exist.
UnityEngine.Debug:ExtractStackTraceNoAlloc (byte*,int,string)
UnityEngine.StackTraceUtility:ExtractStackTrace ()
UnityEngine.Animator:SetBoolString (string,bool)
UnityEngine.Animator:SetBool (string,bool)
ControladorJugador:Update () (at Assets/Scripts/ControladorJugador.cs:56)

[Assets/Scripts/ControladorJugador.cs line 56]

Parameter 'isRunning' does not exist.
UnityEngine.Debug:ExtractStackTraceNoAlloc (byte*,int,string)
UnityEngine.StackTraceUtility:ExtractStackTrace ()
UnityEngine.Animator:SetBoolString (string,bool)
UnityEngine.Animator:SetBool (string,bool)
ControladorJugador:Update () (at Assets/Scripts/ControladorJugador.cs:57)

[Assets/Scripts/ControladorJugador.cs line 57]

Parameter 'isRunning' does not exist.
UnityEngine.Debug:ExtractStackTraceNoAlloc (byte*,int,string)
UnityEngine.StackTraceUtility:ExtractStackTrace ()
UnityEngine.Animator:GetBoolString (string)
UnityEngine.Animator:GetBool (string)
ControladorJugador:FixedUpdate () (at Assets/Scripts/ControladorJugador.cs:83)

[Assets/Scripts/ControladorJugador.cs line 83]

Parameter 'isWalking' does not exist.
UnityEngine.Debug:ExtractStackTraceNoAlloc (byte*,int,string)
UnityEngine.StackTraceUtility:ExtractStackTrace ()
UnityEngine.Animator:SetBoolString (string,bool)
UnityEngine.Animator:SetBool (string,bool)
ControladorJugador:Update () (at Assets/Scripts/ControladorJugador.cs:56)

[Assets/Scripts/ControladorJugador.cs line 56]

Parameter 'isRunning' does not exist.
UnityEngine.Debug:ExtractStackTraceNoAlloc (byte*,int,string)
UnityEngine.StackTraceUtility:ExtractStackTrace ()
UnityEngine.Animator:SetBoolString (string,bool)
UnityEngine.Animator:SetBool (string,bool)
ControladorJugador:Update () (at Assets/Scripts/ControladorJugador.cs:57)

[Assets/Scripts/ControladorJugador.cs line 57]

Parameter 'isWalking' does not exist.
UnityEngine.Debug:ExtractStackTraceNoAlloc (byte*,int,string)
UnityEngine.StackTraceUtility:ExtractStackTrace ()
UnityEngine.Animator:SetBoolString (string,bool)
UnityEngine.Animator:SetBool (string,bool)
ControladorJugador:Update () (at Assets/Scripts/ControladorJugador.cs:56)

[Assets/Scripts/ControladorJugador.cs line 56]

Parameter 'isRunning' does not exist.
UnityEngine.Debug:ExtractStackTraceNoAlloc (byte*,int,string)
UnityEngine.StackTraceUtility:ExtractStackTrace ()
UnityEngine.Animator:SetBoolString (string,bool)
UnityEngine.Animator:SetBool (string,bool)
ControladorJugador:Update () (at Assets/Scripts/ControladorJugador.cs:57)

[Assets/Scripts/ControladorJugador.cs line 57]

Parameter 'isWalking' does not exist.
UnityEngine.Debug:ExtractStackTraceNoAlloc (byte*,int,string)
UnityEngine.StackTraceUtility:ExtractStackTrace ()
UnityEngine.Animator:SetBoolString (string,bool)
UnityEngine.Animator:SetBool (string,bool)
ControladorJugador:Update () (at Assets/Scripts/ControladorJugador.cs:56)

[Assets/Scripts/ControladorJugador.cs line 56]

Parameter 'isRunning' does not exist.
UnityEngine.Debug:ExtractStackTraceNoAlloc (byte*,int,string)
UnityEngine.StackTraceUtility:ExtractStackTrace ()
UnityEngine.Animator:SetBoolString (string,bool)
UnityEngine.Animator:SetBool (string,bool)
ControladorJugador:Update () (at Assets/Scripts/ControladorJugador.cs:57)

[Assets/Scripts/ControladorJugador.cs line 57]

Parameter 'isWalking' does not exist.
UnityEngine.Debug:ExtractStackTraceNoAlloc (byte*,int,string)
UnityEngine.StackTraceUtility:ExtractStackTrace ()
UnityEngine.Animator:SetBoolString (string,bool)
UnityEngine.Animator:SetBool (string,bool)
ControladorJugador:Update () (at Assets/Scripts/ControladorJugador.cs:56)

[Assets/Scripts/ControladorJugador.cs line 56]

Parameter 'isRunning' does not exist.
UnityEngine.Debug:ExtractStackTraceNoAlloc (byte*,int,string)
UnityEngine.StackTraceUtility:ExtractStackTrace ()
UnityEngine.Animator:SetBoolString (string,bool)
UnityEngine.Animator:SetBool (string,bool)
ControladorJugador:Update () (at Assets/Scripts/ControladorJugador.cs:57)

[Assets/Scripts/ControladorJugador.cs line 57]

Parameter 'isRunning' does not exist.
UnityEngine.Debug:ExtractStackTraceNoAlloc (byte*,int,string)
UnityEngine.StackTraceUtility:ExtractStackTrace ()
UnityEngine.Animator:GetBoolString (string)
UnityEngine.Animator:GetBool (string)
ControladorJugador:FixedUpdate () (at Assets/Scripts/ControladorJugador.cs:83)

[Assets/Scripts/ControladorJugador.cs line 83]

Parameter 'isWalking' does not exist.
UnityEngine.Debug:ExtractStackTraceNoAlloc (byte*,int,string)
UnityEngine.StackTraceUtility:ExtractStackTrace ()
UnityEngine.Animator:SetBoolString (string,bool)
UnityEngine.Animator:SetBool (string,bool)
ControladorJugador:Update () (at Assets/Scripts/ControladorJugador.cs:56)

[Assets/Scripts/ControladorJugador.cs line 56]

Parameter 'isRunning' does not exist.
UnityEngine.Debug:ExtractStackTraceNoAlloc (byte*,int,string)
UnityEngine.StackTraceUtility:ExtractStackTrace ()
UnityEngine.Animator:SetBoolString (string,bool)
UnityEngine.Animator:SetBool (string,bool)
ControladorJugador:Update () (at Assets/Scripts/ControladorJugador.cs:57)

[Assets/Scripts/ControladorJugador.cs line 57]

Parameter 'isWalking' does not exist.
UnityEngine.Debug:ExtractStackTraceNoAlloc (byte*,int,string)
UnityEngine.StackTraceUtility:ExtractStackTrace ()
UnityEngine.Animator:SetBoolString (string,bool)
UnityEngine.Animator:SetBool (string,bool)
ControladorJugador:Update () (at Assets/Scripts/ControladorJugador.cs:56)

[Assets/Scripts/ControladorJugador.cs line 56]

Parameter 'isRunning' does not exist.
UnityEngine.Debug:ExtractStackTraceNoAlloc (byte*,int,string)
UnityEngine.StackTraceUtility:ExtractStackTrace ()
UnityEngine.Animator:SetBoolString (string,bool)
UnityEngine.Animator:SetBool (string,bool)
ControladorJugador:Update () (at Assets/Scripts/ControladorJugador.cs:57)

[Assets/Scripts/ControladorJugador.cs line 57]

Parameter 'isWalking' does not exist.
UnityEngine.Debug:ExtractStackTraceNoAlloc (byte*,int,string)
UnityEngine.StackTraceUtility:ExtractStackTrace ()
UnityEngine.Animator:SetBoolString (string,bool)
UnityEngine.Animator:SetBool (string,bool)
ControladorJugador:Update () (at Assets/Scripts/ControladorJugador.cs:56)

[Assets/Scripts/ControladorJugador.cs line 56]

Parameter 'isRunning' does not exist.
UnityEngine.Debug:ExtractStackTraceNoAlloc (byte*,int,string)
UnityEngine.StackTraceUtility:ExtractStackTrace ()
UnityEngine.Animator:SetBoolString (string,bool)
UnityEngine.Animator:SetBool (string,bool)
ControladorJugador:Update () (at Assets/Scripts/ControladorJugador.cs:57)

[Assets/Scripts/ControladorJugador.cs line 57]

Parameter 'isWalking' does not exist.
UnityEngine.Debug:ExtractStackTraceNoAlloc (byte*,int,string)
UnityEngine.StackTraceUtility:ExtractStackTrace ()
UnityEngine.Animator:SetBoolString (string,bool)
UnityEngine.Animator:SetBool (string,bool)
ControladorJugador:Update () (at Assets/Scripts/ControladorJugador.cs:56)

[Assets/Scripts/ControladorJugador.cs line 56]

Parameter 'isRunning' does not exist.
UnityEngine.Debug:ExtractStackTraceNoAlloc (byte*,int,string)
UnityEngine.StackTraceUtility:ExtractStackTrace ()
UnityEngine.Animator:SetBoolString (string,bool)
UnityEngine.Animator:SetBool (string,bool)
ControladorJugador:Update () (at Assets/Scripts/ControladorJugador.cs:57)

[Assets/Scripts/ControladorJugador.cs line 57]

Parameter 'isWalking' does not exist.
UnityEngine.Debug:ExtractStackTraceNoAlloc (byte*,int,string)
UnityEngine.StackTraceUtility:ExtractStackTrace ()
UnityEngine.Animator:SetBoolString (string,bool)
UnityEngine.Animator:SetBool (string,bool)
ControladorJugador:Update () (at Assets/Scripts/ControladorJugador.cs:56)

[Assets/Scripts/ControladorJugador.cs line 56]

Parameter 'isRunning' does not exist.
UnityEngine.Debug:ExtractStackTraceNoAlloc (byte*,int,string)
UnityEngine.StackTraceUtility:ExtractStackTrace ()
UnityEngine.Animator:SetBoolString (string,bool)
UnityEngine.Animator:SetBool (string,bool)
ControladorJugador:Update () (at Assets/Scripts/ControladorJugador.cs:57)

[Assets/Scripts/ControladorJugador.cs line 57]

Parameter 'isRunning' does not exist.
UnityEngine.Debug:ExtractStackTraceNoAlloc (byte*,int,string)
UnityEngine.StackTraceUtility:ExtractStackTrace ()
UnityEngine.Animator:GetBoolString (string)
UnityEngine.Animator:GetBool (string)
ControladorJugador:FixedUpdate () (at Assets/Scripts/ControladorJugador.cs:83)

[Assets/Scripts/ControladorJugador.cs line 83]

Parameter 'isWalking' does not exist.
UnityEngine.Debug:ExtractStackTraceNoAlloc (byte*,int,string)
UnityEngine.StackTraceUtility:ExtractStackTrace ()
UnityEngine.Animator:SetBoolString (string,bool)
UnityEngine.Animator:SetBool (string,bool)
ControladorJugador:Update () (at Assets/Scripts/ControladorJugador.cs:56)

[Assets/Scripts/ControladorJugador.cs line 56]

Parameter 'isRunning' does not exist.
UnityEngine.Debug:ExtractStackTraceNoAlloc (byte*,int,string)
UnityEngine.StackTraceUtility:ExtractStackTrace ()
UnityEngine.Animator:SetBoolString (string,bool)
UnityEngine.Animator:SetBool (string,bool)
ControladorJugador:Update () (at Assets/Scripts/ControladorJugador.cs:57)

[Assets/Scripts/ControladorJugador.cs line 57]

Parameter 'isWalking' does not exist.
UnityEngine.Debug:ExtractStackTraceNoAlloc (byte*,int,string)
UnityEngine.StackTraceUtility:ExtractStackTrace ()
UnityEngine.Animator:SetBoolString (string,bool)
UnityEngine.Animator:SetBool (string,bool)
ControladorJugador:Update () (at Assets/Scripts/ControladorJugador.cs:56)

[Assets/Scripts/ControladorJugador.cs line 56]

Parameter 'isRunning' does not exist.
UnityEngine.Debug:ExtractStackTraceNoAlloc (byte*,int,string)
UnityEngine.StackTraceUtility:ExtractStackTrace ()
UnityEngine.Animator:SetBoolString (string,bool)
UnityEngine.Animator:SetBool (string,bool)
ControladorJugador:Update () (at Assets/Scripts/ControladorJugador.cs:57)

[Assets/Scripts/ControladorJugador.cs line 57]

Parameter 'isWalking' does not exist.
UnityEngine.Debug:ExtractStackTraceNoAlloc (byte*,int,string)
UnityEngine.StackTraceUtility:ExtractStackTrace ()
UnityEngine.Animator:SetBoolString (string,bool)
UnityEngine.Animator:SetBool (string,bool)
ControladorJugador:Update () (at Assets/Scripts/ControladorJugador.cs:56)

[Assets/Scripts/ControladorJugador.cs line 56]

Parameter 'isRunning' does not exist.
UnityEngine.Debug:ExtractStackTraceNoAlloc (byte*,int,string)
UnityEngine.StackTraceUtility:ExtractStackTrace ()
UnityEngine.Animator:SetBoolString (string,bool)
UnityEngine.Animator:SetBool (string,bool)
ControladorJugador:Update () (at Assets/Scripts/ControladorJugador.cs:57)

[Assets/Scripts/ControladorJugador.cs line 57]

Parameter 'isWalking' does not exist.
UnityEngine.Debug:ExtractStackTraceNoAlloc (byte*,int,string)
UnityEngine.StackTraceUtility:ExtractStackTrace ()
UnityEngine.Animator:SetBoolString (string,bool)
UnityEngine.Animator:SetBool (string,bool)
ControladorJugador:Update () (at Assets/Scripts/ControladorJugador.cs:56)

[Assets/Scripts/ControladorJugador.cs line 56]

Parameter 'isRunning' does not exist.
UnityEngine.Debug:ExtractStackTraceNoAlloc (byte*,int,string)
UnityEngine.StackTraceUtility:ExtractStackTrace ()
UnityEngine.Animator:SetBoolString (string,bool)
UnityEngine.Animator:SetBool (string,bool)
ControladorJugador:Update () (at Assets/Scripts/ControladorJugador.cs:57)

[Assets/Scripts/ControladorJugador.cs line 57]

Parameter 'isRunning' does not exist.
UnityEngine.Debug:ExtractStackTraceNoAlloc (byte*,int,string)
UnityEngine.StackTraceUtility:ExtractStackTrace ()
UnityEngine.Animator:GetBoolString (string)
UnityEngine.Animator:GetBool (string)
ControladorJugador:FixedUpdate () (at Assets/Scripts/ControladorJugador.cs:83)

[Assets/Scripts/ControladorJugador.cs line 83]

Parameter 'isWalking' does not exist.
UnityEngine.Debug:ExtractStackTraceNoAlloc (byte*,int,string)
UnityEngine.StackTraceUtility:ExtractStackTrace ()
UnityEngine.Animator:SetBoolString (string,bool)
UnityEngine.Animator:SetBool (string,bool)
ControladorJugador:Update () (at Assets/Scripts/ControladorJugador.cs:56)

[Assets/Scripts/ControladorJugador.cs line 56]

Parameter 'isRunning' does not exist.
UnityEngine.Debug:ExtractStackTraceNoAlloc (byte*,int,string)
UnityEngine.StackTraceUtility:ExtractStackTrace ()
UnityEngine.Animator:SetBoolString (string,bool)
UnityEngine.Animator:SetBool (string,bool)
ControladorJugador:Update () (at Assets/Scripts/ControladorJugador.cs:57)

[Assets/Scripts/ControladorJugador.cs line 57]

Parameter 'isWalking' does not exist.
UnityEngine.Debug:ExtractStackTraceNoAlloc (byte*,int,string)
UnityEngine.StackTraceUtility:ExtractStackTrace ()
UnityEngine.Animator:SetBoolString (string,bool)
UnityEngine.Animator:SetBool (string,bool)
ControladorJugador:Update () (at Assets/Scripts/ControladorJugador.cs:56)

[Assets/Scripts/ControladorJugador.cs line 56]

Parameter 'isRunning' does not exist.
UnityEngine.Debug:ExtractStackTraceNoAlloc (byte*,int,string)
UnityEngine.StackTraceUtility:ExtractStackTrace ()
UnityEngine.Animator:SetBoolString (string,bool)
UnityEngine.Animator:SetBool (string,bool)
ControladorJugador:Update () (at Assets/Scripts/ControladorJugador.cs:57)

[Assets/Scripts/ControladorJugador.cs line 57]

Parameter 'isWalking' does not exist.
UnityEngine.Debug:ExtractStackTraceNoAlloc (byte*,int,string)
UnityEngine.StackTraceUtility:ExtractStackTrace ()
UnityEngine.Animator:SetBoolString (string,bool)
UnityEngine.Animator:SetBool (string,bool)
ControladorJugador:Update () (at Assets/Scripts/ControladorJugador.cs:56)

[Assets/Scripts/ControladorJugador.cs line 56]

Parameter 'isRunning' does not exist.
UnityEngine.Debug:ExtractStackTraceNoAlloc (byte*,int,string)
UnityEngine.StackTraceUtility:ExtractStackTrace ()
UnityEngine.Animator:SetBoolString (string,bool)
UnityEngine.Animator:SetBool (string,bool)
ControladorJugador:Update () (at Assets/Scripts/ControladorJugador.cs:57)

[Assets/Scripts/ControladorJugador.cs line 57]

Parameter 'isWalking' does not exist.
UnityEngine.Debug:ExtractStackTraceNoAlloc (byte*,int,string)
UnityEngine.StackTraceUtility:ExtractStackTrace ()
UnityEngine.Animator:SetBoolString (string,bool)
UnityEngine.Animator:SetBool (string,bool)
ControladorJugador:Update () (at Assets/Scripts/ControladorJugador.cs:56)

[Assets/Scripts/ControladorJugador.cs line 56]

Parameter 'isRunning' does not exist.
UnityEngine.Debug:ExtractStackTraceNoAlloc (byte*,int,string)
UnityEngine.StackTraceUtility:ExtractStackTrace ()
UnityEngine.Animator:SetBoolString (string,bool)
UnityEngine.Animator:SetBool (string,bool)
ControladorJugador:Update () (at Assets/Scripts/ControladorJugador.cs:57)

[Assets/Scripts/ControladorJugador.cs line 57]

Parameter 'isWalking' does not exist.
UnityEngine.Debug:ExtractStackTraceNoAlloc (byte*,int,string)
UnityEngine.StackTraceUtility:ExtractStackTrace ()
UnityEngine.Animator:SetBoolString (string,bool)
UnityEngine.Animator:SetBool (string,bool)
ControladorJugador:Update () (at Assets/Scripts/ControladorJugador.cs:56)

[Assets/Scripts/ControladorJugador.cs line 56]

Parameter 'isRunning' does not exist.
UnityEngine.Debug:ExtractStackTraceNoAlloc (byte*,int,string)
UnityEngine.StackTraceUtility:ExtractStackTrace ()
UnityEngine.Animator:SetBoolString (string,bool)
UnityEngine.Animator:SetBool (string,bool)
ControladorJugador:Update () (at Assets/Scripts/ControladorJugador.cs:57)

[Assets/Scripts/ControladorJugador.cs line 57]

Parameter 'isRunning' does not exist.
UnityEngine.Debug:ExtractStackTraceNoAlloc (byte*,int,string)
UnityEngine.StackTraceUtility:ExtractStackTrace ()
UnityEngine.Animator:GetBoolString (string)
UnityEngine.Animator:GetBool (string)
ControladorJugador:FixedUpdate () (at Assets/Scripts/ControladorJugador.cs:83)

[Assets/Scripts/ControladorJugador.cs line 83]

Parameter 'isWalking' does not exist.
UnityEngine.Debug:ExtractStackTraceNoAlloc (byte*,int,string)
UnityEngine.StackTraceUtility:ExtractStackTrace ()
UnityEngine.Animator:SetBoolString (string,bool)
UnityEngine.Animator:SetBool (string,bool)
ControladorJugador:Update () (at Assets/Scripts/ControladorJugador.cs:56)

[Assets/Scripts/ControladorJugador.cs line 56]

Parameter 'isRunning' does not exist.
UnityEngine.Debug:ExtractStackTraceNoAlloc (byte*,int,string)
UnityEngine.StackTraceUtility:ExtractStackTrace ()
UnityEngine.Animator:SetBoolString (string,bool)
UnityEngine.Animator:SetBool (string,bool)
ControladorJugador:Update () (at Assets/Scripts/ControladorJugador.cs:57)

[Assets/Scripts/ControladorJugador.cs line 57]

Parameter 'isWalking' does not exist.
UnityEngine.Debug:ExtractStackTraceNoAlloc (byte*,int,string)
UnityEngine.StackTraceUtility:ExtractStackTrace ()
UnityEngine.Animator:SetBoolString (string,bool)
UnityEngine.Animator:SetBool (string,bool)
ControladorJugador:Update () (at Assets/Scripts/ControladorJugador.cs:56)

[Assets/Scripts/ControladorJugador.cs line 56]

Parameter 'isRunning' does not exist.
UnityEngine.Debug:ExtractStackTraceNoAlloc (byte*,int,string)
UnityEngine.StackTraceUtility:ExtractStackTrace ()
UnityEngine.Animator:SetBoolString (string,bool)
UnityEngine.Animator:SetBool (string,bool)
ControladorJugador:Update () (at Assets/Scripts/ControladorJugador.cs:57)

[Assets/Scripts/ControladorJugador.cs line 57]

Parameter 'isWalking' does not exist.
UnityEngine.Debug:ExtractStackTraceNoAlloc (byte*,int,string)
UnityEngine.StackTraceUtility:ExtractStackTrace ()
UnityEngine.Animator:SetBoolString (string,bool)
UnityEngine.Animator:SetBool (string,bool)
ControladorJugador:Update () (at Assets/Scripts/ControladorJugador.cs:56)

[Assets/Scripts/ControladorJugador.cs line 56]

Parameter 'isRunning' does not exist.
UnityEngine.Debug:ExtractStackTraceNoAlloc (byte*,int,string)
UnityEngine.StackTraceUtility:ExtractStackTrace ()
UnityEngine.Animator:SetBoolString (string,bool)
UnityEngine.Animator:SetBool (string,bool)
ControladorJugador:Update () (at Assets/Scripts/ControladorJugador.cs:57)

[Assets/Scripts/ControladorJugador.cs line 57]

Parameter 'isWalking' does not exist.
UnityEngine.Debug:ExtractStackTraceNoAlloc (byte*,int,string)
UnityEngine.StackTraceUtility:ExtractStackTrace ()
UnityEngine.Animator:SetBoolString (string,bool)
UnityEngine.Animator:SetBool (string,bool)
ControladorJugador:Update () (at Assets/Scripts/ControladorJugador.cs:56)

[Assets/Scripts/ControladorJugador.cs line 56]

Parameter 'isRunning' does not exist.
UnityEngine.Debug:ExtractStackTraceNoAlloc (byte*,int,string)
UnityEngine.StackTraceUtility:ExtractStackTrace ()
UnityEngine.Animator:SetBoolString (string,bool)
UnityEngine.Animator:SetBool (string,bool)
ControladorJugador:Update () (at Assets/Scripts/ControladorJugador.cs:57)

[Assets/Scripts/ControladorJugador.cs line 57]

Parameter 'isRunning' does not exist.
UnityEngine.Debug:ExtractStackTraceNoAlloc (byte*,int,string)
UnityEngine.StackTraceUtility:ExtractStackTrace ()
UnityEngine.Animator:GetBoolString (string)
UnityEngine.Animator:GetBool (string)
ControladorJugador:FixedUpdate () (at Assets/Scripts/ControladorJugador.cs:83)

[Assets/Scripts/ControladorJugador.cs line 83]

Parameter 'isWalking' does not exist.
UnityEngine.Debug:ExtractStackTraceNoAlloc (byte*,int,string)
UnityEngine.StackTraceUtility:ExtractStackTrace ()
UnityEngine.Animator:SetBoolString (string,bool)
UnityEngine.Animator:SetBool (string,bool)
ControladorJugador:Update () (at Assets/Scripts/ControladorJugador.cs:56)

[Assets/Scripts/ControladorJugador.cs line 56]

Parameter 'isRunning' does not exist.
UnityEngine.Debug:ExtractStackTraceNoAlloc (byte*,int,string)
UnityEngine.StackTraceUtility:ExtractStackTrace ()
UnityEngine.Animator:SetBoolString (string,bool)
UnityEngine.Animator:SetBool (string,bool)
ControladorJugador:Update () (at Assets/Scripts/ControladorJugador.cs:57)

[Assets/Scripts/ControladorJugador.cs line 57]

Parameter 'isWalking' does not exist.
UnityEngine.Debug:ExtractStackTraceNoAlloc (byte*,int,string)
UnityEngine.StackTraceUtility:ExtractStackTrace ()
UnityEngine.Animator:SetBoolString (string,bool)
UnityEngine.Animator:SetBool (string,bool)
ControladorJugador:Update () (at Assets/Scripts/ControladorJugador.cs:56)

[Assets/Scripts/ControladorJugador.cs line 56]

Parameter 'isRunning' does not exist.
UnityEngine.Debug:ExtractStackTraceNoAlloc (byte*,int,string)
UnityEngine.StackTraceUtility:ExtractStackTrace ()
UnityEngine.Animator:SetBoolString (string,bool)
UnityEngine.Animator:SetBool (string,bool)
ControladorJugador:Update () (at Assets/Scripts/ControladorJugador.cs:57)

[Assets/Scripts/ControladorJugador.cs line 57]

Parameter 'isWalking' does not exist.
UnityEngine.Debug:ExtractStackTraceNoAlloc (byte*,int,string)
UnityEngine.StackTraceUtility:ExtractStackTrace ()
UnityEngine.Animator:SetBoolString (string,bool)
UnityEngine.Animator:SetBool (string,bool)
ControladorJugador:Update () (at Assets/Scripts/ControladorJugador.cs:56)

[Assets/Scripts/ControladorJugador.cs line 56]

Parameter 'isRunning' does not exist.
UnityEngine.Debug:ExtractStackTraceNoAlloc (byte*,int,string)
UnityEngine.StackTraceUtility:ExtractStackTrace ()
UnityEngine.Animator:SetBoolString (string,bool)
UnityEngine.Animator:SetBool (string,bool)
ControladorJugador:Update () (at Assets/Scripts/ControladorJugador.cs:57)

[Assets/Scripts/ControladorJugador.cs line 57]

Parameter 'isWalking' does not exist.
UnityEngine.Debug:ExtractStackTraceNoAlloc (byte*,int,string)
UnityEngine.StackTraceUtility:ExtractStackTrace ()
UnityEngine.Animator:SetBoolString (string,bool)
UnityEngine.Animator:SetBool (string,bool)
ControladorJugador:Update () (at Assets/Scripts/ControladorJugador.cs:56)

[Assets/Scripts/ControladorJugador.cs line 56]

Parameter 'isRunning' does not exist.
UnityEngine.Debug:ExtractStackTraceNoAlloc (byte*,int,string)
UnityEngine.StackTraceUtility:ExtractStackTrace ()
UnityEngine.Animator:SetBoolString (string,bool)
UnityEngine.Animator:SetBool (string,bool)
ControladorJugador:Update () (at Assets/Scripts/ControladorJugador.cs:57)

[Assets/Scripts/ControladorJugador.cs line 57]

Parameter 'isWalking' does not exist.
UnityEngine.Debug:ExtractStackTraceNoAlloc (byte*,int,string)
UnityEngine.StackTraceUtility:ExtractStackTrace ()
UnityEngine.Animator:SetBoolString (string,bool)
UnityEngine.Animator:SetBool (string,bool)
ControladorJugador:Update () (at Assets/Scripts/ControladorJugador.cs:56)

[Assets/Scripts/ControladorJugador.cs line 56]

Parameter 'isRunning' does not exist.
UnityEngine.Debug:ExtractStackTraceNoAlloc (byte*,int,string)
UnityEngine.StackTraceUtility:ExtractStackTrace ()
UnityEngine.Animator:SetBoolString (string,bool)
UnityEngine.Animator:SetBool (string,bool)
ControladorJugador:Update () (at Assets/Scripts/ControladorJugador.cs:57)

[Assets/Scripts/ControladorJugador.cs line 57]

Parameter 'isRunning' does not exist.
UnityEngine.Debug:ExtractStackTraceNoAlloc (byte*,int,string)
UnityEngine.StackTraceUtility:ExtractStackTrace ()
UnityEngine.Animator:GetBoolString (string)
UnityEngine.Animator:GetBool (string)
ControladorJugador:FixedUpdate () (at Assets/Scripts/ControladorJugador.cs:83)

[Assets/Scripts/ControladorJugador.cs line 83]

Parameter 'isWalking' does not exist.
UnityEngine.Debug:ExtractStackTraceNoAlloc (byte*,int,string)
UnityEngine.StackTraceUtility:ExtractStackTrace ()
UnityEngine.Animator:SetBoolString (string,bool)
UnityEngine.Animator:SetBool (string,bool)
ControladorJugador:Update () (at Assets/Scripts/ControladorJugador.cs:56)

[Assets/Scripts/ControladorJugador.cs line 56]

Parameter 'isRunning' does not exist.
UnityEngine.Debug:ExtractStackTraceNoAlloc (byte*,int,string)
UnityEngine.StackTraceUtility:ExtractStackTrace ()
UnityEngine.Animator:SetBoolString (string,bool)
UnityEngine.Animator:SetBool (string,bool)
ControladorJugador:Update () (at Assets/Scripts/ControladorJugador.cs:57)

[Assets/Scripts/ControladorJugador.cs line 57]

Parameter 'isWalking' does not exist.
UnityEngine.Debug:ExtractStackTraceNoAlloc (byte*,int,string)
UnityEngine.StackTraceUtility:ExtractStackTrace ()
UnityEngine.Animator:SetBoolString (string,bool)
UnityEngine.Animator:SetBool (string,bool)
ControladorJugador:Update () (at Assets/Scripts/ControladorJugador.cs:56)

[Assets/Scripts/ControladorJugador.cs line 56]

Parameter 'isRunning' does not exist.
UnityEngine.Debug:ExtractStackTraceNoAlloc (byte*,int,string)
UnityEngine.StackTraceUtility:ExtractStackTrace ()
UnityEngine.Animator:SetBoolString (string,bool)
UnityEngine.Animator:SetBool (string,bool)
ControladorJugador:Update () (at Assets/Scripts/ControladorJugador.cs:57)

[Assets/Scripts/ControladorJugador.cs line 57]

Parameter 'isWalking' does not exist.
UnityEngine.Debug:ExtractStackTraceNoAlloc (byte*,int,string)
UnityEngine.StackTraceUtility:ExtractStackTrace ()
UnityEngine.Animator:SetBoolString (string,bool)
UnityEngine.Animator:SetBool (string,bool)
ControladorJugador:Update () (at Assets/Scripts/ControladorJugador.cs:56)

[Assets/Scripts/ControladorJugador.cs line 56]

Parameter 'isRunning' does not exist.
UnityEngine.Debug:ExtractStackTraceNoAlloc (byte*,int,string)
UnityEngine.StackTraceUtility:ExtractStackTrace ()
UnityEngine.Animator:SetBoolString (string,bool)
UnityEngine.Animator:SetBool (string,bool)
ControladorJugador:Update () (at Assets/Scripts/ControladorJugador.cs:57)

[Assets/Scripts/ControladorJugador.cs line 57]

Parameter 'isRunning' does not exist.
UnityEngine.Debug:ExtractStackTraceNoAlloc (byte*,int,string)
UnityEngine.StackTraceUtility:ExtractStackTrace ()
UnityEngine.Animator:GetBoolString (string)
UnityEngine.Animator:GetBool (string)
ControladorJugador:FixedUpdate () (at Assets/Scripts/ControladorJugador.cs:83)

[Assets/Scripts/ControladorJugador.cs line 83]

Parameter 'isWalking' does not exist.
UnityEngine.Debug:ExtractStackTraceNoAlloc (byte*,int,string)
UnityEngine.StackTraceUtility:ExtractStackTrace ()
UnityEngine.Animator:SetBoolString (string,bool)
UnityEngine.Animator:SetBool (string,bool)
ControladorJugador:Update () (at Assets/Scripts/ControladorJugador.cs:56)

[Assets/Scripts/ControladorJugador.cs line 56]

Parameter 'isRunning' does not exist.
UnityEngine.Debug:ExtractStackTraceNoAlloc (byte*,int,string)
UnityEngine.StackTraceUtility:ExtractStackTrace ()
UnityEngine.Animator:SetBoolString (string,bool)
UnityEngine.Animator:SetBool (string,bool)
ControladorJugador:Update () (at Assets/Scripts/ControladorJugador.cs:57)

[Assets/Scripts/ControladorJugador.cs line 57]

Parameter 'isWalking' does not exist.
UnityEngine.Debug:ExtractStackTraceNoAlloc (byte*,int,string)
UnityEngine.StackTraceUtility:ExtractStackTrace ()
UnityEngine.Animator:SetBoolString (string,bool)
UnityEngine.Animator:SetBool (string,bool)
ControladorJugador:Update () (at Assets/Scripts/ControladorJugador.cs:56)

[Assets/Scripts/ControladorJugador.cs line 56]

Parameter 'isRunning' does not exist.
UnityEngine.Debug:ExtractStackTraceNoAlloc (byte*,int,string)
UnityEngine.StackTraceUtility:ExtractStackTrace ()
UnityEngine.Animator:SetBoolString (string,bool)
UnityEngine.Animator:SetBool (string,bool)
ControladorJugador:Update () (at Assets/Scripts/ControladorJugador.cs:57)

[Assets/Scripts/ControladorJugador.cs line 57]

Parameter 'isRunning' does not exist.
UnityEngine.Debug:ExtractStackTraceNoAlloc (byte*,int,string)
UnityEngine.StackTraceUtility:ExtractStackTrace ()
UnityEngine.Animator:GetBoolString (string)
UnityEngine.Animator:GetBool (string)
ControladorJugador:FixedUpdate () (at Assets/Scripts/ControladorJugador.cs:83)

[Assets/Scripts/ControladorJugador.cs line 83]

Parameter 'isWalking' does not exist.
UnityEngine.Debug:ExtractStackTraceNoAlloc (byte*,int,string)
UnityEngine.StackTraceUtility:ExtractStackTrace ()
UnityEngine.Animator:SetBoolString (string,bool)
UnityEngine.Animator:SetBool (string,bool)
ControladorJugador:Update () (at Assets/Scripts/ControladorJugador.cs:56)

[Assets/Scripts/ControladorJugador.cs line 56]

Parameter 'isRunning' does not exist.
UnityEngine.Debug:ExtractStackTraceNoAlloc (byte*,int,string)
UnityEngine.StackTraceUtility:ExtractStackTrace ()
UnityEngine.Animator:SetBoolString (string,bool)
UnityEngine.Animator:SetBool (string,bool)
ControladorJugador:Update () (at Assets/Scripts/ControladorJugador.cs:57)

[Assets/Scripts/ControladorJugador.cs line 57]

Parameter 'isWalking' does not exist.
UnityEngine.Debug:ExtractStackTraceNoAlloc (byte*,int,string)
UnityEngine.StackTraceUtility:ExtractStackTrace ()
UnityEngine.Animator:SetBoolString (string,bool)
UnityEngine.Animator:SetBool (string,bool)
ControladorJugador:Update () (at Assets/Scripts/ControladorJugador.cs:56)

[Assets/Scripts/ControladorJugador.cs line 56]

Parameter 'isRunning' does not exist.
UnityEngine.Debug:ExtractStackTraceNoAlloc (byte*,int,string)
UnityEngine.StackTraceUtility:ExtractStackTrace ()
UnityEngine.Animator:SetBoolString (string,bool)
UnityEngine.Animator:SetBool (string,bool)
ControladorJugador:Update () (at Assets/Scripts/ControladorJugador.cs:57)

[Assets/Scripts/ControladorJugador.cs line 57]

Parameter 'isWalking' does not exist.
UnityEngine.Debug:ExtractStackTraceNoAlloc (byte*,int,string)
UnityEngine.StackTraceUtility:ExtractStackTrace ()
UnityEngine.Animator:SetBoolString (string,bool)
UnityEngine.Animator:SetBool (string,bool)
ControladorJugador:Update () (at Assets/Scripts/ControladorJugador.cs:56)

[Assets/Scripts/ControladorJugador.cs line 56]

Parameter 'isRunning' does not exist.
UnityEngine.Debug:ExtractStackTraceNoAlloc (byte*,int,string)
UnityEngine.StackTraceUtility:ExtractStackTrace ()
UnityEngine.Animator:SetBoolString (string,bool)
UnityEngine.Animator:SetBool (string,bool)
ControladorJugador:Update () (at Assets/Scripts/ControladorJugador.cs:57)

[Assets/Scripts/ControladorJugador.cs line 57]

Parameter 'isRunning' does not exist.
UnityEngine.Debug:ExtractStackTraceNoAlloc (byte*,int,string)
UnityEngine.StackTraceUtility:ExtractStackTrace ()
UnityEngine.Animator:GetBoolString (string)
UnityEngine.Animator:GetBool (string)
ControladorJugador:FixedUpdate () (at Assets/Scripts/ControladorJugador.cs:83)

[Assets/Scripts/ControladorJugador.cs line 83]

Parameter 'isWalking' does not exist.
UnityEngine.Debug:ExtractStackTraceNoAlloc (byte*,int,string)
UnityEngine.StackTraceUtility:ExtractStackTrace ()
UnityEngine.Animator:SetBoolString (string,bool)
UnityEngine.Animator:SetBool (string,bool)
ControladorJugador:Update () (at Assets/Scripts/ControladorJugador.cs:56)

[Assets/Scripts/ControladorJugador.cs line 56]

Parameter 'isRunning' does not exist.
UnityEngine.Debug:ExtractStackTraceNoAlloc (byte*,int,string)
UnityEngine.StackTraceUtility:ExtractStackTrace ()
UnityEngine.Animator:SetBoolString (string,bool)
UnityEngine.Animator:SetBool (string,bool)
ControladorJugador:Update () (at Assets/Scripts/ControladorJugador.cs:57)

[Assets/Scripts/ControladorJugador.cs line 57]

Parameter 'isWalking' does not exist.
UnityEngine.Debug:ExtractStackTraceNoAlloc (byte*,int,string)
UnityEngine.StackTraceUtility:ExtractStackTrace ()
UnityEngine.Animator:SetBoolString (string,bool)
UnityEngine.Animator:SetBool (string,bool)
ControladorJugador:Update () (at Assets/Scripts/ControladorJugador.cs:56)

[Assets/Scripts/ControladorJugador.cs line 56]

Parameter 'isRunning' does not exist.
UnityEngine.Debug:ExtractStackTraceNoAlloc (byte*,int,string)
UnityEngine.StackTraceUtility:ExtractStackTrace ()
UnityEngine.Animator:SetBoolString (string,bool)
UnityEngine.Animator:SetBool (string,bool)
ControladorJugador:Update () (at Assets/Scripts/ControladorJugador.cs:57)

[Assets/Scripts/ControladorJugador.cs line 57]

Parameter 'isWalking' does not exist.
UnityEngine.Debug:ExtractStackTraceNoAlloc (byte*,int,string)
UnityEngine.StackTraceUtility:ExtractStackTrace ()
UnityEngine.Animator:SetBoolString (string,bool)
UnityEngine.Animator:SetBool (string,bool)
ControladorJugador:Update () (at Assets/Scripts/ControladorJugador.cs:56)

[Assets/Scripts/ControladorJugador.cs line 56]

Parameter 'isRunning' does not exist.
UnityEngine.Debug:ExtractStackTraceNoAlloc (byte*,int,string)
UnityEngine.StackTraceUtility:ExtractStackTrace ()
UnityEngine.Animator:SetBoolString (string,bool)
UnityEngine.Animator:SetBool (string,bool)
ControladorJugador:Update () (at Assets/Scripts/ControladorJugador.cs:57)

[Assets/Scripts/ControladorJugador.cs line 57]

Parameter 'isWalking' does not exist.
UnityEngine.Debug:ExtractStackTraceNoAlloc (byte*,int,string)
UnityEngine.StackTraceUtility:ExtractStackTrace ()
UnityEngine.Animator:SetBoolString (string,bool)
UnityEngine.Animator:SetBool (string,bool)
ControladorJugador:Update () (at Assets/Scripts/ControladorJugador.cs:56)

[Assets/Scripts/ControladorJugador.cs line 56]

Parameter 'isRunning' does not exist.
UnityEngine.Debug:ExtractStackTraceNoAlloc (byte*,int,string)
UnityEngine.StackTraceUtility:ExtractStackTrace ()
UnityEngine.Animator:SetBoolString (string,bool)
UnityEngine.Animator:SetBool (string,bool)
ControladorJugador:Update () (at Assets/Scripts/ControladorJugador.cs:57)

[Assets/Scripts/ControladorJugador.cs line 57]

Parameter 'isRunning' does not exist.
UnityEngine.Debug:ExtractStackTraceNoAlloc (byte*,int,string)
UnityEngine.StackTraceUtility:ExtractStackTrace ()
UnityEngine.Animator:GetBoolString (string)
UnityEngine.Animator:GetBool (string)
ControladorJugador:FixedUpdate () (at Assets/Scripts/ControladorJugador.cs:83)

[Assets/Scripts/ControladorJugador.cs line 83]

Parameter 'isWalking' does not exist.
UnityEngine.Debug:ExtractStackTraceNoAlloc (byte*,int,string)
UnityEngine.StackTraceUtility:ExtractStackTrace ()
UnityEngine.Animator:SetBoolString (string,bool)
UnityEngine.Animator:SetBool (string,bool)
ControladorJugador:Update () (at Assets/Scripts/ControladorJugador.cs:56)

[Assets/Scripts/ControladorJugador.cs line 56]

Parameter 'isRunning' does not exist.
UnityEngine.Debug:ExtractStackTraceNoAlloc (byte*,int,string)
UnityEngine.StackTraceUtility:ExtractStackTrace ()
UnityEngine.Animator:SetBoolString (string,bool)
UnityEngine.Animator:SetBool (string,bool)
ControladorJugador:Update () (at Assets/Scripts/ControladorJugador.cs:57)

[Assets/Scripts/ControladorJugador.cs line 57]

Parameter 'isWalking' does not exist.
UnityEngine.Debug:ExtractStackTraceNoAlloc (byte*,int,string)
UnityEngine.StackTraceUtility:ExtractStackTrace ()
UnityEngine.Animator:SetBoolString (string,bool)
UnityEngine.Animator:SetBool (string,bool)
ControladorJugador:Update () (at Assets/Scripts/ControladorJugador.cs:56)

[Assets/Scripts/ControladorJugador.cs line 56]

Parameter 'isRunning' does not exist.
UnityEngine.Debug:ExtractStackTraceNoAlloc (byte*,int,string)
UnityEngine.StackTraceUtility:ExtractStackTrace ()
UnityEngine.Animator:SetBoolString (string,bool)
UnityEngine.Animator:SetBool (string,bool)
ControladorJugador:Update () (at Assets/Scripts/ControladorJugador.cs:57)

[Assets/Scripts/ControladorJugador.cs line 57]

Parameter 'isWalking' does not exist.
UnityEngine.Debug:ExtractStackTraceNoAlloc (byte*,int,string)
UnityEngine.StackTraceUtility:ExtractStackTrace ()
UnityEngine.Animator:SetBoolString (string,bool)
UnityEngine.Animator:SetBool (string,bool)
ControladorJugador:Update () (at Assets/Scripts/ControladorJugador.cs:56)

[Assets/Scripts/ControladorJugador.cs line 56]

Parameter 'isRunning' does not exist.
UnityEngine.Debug:ExtractStackTraceNoAlloc (byte*,int,string)
UnityEngine.StackTraceUtility:ExtractStackTrace ()
UnityEngine.Animator:SetBoolString (string,bool)
UnityEngine.Animator:SetBool (string,bool)
ControladorJugador:Update () (at Assets/Scripts/ControladorJugador.cs:57)

[Assets/Scripts/ControladorJugador.cs line 57]

Parameter 'isWalking' does not exist.
UnityEngine.Debug:ExtractStackTraceNoAlloc (byte*,int,string)
UnityEngine.StackTraceUtility:ExtractStackTrace ()
UnityEngine.Animator:SetBoolString (string,bool)
UnityEngine.Animator:SetBool (string,bool)
ControladorJugador:Update () (at Assets/Scripts/ControladorJugador.cs:56)

[Assets/Scripts/ControladorJugador.cs line 56]

Parameter 'isRunning' does not exist.
UnityEngine.Debug:ExtractStackTraceNoAlloc (byte*,int,string)
UnityEngine.StackTraceUtility:ExtractStackTrace ()
UnityEngine.Animator:SetBoolString (string,bool)
UnityEngine.Animator:SetBool (string,bool)
ControladorJugador:Update () (at Assets/Scripts/ControladorJugador.cs:57)

[Assets/Scripts/ControladorJugador.cs line 57]

Parameter 'isWalking' does not exist.
UnityEngine.Debug:ExtractStackTraceNoAlloc (byte*,int,string)
UnityEngine.StackTraceUtility:ExtractStackTrace ()
UnityEngine.Animator:SetBoolString (string,bool)
UnityEngine.Animator:SetBool (string,bool)
ControladorJugador:Update () (at Assets/Scripts/ControladorJugador.cs:56)

[Assets/Scripts/ControladorJugador.cs line 56]

Parameter 'isRunning' does not exist.
UnityEngine.Debug:ExtractStackTraceNoAlloc (byte*,int,string)
UnityEngine.StackTraceUtility:ExtractStackTrace ()
UnityEngine.Animator:SetBoolString (string,bool)
UnityEngine.Animator:SetBool (string,bool)
ControladorJugador:Update () (at Assets/Scripts/ControladorJugador.cs:57)

[Assets/Scripts/ControladorJugador.cs line 57]

Parameter 'isRunning' does not exist.
UnityEngine.Debug:ExtractStackTraceNoAlloc (byte*,int,string)
UnityEngine.StackTraceUtility:ExtractStackTrace ()
UnityEngine.Animator:GetBoolString (string)
UnityEngine.Animator:GetBool (string)
ControladorJugador:FixedUpdate () (at Assets/Scripts/ControladorJugador.cs:83)

[Assets/Scripts/ControladorJugador.cs line 83]

Parameter 'isWalking' does not exist.
UnityEngine.Debug:ExtractStackTraceNoAlloc (byte*,int,string)
UnityEngine.StackTraceUtility:ExtractStackTrace ()
UnityEngine.Animator:SetBoolString (string,bool)
UnityEngine.Animator:SetBool (string,bool)
ControladorJugador:Update () (at Assets/Scripts/ControladorJugador.cs:56)

[Assets/Scripts/ControladorJugador.cs line 56]

Parameter 'isRunning' does not exist.
UnityEngine.Debug:ExtractStackTraceNoAlloc (byte*,int,string)
UnityEngine.StackTraceUtility:ExtractStackTrace ()
UnityEngine.Animator:SetBoolString (string,bool)
UnityEngine.Animator:SetBool (string,bool)
ControladorJugador:Update () (at Assets/Scripts/ControladorJugador.cs:57)

[Assets/Scripts/ControladorJugador.cs line 57]

Parameter 'isWalking' does not exist.
UnityEngine.Debug:ExtractStackTraceNoAlloc (byte*,int,string)
UnityEngine.StackTraceUtility:ExtractStackTrace ()
UnityEngine.Animator:SetBoolString (string,bool)
UnityEngine.Animator:SetBool (string,bool)
ControladorJugador:Update () (at Assets/Scripts/ControladorJugador.cs:56)

[Assets/Scripts/ControladorJugador.cs line 56]

Parameter 'isRunning' does not exist.
UnityEngine.Debug:ExtractStackTraceNoAlloc (byte*,int,string)
UnityEngine.StackTraceUtility:ExtractStackTrace ()
UnityEngine.Animator:SetBoolString (string,bool)
UnityEngine.Animator:SetBool (string,bool)
ControladorJugador:Update () (at Assets/Scripts/ControladorJugador.cs:57)

[Assets/Scripts/ControladorJugador.cs line 57]

Parameter 'isWalking' does not exist.
UnityEngine.Debug:ExtractStackTraceNoAlloc (byte*,int,string)
UnityEngine.StackTraceUtility:ExtractStackTrace ()
UnityEngine.Animator:SetBoolString (string,bool)
UnityEngine.Animator:SetBool (string,bool)
ControladorJugador:Update () (at Assets/Scripts/ControladorJugador.cs:56)

[Assets/Scripts/ControladorJugador.cs line 56]

Parameter 'isRunning' does not exist.
UnityEngine.Debug:ExtractStackTraceNoAlloc (byte*,int,string)
UnityEngine.StackTraceUtility:ExtractStackTrace ()
UnityEngine.Animator:SetBoolString (string,bool)
UnityEngine.Animator:SetBool (string,bool)
ControladorJugador:Update () (at Assets/Scripts/ControladorJugador.cs:57)

[Assets/Scripts/ControladorJugador.cs line 57]

Parameter 'isWalking' does not exist.
UnityEngine.Debug:ExtractStackTraceNoAlloc (byte*,int,string)
UnityEngine.StackTraceUtility:ExtractStackTrace ()
UnityEngine.Animator:SetBoolString (string,bool)
UnityEngine.Animator:SetBool (string,bool)
ControladorJugador:Update () (at Assets/Scripts/ControladorJugador.cs:56)

[Assets/Scripts/ControladorJugador.cs line 56]

Parameter 'isRunning' does not exist.
UnityEngine.Debug:ExtractStackTraceNoAlloc (byte*,int,string)
UnityEngine.StackTraceUtility:ExtractStackTrace ()
UnityEngine.Animator:SetBoolString (string,bool)
UnityEngine.Animator:SetBool (string,bool)
ControladorJugador:Update () (at Assets/Scripts/ControladorJugador.cs:57)

[Assets/Scripts/ControladorJugador.cs line 57]

Parameter 'isRunning' does not exist.
UnityEngine.Debug:ExtractStackTraceNoAlloc (byte*,int,string)
UnityEngine.StackTraceUtility:ExtractStackTrace ()
UnityEngine.Animator:GetBoolString (string)
UnityEngine.Animator:GetBool (string)
ControladorJugador:FixedUpdate () (at Assets/Scripts/ControladorJugador.cs:83)

[Assets/Scripts/ControladorJugador.cs line 83]

Parameter 'isWalking' does not exist.
UnityEngine.Debug:ExtractStackTraceNoAlloc (byte*,int,string)
UnityEngine.StackTraceUtility:ExtractStackTrace ()
UnityEngine.Animator:SetBoolString (string,bool)
UnityEngine.Animator:SetBool (string,bool)
ControladorJugador:Update () (at Assets/Scripts/ControladorJugador.cs:56)

[Assets/Scripts/ControladorJugador.cs line 56]

Parameter 'isRunning' does not exist.
UnityEngine.Debug:ExtractStackTraceNoAlloc (byte*,int,string)
UnityEngine.StackTraceUtility:ExtractStackTrace ()
UnityEngine.Animator:SetBoolString (string,bool)
UnityEngine.Animator:SetBool (string,bool)
ControladorJugador:Update () (at Assets/Scripts/ControladorJugador.cs:57)

[Assets/Scripts/ControladorJugador.cs line 57]

Parameter 'isWalking' does not exist.
UnityEngine.Debug:ExtractStackTraceNoAlloc (byte*,int,string)
UnityEngine.StackTraceUtility:ExtractStackTrace ()
UnityEngine.Animator:SetBoolString (string,bool)
UnityEngine.Animator:SetBool (string,bool)
ControladorJugador:Update () (at Assets/Scripts/ControladorJugador.cs:56)

[Assets/Scripts/ControladorJugador.cs line 56]

Parameter 'isRunning' does not exist.
UnityEngine.Debug:ExtractStackTraceNoAlloc (byte*,int,string)
UnityEngine.StackTraceUtility:ExtractStackTrace ()
UnityEngine.Animator:SetBoolString (string,bool)
UnityEngine.Animator:SetBool (string,bool)
ControladorJugador:Update () (at Assets/Scripts/ControladorJugador.cs:57)

[Assets/Scripts/ControladorJugador.cs line 57]

Parameter 'isWalking' does not exist.
UnityEngine.Debug:ExtractStackTraceNoAlloc (byte*,int,string)
UnityEngine.StackTraceUtility:ExtractStackTrace ()
UnityEngine.Animator:SetBoolString (string,bool)
UnityEngine.Animator:SetBool (string,bool)
ControladorJugador:Update () (at Assets/Scripts/ControladorJugador.cs:56)

[Assets/Scripts/ControladorJugador.cs line 56]

Parameter 'isRunning' does not exist.
UnityEngine.Debug:ExtractStackTraceNoAlloc (byte*,int,string)
UnityEngine.StackTraceUtility:ExtractStackTrace ()
UnityEngine.Animator:SetBoolString (string,bool)
UnityEngine.Animator:SetBool (string,bool)
ControladorJugador:Update () (at Assets/Scripts/ControladorJugador.cs:57)

[Assets/Scripts/ControladorJugador.cs line 57]

Parameter 'isWalking' does not exist.
UnityEngine.Debug:ExtractStackTraceNoAlloc (byte*,int,string)
UnityEngine.StackTraceUtility:ExtractStackTrace ()
UnityEngine.Animator:SetBoolString (string,bool)
UnityEngine.Animator:SetBool (string,bool)
ControladorJugador:Update () (at Assets/Scripts/ControladorJugador.cs:56)

[Assets/Scripts/ControladorJugador.cs line 56]

Parameter 'isRunning' does not exist.
UnityEngine.Debug:ExtractStackTraceNoAlloc (byte*,int,string)
UnityEngine.StackTraceUtility:ExtractStackTrace ()
UnityEngine.Animator:SetBoolString (string,bool)
UnityEngine.Animator:SetBool (string,bool)
ControladorJugador:Update () (at Assets/Scripts/ControladorJugador.cs:57)

[Assets/Scripts/ControladorJugador.cs line 57]

Parameter 'isRunning' does not exist.
UnityEngine.Debug:ExtractStackTraceNoAlloc (byte*,int,string)
UnityEngine.StackTraceUtility:ExtractStackTrace ()
UnityEngine.Animator:GetBoolString (string)
UnityEngine.Animator:GetBool (string)
ControladorJugador:FixedUpdate () (at Assets/Scripts/ControladorJugador.cs:83)

[Assets/Scripts/ControladorJugador.cs line 83]

Parameter 'isWalking' does not exist.
UnityEngine.Debug:ExtractStackTraceNoAlloc (byte*,int,string)
UnityEngine.StackTraceUtility:ExtractStackTrace ()
UnityEngine.Animator:SetBoolString (string,bool)
UnityEngine.Animator:SetBool (string,bool)
ControladorJugador:Update () (at Assets/Scripts/ControladorJugador.cs:56)

[Assets/Scripts/ControladorJugador.cs line 56]

Parameter 'isRunning' does not exist.
UnityEngine.Debug:ExtractStackTraceNoAlloc (byte*,int,string)
UnityEngine.StackTraceUtility:ExtractStackTrace ()
UnityEngine.Animator:SetBoolString (string,bool)
UnityEngine.Animator:SetBool (string,bool)
ControladorJugador:Update () (at Assets/Scripts/ControladorJugador.cs:57)

[Assets/Scripts/ControladorJugador.cs line 57]

Parameter 'isWalking' does not exist.
UnityEngine.Debug:ExtractStackTraceNoAlloc (byte*,int,string)
UnityEngine.StackTraceUtility:ExtractStackTrace ()
UnityEngine.Animator:SetBoolString (string,bool)
UnityEngine.Animator:SetBool (string,bool)
ControladorJugador:Update () (at Assets/Scripts/ControladorJugador.cs:56)

[Assets/Scripts/ControladorJugador.cs line 56]

Parameter 'isRunning' does not exist.
UnityEngine.Debug:ExtractStackTraceNoAlloc (byte*,int,string)
UnityEngine.StackTraceUtility:ExtractStackTrace ()
UnityEngine.Animator:SetBoolString (string,bool)
UnityEngine.Animator:SetBool (string,bool)
ControladorJugador:Update () (at Assets/Scripts/ControladorJugador.cs:57)

[Assets/Scripts/ControladorJugador.cs line 57]

Parameter 'isWalking' does not exist.
UnityEngine.Debug:ExtractStackTraceNoAlloc (byte*,int,string)
UnityEngine.StackTraceUtility:ExtractStackTrace ()
UnityEngine.Animator:SetBoolString (string,bool)
UnityEngine.Animator:SetBool (string,bool)
ControladorJugador:Update () (at Assets/Scripts/ControladorJugador.cs:56)

[Assets/Scripts/ControladorJugador.cs line 56]

Parameter 'isRunning' does not exist.
UnityEngine.Debug:ExtractStackTraceNoAlloc (byte*,int,string)
UnityEngine.StackTraceUtility:ExtractStackTrace ()
UnityEngine.Animator:SetBoolString (string,bool)
UnityEngine.Animator:SetBool (string,bool)
ControladorJugador:Update () (at Assets/Scripts/ControladorJugador.cs:57)

[Assets/Scripts/ControladorJugador.cs line 57]

Parameter 'isWalking' does not exist.
UnityEngine.Debug:ExtractStackTraceNoAlloc (byte*,int,string)
UnityEngine.StackTraceUtility:ExtractStackTrace ()
UnityEngine.Animator:SetBoolString (string,bool)
UnityEngine.Animator:SetBool (string,bool)
ControladorJugador:Update () (at Assets/Scripts/ControladorJugador.cs:56)

[Assets/Scripts/ControladorJugador.cs line 56]

Parameter 'isRunning' does not exist.
UnityEngine.Debug:ExtractStackTraceNoAlloc (byte*,int,string)
UnityEngine.StackTraceUtility:ExtractStackTrace ()
UnityEngine.Animator:SetBoolString (string,bool)
UnityEngine.Animator:SetBool (string,bool)
ControladorJugador:Update () (at Assets/Scripts/ControladorJugador.cs:57)

[Assets/Scripts/ControladorJugador.cs line 57]

Parameter 'isRunning' does not exist.
UnityEngine.Debug:ExtractStackTraceNoAlloc (byte*,int,string)
UnityEngine.StackTraceUtility:ExtractStackTrace ()
UnityEngine.Animator:GetBoolString (string)
UnityEngine.Animator:GetBool (string)
ControladorJugador:FixedUpdate () (at Assets/Scripts/ControladorJugador.cs:83)

[Assets/Scripts/ControladorJugador.cs line 83]

Parameter 'isWalking' does not exist.
UnityEngine.Debug:ExtractStackTraceNoAlloc (byte*,int,string)
UnityEngine.StackTraceUtility:ExtractStackTrace ()
UnityEngine.Animator:SetBoolString (string,bool)
UnityEngine.Animator:SetBool (string,bool)
ControladorJugador:Update () (at Assets/Scripts/ControladorJugador.cs:56)

[Assets/Scripts/ControladorJugador.cs line 56]

Parameter 'isRunning' does not exist.
UnityEngine.Debug:ExtractStackTraceNoAlloc (byte*,int,string)
UnityEngine.StackTraceUtility:ExtractStackTrace ()
UnityEngine.Animator:SetBoolString (string,bool)
UnityEngine.Animator:SetBool (string,bool)
ControladorJugador:Update () (at Assets/Scripts/ControladorJugador.cs:57)

[Assets/Scripts/ControladorJugador.cs line 57]

Parameter 'isWalking' does not exist.
UnityEngine.Debug:ExtractStackTraceNoAlloc (byte*,int,string)
UnityEngine.StackTraceUtility:ExtractStackTrace ()
UnityEngine.Animator:SetBoolString (string,bool)
UnityEngine.Animator:SetBool (string,bool)
ControladorJugador:Update () (at Assets/Scripts/ControladorJugador.cs:56)

[Assets/Scripts/ControladorJugador.cs line 56]

Parameter 'isRunning' does not exist.
UnityEngine.Debug:ExtractStackTraceNoAlloc (byte*,int,string)
UnityEngine.StackTraceUtility:ExtractStackTrace ()
UnityEngine.Animator:SetBoolString (string,bool)
UnityEngine.Animator:SetBool (string,bool)
ControladorJugador:Update () (at Assets/Scripts/ControladorJugador.cs:57)

[Assets/Scripts/ControladorJugador.cs line 57]

Parameter 'isWalking' does not exist.
UnityEngine.Debug:ExtractStackTraceNoAlloc (byte*,int,string)
UnityEngine.StackTraceUtility:ExtractStackTrace ()
UnityEngine.Animator:SetBoolString (string,bool)
UnityEngine.Animator:SetBool (string,bool)
ControladorJugador:Update () (at Assets/Scripts/ControladorJugador.cs:56)

[Assets/Scripts/ControladorJugador.cs line 56]

Parameter 'isRunning' does not exist.
UnityEngine.Debug:ExtractStackTraceNoAlloc (byte*,int,string)
UnityEngine.StackTraceUtility:ExtractStackTrace ()
UnityEngine.Animator:SetBoolString (string,bool)
UnityEngine.Animator:SetBool (string,bool)
ControladorJugador:Update () (at Assets/Scripts/ControladorJugador.cs:57)

[Assets/Scripts/ControladorJugador.cs line 57]

Parameter 'isWalking' does not exist.
UnityEngine.Debug:ExtractStackTraceNoAlloc (byte*,int,string)
UnityEngine.StackTraceUtility:ExtractStackTrace ()
UnityEngine.Animator:SetBoolString (string,bool)
UnityEngine.Animator:SetBool (string,bool)
ControladorJugador:Update () (at Assets/Scripts/ControladorJugador.cs:56)

[Assets/Scripts/ControladorJugador.cs line 56]

Parameter 'isRunning' does not exist.
UnityEngine.Debug:ExtractStackTraceNoAlloc (byte*,int,string)
UnityEngine.StackTraceUtility:ExtractStackTrace ()
UnityEngine.Animator:SetBoolString (string,bool)
UnityEngine.Animator:SetBool (string,bool)
ControladorJugador:Update () (at Assets/Scripts/ControladorJugador.cs:57)

[Assets/Scripts/ControladorJugador.cs line 57]

Parameter 'isRunning' does not exist.
UnityEngine.Debug:ExtractStackTraceNoAlloc (byte*,int,string)
UnityEngine.StackTraceUtility:ExtractStackTrace ()
UnityEngine.Animator:GetBoolString (string)
UnityEngine.Animator:GetBool (string)
ControladorJugador:FixedUpdate () (at Assets/Scripts/ControladorJugador.cs:83)

[Assets/Scripts/ControladorJugador.cs line 83]

Parameter 'isWalking' does not exist.
UnityEngine.Debug:ExtractStackTraceNoAlloc (byte*,int,string)
UnityEngine.StackTraceUtility:ExtractStackTrace ()
UnityEngine.Animator:SetBoolString (string,bool)
UnityEngine.Animator:SetBool (string,bool)
ControladorJugador:Update () (at Assets/Scripts/ControladorJugador.cs:56)

[Assets/Scripts/ControladorJugador.cs line 56]

Parameter 'isRunning' does not exist.
UnityEngine.Debug:ExtractStackTraceNoAlloc (byte*,int,string)
UnityEngine.StackTraceUtility:ExtractStackTrace ()
UnityEngine.Animator:SetBoolString (string,bool)
UnityEngine.Animator:SetBool (string,bool)
ControladorJugador:Update () (at Assets/Scripts/ControladorJugador.cs:57)

[Assets/Scripts/ControladorJugador.cs line 57]

Parameter 'isWalking' does not exist.
UnityEngine.Debug:ExtractStackTraceNoAlloc (byte*,int,string)
UnityEngine.StackTraceUtility:ExtractStackTrace ()
UnityEngine.Animator:SetBoolString (string,bool)
UnityEngine.Animator:SetBool (string,bool)
ControladorJugador:Update () (at Assets/Scripts/ControladorJugador.cs:56)

[Assets/Scripts/ControladorJugador.cs line 56]

Parameter 'isRunning' does not exist.
UnityEngine.Debug:ExtractStackTraceNoAlloc (byte*,int,string)
UnityEngine.StackTraceUtility:ExtractStackTrace ()
UnityEngine.Animator:SetBoolString (string,bool)
UnityEngine.Animator:SetBool (string,bool)
ControladorJugador:Update () (at Assets/Scripts/ControladorJugador.cs:57)

[Assets/Scripts/ControladorJugador.cs line 57]

Parameter 'isWalking' does not exist.
UnityEngine.Debug:ExtractStackTraceNoAlloc (byte*,int,string)
UnityEngine.StackTraceUtility:ExtractStackTrace ()
UnityEngine.Animator:SetBoolString (string,bool)
UnityEngine.Animator:SetBool (string,bool)
ControladorJugador:Update () (at Assets/Scripts/ControladorJugador.cs:56)

[Assets/Scripts/ControladorJugador.cs line 56]

Parameter 'isRunning' does not exist.
UnityEngine.Debug:ExtractStackTraceNoAlloc (byte*,int,string)
UnityEngine.StackTraceUtility:ExtractStackTrace ()
UnityEngine.Animator:SetBoolString (string,bool)
UnityEngine.Animator:SetBool (string,bool)
ControladorJugador:Update () (at Assets/Scripts/ControladorJugador.cs:57)

[Assets/Scripts/ControladorJugador.cs line 57]

Parameter 'isWalking' does not exist.
UnityEngine.Debug:ExtractStackTraceNoAlloc (byte*,int,string)
UnityEngine.StackTraceUtility:ExtractStackTrace ()
UnityEngine.Animator:SetBoolString (string,bool)
UnityEngine.Animator:SetBool (string,bool)
ControladorJugador:Update () (at Assets/Scripts/ControladorJugador.cs:56)

[Assets/Scripts/ControladorJugador.cs line 56]

Parameter 'isRunning' does not exist.
UnityEngine.Debug:ExtractStackTraceNoAlloc (byte*,int,string)
UnityEngine.StackTraceUtility:ExtractStackTrace ()
UnityEngine.Animator:SetBoolString (string,bool)
UnityEngine.Animator:SetBool (string,bool)
ControladorJugador:Update () (at Assets/Scripts/ControladorJugador.cs:57)

[Assets/Scripts/ControladorJugador.cs line 57]

Parameter 'isWalking' does not exist.
UnityEngine.Debug:ExtractStackTraceNoAlloc (byte*,int,string)
UnityEngine.StackTraceUtility:ExtractStackTrace ()
UnityEngine.Animator:SetBoolString (string,bool)
UnityEngine.Animator:SetBool (string,bool)
ControladorJugador:Update () (at Assets/Scripts/ControladorJugador.cs:56)

[Assets/Scripts/ControladorJugador.cs line 56]

Parameter 'isRunning' does not exist.
UnityEngine.Debug:ExtractStackTraceNoAlloc (byte*,int,string)
UnityEngine.StackTraceUtility:ExtractStackTrace ()
UnityEngine.Animator:SetBoolString (string,bool)
UnityEngine.Animator:SetBool (string,bool)
ControladorJugador:Update () (at Assets/Scripts/ControladorJugador.cs:57)

[Assets/Scripts/ControladorJugador.cs line 57]

Parameter 'isRunning' does not exist.
UnityEngine.Debug:ExtractStackTraceNoAlloc (byte*,int,string)
UnityEngine.StackTraceUtility:ExtractStackTrace ()
UnityEngine.Animator:GetBoolString (string)
UnityEngine.Animator:GetBool (string)
ControladorJugador:FixedUpdate () (at Assets/Scripts/ControladorJugador.cs:83)

[Assets/Scripts/ControladorJugador.cs line 83]

Parameter 'isWalking' does not exist.
UnityEngine.Debug:ExtractStackTraceNoAlloc (byte*,int,string)
UnityEngine.StackTraceUtility:ExtractStackTrace ()
UnityEngine.Animator:SetBoolString (string,bool)
UnityEngine.Animator:SetBool (string,bool)
ControladorJugador:Update () (at Assets/Scripts/ControladorJugador.cs:56)

[Assets/Scripts/ControladorJugador.cs line 56]

Parameter 'isRunning' does not exist.
UnityEngine.Debug:ExtractStackTraceNoAlloc (byte*,int,string)
UnityEngine.StackTraceUtility:ExtractStackTrace ()
UnityEngine.Animator:SetBoolString (string,bool)
UnityEngine.Animator:SetBool (string,bool)
ControladorJugador:Update () (at Assets/Scripts/ControladorJugador.cs:57)

[Assets/Scripts/ControladorJugador.cs line 57]

Parameter 'isWalking' does not exist.
UnityEngine.Debug:ExtractStackTraceNoAlloc (byte*,int,string)
UnityEngine.StackTraceUtility:ExtractStackTrace ()
UnityEngine.Animator:SetBoolString (string,bool)
UnityEngine.Animator:SetBool (string,bool)
ControladorJugador:Update () (at Assets/Scripts/ControladorJugador.cs:56)

[Assets/Scripts/ControladorJugador.cs line 56]

Parameter 'isRunning' does not exist.
UnityEngine.Debug:ExtractStackTraceNoAlloc (byte*,int,string)
UnityEngine.StackTraceUtility:ExtractStackTrace ()
UnityEngine.Animator:SetBoolString (string,bool)
UnityEngine.Animator:SetBool (string,bool)
ControladorJugador:Update () (at Assets/Scripts/ControladorJugador.cs:57)

[Assets/Scripts/ControladorJugador.cs line 57]

Parameter 'isWalking' does not exist.
UnityEngine.Debug:ExtractStackTraceNoAlloc (byte*,int,string)
UnityEngine.StackTraceUtility:ExtractStackTrace ()
UnityEngine.Animator:SetBoolString (string,bool)
UnityEngine.Animator:SetBool (string,bool)
ControladorJugador:Update () (at Assets/Scripts/ControladorJugador.cs:56)

[Assets/Scripts/ControladorJugador.cs line 56]

Parameter 'isRunning' does not exist.
UnityEngine.Debug:ExtractStackTraceNoAlloc (byte*,int,string)
UnityEngine.StackTraceUtility:ExtractStackTrace ()
UnityEngine.Animator:SetBoolString (string,bool)
UnityEngine.Animator:SetBool (string,bool)
ControladorJugador:Update () (at Assets/Scripts/ControladorJugador.cs:57)

[Assets/Scripts/ControladorJugador.cs line 57]

Parameter 'isWalking' does not exist.
UnityEngine.Debug:ExtractStackTraceNoAlloc (byte*,int,string)
UnityEngine.StackTraceUtility:ExtractStackTrace ()
UnityEngine.Animator:SetBoolString (string,bool)
UnityEngine.Animator:SetBool (string,bool)
ControladorJugador:Update () (at Assets/Scripts/ControladorJugador.cs:56)

[Assets/Scripts/ControladorJugador.cs line 56]

Parameter 'isRunning' does not exist.
UnityEngine.Debug:ExtractStackTraceNoAlloc (byte*,int,string)
UnityEngine.StackTraceUtility:ExtractStackTrace ()
UnityEngine.Animator:SetBoolString (string,bool)
UnityEngine.Animator:SetBool (string,bool)
ControladorJugador:Update () (at Assets/Scripts/ControladorJugador.cs:57)

[Assets/Scripts/ControladorJugador.cs line 57]

Parameter 'isRunning' does not exist.
UnityEngine.Debug:ExtractStackTraceNoAlloc (byte*,int,string)
UnityEngine.StackTraceUtility:ExtractStackTrace ()
UnityEngine.Animator:GetBoolString (string)
UnityEngine.Animator:GetBool (string)
ControladorJugador:FixedUpdate () (at Assets/Scripts/ControladorJugador.cs:83)

[Assets/Scripts/ControladorJugador.cs line 83]

Parameter 'isWalking' does not exist.
UnityEngine.Debug:ExtractStackTraceNoAlloc (byte*,int,string)
UnityEngine.StackTraceUtility:ExtractStackTrace ()
UnityEngine.Animator:SetBoolString (string,bool)
UnityEngine.Animator:SetBool (string,bool)
ControladorJugador:Update () (at Assets/Scripts/ControladorJugador.cs:56)

[Assets/Scripts/ControladorJugador.cs line 56]

Parameter 'isRunning' does not exist.
UnityEngine.Debug:ExtractStackTraceNoAlloc (byte*,int,string)
UnityEngine.StackTraceUtility:ExtractStackTrace ()
UnityEngine.Animator:SetBoolString (string,bool)
UnityEngine.Animator:SetBool (string,bool)
ControladorJugador:Update () (at Assets/Scripts/ControladorJugador.cs:57)

[Assets/Scripts/ControladorJugador.cs line 57]

Parameter 'isWalking' does not exist.
UnityEngine.Debug:ExtractStackTraceNoAlloc (byte*,int,string)
UnityEngine.StackTraceUtility:ExtractStackTrace ()
UnityEngine.Animator:SetBoolString (string,bool)
UnityEngine.Animator:SetBool (string,bool)
ControladorJugador:Update () (at Assets/Scripts/ControladorJugador.cs:56)

[Assets/Scripts/ControladorJugador.cs line 56]

Parameter 'isRunning' does not exist.
UnityEngine.Debug:ExtractStackTraceNoAlloc (byte*,int,string)
UnityEngine.StackTraceUtility:ExtractStackTrace ()
UnityEngine.Animator:SetBoolString (string,bool)
UnityEngine.Animator:SetBool (string,bool)
ControladorJugador:Update () (at Assets/Scripts/ControladorJugador.cs:57)

[Assets/Scripts/ControladorJugador.cs line 57]

Parameter 'isWalking' does not exist.
UnityEngine.Debug:ExtractStackTraceNoAlloc (byte*,int,string)
UnityEngine.StackTraceUtility:ExtractStackTrace ()
UnityEngine.Animator:SetBoolString (string,bool)
UnityEngine.Animator:SetBool (string,bool)
ControladorJugador:Update () (at Assets/Scripts/ControladorJugador.cs:56)

[Assets/Scripts/ControladorJugador.cs line 56]

Parameter 'isRunning' does not exist.
UnityEngine.Debug:ExtractStackTraceNoAlloc (byte*,int,string)
UnityEngine.StackTraceUtility:ExtractStackTrace ()
UnityEngine.Animator:SetBoolString (string,bool)
UnityEngine.Animator:SetBool (string,bool)
ControladorJugador:Update () (at Assets/Scripts/ControladorJugador.cs:57)

[Assets/Scripts/ControladorJugador.cs line 57]

Parameter 'isWalking' does not exist.
UnityEngine.Debug:ExtractStackTraceNoAlloc (byte*,int,string)
UnityEngine.StackTraceUtility:ExtractStackTrace ()
UnityEngine.Animator:SetBoolString (string,bool)
UnityEngine.Animator:SetBool (string,bool)
ControladorJugador:Update () (at Assets/Scripts/ControladorJugador.cs:56)

[Assets/Scripts/ControladorJugador.cs line 56]

Parameter 'isRunning' does not exist.
UnityEngine.Debug:ExtractStackTraceNoAlloc (byte*,int,string)
UnityEngine.StackTraceUtility:ExtractStackTrace ()
UnityEngine.Animator:SetBoolString (string,bool)
UnityEngine.Animator:SetBool (string,bool)
ControladorJugador:Update () (at Assets/Scripts/ControladorJugador.cs:57)

[Assets/Scripts/ControladorJugador.cs line 57]

Parameter 'isWalking' does not exist.
UnityEngine.Debug:ExtractStackTraceNoAlloc (byte*,int,string)
UnityEngine.StackTraceUtility:ExtractStackTrace ()
UnityEngine.Animator:SetBoolString (string,bool)
UnityEngine.Animator:SetBool (string,bool)
ControladorJugador:Update () (at Assets/Scripts/ControladorJugador.cs:56)

[Assets/Scripts/ControladorJugador.cs line 56]

Parameter 'isRunning' does not exist.
UnityEngine.Debug:ExtractStackTraceNoAlloc (byte*,int,string)
UnityEngine.StackTraceUtility:ExtractStackTrace ()
UnityEngine.Animator:SetBoolString (string,bool)
UnityEngine.Animator:SetBool (string,bool)
ControladorJugador:Update () (at Assets/Scripts/ControladorJugador.cs:57)

[Assets/Scripts/ControladorJugador.cs line 57]

Parameter 'isRunning' does not exist.
UnityEngine.Debug:ExtractStackTraceNoAlloc (byte*,int,string)
UnityEngine.StackTraceUtility:ExtractStackTrace ()
UnityEngine.Animator:GetBoolString (string)
UnityEngine.Animator:GetBool (string)
ControladorJugador:FixedUpdate () (at Assets/Scripts/ControladorJugador.cs:83)

[Assets/Scripts/ControladorJugador.cs line 83]

Parameter 'isWalking' does not exist.
UnityEngine.Debug:ExtractStackTraceNoAlloc (byte*,int,string)
UnityEngine.StackTraceUtility:ExtractStackTrace ()
UnityEngine.Animator:SetBoolString (string,bool)
UnityEngine.Animator:SetBool (string,bool)
ControladorJugador:Update () (at Assets/Scripts/ControladorJugador.cs:56)

[Assets/Scripts/ControladorJugador.cs line 56]

Parameter 'isRunning' does not exist.
UnityEngine.Debug:ExtractStackTraceNoAlloc (byte*,int,string)
UnityEngine.StackTraceUtility:ExtractStackTrace ()
UnityEngine.Animator:SetBoolString (string,bool)
UnityEngine.Animator:SetBool (string,bool)
ControladorJugador:Update () (at Assets/Scripts/ControladorJugador.cs:57)

[Assets/Scripts/ControladorJugador.cs line 57]

Parameter 'isWalking' does not exist.
UnityEngine.Debug:ExtractStackTraceNoAlloc (byte*,int,string)
UnityEngine.StackTraceUtility:ExtractStackTrace ()
UnityEngine.Animator:SetBoolString (string,bool)
UnityEngine.Animator:SetBool (string,bool)
ControladorJugador:Update () (at Assets/Scripts/ControladorJugador.cs:56)

[Assets/Scripts/ControladorJugador.cs line 56]

Parameter 'isRunning' does not exist.
UnityEngine.Debug:ExtractStackTraceNoAlloc (byte*,int,string)
UnityEngine.StackTraceUtility:ExtractStackTrace ()
UnityEngine.Animator:SetBoolString (string,bool)
UnityEngine.Animator:SetBool (string,bool)
ControladorJugador:Update () (at Assets/Scripts/ControladorJugador.cs:57)

[Assets/Scripts/ControladorJugador.cs line 57]

Parameter 'isRunning' does not exist.
UnityEngine.Debug:ExtractStackTraceNoAlloc (byte*,int,string)
UnityEngine.StackTraceUtility:ExtractStackTrace ()
UnityEngine.Animator:GetBoolString (string)
UnityEngine.Animator:GetBool (string)
ControladorJugador:FixedUpdate () (at Assets/Scripts/ControladorJugador.cs:83)

[Assets/Scripts/ControladorJugador.cs line 83]

Parameter 'isWalking' does not exist.
UnityEngine.Debug:ExtractStackTraceNoAlloc (byte*,int,string)
UnityEngine.StackTraceUtility:ExtractStackTrace ()
UnityEngine.Animator:SetBoolString (string,bool)
UnityEngine.Animator:SetBool (string,bool)
ControladorJugador:Update () (at Assets/Scripts/ControladorJugador.cs:56)

[Assets/Scripts/ControladorJugador.cs line 56]

Parameter 'isRunning' does not exist.
UnityEngine.Debug:ExtractStackTraceNoAlloc (byte*,int,string)
UnityEngine.StackTraceUtility:ExtractStackTrace ()
UnityEngine.Animator:SetBoolString (string,bool)
UnityEngine.Animator:SetBool (string,bool)
ControladorJugador:Update () (at Assets/Scripts/ControladorJugador.cs:57)

[Assets/Scripts/ControladorJugador.cs line 57]

Unloading 0 Unused Serialized files (Serialized files now loaded: 0)
Loaded scene 'Temp/__Backupscenes/0.backup'
	Deserialize:            1.696 ms
	Integration:            15.191 ms
	Integration of assets:  0.002 ms
	Thread Wait Time:       0.046 ms
	Total Operation Time:   16.936 ms
Unloading 16 unused Assets / (224.6 KB). Loaded Objects now: 2792.
Memory consumption went from 446.8 MB to 446.5 MB.
Total: 12.857700 ms (FindLiveObjects: 0.285400 ms CreateObjectMapping: 0.142400 ms MarkObjects: 12.278200 ms  DeleteObjects: 0.150000 ms)

Reloading assemblies for play mode.
Reloading assemblies after forced synchronous recompile.
Begin MonoManager ReloadAssembly
Native extension for WindowsStandalone target not found
ScheduleIndexationOnStartup MainProcess:True IndexOnStartup:True
[MODES] ModeService[none].Initialize
[MODES] ModeService[none].LoadModes
Mono: successfully reloaded assembly
- Finished resetting the current domain, in  1.372 seconds
Domain Reload Profiling: 2065ms
	BeginReloadAssembly (518ms)
		DisableScriptedObjects (132ms)
		CreateAndSetChildDomain (152ms)
	RebuildCommonClasses (11ms)
	RebuildNativeTypeToScriptingClass (18ms)
	initialDomainReloadingComplete (48ms)
	LoadAllAssembliesAndSetupDomain (98ms)
		LoadAssemblies (113ms)
		AnalyzeDomain (8ms)
			TypeCache.Refresh (4ms)
	FinalizeReload (1373ms)
		SetupLoadedEditorAssemblies (0ms)
			BeforeProcessingInitializeOnLoad (103ms)
			ProcessInitializeOnLoadAttributes (82ms)
			ProcessInitializeOnLoadMethodAttributes (93ms)
			AfterProcessingInitializeOnLoad (6ms)
		AwakeInstancesAfterBackupRestoration (667ms)

Asset Pipeline Refresh (id=35193215d72b80c4a9b7a6e4f78f4504): Total: 2.179 seconds - Initiated by StopAssetImportingV2(ForceSynchronousImport | ForceDomainReload)
	(Values over 0.05ms)
	Summary:
		Imports: total=0 (actual=0, local cache=0, cache server=0)
		Asset DB Process Time: managed=0 ms, native=1429 ms
		Asset DB Callback time: managed=24 ms, native=0 ms
		Scripting: domain reloads=1, domain reload time=722 ms, compile time=2 ms, other=0 ms
		Project Asset Count: scripts=242, non-scripts=270
		Asset File Changes: new=0, changed=0, moved=0, deleted=0
		Scan Filter Count: 0
	InvokePackagesCallback: 2.764ms
	ApplyChangesToAssetFolders: 0.414ms
	Collect global state as custom dependencies: 0.529ms
	CategorizeAssets: 3.658ms
	CompileScripts: 2.302ms
	ImportOutOfDateAssets: 1378.179ms (1374.999ms without children)
		ReloadNativeAssets: 0.354ms
		UnloadImportedAssets: 0.576ms
		EnsureUptoDateAssetsAreRegisteredWithGuidPM: 0.118ms
		ImportSchedulerStart: 2.111ms
	PostProcessAllAssets: 24.218ms
		MonoPostProcessAllAssets: 24.211ms
			WindowAssetPostprocessingWatcher.OnPostprocessAllAssets 8.754ms
			SyncVS.PostprocessSyncProject 1.858ms
			SpeedTree9Postprocessor.OnPostprocessAllAssets 0.882ms
			AssetChangedListener.OnPostprocessAllAssets 0.585ms
			ReferencedClipsPostProcessor.OnPostprocessAllAssets 0.349ms
			AssetDatabaseCallbacks.OnPostprocessAllAssets 0.170ms
			TerrainToolbarOverlayPostProcessor.OnPostprocessAllAssets 0.155ms
			SpriteEditorTexturePostprocessor.OnPostprocessAllAssets 0.133ms
			RenderPipelineGlobalSettingsPostprocessor.OnPostprocessAllAssets 0.084ms
			AssetPostprocessor.OnPostprocessAllAssets 0.059ms
	UnloadStreamsBegin: 0.100ms
	GenerateScriptTypeHashes: 0.954ms
	GenerateScriptTypeSerializationHashes: 2.009ms
	Untracked: 756.302ms

Loaded scene 'Temp/__Backupscenes/0.backup'
	Deserialize:            3.799 ms
	Integration:            48.634 ms
	Integration of assets:  0.012 ms
	Thread Wait Time:       0.031 ms
	Total Operation Time:   52.476 ms
[Licensing::Client] Successfully resolved entitlement details
Unloading 0 Unused Serialized files (Serialized files now loaded: 0)
Loaded scene 'Temp/__Backupscenes/0.backup'
	Deserialize:            1.777 ms
	Integration:            14.774 ms
	Integration of assets:  0.001 ms
	Thread Wait Time:       0.034 ms
	Total Operation Time:   16.587 ms
Unloading 12 unused Assets / (44.0 KB). Loaded Objects now: 2790.
Memory consumption went from 446.9 MB to 446.9 MB.
Total: 12.188000 ms (FindLiveObjects: 0.259700 ms CreateObjectMapping: 0.109900 ms MarkObjects: 11.725400 ms  DeleteObjects: 0.091700 ms)

Asset Pipeline Refresh (id=4eddd9fc2d338a848a83b91a941af136): Total: 0.203 seconds - Initiated by RefreshV2(AllowForceSynchronousImport)
[ScriptCompilation] Requested script compilation because: AssetDatabase observed changes in script compilation related files
AssetDatabase: script compilation time: 0.033365s
[Licensing::Client] Successfully resolved entitlement details
info: Microsoft.AspNetCore.Hosting.Diagnostics[1]
      Request starting HTTP/2 POST http://ilpp/UnityILPP.PostProcessing/Ping - application/grpc -
info: Microsoft.AspNetCore.Routing.EndpointMiddleware[0]
      Executing endpoint 'gRPC - /UnityILPP.PostProcessing/Ping'
info: Microsoft.AspNetCore.Routing.EndpointMiddleware[1]
      Executed endpoint 'gRPC - /UnityILPP.PostProcessing/Ping'
info: Microsoft.AspNetCore.Hosting.Diagnostics[2]
      Request finished HTTP/2 POST http://ilpp/UnityILPP.PostProcessing/Ping - 200 - application/grpc 13.7702ms
Starting: C:\Unity Editors\6000.5.0f1\Editor\Data\Tools\BuildPipeline\bee_backend.exe --ipc --defer-dag-verification --dagfile="Library/Bee/1900b0aE.dag" --continue-on-failure --profile="Library/Bee/backend1.traceevents" ScriptAssemblies
WorkingDir: C:/Users/Oswel Cardona/OneDrive/Documents/GitHub/scape-from-utp-juego
ExitCode: 0 Duration: 3s39ms
[237/240    2s] Csc Library/Bee/artifacts/1900b0aE.dag/Assembly-CSharp.dll (+2 others)
Assets\Scripts\SaludJugador.cs(42,38): warning CS0618: 'Object.FindObjectOfType<T>()' is obsolete: 'Object.FindObjectOfType has been deprecated. Use Object.FindAnyObjectByType instead.'
[238/240    0s] CopyFiles Library/ScriptAssemblies/Assembly-CSharp.dll
[239/240    0s] CopyFiles Library/ScriptAssemblies/Assembly-CSharp.pdb
*** Tundra build success (2.96 seconds), 3 items updated, 240 evaluated
Assets\Scripts\SaludJugador.cs(42,38): warning CS0618: 'Object.FindObjectOfType<T>()' is obsolete: 'Object.FindObjectOfType has been deprecated. Use Object.FindAnyObjectByType instead.'
Reloading assemblies after forced synchronous recompile.
Total cache size 40845628
Total cache size after purge 40845628, took 00:00:00.1708191
Begin MonoManager ReloadAssembly
Native extension for WindowsStandalone target not found
[MODES] ModeService[none].Initialize
[MODES] ModeService[none].LoadModes
ScheduleIndexationOnStartup MainProcess:True IndexOnStartup:True
Mono: successfully reloaded assembly
- Finished resetting the current domain, in  1.985 seconds
Domain Reload Profiling: 4205ms
	BeginReloadAssembly (1846ms)
		DisableScriptedObjects (323ms)
		CreateAndSetChildDomain (640ms)
	RebuildCommonClasses (22ms)
	RebuildNativeTypeToScriptingClass (23ms)
	initialDomainReloadingComplete (90ms)
	LoadAllAssembliesAndSetupDomain (238ms)
		LoadAssemblies (465ms)
		AnalyzeDomain (71ms)
			TypeCache.Refresh (32ms)
			BuildScriptInfoCaches (29ms)
			ResolveRequiredComponents (3ms)
	FinalizeReload (1986ms)
		SetupLoadedEditorAssemblies (0ms)
			InitializePlatformSupportModulesInManaged (3ms)
			BeforeProcessingInitializeOnLoad (225ms)
			ProcessInitializeOnLoadAttributes (123ms)
			ProcessInitializeOnLoadMethodAttributes (96ms)
			AfterProcessingInitializeOnLoad (6ms)
		AwakeInstancesAfterBackupRestoration (902ms)

Asset Pipeline Refresh (id=bdb06917ca81db74dbb207276c522c53): Total: 9.055 seconds - Initiated by RefreshV2(AllowForceSynchronousImport)
	(Values over 0.05ms)
	Summary:
		Imports: total=0 (actual=0, local cache=0, cache server=0)
		Asset DB Process Time: managed=0 ms, native=2424 ms
		Asset DB Callback time: managed=167 ms, native=98 ms
		Scripting: domain reloads=1, domain reload time=2366 ms, compile time=3993 ms, other=0 ms
		Project Asset Count: scripts=242, non-scripts=270
		Asset File Changes: new=0, changed=1, moved=0, deleted=0
		Scan Filter Count: 0
	InvokeCustomDependenciesCallbacks: 0.091ms
	InvokePackagesCallback: 18.101ms
	ApplyChangesToAssetFolders: 14.626ms
	Scan: 183.928ms
	Collect global state as custom dependencies: 5.324ms
	OnSourceAssetsModified: 108.777ms
	CategorizeScriptCompilationAssets: 1.161ms
	ProcessAssetsWithTransientArtifactChanges: 3.333ms
	CategorizeAssets: 34.884ms
	CompileScripts: 3992.595ms
	ImportOutOfDateAssets: 2000.581ms (1992.219ms without children)
		CollectScriptTypesHashes: 1.735ms
		ReloadNativeAssets: 0.793ms
		UnloadImportedAssets: 0.410ms
		EnsureUptoDateAssetsAreRegisteredWithGuidPM: 0.191ms
		ImportSchedulerStart: 6.954ms
	PostProcessAllAssets: 64.875ms
		PostProcessCallbackCreateDeferredMaterials 0.362ms
		PostprocessAssetsUpdateCachedIcon 0.301ms
		ShaderAssetModifiedCallback 0.204ms
		MonoPostProcessAllAssets: 61.425ms
			BuilderAssetPostprocessor.OnPostprocessAllAssets 12.058ms
			WindowAssetPostprocessingWatcher.OnPostprocessAllAssets 10.842ms
			AssetChangedListener.OnPostprocessAllAssets 9.166ms
			AssetPostprocessor.OnPostprocessAllAssets 4.069ms
			SpriteSlicePostprocessor.OnPostprocessAllAssets 3.891ms
			SyncVS.PostprocessSyncProject 3.081ms
			SpeedTree9Postprocessor.OnPostprocessAllAssets 1.666ms
			SpriteEditorTexturePostprocessor.OnPostprocessAllAssets 1.367ms
			RetainedModeAssetPostprocessor.OnPostprocessAllAssets 1.271ms
			TMPro_TexturePostProcessor.OnPostprocessAllAssets 0.816ms
			ArtifactBrowserPostProcessor.OnPostprocessAllAssets 0.662ms
			TextAssetPostProcessor.OnPostprocessAllAssets 0.404ms
			ReferencedClipsPostProcessor.OnPostprocessAllAssets 0.397ms
			AudioMixerPostprocessor.OnPostprocessAllAssets 0.352ms
			StyleCatalogPostProcessor.OnPostprocessAllAssets 0.332ms
			SpeedTreePostProcessor.OnPostprocessAllAssets 0.326ms
			AssetEvents.OnPostprocessAllAssets 0.246ms
			TerrainToolbarOverlayPostProcessor.OnPostprocessAllAssets 0.188ms
			AssetDatabaseCallbacks.OnPostprocessAllAssets 0.164ms
			ConfigAssetsTracker.OnPostprocessAllAssets 0.133ms
			ScenarioDriftAssetsTracker.OnPostprocessAllAssets 0.130ms
			RenderPipelineGlobalSettingsPostprocessor.OnPostprocessAllAssets 0.093ms
			AudioContainerPostProcessor.OnPostprocessAllAssets 0.078ms
	PostAssetChangesProfiler: 74.982ms
	GatherAllCurrentPrimaryImportResultRevisions: 5.325ms
	UnloadStreamsBegin: 0.232ms
	GenerateScriptTypeHashes: 1.276ms
	GenerateScriptTypeSerializationHashes: 2.632ms
	Untracked: 2533.635ms

[Licensing::Client] Successfully resolved entitlement details
[Worker1] Imported GUID: 003952e0612f8f4438a39635645d0af8 - Path: Assets/Scripts/SaludJugador.cs - Importer: PreviewImporter -> (ImportResultId: '81e560d09961b09925be683ddfcb4c3f') in 0.0413825 seconds
Asset Pipeline Refresh (id=edc7699485f1f1740bf0034df1716253): Total: 0.008 seconds - Initiated by RefreshV2(AllowForceSynchronousImport)
Asset Pipeline Refresh (id=03b57e4d59eedc548bd94b5a73438621): Total: 0.015 seconds - Initiated by RefreshV2(AllowForceSynchronousImport)
[ScriptCompilation] Requested script compilation because: AssetDatabase observed changes in script compilation related files
AssetDatabase: script compilation time: 0.016220s
[Licensing::Client] Successfully resolved entitlement details
info: Microsoft.AspNetCore.Hosting.Diagnostics[1]
      Request starting HTTP/2 POST http://ilpp/UnityILPP.PostProcessing/Ping - application/grpc -
info: Microsoft.AspNetCore.Routing.EndpointMiddleware[0]
      Executing endpoint 'gRPC - /UnityILPP.PostProcessing/Ping'
info: Microsoft.AspNetCore.Routing.EndpointMiddleware[1]
      Executed endpoint 'gRPC - /UnityILPP.PostProcessing/Ping'
info: Microsoft.AspNetCore.Hosting.Diagnostics[2]
      Request finished HTTP/2 POST http://ilpp/UnityILPP.PostProcessing/Ping - 200 - application/grpc 10.9420ms
Starting: C:\Unity Editors\6000.5.0f1\Editor\Data\Tools\BuildPipeline\bee_backend.exe --ipc --defer-dag-verification --dagfile="Library/Bee/1900b0aE.dag" --continue-on-failure --profile="Library/Bee/backend1.traceevents" ScriptAssemblies
WorkingDir: C:/Users/Oswel Cardona/OneDrive/Documents/GitHub/scape-from-utp-juego
ExitCode: 3 Duration: 0s755ms
[237/240    0s] Csc Library/Bee/artifacts/1900b0aE.dag/Assembly-CSharp.dll (+2 others)
##### CommandLine
"C:\Unity Editors\6000.5.0f1\Editor\Data\DotNetSdk\dotnet.exe" exec "C:/Unity Editors/6000.5.0f1/Editor/Data/DotNetSdk/sdk/8.0.318/Roslyn/bincore/csc.dll" /nostdlib /noconfig /shared "@Library/Bee/artifacts/1900b0aE.dag/Assembly-CSharp.rsp" "@Library/Bee/artifacts/1900b0aE.dag/Assembly-CSharp.rsp2"
##### Contents of Library\Bee\artifacts\1900b0aE.dag\Assembly-CSharp.rsp
-target:library
-out:"Library/Bee/artifacts/1900b0aE.dag/Assembly-CSharp.dll"
-refout:"Library/Bee/artifacts/1900b0aE.dag/Assembly-CSharp.ref.dll"
-define:UNITY_6000_5_0
-define:UNITY_6000_5
-define:UNITY_6000
-define:UNITY_5_3_OR_NEWER
-define:UNITY_5_4_OR_NEWER
-define:UNITY_5_5_OR_NEWER
-define:UNITY_5_6_OR_NEWER
-define:UNITY_2017_1_OR_NEWER
-define:UNITY_2017_2_OR_NEWER
-define:UNITY_2017_3_OR_NEWER
-define:UNITY_2017_4_OR_NEWER
-define:UNITY_2018_1_OR_NEWER
-define:UNITY_2018_2_OR_NEWER
-define:UNITY_2018_3_OR_NEWER
-define:UNITY_2018_4_OR_NEWER
-define:UNITY_2019_1_OR_NEWER
-define:UNITY_2019_2_OR_NEWER
-define:UNITY_2019_3_OR_NEWER
-define:UNITY_2019_4_OR_NEWER
-define:UNITY_2020_1_OR_NEWER
-define:UNITY_2020_2_OR_NEWER
-define:UNITY_2020_3_OR_NEWER
-define:UNITY_2021_1_OR_NEWER
-define:UNITY_2021_2_OR_NEWER
-define:UNITY_2021_3_OR_NEWER
-define:UNITY_2022_1_OR_NEWER
-define:UNITY_2022_2_OR_NEWER
-define:UNITY_2022_3_OR_NEWER
-define:UNITY_2023_1_OR_NEWER
-define:UNITY_2023_2_OR_NEWER
-define:UNITY_2023_3_OR_NEWER
-define:UNITY_6000_0_OR_NEWER
-define:UNITY_6000_1_OR_NEWER
-define:UNITY_6000_2_OR_NEWER
-define:UNITY_6000_3_OR_NEWER
-define:UNITY_6000_4_OR_NEWER
-define:UNITY_6000_5_OR_NEWER
-define:PLATFORM_ARCH_64
-define:UNITY_64
-define:UNITY_INCLUDE_TESTS
-define:ENABLE_AR
-define:ENABLE_AUDIO
-define:ENABLE_AUDIO_SCRIPTABLE_PIPELINE
-define:ENABLE_CACHING
-define:ENABLE_CLOTH
-define:ENABLE_EVENT_QUEUE
-define:ENABLE_MICROPHONE
-define:ENABLE_MULTIPLE_DISPLAYS
-define:ENABLE_PHYSICS
-define:ENABLE_TEXTURE_STREAMING
-define:ENABLE_VIRTUALTEXTURING
-define:ENABLE_LZMA
-define:ENABLE_UNITYEVENTS
-define:ENABLE_VR
-define:ENABLE_WEBCAM
-define:ENABLE_UNITYWEBREQUEST
-define:ENABLE_WWW
-define:ENABLE_CLOUD_SERVICES
-define:ENABLE_CLOUD_SERVICES_ADS
-define:ENABLE_CLOUD_SERVICES_USE_WEBREQUEST
-define:ENABLE_UNITY_CONSENT
-define:ENABLE_UNITY_CLOUD_IDENTIFIERS
-define:ENABLE_CLOUD_SERVICES_CRASH_REPORTING
-define:ENABLE_CLOUD_SERVICES_NATIVE_CRASH_REPORTING
-define:ENABLE_CLOUD_SERVICES_PURCHASING
-define:ENABLE_CLOUD_SERVICES_ANALYTICS
-define:ENABLE_CLOUD_SERVICES_BUILD
-define:ENABLE_EDITOR_GAME_SERVICES
-define:ENABLE_UNITY_GAME_SERVICES_ANALYTICS_SUPPORT
-define:ENABLE_CLOUD_LICENSE
-define:ENABLE_EDITOR_HUB_LICENSE
-define:ENABLE_WEBSOCKET_CLIENT
-define:ENABLE_GENERATE_NATIVE_PLUGINS_FOR_ASSEMBLIES_API
-define:ENABLE_DIRECTOR_AUDIO
-define:ENABLE_DIRECTOR_TEXTURE
-define:ENABLE_MANAGED_JOBS
-define:ENABLE_MANAGED_TRANSFORM_JOBS
-define:ENABLE_MANAGED_ANIMATION_JOBS
-define:ENABLE_MANAGED_AUDIO_JOBS
-define:ENABLE_MANAGED_UNITYTLS
-define:INCLUDE_DYNAMIC_GI
-define:ENABLE_SCRIPTING_GC_WBARRIERS
-define:PLATFORM_SUPPORTS_MONO
-define:RENDER_SOFTWARE_CURSOR
-define:ENABLE_MARSHALLING_TESTS
-define:ENABLE_VIDEO
-define:ENABLE_NAVIGATION_OFFMESHLINK_TO_NAVMESHLINK
-define:ENABLE_ACCELERATOR_CLIENT_DEBUGGING
-define:ENABLE_ACCESSIBILITY_SCREEN_READER
-define:TEXTCORE_1_0_OR_NEWER
-define:EDITOR_ONLY_NAVMESH_BUILDER_DEPRECATED
-define:PLATFORM_STANDALONE_WIN
-define:PLATFORM_STANDALONE
-define:UNITY_STANDALONE_WIN
-define:UNITY_STANDALONE
-define:ENABLE_RUNTIME_GI
-define:ENABLE_MOVIES
-define:ENABLE_NETWORK
-define:ENABLE_NVIDIA
-define:ENABLE_AMD
-define:ENABLE_CRUNCH_TEXTURE_COMPRESSION
-define:ENABLE_CLOUD_SERVICES_ENGINE_DIAGNOSTICS
-define:ENABLE_OUT_OF_PROCESS_CRASH_HANDLER
-define:ENABLE_CLUSTER_SYNC
-define:ENABLE_CLUSTERINPUT
-define:PLATFORM_UPDATES_TIME_OUTSIDE_OF_PLAYER_LOOP
-define:GFXDEVICE_WAITFOREVENT_MESSAGEPUMP
-define:PLATFORM_USES_EXPLICIT_MEMORY_MANAGER_INITIALIZER
-define:PLATFORM_SUPPORTS_WAIT_FOR_PRESENTATION
-define:PLATFORM_SUPPORTS_SPLIT_GRAPHICS_JOBS
-define:PLATFORM_USES_VULKAN_OLD_SWAPCHAIN
-define:USE_READ_ASYNC_MANAGED_API
-define:ENABLE_MONO
-define:NET_STANDARD_2_0
-define:NET_STANDARD
-define:NET_STANDARD_2_1
-define:NETSTANDARD
-define:NETSTANDARD2_1
-define:ENABLE_PROFILER
-define:DEBUG
-define:TRACE
-define:UNITY_ASSERTIONS
-define:UNITY_EDITOR
-define:UNITY_EDITOR_64
-define:UNITY_EDITOR_WIN
-define:ENABLE_UNITY_COLLECTIONS_CHECKS
-define:ENABLE_BURST_AOT
-define:UNITY_TEAM_LICENSE
-define:ENABLE_CUSTOM_RENDER_TEXTURE
-define:ENABLE_DIRECTOR
-define:ENABLE_LOCALIZATION
-define:ENABLE_SPRITES
-define:ENABLE_TERRAIN
-define:ENABLE_TILEMAP
-define:ENABLE_TIMELINE
-define:ENABLE_LEGACY_INPUT_MANAGER
-define:TEXTCORE_FONT_ENGINE_1_5_OR_NEWER
-define:TEXTCORE_TEXT_ENGINE_1_5_OR_NEWER
-define:TEXTCORE_FONT_ENGINE_1_6_OR_NEWER
-define:CSHARP_7_OR_LATER
-define:CSHARP_7_3_OR_NEWER
-r:"C:/Unity Editors/6000.5.0f1/Editor/Data/BCLExtensions/TargetingPacks/netstandard2.1/ref/Microsoft.Bcl.AsyncInterfaces.dll"
-r:"C:/Unity Editors/6000.5.0f1/Editor/Data/BCLExtensions/TargetingPacks/netstandard2.1/ref/Microsoft.Extensions.DependencyInjection.Abstractions.dll"
-r:"C:/Unity Editors/6000.5.0f1/Editor/Data/BCLExtensions/TargetingPacks/netstandard2.1/ref/Microsoft.Extensions.Logging.Abstractions.dll"
-r:"C:/Unity Editors/6000.5.0f1/Editor/Data/BCLExtensions/TargetingPacks/netstandard2.1/ref/System.Collections.Immutable.dll"
-r:"C:/Unity Editors/6000.5.0f1/Editor/Data/BCLExtensions/TargetingPacks/netstandard2.1/ref/System.Diagnostics.DiagnosticSource.dll"
-r:"C:/Unity Editors/6000.5.0f1/Editor/Data/BCLExtensions/TargetingPacks/netstandard2.1/ref/System.IO.Hashing.dll"
-r:"C:/Unity Editors/6000.5.0f1/Editor/Data/BCLExtensions/TargetingPacks/netstandard2.1/ref/System.Reflection.Metadata.dll"
-r:"C:/Unity Editors/6000.5.0f1/Editor/Data/BCLExtensions/TargetingPacks/netstandard2.1/ref/System.Runtime.CompilerServices.Unsafe.dll"
-r:"C:/Unity Editors/6000.5.0f1/Editor/Data/BCLExtensions/TargetingPacks/netstandard2.1/ref/System.Text.Encodings.Web.dll"
-r:"C:/Unity Editors/6000.5.0f1/Editor/Data/BCLExtensions/TargetingPacks/netstandard2.1/ref/System.Text.Json.dll"
-r:"C:/Unity Editors/6000.5.0f1/Editor/Data/Managed/UnityEngine/Unity.Scripting.dll"
-r:"C:/Unity Editors/6000.5.0f1/Editor/Data/Managed/UnityEngine/UnityEditor.AIModule.dll"
-r:"C:/Unity Editors/6000.5.0f1/Editor/Data/Managed/UnityEngine/UnityEditor.AccessibilityModule.dll"
-r:"C:/Unity Editors/6000.5.0f1/Editor/Data/Managed/UnityEngine/UnityEditor.AdaptivePerformanceModule.dll"
-r:"C:/Unity Editors/6000.5.0f1/Editor/Data/Managed/UnityEngine/UnityEditor.AssetComplianceModule.dll"
-r:"C:/Unity Editors/6000.5.0f1/Editor/Data/Managed/UnityEngine/UnityEditor.BuildProfileModule.dll"
-r:"C:/Unity Editors/6000.5.0f1/Editor/Data/Managed/UnityEngine/UnityEditor.ClothModule.dll"
-r:"C:/Unity Editors/6000.5.0f1/Editor/Data/Managed/UnityEngine/UnityEditor.ContentLoadModule.dll"
-r:"C:/Unity Editors/6000.5.0f1/Editor/Data/Managed/UnityEngine/UnityEditor.CoreBusinessMetricsModule.dll"
-r:"C:/Unity Editors/6000.5.0f1/Editor/Data/Managed/UnityEngine/UnityEditor.CoreModule.dll"
-r:"C:/Unity Editors/6000.5.0f1/Editor/Data/Managed/UnityEngine/UnityEditor.DeviceSimulatorModule.dll"
-r:"C:/Unity Editors/6000.5.0f1/Editor/Data/Managed/UnityEngine/UnityEditor.DiagnosticsModule.dll"
-r:"C:/Unity Editors/6000.5.0f1/Editor/Data/Managed/UnityEngine/UnityEditor.EditorToolbarModule.dll"
-r:"C:/Unity Editors/6000.5.0f1/Editor/Data/Managed/UnityEngine/UnityEditor.EmbreeModule.dll"
-r:"C:/Unity Editors/6000.5.0f1/Editor/Data/Managed/UnityEngine/UnityEditor.GIModule.dll"
-r:"C:/Unity Editors/6000.5.0f1/Editor/Data/Managed/UnityEngine/UnityEditor.GenericRemoteModule.dll"
-r:"C:/Unity Editors/6000.5.0f1/Editor/Data/Managed/UnityEngine/UnityEditor.GraphToolkitModule.dll"
-r:"C:/Unity Editors/6000.5.0f1/Editor/Data/Managed/UnityEngine/UnityEditor.GraphViewModule.dll"
-r:"C:/Unity Editors/6000.5.0f1/Editor/Data/Managed/UnityEngine/UnityEditor.GraphicsStateCollectionSerializerModule.dll"
-r:"C:/Unity Editors/6000.5.0f1/Editor/Data/Managed/UnityEngine/UnityEditor.GridAndSnapModule.dll"
-r:"C:/Unity Editors/6000.5.0f1/Editor/Data/Managed/UnityEngine/UnityEditor.GridModule.dll"
-r:"C:/Unity Editors/6000.5.0f1/Editor/Data/Managed/UnityEngine/UnityEditor.HierarchyModule.dll"
-r:"C:/Unity Editors/6000.5.0f1/Editor/Data/Managed/UnityEngine/UnityEditor.LightingModule.dll"
-r:"C:/Unity Editors/6000.5.0f1/Editor/Data/Managed/UnityEngine/UnityEditor.MathematicsModule.dll"
-r:"C:/Unity Editors/6000.5.0f1/Editor/Data/Managed/UnityEngine/UnityEditor.MediaModule.dll"
-r:"C:/Unity Editors/6000.5.0f1/Editor/Data/Managed/UnityEngine/UnityEditor.MultiplayerModule.dll"
-r:"C:/Unity Editors/6000.5.0f1/Editor/Data/Managed/UnityEngine/UnityEditor.Physics2DModule.dll"
-r:"C:/Unity Editors/6000.5.0f1/Editor/Data/Managed/UnityEngine/UnityEditor.PhysicsCore2DModule.dll"
-r:"C:/Unity Editors/6000.5.0f1/Editor/Data/Managed/UnityEngine/UnityEditor.PhysicsModule.dll"
-r:"C:/Unity Editors/6000.5.0f1/Editor/Data/Managed/UnityEngine/UnityEditor.PlayModeModule.dll"
-r:"C:/Unity Editors/6000.5.0f1/Editor/Data/Managed/UnityEngine/UnityEditor.PresetsUIModule.dll"
-r:"C:/Unity Editors/6000.5.0f1/Editor/Data/Managed/UnityEngine/UnityEditor.ProjectAuditorModule.dll"
-r:"C:/Unity Editors/6000.5.0f1/Editor/Data/Managed/UnityEngine/UnityEditor.PropertiesModule.dll"
-r:"C:/Unity Editors/6000.5.0f1/Editor/Data/Managed/UnityEngine/UnityEditor.QuickInstallModule.dll"
-r:"C:/Unity Editors/6000.5.0f1/Editor/Data/Managed/UnityEngine/UnityEditor.QuickSearchModule.dll"
-r:"C:/Unity Editors/6000.5.0f1/Editor/Data/Managed/UnityEngine/UnityEditor.SafeModeModule.dll"
-r:"C:/Unity Editors/6000.5.0f1/Editor/Data/Managed/UnityEngine/UnityEditor.SceneTemplateModule.dll"
-r:"C:/Unity Editors/6000.5.0f1/Editor/Data/Managed/UnityEngine/UnityEditor.SceneViewModule.dll"
-r:"C:/Unity Editors/6000.5.0f1/Editor/Data/Managed/UnityEngine/UnityEditor.ShaderBuildSettingsModule.dll"
-r:"C:/Unity Editors/6000.5.0f1/Editor/Data/Managed/UnityEngine/UnityEditor.ShaderCompilationModule.dll"
-r:"C:/Unity Editors/6000.5.0f1/Editor/Data/Managed/UnityEngine/UnityEditor.ShaderFoundryModule.dll"
-r:"C:/Unity Editors/6000.5.0f1/Editor/Data/Managed/UnityEngine/UnityEditor.SketchUpModule.dll"
-r:"C:/Unity Editors/6000.5.0f1/Editor/Data/Managed/UnityEngine/UnityEditor.SpriteMaskModule.dll"
-r:"C:/Unity Editors/6000.5.0f1/Editor/Data/Managed/UnityEngine/UnityEditor.SpriteShapeModule.dll"
-r:"C:/Unity Editors/6000.5.0f1/Editor/Data/Managed/UnityEngine/UnityEditor.SubstanceModule.dll"
-r:"C:/Unity Editors/6000.5.0f1/Editor/Data/Managed/UnityEngine/UnityEditor.TerrainModule.dll"
-r:"C:/Unity Editors/6000.5.0f1/Editor/Data/Managed/UnityEngine/UnityEditor.TextCoreFontEngineModule.dll"
-r:"C:/Unity Editors/6000.5.0f1/Editor/Data/Managed/UnityEngine/UnityEditor.TextCoreTextEngineModule.dll"
-r:"C:/Unity Editors/6000.5.0f1/Editor/Data/Managed/UnityEngine/UnityEditor.TextRenderingModule.dll"
-r:"C:/Unity Editors/6000.5.0f1/Editor/Data/Managed/UnityEngine/UnityEditor.TilemapModule.dll"
-r:"C:/Unity Editors/6000.5.0f1/Editor/Data/Managed/UnityEngine/UnityEditor.TreeModule.dll"
-r:"C:/Unity Editors/6000.5.0f1/Editor/Data/Managed/UnityEngine/UnityEditor.U2DModule.dll"
-r:"C:/Unity Editors/6000.5.0f1/Editor/Data/Managed/UnityEngine/UnityEditor.UIAutomationModule.dll"
-r:"C:/Unity Editors/6000.5.0f1/Editor/Data/Managed/UnityEngine/UnityEditor.UIBuilderModule.dll"
-r:"C:/Unity Editors/6000.5.0f1/Editor/Data/Managed/UnityEngine/UnityEditor.UIElementsModule.dll"
-r:"C:/Unity Editors/6000.5.0f1/Editor/Data/Managed/UnityEngine/UnityEditor.UIElementsSamplesModule.dll"
-r:"C:/Unity Editors/6000.5.0f1/Editor/Data/Managed/UnityEngine/UnityEditor.UIToolkitAuthoringModule.dll"
-r:"C:/Unity Editors/6000.5.0f1/Editor/Data/Managed/UnityEngine/UnityEditor.UmbraModule.dll"
-r:"C:/Unity Editors/6000.5.0f1/Editor/Data/Managed/UnityEngine/UnityEditor.UnityConnectModule.dll"
-r:"C:/Unity Editors/6000.5.0f1/Editor/Data/Managed/UnityEngine/UnityEditor.VFXModule.dll"
-r:"C:/Unity Editors/6000.5.0f1/Editor/Data/Managed/UnityEngine/UnityEditor.VectorGraphicsModule.dll"
-r:"C:/Unity Editors/6000.5.0f1/Editor/Data/Managed/UnityEngine/UnityEditor.VideoModule.dll"
-r:"C:/Unity Editors/6000.5.0f1/Editor/Data/Managed/UnityEngine/UnityEditor.XRModule.dll"
-r:"C:/Unity Editors/6000.5.0f1/Editor/Data/Managed/UnityEngine/UnityEditor.dll"
-r:"C:/Unity Editors/6000.5.0f1/Editor/Data/Managed/UnityEngine/UnityEngine.AIModule.dll"
-r:"C:/Unity Editors/6000.5.0f1/Editor/Data/Managed/UnityEngine/UnityEngine.ARModule.dll"
-r:"C:/Unity Editors/6000.5.0f1/Editor/Data/Managed/UnityEngine/UnityEngine.AccessibilityModule.dll"
-r:"C:/Unity Editors/6000.5.0f1/Editor/Data/Managed/UnityEngine/UnityEngine.AdaptivePerformanceModule.dll"
-r:"C:/Unity Editors/6000.5.0f1/Editor/Data/Managed/UnityEngine/UnityEngine.AndroidJNIModule.dll"
-r:"C:/Unity Editors/6000.5.0f1/Editor/Data/Managed/UnityEngine/UnityEngine.AnimationModule.dll"
-r:"C:/Unity Editors/6000.5.0f1/Editor/Data/Managed/UnityEngine/UnityEngine.AssetBundleModule.dll"
-r:"C:/Unity Editors/6000.5.0f1/Editor/Data/Managed/UnityEngine/UnityEngine.AudioModule.dll"
-r:"C:/Unity Editors/6000.5.0f1/Editor/Data/Managed/UnityEngine/UnityEngine.ClothModule.dll"
-r:"C:/Unity Editors/6000.5.0f1/Editor/Data/Managed/UnityEngine/UnityEngine.ClusterInputModule.dll"
-r:"C:/Unity Editors/6000.5.0f1/Editor/Data/Managed/UnityEngine/UnityEngine.ClusterRendererModule.dll"
-r:"C:/Unity Editors/6000.5.0f1/Editor/Data/Managed/UnityEngine/UnityEngine.ContentLoadModule.dll"
-r:"C:/Unity Editors/6000.5.0f1/Editor/Data/Managed/UnityEngine/UnityEngine.CoreModule.dll"
-r:"C:/Unity Editors/6000.5.0f1/Editor/Data/Managed/UnityEngine/UnityEngine.CrashReportingModule.dll"
-r:"C:/Unity Editors/6000.5.0f1/Editor/Data/Managed/UnityEngine/UnityEngine.DSPGraphModule.dll"
-r:"C:/Unity Editors/6000.5.0f1/Editor/Data/Managed/UnityEngine/UnityEngine.DirectorModule.dll"
-r:"C:/Unity Editors/6000.5.0f1/Editor/Data/Managed/UnityEngine/UnityEngine.GIModule.dll"
-r:"C:/Unity Editors/6000.5.0f1/Editor/Data/Managed/UnityEngine/UnityEngine.GameCenterModule.dll"
-r:"C:/Unity Editors/6000.5.0f1/Editor/Data/Managed/UnityEngine/UnityEngine.GraphicsStateCollectionSerializerModule.dll"
-r:"C:/Unity Editors/6000.5.0f1/Editor/Data/Managed/UnityEngine/UnityEngine.GridModule.dll"
-r:"C:/Unity Editors/6000.5.0f1/Editor/Data/Managed/UnityEngine/UnityEngine.HierarchyCoreModule.dll"
-r:"C:/Unity Editors/6000.5.0f1/Editor/Data/Managed/UnityEngine/UnityEngine.HotReloadModule.dll"
-r:"C:/Unity Editors/6000.5.0f1/Editor/Data/Managed/UnityEngine/UnityEngine.IMGUIModule.dll"
-r:"C:/Unity Editors/6000.5.0f1/Editor/Data/Managed/UnityEngine/UnityEngine.IdentifiersModule.dll"
-r:"C:/Unity Editors/6000.5.0f1/Editor/Data/Managed/UnityEngine/UnityEngine.ImageConversionModule.dll"
-r:"C:/Unity Editors/6000.5.0f1/Editor/Data/Managed/UnityEngine/UnityEngine.InputForUIModule.dll"
-r:"C:/Unity Editors/6000.5.0f1/Editor/Data/Managed/UnityEngine/UnityEngine.InputLegacyModule.dll"
-r:"C:/Unity Editors/6000.5.0f1/Editor/Data/Managed/UnityEngine/UnityEngine.InputModule.dll"
-r:"C:/Unity Editors/6000.5.0f1/Editor/Data/Managed/UnityEngine/UnityEngine.InsightsModule.dll"
-r:"C:/Unity Editors/6000.5.0f1/Editor/Data/Managed/UnityEngine/UnityEngine.JSONSerializeModule.dll"
-r:"C:/Unity Editors/6000.5.0f1/Editor/Data/Managed/UnityEngine/UnityEngine.LocalizationModule.dll"
-r:"C:/Unity Editors/6000.5.0f1/Editor/Data/Managed/UnityEngine/UnityEngine.MarshallingModule.dll"
-r:"C:/Unity Editors/6000.5.0f1/Editor/Data/Managed/UnityEngine/UnityEngine.MathematicsModule.dll"
-r:"C:/Unity Editors/6000.5.0f1/Editor/Data/Managed/UnityEngine/UnityEngine.MultiplayerModule.dll"
-r:"C:/Unity Editors/6000.5.0f1/Editor/Data/Managed/UnityEngine/UnityEngine.ParticleSystemModule.dll"
-r:"C:/Unity Editors/6000.5.0f1/Editor/Data/Managed/UnityEngine/UnityEngine.PerformanceReportingModule.dll"
-r:"C:/Unity Editors/6000.5.0f1/Editor/Data/Managed/UnityEngine/UnityEngine.Physics2DModule.dll"
-r:"C:/Unity Editors/6000.5.0f1/Editor/Data/Managed/UnityEngine/UnityEngine.PhysicsBackendPhysXModule.dll"
-r:"C:/Unity Editors/6000.5.0f1/Editor/Data/Managed/UnityEngine/UnityEngine.PhysicsCore2DModule.dll"
-r:"C:/Unity Editors/6000.5.0f1/Editor/Data/Managed/UnityEngine/UnityEngine.PhysicsModule.dll"
-r:"C:/Unity Editors/6000.5.0f1/Editor/Data/Managed/UnityEngine/UnityEngine.PropertiesModule.dll"
-r:"C:/Unity Editors/6000.5.0f1/Editor/Data/Managed/UnityEngine/UnityEngine.RenderAs2DModule.dll"
-r:"C:/Unity Editors/6000.5.0f1/Editor/Data/Managed/UnityEngine/UnityEngine.RuntimeInitializeOnLoadManagerInitializerModule.dll"
-r:"C:/Unity Editors/6000.5.0f1/Editor/Data/Managed/UnityEngine/UnityEngine.ScreenCaptureModule.dll"
-r:"C:/Unity Editors/6000.5.0f1/Editor/Data/Managed/UnityEngine/UnityEngine.ScriptingModule.dll"
-r:"C:/Unity Editors/6000.5.0f1/Editor/Data/Managed/UnityEngine/UnityEngine.ShaderVariantAnalyticsModule.dll"
-r:"C:/Unity Editors/6000.5.0f1/Editor/Data/Managed/UnityEngine/UnityEngine.SharedInternalsModule.dll"
-r:"C:/Unity Editors/6000.5.0f1/Editor/Data/Managed/UnityEngine/UnityEngine.SpriteMaskModule.dll"
-r:"C:/Unity Editors/6000.5.0f1/Editor/Data/Managed/UnityEngine/UnityEngine.SpriteShapeModule.dll"
-r:"C:/Unity Editors/6000.5.0f1/Editor/Data/Managed/UnityEngine/UnityEngine.StreamingModule.dll"
-r:"C:/Unity Editors/6000.5.0f1/Editor/Data/Managed/UnityEngine/UnityEngine.SubstanceModule.dll"
-r:"C:/Unity Editors/6000.5.0f1/Editor/Data/Managed/UnityEngine/UnityEngine.SubsystemsModule.dll"
-r:"C:/Unity Editors/6000.5.0f1/Editor/Data/Managed/UnityEngine/UnityEngine.TLSModule.dll"
-r:"C:/Unity Editors/6000.5.0f1/Editor/Data/Managed/UnityEngine/UnityEngine.TerrainModule.dll"
-r:"C:/Unity Editors/6000.5.0f1/Editor/Data/Managed/UnityEngine/UnityEngine.TerrainPhysicsModule.dll"
-r:"C:/Unity Editors/6000.5.0f1/Editor/Data/Managed/UnityEngine/UnityEngine.TextCoreFontEngineModule.dll"
-r:"C:/Unity Editors/6000.5.0f1/Editor/Data/Managed/UnityEngine/UnityEngine.TextCoreTextEngineModule.dll"
-r:"C:/Unity Editors/6000.5.0f1/Editor/Data/Managed/UnityEngine/UnityEngine.TextRenderingModule.dll"
-r:"C:/Unity Editors/6000.5.0f1/Editor/Data/Managed/UnityEngine/UnityEngine.TilemapModule.dll"
-r:"C:/Unity Editors/6000.5.0f1/Editor/Data/Managed/UnityEngine/UnityEngine.U2DRuntimeModule.dll"
-r:"C:/Unity Editors/6000.5.0f1/Editor/Data/Managed/UnityEngine/UnityEngine.UIElementsModule.dll"
-r:"C:/Unity Editors/6000.5.0f1/Editor/Data/Managed/UnityEngine/UnityEngine.UIModule.dll"
-r:"C:/Unity Editors/6000.5.0f1/Editor/Data/Managed/UnityEngine/UnityEngine.UmbraModule.dll"
-r:"C:/Unity Editors/6000.5.0f1/Editor/Data/Managed/UnityEngine/UnityEngine.UnityAnalyticsCommonModule.dll"
-r:"C:/Unity Editors/6000.5.0f1/Editor/Data/Managed/UnityEngine/UnityEngine.UnityAnalyticsModule.dll"
-r:"C:/Unity Editors/6000.5.0f1/Editor/Data/Managed/UnityEngine/UnityEngine.UnityConnectModule.dll"
-r:"C:/Unity Editors/6000.5.0f1/Editor/Data/Managed/UnityEngine/UnityEngine.UnityConsentModule.dll"
-r:"C:/Unity Editors/6000.5.0f1/Editor/Data/Managed/UnityEngine/UnityEngine.UnityCurlModule.dll"
-r:"C:/Unity Editors/6000.5.0f1/Editor/Data/Managed/UnityEngine/UnityEngine.UnityWebRequestAssetBundleModule.dll"
-r:"C:/Unity Editors/6000.5.0f1/Editor/Data/Managed/UnityEngine/UnityEngine.UnityWebRequestAudioModule.dll"
-r:"C:/Unity Editors/6000.5.0f1/Editor/Data/Managed/UnityEngine/UnityEngine.UnityWebRequestModule.dll"
-r:"C:/Unity Editors/6000.5.0f1/Editor/Data/Managed/UnityEngine/UnityEngine.UnityWebRequestTextureModule.dll"
-r:"C:/Unity Editors/6000.5.0f1/Editor/Data/Managed/UnityEngine/UnityEngine.UnityWebRequestWWWModule.dll"
-r:"C:/Unity Editors/6000.5.0f1/Editor/Data/Managed/UnityEngine/UnityEngine.VFXModule.dll"
-r:"C:/Unity Editors/6000.5.0f1/Editor/Data/Managed/UnityEngine/UnityEngine.VectorGraphicsModule.dll"
-r:"C:/Unity Editors/6000.5.0f1/Editor/Data/Managed/UnityEngine/UnityEngine.VehiclesModule.dll"
-r:"C:/Unity Editors/6000.5.0f1/Editor/Data/Managed/UnityEngine/UnityEngine.VideoModule.dll"
-r:"C:/Unity Editors/6000.5.0f1/Editor/Data/Managed/UnityEngine/UnityEngine.VirtualTexturingModule.dll"
-r:"C:/Unity Editors/6000.5.0f1/Editor/Data/Managed/UnityEngine/UnityEngine.WindModule.dll"
-r:"C:/Unity Editors/6000.5.0f1/Editor/Data/Managed/UnityEngine/UnityEngine.XRModule.dll"
-r:"C:/Unity Editors/6000.5.0f1/Editor/Data/Managed/UnityEngine/UnityEngine.dll"
-r:"C:/Unity Editors/6000.5.0f1/Editor/Data/NetStandard/Extensions/2.0.0/System.Runtime.InteropServices.WindowsRuntime.dll"
-r:"C:/Unity Editors/6000.5.0f1/Editor/Data/NetStandard/compat/2.1.0/shims/netfx/System.ComponentModel.Composition.dll"
-r:"C:/Unity Editors/6000.5.0f1/Editor/Data/NetStandard/compat/2.1.0/shims/netfx/System.Core.dll"
-r:"C:/Unity Editors/6000.5.0f1/Editor/Data/NetStandard/compat/2.1.0/shims/netfx/System.Data.dll"
-r:"C:/Unity Editors/6000.5.0f1/Editor/Data/NetStandard/compat/2.1.0/shims/netfx/System.Drawing.dll"
-r:"C:/Unity Editors/6000.5.0f1/Editor/Data/NetStandard/compat/2.1.0/shims/netfx/System.IO.Compression.FileSystem.dll"
-r:"C:/Unity Editors/6000.5.0f1/Editor/Data/NetStandard/compat/2.1.0/shims/netfx/System.Net.dll"
-r:"C:/Unity Editors/6000.5.0f1/Editor/Data/NetStandard/compat/2.1.0/shims/netfx/System.Numerics.dll"
-r:"C:/Unity Editors/6000.5.0f1/Editor/Data/NetStandard/compat/2.1.0/shims/netfx/System.Runtime.Serialization.dll"
-r:"C:/Unity Editors/6000.5.0f1/Editor/Data/NetStandard/compat/2.1.0/shims/netfx/System.ServiceModel.Web.dll"
-r:"C:/Unity Editors/6000.5.0f1/Editor/Data/NetStandard/compat/2.1.0/shims/netfx/System.Transactions.dll"
-r:"C:/Unity Editors/6000.5.0f1/Editor/Data/NetStandard/compat/2.1.0/shims/netfx/System.Web.dll"
-r:"C:/Unity Editors/6000.5.0f1/Editor/Data/NetStandard/compat/2.1.0/shims/netfx/System.Windows.dll"
-r:"C:/Unity Editors/6000.5.0f1/Editor/Data/NetStandard/compat/2.1.0/shims/netfx/System.Xml.Linq.dll"
-r:"C:/Unity Editors/6000.5.0f1/Editor/Data/NetStandard/compat/2.1.0/shims/netfx/System.Xml.Serialization.dll"
-r:"C:/Unity Editors/6000.5.0f1/Editor/Data/NetStandard/compat/2.1.0/shims/netfx/System.Xml.dll"
-r:"C:/Unity Editors/6000.5.0f1/Editor/Data/NetStandard/compat/2.1.0/shims/netfx/System.dll"
-r:"C:/Unity Editors/6000.5.0f1/Editor/Data/NetStandard/compat/2.1.0/shims/netfx/mscorlib.dll"
-r:"C:/Unity Editors/6000.5.0f1/Editor/Data/NetStandard/compat/2.1.0/shims/netstandard/Microsoft.Win32.Primitives.dll"
-r:"C:/Unity Editors/6000.5.0f1/Editor/Data/NetStandard/compat/2.1.0/shims/netstandard/System.AppContext.dll"
-r:"C:/Unity Editors/6000.5.0f1/Editor/Data/NetStandard/compat/2.1.0/shims/netstandard/System.Buffers.dll"
-r:"C:/Unity Editors/6000.5.0f1/Editor/Data/NetStandard/compat/2.1.0/shims/netstandard/System.Collections.Concurrent.dll"
-r:"C:/Unity Editors/6000.5.0f1/Editor/Data/NetStandard/compat/2.1.0/shims/netstandard/System.Collections.NonGeneric.dll"
-r:"C:/Unity Editors/6000.5.0f1/Editor/Data/NetStandard/compat/2.1.0/shims/netstandard/System.Collections.Specialized.dll"
-r:"C:/Unity Editors/6000.5.0f1/Editor/Data/NetStandard/compat/2.1.0/shims/netstandard/System.Collections.dll"
-r:"C:/Unity Editors/6000.5.0f1/Editor/Data/NetStandard/compat/2.1.0/shims/netstandard/System.ComponentModel.EventBasedAsync.dll"
-r:"C:/Unity Editors/6000.5.0f1/Editor/Data/NetStandard/compat/2.1.0/shims/netstandard/System.ComponentModel.Primitives.dll"
-r:"C:/Unity Editors/6000.5.0f1/Editor/Data/NetStandard/compat/2.1.0/shims/netstandard/System.ComponentModel.TypeConverter.dll"
-r:"C:/Unity Editors/6000.5.0f1/Editor/Data/NetStandard/compat/2.1.0/shims/netstandard/System.ComponentModel.dll"
-r:"C:/Unity Editors/6000.5.0f1/Editor/Data/NetStandard/compat/2.1.0/shims/netstandard/System.Console.dll"
-r:"C:/Unity Editors/6000.5.0f1/Editor/Data/NetStandard/compat/2.1.0/shims/netstandard/System.Data.Common.dll"
-r:"C:/Unity Editors/6000.5.0f1/Editor/Data/NetStandard/compat/2.1.0/shims/netstandard/System.Diagnostics.Contracts.dll"
-r:"C:/Unity Editors/6000.5.0f1/Editor/Data/NetStandard/compat/2.1.0/shims/netstandard/System.Diagnostics.Debug.dll"
-r:"C:/Unity Editors/6000.5.0f1/Editor/Data/NetStandard/compat/2.1.0/shims/netstandard/System.Diagnostics.FileVersionInfo.dll"
-r:"C:/Unity Editors/6000.5.0f1/Editor/Data/NetStandard/compat/2.1.0/shims/netstandard/System.Diagnostics.Process.dll"
-r:"C:/Unity Editors/6000.5.0f1/Editor/Data/NetStandard/compat/2.1.0/shims/netstandard/System.Diagnostics.StackTrace.dll"
-r:"C:/Unity Editors/6000.5.0f1/Editor/Data/NetStandard/compat/2.1.0/shims/netstandard/System.Diagnostics.TextWriterTraceListener.dll"
-r:"C:/Unity Editors/6000.5.0f1/Editor/Data/NetStandard/compat/2.1.0/shims/netstandard/System.Diagnostics.Tools.dll"
-r:"C:/Unity Editors/6000.5.0f1/Editor/Data/NetStandard/compat/2.1.0/shims/netstandard/System.Diagnostics.TraceSource.dll"
-r:"C:/Unity Editors/6000.5.0f1/Editor/Data/NetStandard/compat/2.1.0/shims/netstandard/System.Diagnostics.Tracing.dll"
-r:"C:/Unity Editors/6000.5.0f1/Editor/Data/NetStandard/compat/2.1.0/shims/netstandard/System.Drawing.Primitives.dll"
-r:"C:/Unity Editors/6000.5.0f1/Editor/Data/NetStandard/compat/2.1.0/shims/netstandard/System.Dynamic.Runtime.dll"
-r:"C:/Unity Editors/6000.5.0f1/Editor/Data/NetStandard/compat/2.1.0/shims/netstandard/System.Globalization.Calendars.dll"
-r:"C:/Unity Editors/6000.5.0f1/Editor/Data/NetStandard/compat/2.1.0/shims/netstandard/System.Globalization.Extensions.dll"
-r:"C:/Unity Editors/6000.5.0f1/Editor/Data/NetStandard/compat/2.1.0/shims/netstandard/System.Globalization.dll"
-r:"C:/Unity Editors/6000.5.0f1/Editor/Data/NetStandard/compat/2.1.0/shims/netstandard/System.IO.Compression.ZipFile.dll"
-r:"C:/Unity Editors/6000.5.0f1/Editor/Data/NetStandard/compat/2.1.0/shims/netstandard/System.IO.Compression.dll"
-r:"C:/Unity Editors/6000.5.0f1/Editor/Data/NetStandard/compat/2.1.0/shims/netstandard/System.IO.FileSystem.DriveInfo.dll"
-r:"C:/Unity Editors/6000.5.0f1/Editor/Data/NetStandard/compat/2.1.0/shims/netstandard/System.IO.FileSystem.Primitives.dll"
-r:"C:/Unity Editors/6000.5.0f1/Editor/Data/NetStandard/compat/2.1.0/shims/netstandard/System.IO.FileSystem.Watcher.dll"
-r:"C:/Unity Editors/6000.5.0f1/Editor/Data/NetStandard/compat/2.1.0/shims/netstandard/System.IO.FileSystem.dll"
-r:"C:/Unity Editors/6000.5.0f1/Editor/Data/NetStandard/compat/2.1.0/shims/netstandard/System.IO.IsolatedStorage.dll"
-r:"C:/Unity Editors/6000.5.0f1/Editor/Data/NetStandard/compat/2.1.0/shims/netstandard/System.IO.MemoryMappedFiles.dll"
-r:"C:/Unity Editors/6000.5.0f1/Editor/Data/NetStandard/compat/2.1.0/shims/netstandard/System.IO.Pipes.dll"
-r:"C:/Unity Editors/6000.5.0f1/Editor/Data/NetStandard/compat/2.1.0/shims/netstandard/System.IO.UnmanagedMemoryStream.dll"
-r:"C:/Unity Editors/6000.5.0f1/Editor/Data/NetStandard/compat/2.1.0/shims/netstandard/System.IO.dll"
-r:"C:/Unity Editors/6000.5.0f1/Editor/Data/NetStandard/compat/2.1.0/shims/netstandard/System.Linq.Expressions.dll"
-r:"C:/Unity Editors/6000.5.0f1/Editor/Data/NetStandard/compat/2.1.0/shims/netstandard/System.Linq.Parallel.dll"
-r:"C:/Unity Editors/6000.5.0f1/Editor/Data/NetStandard/compat/2.1.0/shims/netstandard/System.Linq.Queryable.dll"
-r:"C:/Unity Editors/6000.5.0f1/Editor/Data/NetStandard/compat/2.1.0/shims/netstandard/System.Linq.dll"
-r:"C:/Unity Editors/6000.5.0f1/Editor/Data/NetStandard/compat/2.1.0/shims/netstandard/System.Memory.dll"
-r:"C:/Unity Editors/6000.5.0f1/Editor/Data/NetStandard/compat/2.1.0/shims/netstandard/System.Net.Http.dll"
-r:"C:/Unity Editors/6000.5.0f1/Editor/Data/NetStandard/compat/2.1.0/shims/netstandard/System.Net.NameResolution.dll"
-r:"C:/Unity Editors/6000.5.0f1/Editor/Data/NetStandard/compat/2.1.0/shims/netstandard/System.Net.NetworkInformation.dll"
-r:"C:/Unity Editors/6000.5.0f1/Editor/Data/NetStandard/compat/2.1.0/shims/netstandard/System.Net.Ping.dll"
-r:"C:/Unity Editors/6000.5.0f1/Editor/Data/NetStandard/compat/2.1.0/shims/netstandard/System.Net.Primitives.dll"
-r:"C:/Unity Editors/6000.5.0f1/Editor/Data/NetStandard/compat/2.1.0/shims/netstandard/System.Net.Requests.dll"
-r:"C:/Unity Editors/6000.5.0f1/Editor/Data/NetStandard/compat/2.1.0/shims/netstandard/System.Net.Security.dll"
-r:"C:/Unity Editors/6000.5.0f1/Editor/Data/NetStandard/compat/2.1.0/shims/netstandard/System.Net.Sockets.dll"
-r:"C:/Unity Editors/6000.5.0f1/Editor/Data/NetStandard/compat/2.1.0/shims/netstandard/System.Net.WebHeaderCollection.dll"
-r:"C:/Unity Editors/6000.5.0f1/Editor/Data/NetStandard/compat/2.1.0/shims/netstandard/System.Net.WebSockets.Client.dll"
-r:"C:/Unity Editors/6000.5.0f1/Editor/Data/NetStandard/compat/2.1.0/shims/netstandard/System.Net.WebSockets.dll"
-r:"C:/Unity Editors/6000.5.0f1/Editor/Data/NetStandard/compat/2.1.0/shims/netstandard/System.Numerics.Vectors.dll"
-r:"C:/Unity Editors/6000.5.0f1/Editor/Data/NetStandard/compat/2.1.0/shims/netstandard/System.ObjectModel.dll"
-r:"C:/Unity Editors/6000.5.0f1/Editor/Data/NetStandard/compat/2.1.0/shims/netstandard/System.Reflection.DispatchProxy.dll"
-r:"C:/Unity Editors/6000.5.0f1/Editor/Data/NetStandard/compat/2.1.0/shims/netstandard/System.Reflection.Emit.ILGeneration.dll"
-r:"C:/Unity Editors/6000.5.0f1/Editor/Data/NetStandard/compat/2.1.0/shims/netstandard/System.Reflection.Emit.Lightweight.dll"
-r:"C:/Unity Editors/6000.5.0f1/Editor/Data/NetStandard/compat/2.1.0/shims/netstandard/System.Reflection.Emit.dll"
-r:"C:/Unity Editors/6000.5.0f1/Editor/Data/NetStandard/compat/2.1.0/shims/netstandard/System.Reflection.Extensions.dll"
-r:"C:/Unity Editors/6000.5.0f1/Editor/Data/NetStandard/compat/2.1.0/shims/netstandard/System.Reflection.Primitives.dll"
-r:"C:/Unity Editors/6000.5.0f1/Editor/Data/NetStandard/compat/2.1.0/shims/netstandard/System.Reflection.dll"
-r:"C:/Unity Editors/6000.5.0f1/Editor/Data/NetStandard/compat/2.1.0/shims/netstandard/System.Resources.Reader.dll"
-r:"C:/Unity Editors/6000.5.0f1/Editor/Data/NetStandard/compat/2.1.0/shims/netstandard/System.Resources.ResourceManager.dll"
-r:"C:/Unity Editors/6000.5.0f1/Editor/Data/NetStandard/compat/2.1.0/shims/netstandard/System.Resources.Writer.dll"
-r:"C:/Unity Editors/6000.5.0f1/Editor/Data/NetStandard/compat/2.1.0/shims/netstandard/System.Runtime.CompilerServices.VisualC.dll"
-r:"C:/Unity Editors/6000.5.0f1/Editor/Data/NetStandard/compat/2.1.0/shims/netstandard/System.Runtime.Extensions.dll"
-r:"C:/Unity Editors/6000.5.0f1/Editor/Data/NetStandard/compat/2.1.0/shims/netstandard/System.Runtime.Handles.dll"
-r:"C:/Unity Editors/6000.5.0f1/Editor/Data/NetStandard/compat/2.1.0/shims/netstandard/System.Runtime.InteropServices.RuntimeInformation.dll"
-r:"C:/Unity Editors/6000.5.0f1/Editor/Data/NetStandard/compat/2.1.0/shims/netstandard/System.Runtime.InteropServices.dll"
-r:"C:/Unity Editors/6000.5.0f1/Editor/Data/NetStandard/compat/2.1.0/shims/netstandard/System.Runtime.Numerics.dll"
-r:"C:/Unity Editors/6000.5.0f1/Editor/Data/NetStandard/compat/2.1.0/shims/netstandard/System.Runtime.Serialization.Formatters.dll"
-r:"C:/Unity Editors/6000.5.0f1/Editor/Data/NetStandard/compat/2.1.0/shims/netstandard/System.Runtime.Serialization.Json.dll"
-r:"C:/Unity Editors/6000.5.0f1/Editor/Data/NetStandard/compat/2.1.0/shims/netstandard/System.Runtime.Serialization.Primitives.dll"
-r:"C:/Unity Editors/6000.5.0f1/Editor/Data/NetStandard/compat/2.1.0/shims/netstandard/System.Runtime.Serialization.Xml.dll"
-r:"C:/Unity Editors/6000.5.0f1/Editor/Data/NetStandard/compat/2.1.0/shims/netstandard/System.Runtime.dll"
-r:"C:/Unity Editors/6000.5.0f1/Editor/Data/NetStandard/compat/2.1.0/shims/netstandard/System.Security.Claims.dll"
-r:"C:/Unity Editors/6000.5.0f1/Editor/Data/NetStandard/compat/2.1.0/shims/netstandard/System.Security.Cryptography.Algorithms.dll"
-r:"C:/Unity Editors/6000.5.0f1/Editor/Data/NetStandard/compat/2.1.0/shims/netstandard/System.Security.Cryptography.Csp.dll"
-r:"C:/Unity Editors/6000.5.0f1/Editor/Data/NetStandard/compat/2.1.0/shims/netstandard/System.Security.Cryptography.Encoding.dll"
-r:"C:/Unity Editors/6000.5.0f1/Editor/Data/NetStandard/compat/2.1.0/shims/netstandard/System.Security.Cryptography.Primitives.dll"
-r:"C:/Unity Editors/6000.5.0f1/Editor/Data/NetStandard/compat/2.1.0/shims/netstandard/System.Security.Cryptography.X509Certificates.dll"
-r:"C:/Unity Editors/6000.5.0f1/Editor/Data/NetStandard/compat/2.1.0/shims/netstandard/System.Security.Principal.dll"
-r:"C:/Unity Editors/6000.5.0f1/Editor/Data/NetStandard/compat/2.1.0/shims/netstandard/System.Security.SecureString.dll"
-r:"C:/Unity Editors/6000.5.0f1/Editor/Data/NetStandard/compat/2.1.0/shims/netstandard/System.Text.Encoding.Extensions.dll"
-r:"C:/Unity Editors/6000.5.0f1/Editor/Data/NetStandard/compat/2.1.0/shims/netstandard/System.Text.Encoding.dll"
-r:"C:/Unity Editors/6000.5.0f1/Editor/Data/NetStandard/compat/2.1.0/shims/netstandard/System.Text.RegularExpressions.dll"
-r:"C:/Unity Editors/6000.5.0f1/Editor/Data/NetStandard/compat/2.1.0/shims/netstandard/System.Threading.Overlapped.dll"
-r:"C:/Unity Editors/6000.5.0f1/Editor/Data/NetStandard/compat/2.1.0/shims/netstandard/System.Threading.Tasks.Extensions.dll"
-r:"C:/Unity Editors/6000.5.0f1/Editor/Data/NetStandard/compat/2.1.0/shims/netstandard/System.Threading.Tasks.Parallel.dll"
-r:"C:/Unity Editors/6000.5.0f1/Editor/Data/NetStandard/compat/2.1.0/shims/netstandard/System.Threading.Tasks.dll"
-r:"C:/Unity Editors/6000.5.0f1/Editor/Data/NetStandard/compat/2.1.0/shims/netstandard/System.Threading.Thread.dll"
-r:"C:/Unity Editors/6000.5.0f1/Editor/Data/NetStandard/compat/2.1.0/shims/netstandard/System.Threading.ThreadPool.dll"
-r:"C:/Unity Editors/6000.5.0f1/Editor/Data/NetStandard/compat/2.1.0/shims/netstandard/System.Threading.Timer.dll"
-r:"C:/Unity Editors/6000.5.0f1/Editor/Data/NetStandard/compat/2.1.0/shims/netstandard/System.Threading.dll"
-r:"C:/Unity Editors/6000.5.0f1/Editor/Data/NetStandard/compat/2.1.0/shims/netstandard/System.ValueTuple.dll"
-r:"C:/Unity Editors/6000.5.0f1/Editor/Data/NetStandard/compat/2.1.0/shims/netstandard/System.Xml.ReaderWriter.dll"
-r:"C:/Unity Editors/6000.5.0f1/Editor/Data/NetStandard/compat/2.1.0/shims/netstandard/System.Xml.XDocument.dll"
-r:"C:/Unity Editors/6000.5.0f1/Editor/Data/NetStandard/compat/2.1.0/shims/netstandard/System.Xml.XPath.XDocument.dll"
-r:"C:/Unity Editors/6000.5.0f1/Editor/Data/NetStandard/compat/2.1.0/shims/netstandard/System.Xml.XPath.dll"
-r:"C:/Unity Editors/6000.5.0f1/Editor/Data/NetStandard/compat/2.1.0/shims/netstandard/System.Xml.XmlDocument.dll"
-r:"C:/Unity Editors/6000.5.0f1/Editor/Data/NetStandard/compat/2.1.0/shims/netstandard/System.Xml.XmlSerializer.dll"
-r:"C:/Unity Editors/6000.5.0f1/Editor/Data/NetStandard/ref/2.1.0/netstandard.dll"
-r:"Library/Bee/artifacts/1900b0aE.dag/Unity.2D.Sprite.Editor.ref.dll"
-r:"Library/Bee/artifacts/1900b0aE.dag/Unity.InternalAPIEngineBridge.004.ref.dll"
-r:"Library/Bee/artifacts/1900b0aE.dag/Unity.Multiplayer.Center.Common.ref.dll"
-r:"Library/Bee/artifacts/1900b0aE.dag/Unity.Multiplayer.Center.Editor.ref.dll"
-r:"Library/Bee/artifacts/1900b0aE.dag/Unity.TextMeshPro.Editor.ref.dll"
-r:"Library/Bee/artifacts/1900b0aE.dag/Unity.TextMeshPro.ref.dll"
-r:"Library/Bee/artifacts/1900b0aE.dag/UnityEditor.UI.Analytics.ref.dll"
-r:"Library/Bee/artifacts/1900b0aE.dag/UnityEditor.UI.ref.dll"
-r:"Library/Bee/artifacts/1900b0aE.dag/UnityEngine.UI.ref.dll"
-analyzer:"C:/Unity Editors/6000.5.0f1/Editor/Data/BCLExtensions/TargetingPacks/netstandard2.1/analyzers/dotnet/roslyn4.0/cs/Microsoft.Extensions.Logging.Generators.dll"
-analyzer:"C:/Unity Editors/6000.5.0f1/Editor/Data/BCLExtensions/TargetingPacks/netstandard2.1/analyzers/dotnet/roslyn4.0/cs/System.Text.Json.SourceGeneration.dll"
-analyzer:"C:/Unity Editors/6000.5.0f1/Editor/Data/Tools/BuildPipeline/Unity.Analyzers.Common/Unity.Analyzers.Common.dll"
-analyzer:"C:/Unity Editors/6000.5.0f1/Editor/Data/Tools/BuildPipeline/Unity.Analyzers.LongLiving/Unity.Analyzers.LongLiving.dll"
-analyzer:"C:/Unity Editors/6000.5.0f1/Editor/Data/Tools/BuildPipeline/Unity.SourceGenerators/Unity.Properties.SourceGenerator.dll"
-analyzer:"C:/Unity Editors/6000.5.0f1/Editor/Data/Tools/BuildPipeline/Unity.SourceGenerators/Unity.SourceGenerators.dll"
-analyzer:"C:/Unity Editors/6000.5.0f1/Editor/Data/Tools/BuildPipeline/Unity.SourceGenerators/Unity.UIToolkit.SourceGenerator.dll"
"Assets/CamaraSeguir.cs"
"Assets/Scripts/ControladorJugador.cs"
"Assets/Scripts/ObstaculoDanino.cs"
"Assets/Scripts/Pendulo.cs"
"Assets/Scripts/SaludJugador.cs"
"Assets/Scripts/SierraGiratoria.cs"
"Assets/Sistema de puntuacion/ScoreManager.cs"
"Assets/Sistema de puntuacion/ScorePorTiempo.cs"
-langversion:9.0
/deterministic
/optimize+
/debug:portable
/nologo
/RuntimeMetadataVersion:v4.0.30319
/nowarn:0169
/nowarn:0649
/nowarn:0282
/nowarn:1701
/nowarn:1702
/utf8output
/preferreduilang:en-US
/additionalfile:"Library/Bee/artifacts/1900b0aE.dag/Assembly-CSharp.UnityAdditionalFile.txt"
##### Custom Environment Variables
DOTNET_HOST_PATH=C:\Unity Editors\6000.5.0f1\Editor\Data\DotNetSdk\dotnet.exe
DOTNET_MULTILEVEL_LOOKUP=0
##### ExitCode
1
##### Output
Assets\Scripts\SaludJugador.cs(42,38): error CS0103: The name 'FindAnyObjectOfType' does not exist in the current context
*** Tundra build failed (0.68 seconds), 1 items updated, 240 evaluated
## Script Compilation Error for: Csc Library/Bee/artifacts/1900b0aE.dag/Assembly-CSharp.dll (+2 others)
## CmdLine: "C:\Unity Editors\6000.5.0f1\Editor\Data\DotNetSdk\dotnet.exe" exec "C:/Unity Editors/6000.5.0f1/Editor/Data/DotNetSdk/sdk/8.0.318/Roslyn/bincore/csc.dll" /nostdlib /noconfig /shared "@Library/Bee/artifacts/1900b0aE.dag/Assembly-CSharp.rsp" "@Library/Bee/artifacts/1900b0aE.dag/Assembly-CSharp.rsp2"
## Output:
Assets\Scripts\SaludJugador.cs(42,38): error CS0103: The name 'FindAnyObjectOfType' does not exist in the current context

Assets\Scripts\SaludJugador.cs(42,38): error CS0103: The name 'FindAnyObjectOfType' does not exist in the current context
Total cache size 40845628
Total cache size after purge 40845628, took 00:00:00.1138070

Asset Pipeline Refresh (id=2b4d093ac1ecec744a397126c3005e0a): Total: 2.205 seconds - Initiated by RefreshV2(AllowForceSynchronousImport)
	(Values over 0.05ms)
	Summary:
		Imports: total=0 (actual=0, local cache=0, cache server=0)
		Asset DB Process Time: managed=0 ms, native=373 ms
		Asset DB Callback time: managed=149 ms, native=87 ms
		Scripting: domain reloads=0, domain reload time=0 ms, compile time=1594 ms, other=0 ms
		Project Asset Count: scripts=242, non-scripts=270
		Asset File Changes: new=0, changed=1, moved=0, deleted=0
		Scan Filter Count: 0
	InvokePackagesCallback: 11.043ms
	ApplyChangesToAssetFolders: 7.291ms
	Scan: 199.834ms
	Collect global state as custom dependencies: 3.662ms
	OnSourceAssetsModified: 141.785ms
	CategorizeScriptCompilationAssets: 1.419ms
	ProcessAssetsWithTransientArtifactChanges: 6.311ms
	CategorizeAssets: 11.621ms
	CompileScripts: 1593.585ms
	ImportOutOfDateAssets: 26.596ms (19.383ms without children)
		ReloadNativeAssets: 0.185ms
		UnloadImportedAssets: 0.286ms
		EnsureUptoDateAssetsAreRegisteredWithGuidPM: 0.098ms
		ImportSchedulerStart: 6.639ms
	PostProcessAllAssets: 16.558ms
		ShaderAssetModifiedCallback 0.893ms
		XRBuildSystem.XRAssetImported 0.786ms
		PostProcessCallbackCreateDeferredMaterials 0.735ms
		RaytracingShaderImportPostprocess 0.388ms
		WindowTitlePostprocess 0.251ms
		LocalizationDatabase.AssetDatabasePostprocessCallback 0.215ms
		VersionControlSettings.HiddenFilePostprocess 0.206ms
		ObjectImages.AssetImported 0.074ms
		MonoPostProcessAllAssets: 10.351ms
			SpriteEditorTexturePostprocessor.OnPostprocessAllAssets 2.454ms
			AssetChangedListener.OnPostprocessAllAssets 1.892ms
			SyncVS.PostprocessSyncProject 1.326ms
			AssetPostprocessor.OnPostprocessAllAssets 0.840ms
			BuilderAssetPostprocessor.OnPostprocessAllAssets 0.369ms
			TMPro_TexturePostProcessor.OnPostprocessAllAssets 0.269ms
			SpriteSlicePostprocessor.OnPostprocessAllAssets 0.118ms
			WindowAssetPostprocessingWatcher.OnPostprocessAllAssets 0.071ms
			TextAssetPostProcessor.OnPostprocessAllAssets 0.065ms
	PostAssetChangesProfiler: 69.021ms
	GatherAllCurrentPrimaryImportResultRevisions: 4.630ms
	UnloadStreamsBegin: 0.307ms
	Untracked: 110.080ms

[Worker0] Imported GUID: 003952e0612f8f4438a39635645d0af8 - Path: Assets/Scripts/SaludJugador.cs - Importer: PreviewImporter -> (ImportResultId: '4bd2520652d5a01b31b0a0fbb47bd409') in 0.0929514 seconds
Asset Pipeline Refresh (id=49d9ec020dc2fb448a217c351f2f15f8): Total: 0.009 seconds - Initiated by RefreshV2(AllowForceSynchronousImport)
Asset Pipeline Refresh (id=7fd5a0db5216a5d4eb8be38c8ac3e563): Total: 0.007 seconds - Initiated by RefreshV2(AllowForceSynchronousImport)
[ScriptCompilation] Requested script compilation because: AssetDatabase observed changes in script compilation related files
[Licensing::Client] Successfully resolved entitlement details
info: Microsoft.AspNetCore.Hosting.Diagnostics[1]
      Request starting HTTP/2 POST http://ilpp/UnityILPP.PostProcessing/Ping - application/grpc -
info: Microsoft.AspNetCore.Routing.EndpointMiddleware[0]
      Executing endpoint 'gRPC - /UnityILPP.PostProcessing/Ping'
info: Microsoft.AspNetCore.Routing.EndpointMiddleware[1]
      Executed endpoint 'gRPC - /UnityILPP.PostProcessing/Ping'
info: Microsoft.AspNetCore.Hosting.Diagnostics[2]
      Request finished HTTP/2 POST http://ilpp/UnityILPP.PostProcessing/Ping - 200 - application/grpc 12.6644ms
Starting: C:\Unity Editors\6000.5.0f1\Editor\Data\Tools\BuildPipeline\bee_backend.exe --ipc --defer-dag-verification --dagfile="Library/Bee/1900b0aE.dag" --continue-on-failure --profile="Library/Bee/backend1.traceevents" ScriptAssemblies
WorkingDir: C:/Users/Oswel Cardona/OneDrive/Documents/GitHub/scape-from-utp-juego
ExitCode: 0 Duration: 1s61ms
[237/240    0s] Csc Library/Bee/artifacts/1900b0aE.dag/Assembly-CSharp.dll (+2 others)
[238/240    0s] CopyFiles Library/ScriptAssemblies/Assembly-CSharp.pdb
[239/240    0s] CopyFiles Library/ScriptAssemblies/Assembly-CSharp.dll
*** Tundra build success (0.99 seconds), 3 items updated, 240 evaluated
Reloading assemblies after forced synchronous recompile.
Total cache size 40845628
Total cache size after purge 40845628, took 00:00:00.1144935
Begin MonoManager ReloadAssembly
Native extension for WindowsStandalone target not found
[MODES] ModeService[none].Initialize
[MODES] ModeService[none].LoadModes
ScheduleIndexationOnStartup MainProcess:True IndexOnStartup:True
Mono: successfully reloaded assembly
- Finished resetting the current domain, in  2.036 seconds
Domain Reload Profiling: 4077ms
	BeginReloadAssembly (1625ms)
		DisableScriptedObjects (417ms)
		CreateAndSetChildDomain (420ms)
	RebuildCommonClasses (19ms)
	RebuildNativeTypeToScriptingClass (33ms)
	initialDomainReloadingComplete (119ms)
	LoadAllAssembliesAndSetupDomain (242ms)
		LoadAssemblies (424ms)
		AnalyzeDomain (56ms)
			TypeCache.Refresh (14ms)
			BuildScriptInfoCaches (30ms)
			ResolveRequiredComponents (5ms)
	FinalizeReload (2038ms)
		SetupLoadedEditorAssemblies (0ms)
			BeforeProcessingInitializeOnLoad (223ms)
			ProcessInitializeOnLoadAttributes (124ms)
			ProcessInitializeOnLoadMethodAttributes (95ms)
			AfterProcessingInitializeOnLoad (8ms)
		AwakeInstancesAfterBackupRestoration (877ms)

Asset Pipeline Refresh (id=06775505edb743c4f93464dbe7cd679a): Total: 6.657 seconds - Initiated by RefreshV2(AllowForceSynchronousImport)
	(Values over 0.05ms)
	Summary:
		Imports: total=0 (actual=0, local cache=0, cache server=0)
		Asset DB Process Time: managed=0 ms, native=2574 ms
		Asset DB Callback time: managed=70 ms, native=83 ms
		Scripting: domain reloads=1, domain reload time=2230 ms, compile time=1695 ms, other=0 ms
		Project Asset Count: scripts=242, non-scripts=270
		Asset File Changes: new=0, changed=1, moved=0, deleted=0
		Scan Filter Count: 0
	InvokeCustomDependenciesCallbacks: 0.250ms
	InvokePackagesCallback: 18.233ms
	ApplyChangesToAssetFolders: 27.709ms
	Scan: 258.078ms
	Collect global state as custom dependencies: 5.143ms
	OnSourceAssetsModified: 9.863ms
	CategorizeScriptCompilationAssets: 1.433ms
	ProcessAssetsWithTransientArtifactChanges: 2.658ms
	CategorizeAssets: 33.230ms
	CompileScripts: 1694.751ms
	ImportOutOfDateAssets: 2050.513ms (2043.808ms without children)
		CollectScriptTypesHashes: 0.983ms
		ReloadNativeAssets: 0.809ms
		UnloadImportedAssets: 0.319ms
		EnsureUptoDateAssetsAreRegisteredWithGuidPM: 0.159ms
		ImportSchedulerStart: 5.372ms
	PostProcessAllAssets: 65.740ms
		PostProcessCallbackCreateDeferredMaterials 0.296ms
		ShaderAssetModifiedCallback 0.272ms
		PostprocessAssetsUpdateCachedIcon 0.070ms
		MonoPostProcessAllAssets: 62.862ms
			WindowAssetPostprocessingWatcher.OnPostprocessAllAssets 10.211ms
			AssetChangedListener.OnPostprocessAllAssets 9.917ms
			BuilderAssetPostprocessor.OnPostprocessAllAssets 9.654ms
			SpriteSlicePostprocessor.OnPostprocessAllAssets 5.243ms
			AssetPostprocessor.OnPostprocessAllAssets 4.194ms
			SyncVS.PostprocessSyncProject 3.767ms
			RetainedModeAssetPostprocessor.OnPostprocessAllAssets 1.784ms
			SpeedTree9Postprocessor.OnPostprocessAllAssets 1.638ms
			SpriteEditorTexturePostprocessor.OnPostprocessAllAssets 0.913ms
			TMPro_TexturePostProcessor.OnPostprocessAllAssets 0.747ms
			ArtifactBrowserPostProcessor.OnPostprocessAllAssets 0.659ms
			TextAssetPostProcessor.OnPostprocessAllAssets 0.455ms
			ReferencedClipsPostProcessor.OnPostprocessAllAssets 0.378ms
			AudioMixerPostprocessor.OnPostprocessAllAssets 0.346ms
			SpeedTreePostProcessor.OnPostprocessAllAssets 0.312ms
			AssetEvents.OnPostprocessAllAssets 0.239ms
			StyleCatalogPostProcessor.OnPostprocessAllAssets 0.233ms
			TerrainToolbarOverlayPostProcessor.OnPostprocessAllAssets 0.206ms
			AssetDatabaseCallbacks.OnPostprocessAllAssets 0.201ms
			ScenarioDriftAssetsTracker.OnPostprocessAllAssets 0.162ms
			ConfigAssetsTracker.OnPostprocessAllAssets 0.162ms
			RenderPipelineGlobalSettingsPostprocessor.OnPostprocessAllAssets 0.095ms
			AudioContainerPostProcessor.OnPostprocessAllAssets 0.084ms
	PostAssetChangesProfiler: 64.413ms
	GatherAllCurrentPrimaryImportResultRevisions: 3.035ms
	UnloadStreamsBegin: 0.176ms
	GenerateScriptTypeHashes: 1.820ms
	GenerateScriptTypeSerializationHashes: 3.655ms
	Untracked: 2412.294ms

[Licensing::Client] Successfully resolved entitlement details
[Worker1] Imported GUID: 003952e0612f8f4438a39635645d0af8 - Path: Assets/Scripts/SaludJugador.cs - Importer: PreviewImporter -> (ImportResultId: '1ed200d11ceb7dcf28c3611fc4fff147') in 0.0788753 seconds
Asset Pipeline Refresh (id=ee9a168c778f0b142a4a31c7e00ad604): Total: 0.023 seconds - Initiated by RefreshV2(AllowForceSynchronousImport)
[Worker0] Imported GUID: 3d59ad6cc35022341ba44ddb16c28116 - Path: Assets/Personaje 1/spritesheet - P1 Jorge +_0 1.controller - Importer: PreviewImporter -> (ImportResultId: 'a97d1b22356258b8aa24d4d08549f553') in 0.2882831 seconds
Asset Pipeline Refresh (id=3349aea143e624b419d32c4245ea4ca0): Total: 0.025 seconds - Initiated by RefreshV2(AllowForceSynchronousImport)
Asset Pipeline Refresh (id=50f9277aa9a2943408364df58b454301): Total: 0.014 seconds - Initiated by RefreshV2(AllowForceSynchronousImport)
Asset Pipeline Refresh (id=6e69c203975058d46bef9338cc77f4a2): Total: 0.009 seconds - Initiated by RefreshV2(AllowForceSynchronousImport)
Asset Pipeline Refresh (id=f1d5085328b7c314d9fdeeb22dd9f021): Total: 0.007 seconds - Initiated by RefreshV2(AllowForceSynchronousImport)
Asset Pipeline Refresh (id=4acbde08f20780243a8b1b7a536184d9): Total: 0.018 seconds - Initiated by RefreshV2(AllowForceSynchronousImport)
Asset Pipeline Refresh (id=a0992541f0042914184459406199e26d): Total: 0.009 seconds - Initiated by RefreshV2(AllowForceSynchronousImport)
Asset Pipeline Refresh (id=9e51a3d994c5f684ea69bce4fb355b38): Total: 0.013 seconds - Initiated by RefreshV2(AllowForceSynchronousImport)
Asset Pipeline Refresh (id=2e1df0b6b5d40414297eb22203a01057): Total: 0.013 seconds - Initiated by RefreshV2(AllowForceSynchronousImport)
Asset Pipeline Refresh (id=98d0caa7154893f44b18d9d819d37266): Total: 0.009 seconds - Initiated by RefreshV2(AllowForceSynchronousImport)
Asset Pipeline Refresh (id=f2653205208e0a34ea8579e1ce3747d0): Total: 0.006 seconds - Initiated by RefreshV2(AllowForceSynchronousImport)
[Licensing::Client] Successfully resolved entitlement details
Asset Pipeline Refresh (id=f67e5ba2e4e0269468b23ae597b64ba5): Total: 0.139 seconds - Initiated by RefreshV2(AllowForceSynchronousImport)
[Worker0] Imported GUID: 7343abbd168937840b4105648c331795 - Path: Assets/Personaje 1/spritesheet - P1 Jorge +_25.controller - Importer: PreviewImporter -> (ImportResultId: 'a855c7fc9433ef9bce7c5d3b0d94fff6') in 0.1455519 seconds
[Worker0] Imported GUID: 8336442fc36608245a85d288593f114e - Path: Assets/Personaje 1/spritesheet - P1 Jorge +_7.controller - Importer: PreviewImporter -> (ImportResultId: '911d8adb4469156ffe48954bbb255ca2') in 0.010508 seconds
[Worker0] Imported GUID: 7f097f71eabe08b4bb294f08e9b50ec5 - Path: Assets/Personaje 1/spritesheet - P1 Jorge +_3.controller - Importer: PreviewImporter -> (ImportResultId: '4e9801dc1bd8279eed1112960dcfc2a1') in 0.0058969 seconds
[Worker0] Imported GUID: 78ad06cfa8df2c24694e0379ab114d97 - Path: Assets/Personaje 1/spritesheet - P1 Jorge +_0.controller - Importer: PreviewImporter -> (ImportResultId: 'd2b5aa2b48a43dddeddd0ef0851eaf23') in 0.0064688 seconds
Asset Pipeline Refresh (id=4518d8a455db5514f8cadc9e16965e0b): Total: 0.010 seconds - Initiated by RefreshV2(AllowForceSynchronousImport)
Asset Pipeline Refresh (id=427de5dd0b088d94086d6edd9f67a3c9): Total: 0.042 seconds - Initiated by RefreshV2(AllowForceSynchronousImport)
Importing 'GUID: 3d59ad6cc35022341ba44ddb16c28116 - Path: Assets/Personaje 1/spritesheet - P1 Jorge +_0 1.controller' with importer (NativeFormatImporter)
Imported 'GUID: 3d59ad6cc35022341ba44ddb16c28116' -> (Import Result ID: '1d1b9eb42af466ca42eb1a2309869ee3') in 0.081 seconds [static dependencies only]. Details - ImportResultOutputID=93112305562e41e5f46f1f925a6bf5d1 DependenciesID=0dc0c8d893897173657fa1b3eb19c307 StaticDependenciesID=3163ac3b252c493853b0440a15835312 
Asset Pipeline Refresh (id=8003ec871a866444881dfc54ee523184): Total: 0.249 seconds - Initiated by StopAssetImportingV2(NoUpdateAssetOptions)
Importing 'GUID: 6d80ddc6e593cd64db0ab2136b82fe05 - Path: Assets/Nivel 1.unity' with importer (DefaultImporter)
Imported 'GUID: 6d80ddc6e593cd64db0ab2136b82fe05' -> (Import Result ID: '1894a66b2670c82cbbb7397f2c8bd804') in 0.002 seconds [static dependencies only]. Details - ImportResultOutputID=3e8ff5ebde786a207796b54c223af9fb DependenciesID=147921323e52db5832e99a5a2ad63196 StaticDependenciesID=9fbe2c85ad204d60e4a142696f8fe3f3 
Asset Pipeline Refresh (id=5b88fa29f0b603c479451fc2fb62dd1f): Total: 0.026 seconds - Initiated by StopAssetImportingV2(NoUpdateAssetOptions)
MonoPathRemapper: Attempts to remap: 49691; Successful remaps: 4
Serialized file version minimum: 22, current 23
[LAYOUT] About to save layout C:\Users\Oswel Cardona\OneDrive\Documents\GitHub\scape-from-utp-juego\UserSettings\Layouts\default-6000.dwlt
[LAYOUT] About to save layout C:/Users/Oswel Cardona/AppData/Roaming/Unity/Editor-5.x/Preferences\Layouts\current\default-6000.dwlt
Clearing [LiberationSans SDF - Fallback] dynamic font asset data.
UnityEngine.Debug:ExtractStackTraceNoAlloc (byte*,int,string)
UnityEngine.StackTraceUtility:ExtractStackTrace ()
UnityEngine.DebugLogHandler:Internal_Log (UnityEngine.LogType,UnityEngine.LogOption,string,UnityEngine.Object)
UnityEngine.DebugLogHandler:LogFormat (UnityEngine.LogType,UnityEngine.Object,string,object[])
UnityEngine.Logger:Log (UnityEngine.LogType,object)
UnityEngine.Debug:Log (object)
TMPro.EditorEventCallbacks/<>c:<InitializeFontAssetResourceChangeCallBacks>b__0_0 () (at ./Library/PackageCache/com.unity.ugui@4f9b15fd1386/Editor/TMP/TMP_EditorResourceManager.cs:36)
UnityEditor.EditorApplication:Internal_EditorApplicationQuit ()

(Filename: ./Library/PackageCache/com.unity.ugui@4f9b15fd1386/Editor/TMP/TMP_EditorResourceManager.cs Line: 36)

Importing 'GUID: 2e498d1c8094910479dc3e1b768306a4 - Path: Assets/TextMesh Pro/Resources/Fonts & Materials/LiberationSans SDF - Fallback.asset' with importer (NativeFormatImporter)
Imported 'GUID: 2e498d1c8094910479dc3e1b768306a4' -> (Import Result ID: '62533a9628022ebf86615f8e5da66d42') in 0.004 seconds [static dependencies only]. Details - ImportResultOutputID=94ce4dace069634644df4d315a8acf11 DependenciesID=7b5613bfc7577f09d78d07516a402c57 StaticDependenciesID=5b3674a7f8716439942d1ad4ce6273f2 
Asset Pipeline Refresh (id=ccf8a9f3741499449bd98eb3412e6b5b): Total: 0.038 seconds - Initiated by StopAssetImportingV2(NoUpdateAssetOptions)
[Physics::Module] Cleanup current backend.
[Physics::Module] Id: 0xf2b8ea05
Input System module state changed to: ShutdownInProgress.
Input Polling Thread exited.
Input System module state changed to: Shutdown.
[Licensing::IpcConnector] LicenseClient-Oswel Cardona-6000.5.0-notifications channel disconnected successfully.
[Licensing::IpcConnector] LicenseClient-Oswel Cardona-6000.5.0 channel disconnected successfully.
AcceleratorClientConnectionCallback - disconnected - :0
Shut down.
Cleanup mono
CodeReloadManager destroyed
debugger-agent: Unable to listen on 2120
Checking for leaked weakptr:
  Found no leaked weakptrs.
[Package Manager] Server process was shutdown
##utp:{"type":"MemoryLeaks","version":2,"phase":"Immediate","time":1783490779239,"processId":24876,"allocatedMemory":51604207,"memoryLabels":[{"Default":229083},{"Permanent":15516},{"NewDelete":82101},{"Thread":4206712},{"Manager":31464},{"VertexData":8},{"Geometry":816},{"Texture":24},{"Shader":855339},{"Material":24},{"GfxDevice":282152},{"GfxThread":4608},{"Animation":247704},{"Audio":1168},{"Font":350245},{"FreeType":6868},{"FontEngine":736},{"Physics":2146},{"Physics2D":16},{"Serialization":1386192},{"Input":42840},{"JobScheduler":256},{"TextLib":61332},{"Mono":48},{"ScriptingNativeRuntime":939620},{"BaseObject":2672634},{"Resource":1208},{"Renderer":3080},{"Transform":4685},{"File":48604},{"WebCam":616},{"Culling":32},{"Terrain":11442},{"Wind":24},{"STL":40},{"String":11619},{"StaticString":3808},{"Utility":2672930},{"Curl":48},{"PoolAlloc":2168},{"AI":80},{"TypeTree":1202216},{"CodeReload":448},{"RuntimeInitializeOnLoadManager":64},{"Sprites":102},{"SpriteAtlas":120},{"GI":7816},{"CloudService":9544},{"WebRequest":4761},{"VR":47114},{"SceneManager":608},{"Video":208},{"LazyScriptCache":32},{"NativeArray":33049712},{"Camera":472017},{"Secure":265},{"SerializationCache":1576},{"APIUpdating":10320},{"Subsystems":336},{"VirtualTexturing":57888},{"StaticSafetyDebugInfo":278528},{"Analytics":552},{"Hierarchy":1176},{"UIElements":1077744},{"CoreStats":13688},{"Identifiers":13536},{"Gui":267789},{"EditorUtility":299899},{"VersionControl":8},{"Undo":931},{"AssetDatabase":791835},{"AssetImporter":40},{"EditorGi":328},{"UnityConnect":35345},{"Upm":1988},{"UpmDiagnostics":8},{"AssetCompliance":64},{"DrivenProperties":72},{"LocalIPC":219},{"ProfilerEditor":9746},{"CoreBusinessMetrics":2904},{"Windowing":456},{"Licensing":664},{"AssetReference":32},{"IPCStream":32}]}
