[Licensing::Module] Trying to connect to existing licensing client channel...
Built from '6000.5/staging' branch; Version is '6000.5.0f1 (88b47c5e7076) revision 8959100'; Using compiler version '194234433'; Build Type 'Release'
[Licensing::IpcConnector] Successfully connected to: "LicenseClient-Oswel Cardona" at "2026-07-04T23:55:08.6396845Z"
OS: 'Windows 11  (10.0.26200) Core' Language: 'en' Physical Memory: 7975 MB
BatchMode: 0, IsHumanControllingUs: 1, StartBugReporterOnCrash: 1, Is64bit: 1
System  architecture: x64
Process architecture: x64
Date: 2026-07-04T23:55:08Z

COMMAND LINE ARGUMENTS:
C:\Unity Editors\6000.5.0f1\Editor\Unity.exe
-projectpath
C:\Users\Oswel Cardona\OneDrive\Documents\GitHub\scape-from-utp-juego
-acceptSoftwareTermsForThisRunOnly
-useHub
-hubIPC
-cloudEnvironment
production
-licensingIpc
LicenseClient-Oswel Cardona
-hubSessionId
7914c7be-f7e2-40c4-a34f-7bcbf585ab31
-accessToken
Nlo8Jxhe4Q_gJTLZ_ORWDylE8jOA_TzqcrS-soq3DUQ004f
Successfully changed project path to: C:\Users\Oswel Cardona\OneDrive\Documents\GitHub\scape-from-utp-juego
C:/Users/Oswel Cardona/OneDrive/Documents/GitHub/scape-from-utp-juego
[UnityMemory] Configuration Parameters - Can be set up in boot.config
    "memorysetup-temp-allocator-size-gi-baking-worker=262144"
    "memorysetup-temp-allocator-size-gi-baking-worker=262144"
    "memorysetup-temp-allocator-size-gi-baking-worker=262144"
    "memorysetup-temp-allocator-size-gi-baking-worker=262144"
    "memorysetup-temp-allocator-size-gi-baking-worker=262144"
    "memorysetup-temp-allocator-size-nav-mesh-worker=65536"
    "memorysetup-temp-allocator-size-audio-worker=65536"
    "memorysetup-temp-allocator-size-cloud-worker=32768"
    "memorysetup-temp-allocator-size-gfx=262144"
    "memorysetup-temp-allocator-size-preload-manager=33554432"
    "memorysetup-allocator-temp-initial-block-size-main=262144"
    "memorysetup-allocator-temp-initial-block-size-worker=262144"
    "memorysetup-temp-allocator-size-job-worker=262144"
    "memorysetup-temp-allocator-size-background-worker=32768"
    "memorysetup-bucket-allocator-granularity=16"
    "memorysetup-bucket-allocator-bucket-count=8"
    "memorysetup-bucket-allocator-block-size=33554432"
    "memorysetup-bucket-allocator-block-count=8"
    "memorysetup-main-allocator-block-size=16777216"
    "memorysetup-thread-allocator-block-size=16777216"
    "memorysetup-main-allocator-mimalloc-enabled=0"
    "memorysetup-gfx-main-allocator-block-size=16777216"
    "memorysetup-gfx-thread-allocator-block-size=16777216"
    "memorysetup-cache-allocator-block-size=4194304"
    "memorysetup-typetree-allocator-block-size=2097152"
    "memorysetup-profiler-bucket-allocator-granularity=16"
    "memorysetup-profiler-bucket-allocator-bucket-count=8"
    "memorysetup-profiler-bucket-allocator-block-size=33554432"
    "memorysetup-profiler-bucket-allocator-block-count=8"
    "memorysetup-profiler-allocator-block-size=16777216"
    "memorysetup-profiler-editor-allocator-block-size=1048576"
    "memorysetup-temp-allocator-size-main=16777216"
    "memorysetup-job-temp-allocator-block-size=2097152"
    "memorysetup-job-temp-allocator-block-size-background=1048576"
    "memorysetup-job-temp-allocator-reduction-small-platforms=262144"
Player connection [16376]  Target information:

Player connection [16376]  * "[IP] 192.168.0.6 [Port] 55504 [Flags] 2 [Guid] 3689239890 [EditorId] 3689239890 [Version] 1048832 [Id] WindowsEditor(7,LAPTOP-5D6TS9H6) [Debug] 1 [PackageName] WindowsEditor [ProjectName] Editor" 

Player connection [16376] Host joined multi-casting on [225.0.0.222:54997]...
Player connection [16376] Host joined alternative multi-casting on [225.0.0.222:34997]...
Input System module state changed to: Initialized.
[Physics::Module] Initialized fallback backend.
[Physics::Module] Id: 0xdecafbad
[Package Manager] Connected to IPC stream "Upm-3016" after 0.5 seconds.
[Licensing::Module] Licensing is not yet initialized.
[Licensing::Client] Error: HandshakeResponse reported an error:
	ResponseCode: 505
	ResponseStatus: Unsupported protocol version '1.18.1'.
[Licensing::Module] Error: Failed to handshake to channel: "LicenseClient-Oswel Cardona"
[Licensing::IpcConnector] LicenseClient-Oswel Cardona channel disconnected successfully.
[Licensing::IpcConnector] Channel LicenseClient-Oswel Cardona-6000.5.0 doesn't exist
[Licensing::Module] Successfully launched the LicensingClient (PId: 31812)
Starting IPC server.
[Licensing::IpcConnector] Successfully connected to: "LicenseClient-Oswel Cardona-6000.5.0" at "2026-07-04T23:55:16.1840193Z"
Waiting for clients to connect on \\.\pipe\Unity-LicenseClient-Oswel Cardona-6000.5.0, press Ctrl-C to exit.
[Licensing::Client] Code 10 while verifying Licensing Client signature (process Id: 31812, path: "C:/Unity Editors/6000.5.0f1/Editor/Data/Resources/Licensing/Client/Unity.Licensing.Client.exe")
[Licensing::Module] LicensingClient has failed validation; ignoring
[Licensing::Client] Handshaking with LicensingClient:
  Version:                 1.18.1+9fbee8e
  Session Id:              ea6ae8b4a7be4c08b1d7c447c1ec2395
  Correlation Id:          aba86209acd31bc386f065eb2fa2154c
  External correlation Id: 267743494674278992
  Machine Id:              yDNq2MjD93GEw1et6cEFPmy2bPQ=
[Licensing::Module] Successfully connected to LicensingClient on channel: "LicenseClient-Oswel Cardona-6000.5.0" (connect: 2.91s, validation: 0.86s, handshake: 0.02s)
[Licensing::IpcConnector] Successfully connected to: "LicenseClient-Oswel Cardona-6000.5.0-notifications" at "2026-07-04T23:55:17.0641273Z"
[Licensing::Module] Connected to LicensingClient (PId: 31812, launch time: 0.05, total connection time: 3.79s)
[Licensing::Client] Successfully updated the access token
[Licensing::Module] Successfully updated the access token Nlo8Jxhe4Q...
[Licensing::Client] Successfully resolved entitlement details
[Licensing::Module] License group:
  Id: 4674213237775-UnityPersXXXX
  Product: Unity Personal
  Type: Assigned
  Expiration: Unlimited
[Licensing::Client] Successfully updated license, isAsync: True, time: 0.02
[Licensing::Client] Successfully resolved entitlement details
[Licensing::Module] Licensing Background thread has ended after 8.58s
[Licensing::Module] Licensing is initialized (took 6.15s).
[Licensing::Client] Successfully resolved entitlement details
Library Redirect Path: Library/
[Physics::Module] Selected backend.
[Physics::Module] Name: PhysX
[Physics::Module] Id: 0xf2b8ea05
[Physics::Module] SDK Version: 4.1.2
[Physics::Module] Integration Version: 1.0.0
[Physics::Module] Threading Mode: Multi-Threaded
Artifact Garbage Collection - Removed 57 unused hashed content files
Initialize engine version: 6000.5.0f1 (88b47c5e7076)
[Subsystems] Discovering subsystems at path C:/Unity Editors/6000.5.0f1/Editor/Data/Resources/UnitySubsystems
[Subsystems] Discovering subsystems at path C:/Users/Oswel Cardona/OneDrive/Documents/GitHub/scape-from-utp-juego/Assets
[D3D12 Device Filter] Vendor Name: NVIDIA
[D3D12 Device Filter] Device Name: NVIDIA GeForce GTX 1650
[D3D12 Device Filter] Driver Version: 31.0.15.2904
[D3D12 Device Filter] Feature Level: 12.1
[D3D12 Device Filter] Graphics Memory: 3952 MB
[D3D12 Device Filter] Processor Count: 8
[D3D12 Device Filter] Device Type: Discrete
GfxDevice: creating device client; kGfxThreadingModeSplitJobs
d3d12: failed to query info queue interface (0x80004002).
Direct3D:
    Version:         Direct3D 12 [level 12.1]
    Renderer:        NVIDIA GeForce GTX 1650 (ID=0x1f9d)
    Vendor:          NVIDIA
    VRAM:            3952 MB
    App VRAM Budget: 3359 MB
    Driver:          31.0.15.2904
Initialize mono
Mono path[0] = 'C:/Unity Editors/6000.5.0f1/Editor/Data/Managed'
Mono path[1] = 'C:/Unity Editors/6000.5.0f1/Editor/Data/BCLExtensions/runtime/netstandard2.1'
Mono path[2] = 'C:/Unity Editors/6000.5.0f1/Editor/Data/MonoBleedingEdge/lib/mono/unityjit-win32'
Mono config path = 'C:/Unity Editors/6000.5.0f1/Editor/Data/MonoBleedingEdge/etc'
Using monoOptions --debugger-agent=transport=dt_socket,embedding=1,server=y,suspend=n,address=127.0.0.1:56016
CodeReloadManager initialized
ImportWorker Server TCP listen port: 0
AcceleratorClientConnectionCallback - disconnected - :0
Begin MonoManager ReloadAssembly
Registering precompiled unity dll's ...
Register platform support module: C:/Unity Editors/6000.5.0f1/Editor/Data/PlaybackEngines/WindowsStandaloneSupport/UnityEditor.WindowsStandalone.Extensions.dll
Registered in 0.365214 seconds.
Native extension for WindowsStandalone target not found
Package Manager log level set to [2]
ScheduleIndexationOnStartup MainProcess:False IndexOnStartup:True
Mono: successfully reloaded assembly
- Finished resetting the current domain, in  0.691 seconds
Domain Reload Profiling: 4086ms
	BeginReloadAssembly (451ms)
		CreateAndSetChildDomain (13ms)
	RebuildCommonClasses (11ms)
	RebuildNativeTypeToScriptingClass (275ms)
	initialDomainReloadingComplete (668ms)
	LoadAllAssembliesAndSetupDomain (1983ms)
		LoadAssemblies (431ms)
		AnalyzeDomain (1893ms)
			TypeCache.Refresh (1889ms)
				TypeCache.ScanAssembly (1549ms)
	FinalizeReload (698ms)
		SetupLoadedEditorAssemblies (0ms)
			InitializePlatformSupportModulesInManaged (3ms)
			BeforeProcessingInitializeOnLoad (116ms)
			ProcessInitializeOnLoadAttributes (155ms)
			ProcessInitializeOnLoadMethodAttributes (300ms)
[Licensing::Client] Successfully resolved entitlement details
Application.AssetDatabase Initial Refresh Start
[Package Manager] Done resolving packages in 1.29 seconds
[Licensing::Client] Successfully resolved entitlement details
[Package Manager] Registered 39 packages:
  Built-in packages:
    com.unity.2d.sprite@1.0.0 (location: C:\Users\Oswel Cardona\OneDrive\Documents\GitHub\scape-from-utp-juego\Library\PackageCache\com.unity.2d.sprite@053a968eab56)
    com.unity.multiplayer.center@1.0.1 (location: C:\Users\Oswel Cardona\OneDrive\Documents\GitHub\scape-from-utp-juego\Library\PackageCache\com.unity.multiplayer.center@b860850997d0)
    com.unity.ugui@2.5.0 (location: C:\Users\Oswel Cardona\OneDrive\Documents\GitHub\scape-from-utp-juego\Library\PackageCache\com.unity.ugui@4f9b15fd1386)
    com.unity.modules.accessibility@1.0.0 (location: C:\Users\Oswel Cardona\OneDrive\Documents\GitHub\scape-from-utp-juego\Library\PackageCache\com.unity.modules.accessibility)
    com.unity.modules.adaptiveperformance@1.0.0 (location: C:\Users\Oswel Cardona\OneDrive\Documents\GitHub\scape-from-utp-juego\Library\PackageCache\com.unity.modules.adaptiveperformance)
    com.unity.modules.ai@1.0.0 (location: C:\Users\Oswel Cardona\OneDrive\Documents\GitHub\scape-from-utp-juego\Library\PackageCache\com.unity.modules.ai)
    com.unity.modules.androidjni@1.0.0 (location: C:\Users\Oswel Cardona\OneDrive\Documents\GitHub\scape-from-utp-juego\Library\PackageCache\com.unity.modules.androidjni)
    com.unity.modules.animation@1.0.0 (location: C:\Users\Oswel Cardona\OneDrive\Documents\GitHub\scape-from-utp-juego\Library\PackageCache\com.unity.modules.animation)
    com.unity.modules.assetbundle@1.0.0 (location: C:\Users\Oswel Cardona\OneDrive\Documents\GitHub\scape-from-utp-juego\Library\PackageCache\com.unity.modules.assetbundle)
    com.unity.modules.audio@1.0.0 (location: C:\Users\Oswel Cardona\OneDrive\Documents\GitHub\scape-from-utp-juego\Library\PackageCache\com.unity.modules.audio)
    com.unity.modules.cloth@1.0.0 (location: C:\Users\Oswel Cardona\OneDrive\Documents\GitHub\scape-from-utp-juego\Library\PackageCache\com.unity.modules.cloth)
    com.unity.modules.director@1.0.0 (location: C:\Users\Oswel Cardona\OneDrive\Documents\GitHub\scape-from-utp-juego\Library\PackageCache\com.unity.modules.director)
    com.unity.modules.imageconversion@1.0.0 (location: C:\Users\Oswel Cardona\OneDrive\Documents\GitHub\scape-from-utp-juego\Library\PackageCache\com.unity.modules.imageconversion)
    com.unity.modules.imgui@1.0.0 (location: C:\Users\Oswel Cardona\OneDrive\Documents\GitHub\scape-from-utp-juego\Library\PackageCache\com.unity.modules.imgui)
    com.unity.modules.jsonserialize@1.0.0 (location: C:\Users\Oswel Cardona\OneDrive\Documents\GitHub\scape-from-utp-juego\Library\PackageCache\com.unity.modules.jsonserialize)
    com.unity.modules.particlesystem@1.0.0 (location: C:\Users\Oswel Cardona\OneDrive\Documents\GitHub\scape-from-utp-juego\Library\PackageCache\com.unity.modules.particlesystem)
    com.unity.modules.physics@1.0.0 (location: C:\Users\Oswel Cardona\OneDrive\Documents\GitHub\scape-from-utp-juego\Library\PackageCache\com.unity.modules.physics)
    com.unity.modules.physics2d@1.0.0 (location: C:\Users\Oswel Cardona\OneDrive\Documents\GitHub\scape-from-utp-juego\Library\PackageCache\com.unity.modules.physics2d)
    com.unity.modules.physicscore2d@1.0.0 (location: C:\Users\Oswel Cardona\OneDrive\Documents\GitHub\scape-from-utp-juego\Library\PackageCache\com.unity.modules.physicscore2d)
    com.unity.modules.screencapture@1.0.0 (location: C:\Users\Oswel Cardona\OneDrive\Documents\GitHub\scape-from-utp-juego\Library\PackageCache\com.unity.modules.screencapture)
    com.unity.modules.terrain@1.0.0 (location: C:\Users\Oswel Cardona\OneDrive\Documents\GitHub\scape-from-utp-juego\Library\PackageCache\com.unity.modules.terrain)
    com.unity.modules.terrainphysics@1.0.0 (location: C:\Users\Oswel Cardona\OneDrive\Documents\GitHub\scape-from-utp-juego\Library\PackageCache\com.unity.modules.terrainphysics)
    com.unity.modules.tilemap@1.0.0 (location: C:\Users\Oswel Cardona\OneDrive\Documents\GitHub\scape-from-utp-juego\Library\PackageCache\com.unity.modules.tilemap)
    com.unity.modules.ui@1.0.0 (location: C:\Users\Oswel Cardona\OneDrive\Documents\GitHub\scape-from-utp-juego\Library\PackageCache\com.unity.modules.ui)
    com.unity.modules.uielements@1.0.0 (location: C:\Users\Oswel Cardona\OneDrive\Documents\GitHub\scape-from-utp-juego\Library\PackageCache\com.unity.modules.uielements)
    com.unity.modules.umbra@1.0.0 (location: C:\Users\Oswel Cardona\OneDrive\Documents\GitHub\scape-from-utp-juego\Library\PackageCache\com.unity.modules.umbra)
    com.unity.modules.unityanalytics@1.0.0 (location: C:\Users\Oswel Cardona\OneDrive\Documents\GitHub\scape-from-utp-juego\Library\PackageCache\com.unity.modules.unityanalytics)
    com.unity.modules.unitywebrequest@1.0.0 (location: C:\Users\Oswel Cardona\OneDrive\Documents\GitHub\scape-from-utp-juego\Library\PackageCache\com.unity.modules.unitywebrequest)
    com.unity.modules.unitywebrequestassetbundle@1.0.0 (location: C:\Users\Oswel Cardona\OneDrive\Documents\GitHub\scape-from-utp-juego\Library\PackageCache\com.unity.modules.unitywebrequestassetbundle)
    com.unity.modules.unitywebrequestaudio@1.0.0 (location: C:\Users\Oswel Cardona\OneDrive\Documents\GitHub\scape-from-utp-juego\Library\PackageCache\com.unity.modules.unitywebrequestaudio)
    com.unity.modules.unitywebrequesttexture@1.0.0 (location: C:\Users\Oswel Cardona\OneDrive\Documents\GitHub\scape-from-utp-juego\Library\PackageCache\com.unity.modules.unitywebrequesttexture)
    com.unity.modules.unitywebrequestwww@1.0.0 (location: C:\Users\Oswel Cardona\OneDrive\Documents\GitHub\scape-from-utp-juego\Library\PackageCache\com.unity.modules.unitywebrequestwww)
    com.unity.modules.vectorgraphics@1.0.0 (location: C:\Users\Oswel Cardona\OneDrive\Documents\GitHub\scape-from-utp-juego\Library\PackageCache\com.unity.modules.vectorgraphics)
    com.unity.modules.vehicles@1.0.0 (location: C:\Users\Oswel Cardona\OneDrive\Documents\GitHub\scape-from-utp-juego\Library\PackageCache\com.unity.modules.vehicles)
    com.unity.modules.video@1.0.0 (location: C:\Users\Oswel Cardona\OneDrive\Documents\GitHub\scape-from-utp-juego\Library\PackageCache\com.unity.modules.video)
    com.unity.modules.wind@1.0.0 (location: C:\Users\Oswel Cardona\OneDrive\Documents\GitHub\scape-from-utp-juego\Library\PackageCache\com.unity.modules.wind)
    com.unity.modules.xr@1.0.0 (location: C:\Users\Oswel Cardona\OneDrive\Documents\GitHub\scape-from-utp-juego\Library\PackageCache\com.unity.modules.xr)
    com.unity.modules.subsystems@1.0.0 (location: C:\Users\Oswel Cardona\OneDrive\Documents\GitHub\scape-from-utp-juego\Library\PackageCache\com.unity.modules.subsystems)
    com.unity.modules.hierarchycore@1.0.0 (location: C:\Users\Oswel Cardona\OneDrive\Documents\GitHub\scape-from-utp-juego\Library\PackageCache\com.unity.modules.hierarchycore)
[Subsystems] No new subsystems found in resolved package list.
[Package Manager] Done registering packages in 0.01 seconds
AcceleratorClientConnectionCallback - disconnected - :0
[ScriptCompilation] Requested script compilation because: Assembly Definition File(s) changed
[ScriptCompilation] Requested script compilation because: AssetDatabase observed changes in script compilation related files
info: Microsoft.Hosting.Lifetime[14]
      Now listening on: http://localhost:80
info: Microsoft.Hosting.Lifetime[0]
      Application started. Press Ctrl+C to shut down.
info: Microsoft.Hosting.Lifetime[0]
      Hosting environment: Production
info: Microsoft.Hosting.Lifetime[0]
      Content root path: C:\Users\Oswel Cardona\OneDrive\Documents\GitHub\scape-from-utp-juego
info: Microsoft.AspNetCore.Hosting.Diagnostics[1]
      Request starting HTTP/2 POST http://ilpp/UnityILPP.PostProcessing/Ping - application/grpc -
info: Microsoft.AspNetCore.Routing.EndpointMiddleware[0]
      Executing endpoint 'gRPC - /UnityILPP.PostProcessing/Ping'
info: Microsoft.AspNetCore.Routing.EndpointMiddleware[1]
      Executed endpoint 'gRPC - /UnityILPP.PostProcessing/Ping'
info: Microsoft.AspNetCore.Hosting.Diagnostics[2]
      Request finished HTTP/2 POST http://ilpp/UnityILPP.PostProcessing/Ping - 200 - application/grpc 65.4387ms
Starting: C:\Unity Editors\6000.5.0f1\Editor\Data\Tools\BuildPipeline\bee_backend.exe --ipc --defer-dag-verification --dagfile="Library/Bee/1900b0aE.dag" --continue-on-failure --profile="Library/Bee/backend1.traceevents" ScriptAssemblies
WorkingDir: C:/Users/Oswel Cardona/OneDrive/Documents/GitHub/scape-from-utp-juego
Starting: C:\Unity Editors\6000.5.0f1\Editor\Data\netcorerun\netcorerun.exe "C:\Unity Editors\6000.5.0f1\Editor\Data\Tools\BuildPipeline\ScriptCompilationBuildProgram.exe" "Library/Bee/1900b0aE.dag.json" "Library/Bee/1900b0aE-inputdata.json" "Library\Bee\buildprogram0.traceevents"
WorkingDir: C:/Users/Oswel Cardona/OneDrive/Documents/GitHub/scape-from-utp-juego
ExitCode: 4 Duration: 0s314ms
Rebuilding DAG because FileSignature timestamp changed: C:/Program Files/Unity/Hub/Editor/6000.5.0f1/Editor/Data/BCLExtensions/TargetingPacks/netstandard2.1/data/FrameworkList.xml
*** Tundra requires additional run (0.21 seconds), 14 items updated, 7 evaluated
ExitCode: 0 Duration: 2s502ms
Starting: C:\Unity Editors\6000.5.0f1\Editor\Data\Tools\BuildPipeline\bee_backend.exe --ipc --defer-dag-verification --dagfile="Library/Bee/1900b0aE.dag" --continue-on-failure --dagfilejson="Library\Bee\1900b0aE.dag.json" --profile="Library/Bee/backend2.traceevents" ScriptAssemblies
WorkingDir: C:/Users/Oswel Cardona/OneDrive/Documents/GitHub/scape-from-utp-juego
ExitCode: 0 Duration: 20s
Finished compiling graph: 243 nodes, 2160 flattened edges (2046 ToBuild, 20 ToUse), maximum node priority 109
[           0s] Delete 137 artifact files that are no longer in use. (like Library\Bee\artifacts\mvdfrm\UnityEditor.dll_359D0B8545E5C92E.mvfrm)
[  1/240    0s] MovedFromExtractor Library/Bee/artifacts/mvdfrm/UnityEditor.ShaderBuildSettingsModule.dll_20AEE753901640A2.mvfrm
[  2/240    0s] MovedFromExtractor Library/Bee/artifacts/mvdfrm/UnityEditor.SceneTemplateModule.dll_84ABEB5F7AE95C9C.mvfrm
[  3/240    0s] MovedFromExtractor Library/Bee/artifacts/mvdfrm/UnityEditor.ShaderCompilationModule.dll_DB2437D09CFB1874.mvfrm
[  4/240    0s] MovedFromExtractor Library/Bee/artifacts/mvdfrm/UnityEditor.SketchUpModule.dll_09C1BB8850A06615.mvfrm
[  5/240    0s] MovedFromExtractor Library/Bee/artifacts/mvdfrm/UnityEditor.ShaderFoundryModule.dll_C38BBBA29D98D92A.mvfrm
[  6/240    0s] MovedFromExtractor Library/Bee/artifacts/mvdfrm/UnityEditor.SceneViewModule.dll_31493090349D2507.mvfrm
[  7/240    0s] MovedFromExtractor Library/Bee/artifacts/mvdfrm/UnityEngine.WindModule.dll_55A10FA4CB7EB7D1.mvfrm
[  8/240    0s] MovedFromExtractor Library/Bee/artifacts/mvdfrm/UnityEditor.SafeModeModule.dll_21ACD638056EC9FE.mvfrm
[  9/240    0s] MovedFromExtractor Library/Bee/artifacts/mvdfrm/UnityEditor.PresetsUIModule.dll_ADFF866A41D2AFFE.mvfrm
[ 10/240    0s] MovedFromExtractor Library/Bee/artifacts/mvdfrm/UnityEditor.PropertiesModule.dll_6D770EF53DA13111.mvfrm
[ 11/240    0s] MovedFromExtractor Library/Bee/artifacts/mvdfrm/UnityEditor.PhysicsModule.dll_DAE3E9C43C12E57D.mvfrm
[ 12/240    0s] MovedFromExtractor Library/Bee/artifacts/mvdfrm/UnityEditor.QuickSearchModule.dll_2A8C9EAF750EE8BB.mvfrm
[ 13/240    0s] MovedFromExtractor Library/Bee/artifacts/mvdfrm/UnityEditor.QuickInstallModule.dll_721BB4A2169C248C.mvfrm
[ 14/240    0s] MovedFromExtractor Library/Bee/artifacts/mvdfrm/UnityEditor.ProjectAuditorModule.dll_D87A4DE94CDE7AE3.mvfrm
[ 15/240    0s] MovedFromExtractor Library/Bee/artifacts/mvdfrm/UnityEditor.PhysicsCore2DModule.dll_18D43C7A610BF5FE.mvfrm
[ 16/240    0s] MovedFromExtractor Library/Bee/artifacts/mvdfrm/UnityEditor.PlayModeModule.dll_67A0C7F1A437D965.mvfrm
[ 17/240    0s] MovedFromExtractor Library/Bee/artifacts/mvdfrm/UnityEditor.Physics2DModule.dll_57DEC8B8D554724F.mvfrm
[ 18/240    0s] MovedFromExtractor Library/Bee/artifacts/mvdfrm/UnityEditor.MultiplayerModule.dll_E8581E9E7E031AA0.mvfrm
[ 19/240    0s] MovedFromExtractor Library/Bee/artifacts/mvdfrm/UnityEditor.MediaModule.dll_EB2C67A80C9125BA.mvfrm
[ 20/240    0s] MovedFromExtractor Library/Bee/artifacts/mvdfrm/UnityEditor.MathematicsModule.dll_8DC4AFEB39B3845C.mvfrm
[ 21/240    0s] MovedFromExtractor Library/Bee/artifacts/mvdfrm/UnityEditor.HierarchyModule.dll_E00D5463FD5996BB.mvfrm
[ 22/240    0s] MovedFromExtractor Library/Bee/artifacts/mvdfrm/UnityEditor.GridModule.dll_99A27D17AA976434.mvfrm
[ 23/240    0s] MovedFromExtractor Library/Bee/artifacts/mvdfrm/UnityEngine.LocalizationModule.dll_4C5FB34142FD6132.mvfrm
[ 24/240    0s] MovedFromExtractor Library/Bee/artifacts/mvdfrm/UnityEditor.GridAndSnapModule.dll_A93604239F9CA951.mvfrm
[ 25/240    0s] MovedFromExtractor Library/Bee/artifacts/mvdfrm/UnityEditor.EmbreeModule.dll_BAA270D01A451026.mvfrm
[ 26/240    0s] MovedFromExtractor Library/Bee/artifacts/mvdfrm/UnityEditor.GraphicsStateCollectionSerializerModule.dll_538DD1C4F423FC3C.mvfrm
[ 27/240    0s] MovedFromExtractor Library/Bee/artifacts/mvdfrm/UnityEditor.GraphViewModule.dll_F2994D883F7A57F9.mvfrm
[ 28/240    0s] MovedFromExtractor Library/Bee/artifacts/mvdfrm/UnityEditor.GenericRemoteModule.dll_C111BAAA640B2A13.mvfrm
[ 29/240    0s] MovedFromExtractor Library/Bee/artifacts/mvdfrm/UnityEditor.GIModule.dll_52CB2B11E6B96B40.mvfrm
[ 30/240    0s] MovedFromExtractor Library/Bee/artifacts/mvdfrm/UnityEditor.GraphToolkitModule.dll_AF194B0DC5C4E4DE.mvfrm
[ 31/240    0s] MovedFromExtractor Library/Bee/artifacts/mvdfrm/UnityEditor.EditorToolbarModule.dll_610C7AA17BFCB264.mvfrm
[ 32/240    0s] MovedFromExtractor Library/Bee/artifacts/mvdfrm/UnityEditor.DiagnosticsModule.dll_9F7D1DA21C37EC62.mvfrm
[ 33/240    0s] MovedFromExtractor Library/Bee/artifacts/mvdfrm/UnityEditor.DeviceSimulatorModule.dll_B91EE547AA139F14.mvfrm
[ 34/240    0s] WriteText Library/Bee/artifacts/1900b0aE.dag/UnityEngine.UI.rsp2
[ 35/240    0s] MovedFromExtractor Library/Bee/artifacts/mvdfrm/UnityEditor.ContentLoadModule.dll_01C65B5293BE3515.mvfrm
[ 36/240    0s] WriteText Library/Bee/artifacts/1900b0aE.dag/UnityEngine.UI.UnityAdditionalFile.txt
[ 37/240    0s] MovedFromExtractor Library/Bee/artifacts/mvdfrm/UnityEditor.CoreBusinessMetricsModule.dll_98739A24E35E3E5A.mvfrm
[ 38/240    0s] MovedFromExtractor Library/Bee/artifacts/mvdfrm/UnityEditor.BuildProfileModule.dll_933C6662D515B659.mvfrm
[ 39/240    0s] MovedFromExtractor Library/Bee/artifacts/mvdfrm/UnityEditor.ClothModule.dll_8654AB1168617C10.mvfrm
[ 40/240    0s] MovedFromExtractor Library/Bee/artifacts/mvdfrm/UnityEditor.CoreModule.dll_BC3161299242CE3D.mvfrm
[ 41/240    0s] MovedFromExtractor Library/Bee/artifacts/mvdfrm/UnityEditor.AssetComplianceModule.dll_F1F9F53624CF8341.mvfrm
[ 42/240    0s] MovedFromExtractor Library/Bee/artifacts/mvdfrm/UnityEditor.AdaptivePerformanceModule.dll_1888A0AABD170F60.mvfrm
[ 43/240    0s] MovedFromExtractor Library/Bee/artifacts/mvdfrm/UnityEditor.AIModule.dll_BA8EE2044B0A8326.mvfrm
[ 44/240    0s] MovedFromExtractor Library/Bee/artifacts/mvdfrm/UnityEditor.AccessibilityModule.dll_2B1064CF02670114.mvfrm
[ 45/240    0s] MovedFromExtractor Library/Bee/artifacts/mvdfrm/UnityEngine.dll_27E58DB9D38833AD.mvfrm
[ 46/240    0s] MovedFromExtractor Library/Bee/artifacts/mvdfrm/UnityEngine.XRModule.dll_7A01FB4B3DC38F73.mvfrm
[ 47/240    0s] MovedFromExtractor Library/Bee/artifacts/mvdfrm/Unity.Scripting.dll_22141C4DA9E21E74.mvfrm
[ 48/240    0s] MovedFromExtractor Library/Bee/artifacts/mvdfrm/UnityEngine.VideoModule.dll_0AA28EE58253E976.mvfrm
[ 49/240    0s] MovedFromExtractor Library/Bee/artifacts/mvdfrm/UnityEngine.VirtualTexturingModule.dll_C2DFF91A7E55D206.mvfrm
[ 50/240    0s] MovedFromExtractor Library/Bee/artifacts/mvdfrm/UnityEngine.VehiclesModule.dll_9486923803637120.mvfrm
[ 51/240    0s] MovedFromExtractor Library/Bee/artifacts/mvdfrm/UnityEngine.VectorGraphicsModule.dll_E0313B53A638BFD7.mvfrm
[ 52/240    0s] MovedFromExtractor Library/Bee/artifacts/mvdfrm/UnityEngine.UnityWebRequestWWWModule.dll_39D5F9AEF42F4B70.mvfrm
[ 53/240    0s] MovedFromExtractor Library/Bee/artifacts/mvdfrm/UnityEngine.UnityWebRequestTextureModule.dll_C8D9D2FE4F12B474.mvfrm
[ 54/240    0s] MovedFromExtractor Library/Bee/artifacts/mvdfrm/UnityEngine.VFXModule.dll_579FEF60F02D8683.mvfrm
[ 55/240    0s] MovedFromExtractor Library/Bee/artifacts/mvdfrm/UnityEngine.UnityWebRequestModule.dll_3C5CAD13A6E7FF0B.mvfrm
[ 56/240    0s] MovedFromExtractor Library/Bee/artifacts/mvdfrm/UnityEngine.UnityWebRequestAssetBundleModule.dll_7A17A7F11DC255DB.mvfrm
[ 57/240    0s] MovedFromExtractor Library/Bee/artifacts/mvdfrm/UnityEngine.UnityWebRequestAudioModule.dll_E79791F252CE00BF.mvfrm
[ 58/240    0s] MovedFromExtractor Library/Bee/artifacts/mvdfrm/UnityEngine.UnityConsentModule.dll_4D7B8F14018C326E.mvfrm
[ 59/240    0s] MovedFromExtractor Library/Bee/artifacts/mvdfrm/UnityEngine.UnityCurlModule.dll_F43B6AE289EB1E8C.mvfrm
[ 60/240    0s] MovedFromExtractor Library/Bee/artifacts/mvdfrm/UnityEngine.UnityConnectModule.dll_7BD5F7E7F4819C1E.mvfrm
[ 61/240    0s] MovedFromExtractor Library/Bee/artifacts/mvdfrm/UnityEngine.UnityAnalyticsCommonModule.dll_0AD9FB57E64BD485.mvfrm
[ 62/240    0s] MovedFromExtractor Library/Bee/artifacts/mvdfrm/UnityEngine.UnityAnalyticsModule.dll_688975E8C0599B8A.mvfrm
[ 63/240    0s] MovedFromExtractor Library/Bee/artifacts/mvdfrm/UnityEngine.UmbraModule.dll_606DB6934CE87944.mvfrm
[ 64/240    0s] MovedFromExtractor Library/Bee/artifacts/mvdfrm/UnityEngine.UIModule.dll_F47111C112CEBC9D.mvfrm
[ 65/240    0s] MovedFromExtractor Library/Bee/artifacts/mvdfrm/UnityEngine.UIElementsModule.dll_99027758BFDD9FA4.mvfrm
[ 66/240    0s] MovedFromExtractor Library/Bee/artifacts/mvdfrm/UnityEngine.U2DRuntimeModule.dll_65A066B78D0CD9BA.mvfrm
[ 67/240    0s] MovedFromExtractor Library/Bee/artifacts/mvdfrm/UnityEngine.TilemapModule.dll_86A1855E8E9CF6B9.mvfrm
[ 68/240    0s] MovedFromExtractor Library/Bee/artifacts/mvdfrm/UnityEngine.TextRenderingModule.dll_5A8FFFC2463E911A.mvfrm
[ 69/240    0s] MovedFromExtractor Library/Bee/artifacts/mvdfrm/UnityEngine.TextCoreFontEngineModule.dll_272B7DE174EBD5E6.mvfrm
[ 70/240    0s] MovedFromExtractor Library/Bee/artifacts/mvdfrm/UnityEngine.TextCoreTextEngineModule.dll_6F13B453046F8F04.mvfrm
[ 71/240    0s] MovedFromExtractor Library/Bee/artifacts/mvdfrm/UnityEngine.TerrainPhysicsModule.dll_4964ADF22D75441B.mvfrm
[ 72/240    0s] MovedFromExtractor Library/Bee/artifacts/mvdfrm/UnityEngine.TerrainModule.dll_E7A51DDD76E015B0.mvfrm
[ 73/240    0s] MovedFromExtractor Library/Bee/artifacts/mvdfrm/UnityEngine.SubsystemsModule.dll_94C415F0BCB163AD.mvfrm
[ 74/240    0s] MovedFromExtractor Library/Bee/artifacts/mvdfrm/UnityEngine.TLSModule.dll_D6C156F219C01D16.mvfrm
[ 75/240    0s] MovedFromExtractor Library/Bee/artifacts/mvdfrm/UnityEngine.SubstanceModule.dll_525ECB4AB4B1E1EB.mvfrm
[ 76/240    0s] MovedFromExtractor Library/Bee/artifacts/mvdfrm/UnityEngine.StreamingModule.dll_75B3B701695EE3DD.mvfrm
[ 77/240    0s] MovedFromExtractor Library/Bee/artifacts/mvdfrm/UnityEngine.SpriteMaskModule.dll_2A16AF8EEE697B9A.mvfrm
[ 78/240    0s] MovedFromExtractor Library/Bee/artifacts/mvdfrm/UnityEngine.SpriteShapeModule.dll_87D6FEFB8D17D5B7.mvfrm
[ 79/240    0s] MovedFromExtractor Library/Bee/artifacts/mvdfrm/UnityEngine.SharedInternalsModule.dll_AECEE43F13215FDC.mvfrm
[ 80/240    0s] MovedFromExtractor Library/Bee/artifacts/mvdfrm/UnityEngine.ShaderVariantAnalyticsModule.dll_8993F0AEFADEEFEF.mvfrm
[ 81/240    0s] MovedFromExtractor Library/Bee/artifacts/mvdfrm/UnityEngine.ScriptingModule.dll_D8402277995EDB52.mvfrm
[ 82/240    0s] MovedFromExtractor Library/Bee/artifacts/mvdfrm/UnityEngine.ScreenCaptureModule.dll_31508DB78F071125.mvfrm
[ 83/240    0s] MovedFromExtractor Library/Bee/artifacts/mvdfrm/UnityEngine.RuntimeInitializeOnLoadManagerInitializerModule.dll_9D8FF5CCBE6FFCFD.mvfrm
[ 84/240    0s] MovedFromExtractor Library/Bee/artifacts/mvdfrm/UnityEngine.RenderAs2DModule.dll_AF5D3EC31F3F9493.mvfrm
[ 85/240    0s] MovedFromExtractor Library/Bee/artifacts/mvdfrm/UnityEngine.PropertiesModule.dll_6E257C3D3FE54A5C.mvfrm
[ 86/240    0s] MovedFromExtractor Library/Bee/artifacts/mvdfrm/UnityEngine.PhysicsCore2DModule.dll_A5152EA1DA047923.mvfrm
[ 87/240    0s] MovedFromExtractor Library/Bee/artifacts/mvdfrm/UnityEngine.PhysicsModule.dll_CD5EA26EA121CCC2.mvfrm
[ 88/240    0s] MovedFromExtractor Library/Bee/artifacts/mvdfrm/UnityEngine.PhysicsBackendPhysXModule.dll_B32C1CEDDB18A524.mvfrm
[ 89/240    0s] MovedFromExtractor Library/Bee/artifacts/mvdfrm/UnityEngine.Physics2DModule.dll_0DC4B9A1BAD42434.mvfrm
[ 90/240    0s] MovedFromExtractor Library/Bee/artifacts/mvdfrm/UnityEngine.PerformanceReportingModule.dll_6F9B3E13CC633627.mvfrm
[ 91/240    0s] MovedFromExtractor Library/Bee/artifacts/mvdfrm/UnityEngine.ParticleSystemModule.dll_48EA051F1432498E.mvfrm
[ 92/240    0s] MovedFromExtractor Library/Bee/artifacts/mvdfrm/UnityEngine.MultiplayerModule.dll_EE1DEE2D903D2B25.mvfrm
[ 93/240    0s] MovedFromExtractor Library/Bee/artifacts/mvdfrm/UnityEngine.MarshallingModule.dll_16DE7035BB9DCAFF.mvfrm
[ 94/240    0s] MovedFromExtractor Library/Bee/artifacts/mvdfrm/UnityEngine.MathematicsModule.dll_938A7F7A4BED94E1.mvfrm
[ 95/240    0s] MovedFromExtractor Library/Bee/artifacts/mvdfrm/UnityEngine.JSONSerializeModule.dll_1768E0327A9AE4C3.mvfrm
[ 96/240    0s] MovedFromExtractor Library/Bee/artifacts/mvdfrm/UnityEditor.LightingModule.dll_1BB44DB4585A932A.mvfrm
[ 97/240    0s] MovedFromExtractor Library/Bee/artifacts/mvdfrm/UnityEngine.InsightsModule.dll_B68A614913B6F104.mvfrm
[ 98/240    0s] MovedFromExtractor Library/Bee/artifacts/mvdfrm/UnityEngine.InputForUIModule.dll_439C97182D1A82DC.mvfrm
[ 99/240    0s] MovedFromExtractor Library/Bee/artifacts/mvdfrm/UnityEngine.InputLegacyModule.dll_FFBAECBF6F67539E.mvfrm
[100/240    0s] MovedFromExtractor Library/Bee/artifacts/mvdfrm/UnityEngine.InputModule.dll_4C0ED22B35F9F275.mvfrm
[101/240    0s] MovedFromExtractor Library/Bee/artifacts/mvdfrm/UnityEngine.IdentifiersModule.dll_46FF599699EE6BC5.mvfrm
[102/240    0s] MovedFromExtractor Library/Bee/artifacts/mvdfrm/UnityEngine.ImageConversionModule.dll_2ABDA5699BF3648C.mvfrm
[103/240    0s] MovedFromExtractor Library/Bee/artifacts/mvdfrm/UnityEngine.IMGUIModule.dll_1DF8A9E185F361B2.mvfrm
[104/240    0s] MovedFromExtractor Library/Bee/artifacts/mvdfrm/UnityEngine.HotReloadModule.dll_426787B6F50A4821.mvfrm
[105/240    0s] MovedFromExtractor Library/Bee/artifacts/mvdfrm/UnityEngine.HierarchyCoreModule.dll_2E6BF3D0EA0CDD2F.mvfrm
[106/240    0s] MovedFromExtractor Library/Bee/artifacts/mvdfrm/UnityEngine.GameCenterModule.dll_40EA3CFECCF9E620.mvfrm
[107/240    0s] MovedFromExtractor Library/Bee/artifacts/mvdfrm/UnityEngine.GraphicsStateCollectionSerializerModule.dll_5C819EB4C12345A1.mvfrm
[108/240    0s] MovedFromExtractor Library/Bee/artifacts/mvdfrm/UnityEngine.GIModule.dll_9139BCA152369F0B.mvfrm
[109/240    0s] MovedFromExtractor Library/Bee/artifacts/mvdfrm/UnityEngine.GridModule.dll_BCC3506A529CCF5F.mvfrm
[110/240    0s] MovedFromExtractor Library/Bee/artifacts/mvdfrm/UnityEngine.DirectorModule.dll_1CC398B88939A185.mvfrm
[111/240    0s] MovedFromExtractor Library/Bee/artifacts/mvdfrm/UnityEngine.DSPGraphModule.dll_2214FA21FB9A72A6.mvfrm
[112/240    0s] MovedFromExtractor Library/Bee/artifacts/mvdfrm/UnityEngine.CrashReportingModule.dll_F5D7BBD2A620BE00.mvfrm
[113/240    0s] MovedFromExtractor Library/Bee/artifacts/mvdfrm/UnityEngine.ContentLoadModule.dll_078C2AE1A5F8459A.mvfrm
[114/240    0s] MovedFromExtractor Library/Bee/artifacts/mvdfrm/UnityEngine.ClusterRendererModule.dll_BECBA7B919CEAC98.mvfrm
[115/240    0s] MovedFromExtractor Library/Bee/artifacts/mvdfrm/UnityEngine.ClusterInputModule.dll_0E12E8EEAB816E39.mvfrm
[116/240    0s] MovedFromExtractor Library/Bee/artifacts/mvdfrm/UnityEngine.CoreModule.dll_DF52347C3A483968.mvfrm
[117/240    0s] MovedFromExtractor Library/Bee/artifacts/mvdfrm/UnityEngine.ClothModule.dll_4C81677599DEACB5.mvfrm
[118/240    0s] MovedFromExtractor Library/Bee/artifacts/mvdfrm/UnityEngine.AssetBundleModule.dll_6E75D1A0D7759DAD.mvfrm
[119/240    0s] MovedFromExtractor Library/Bee/artifacts/mvdfrm/UnityEngine.AudioModule.dll_E5990A7ABFC1CDD1.mvfrm
[120/240    0s] MovedFromExtractor Library/Bee/artifacts/mvdfrm/UnityEngine.AccessibilityModule.dll_B75156F67B5F8439.mvfrm
[121/240    0s] MovedFromExtractor Library/Bee/artifacts/mvdfrm/UnityEngine.AdaptivePerformanceModule.dll_D9183560F85C6265.mvfrm
[122/240    0s] MovedFromExtractor Library/Bee/artifacts/mvdfrm/UnityEngine.AnimationModule.dll_C11EC9B119D72C9F.mvfrm
[123/240    0s] MovedFromExtractor Library/Bee/artifacts/mvdfrm/UnityEngine.AndroidJNIModule.dll_169CF2E406B8F52F.mvfrm
[124/240    0s] MovedFromExtractor Library/Bee/artifacts/mvdfrm/UnityEngine.ARModule.dll_B270389713A515BA.mvfrm
[125/240    0s] MovedFromExtractor Library/Bee/artifacts/mvdfrm/UnityEngine.AIModule.dll_F8FD7393B687B6F1.mvfrm
[126/240    0s] MovedFromExtractor Library/Bee/artifacts/mvdfrm/UnityEditor.dll_F54146E17514A6C8.mvfrm
[127/240    0s] MovedFromExtractor Library/Bee/artifacts/mvdfrm/UnityEditor.XRModule.dll_3B9369BBD2465BA8.mvfrm
[128/240    0s] MovedFromExtractor Library/Bee/artifacts/mvdfrm/UnityEditor.VFXModule.dll_4B7E4D0D807D787E.mvfrm
[129/240    0s] MovedFromExtractor Library/Bee/artifacts/mvdfrm/UnityEditor.VideoModule.dll_4475D28150D6B8D1.mvfrm
[130/240    0s] MovedFromExtractor Library/Bee/artifacts/mvdfrm/UnityEditor.VectorGraphicsModule.dll_250CD9B88A4C2BCC.mvfrm
[131/240    0s] MovedFromExtractor Library/Bee/artifacts/mvdfrm/UnityEditor.UnityConnectModule.dll_8E7673D8F9F99B73.mvfrm
[132/240    0s] MovedFromExtractor Library/Bee/artifacts/mvdfrm/UnityEditor.UmbraModule.dll_9A40FA2F1B6B489F.mvfrm
[133/240    0s] MovedFromExtractor Library/Bee/artifacts/mvdfrm/UnityEditor.UIToolkitAuthoringModule.dll_DC22971B80749ADB.mvfrm
[134/240    0s] MovedFromExtractor Library/Bee/artifacts/mvdfrm/UnityEditor.UIElementsSamplesModule.dll_CF55D558B9F723A4.mvfrm
[135/240    0s] MovedFromExtractor Library/Bee/artifacts/mvdfrm/UnityEditor.UIElementsModule.dll_98540A10BD998659.mvfrm
[136/240    0s] MovedFromExtractor Library/Bee/artifacts/mvdfrm/UnityEditor.UIBuilderModule.dll_4721FAA4B232D12D.mvfrm
[137/240    0s] MovedFromExtractor Library/Bee/artifacts/mvdfrm/UnityEditor.TilemapModule.dll_9426CCB4298E0F74.mvfrm
[138/240    0s] MovedFromExtractor Library/Bee/artifacts/mvdfrm/UnityEditor.UIAutomationModule.dll_43DD555371897F19.mvfrm
[139/240    0s] MovedFromExtractor Library/Bee/artifacts/mvdfrm/UnityEditor.TreeModule.dll_19DD56381A08637C.mvfrm
[140/240    0s] MovedFromExtractor Library/Bee/artifacts/mvdfrm/UnityEditor.U2DModule.dll_7756F7F0B619D8DD.mvfrm
[141/240    0s] MovedFromExtractor Library/Bee/artifacts/mvdfrm/UnityEditor.TextRenderingModule.dll_CE4F0D9ACD460DF5.mvfrm
[142/240    0s] MovedFromExtractor Library/Bee/artifacts/mvdfrm/UnityEditor.TextCoreFontEngineModule.dll_A8CC028E61EE171B.mvfrm
[143/240    0s] WriteText Library/Bee/artifacts/1900b0aE.dag/UnityEngine.UI.dll.mvfrm.rsp
[144/240    0s] WriteText Library/Bee/artifacts/1900b0aE.dag/UnityEngine.UI.rsp
[145/240    0s] WriteText Library/Bee/artifacts/1900b0aE.dag/UnityEditor.UI.UnityAdditionalFile.txt
[146/240    0s] WriteText Library/Bee/artifacts/1900b0aE.dag/UnityEditor.UI.rsp2
[147/240    0s] MovedFromExtractor Library/Bee/artifacts/mvdfrm/UnityEditor.TextCoreTextEngineModule.dll_F0B438FFF171D039.mvfrm
[148/240    0s] MovedFromExtractor Library/Bee/artifacts/mvdfrm/UnityEditor.SpriteShapeModule.dll_82112F6C7ADDC532.mvfrm
[149/240    0s] MovedFromExtractor Library/Bee/artifacts/mvdfrm/UnityEditor.TerrainModule.dll_F52A653311D12E6B.mvfrm
[150/240    0s] WriteText Library/Bee/artifacts/1900b0aE.dag/UnityEditor.UI.dll.mvfrm.rsp
[151/240    0s] WriteText Library/Bee/artifacts/1900b0aE.dag/UnityEditor.UI.rsp
[152/240    0s] WriteText Library/Bee/artifacts/1900b0aE.dag/Unity.InternalAPIEngineBridge.004.UnityAdditionalFile.txt
[153/240    0s] WriteText Library/Bee/artifacts/1900b0aE.dag/Unity.InternalAPIEngineBridge.004.rsp2
[154/240    0s] WriteText Library/Bee/artifacts/1900b0aE.dag/Unity.InternalAPIEngineBridge.004.dll.mvfrm.rsp
[155/240    0s] WriteText Library/Bee/artifacts/1900b0aE.dag/Unity.InternalAPIEngineBridge.004.rsp
[156/240    0s] WriteText Library/Bee/artifacts/1900b0aE.dag/Unity.TextMeshPro.UnityAdditionalFile.txt
[157/240    0s] WriteText Library/Bee/artifacts/1900b0aE.dag/Unity.TextMeshPro.rsp2
[158/240    0s] WriteText Library/Bee/artifacts/1900b0aE.dag/Unity.Multiplayer.Center.Common.UnityAdditionalFile.txt
[159/240    0s] WriteText Library/Bee/artifacts/1900b0aE.dag/Unity.Multiplayer.Center.Common.rsp2
[160/240    0s] WriteText Library/Bee/artifacts/1900b0aE.dag/Unity.TextMeshPro.dll.mvfrm.rsp
[161/240    0s] WriteText Library/Bee/artifacts/1900b0aE.dag/Unity.TextMeshPro.rsp
[162/240    0s] WriteText Library/Bee/artifacts/1900b0aE.dag/Unity.Multiplayer.Center.Common.dll.mvfrm.rsp
[163/240    0s] WriteText Library/Bee/artifacts/1900b0aE.dag/Unity.Multiplayer.Center.Common.rsp
[164/240    0s] WriteText Library/Bee/artifacts/1900b0aE.dag/Unity.2D.Sprite.Editor.UnityAdditionalFile.txt
[165/240    0s] WriteText Library/Bee/artifacts/1900b0aE.dag/Unity.Multiplayer.Center.Editor.UnityAdditionalFile.txt
[166/240    0s] WriteText Library/Bee/artifacts/1900b0aE.dag/Unity.2D.Sprite.Editor.rsp2
[167/240    0s] WriteText Library/Bee/artifacts/1900b0aE.dag/Unity.Multiplayer.Center.Editor.rsp2
[168/240    0s] WriteText Library/Bee/artifacts/1900b0aE.dag/Unity.TextMeshPro.Editor.rsp2
[169/240    0s] WriteText Library/Bee/artifacts/1900b0aE.dag/UnityEditor.UI.Analytics.UnityAdditionalFile.txt
[170/240    0s] WriteText Library/Bee/artifacts/1900b0aE.dag/UnityEditor.UI.Analytics.rsp2
[171/240    0s] WriteText Library/Bee/artifacts/1900b0aE.dag/Unity.TextMeshPro.Editor.UnityAdditionalFile.txt
[172/240    0s] WriteText Library/Bee/artifacts/1900b0aE.dag/Unity.2D.Sprite.Editor.dll.mvfrm.rsp
[173/240    0s] WriteText Library/Bee/artifacts/1900b0aE.dag/Unity.Multiplayer.Center.Editor.dll.mvfrm.rsp
[174/240    0s] WriteText Library/Bee/artifacts/1900b0aE.dag/Unity.TextMeshPro.Editor.dll.mvfrm.rsp
[175/240    0s] WriteText Library/Bee/artifacts/1900b0aE.dag/UnityEditor.UI.Analytics.dll.mvfrm.rsp
[176/240    0s] WriteText Library/Bee/artifacts/1900b0aE.dag/Unity.2D.Sprite.Editor.rsp
[177/240    0s] WriteText Library/Bee/artifacts/1900b0aE.dag/Unity.Multiplayer.Center.Editor.rsp
[178/240    0s] WriteText Library/Bee/artifacts/1900b0aE.dag/Unity.TextMeshPro.Editor.rsp
[179/240    0s] WriteText Library/Bee/artifacts/1900b0aE.dag/UnityEditor.UI.Analytics.rsp
[181/240    0s] WriteText Library/Bee/artifacts/1900b0aE.dag/Assembly-CSharp.UnityAdditionalFile.txt
[182/240    0s] WriteText Library/Bee/artifacts/1900b0aE.dag/Assembly-CSharp.dll.mvfrm.rsp
[183/240    0s] WriteText Library/Bee/artifacts/1900b0aE.dag/Assembly-CSharp.rsp
[184/240    0s] MovedFromExtractor Library/Bee/artifacts/mvdfrm/UnityEditor.WindowsStandalone.Extensions.dll_4B7FDAAFC95A5C33.mvfrm
[185/240    0s] MovedFromExtractor Library/Bee/artifacts/mvdfrm/UnityEditor.SubstanceModule.dll_9C78DA61CF323006.mvfrm
[186/240    0s] MovedFromExtractor Library/Bee/artifacts/mvdfrm/UnityEditor.SpriteMaskModule.dll_29684246EC25624F.mvfrm
[187/240    0s] MovedFromExtractor Library/Bee/artifacts/mvdfrm/UnityEngine.HierarchyModule.dll_95F3454CE2D948A0.mvfrm
[188/240    0s] MovedFromExtractor Library/Bee/artifacts/mvdfrm/UnityEditor.Graphs.dll_250BA7C8D5C6DB6F.mvfrm
[189/240    0s] MovedFromExtractor Library/Bee/artifacts/mvdfrm/UnityEngine.NVIDIAModule.dll_12B388B777E22AD4.mvfrm
[190/240    0s] MovedFromExtractor Library/Bee/artifacts/mvdfrm/UnityEngine.AMDModule.dll_D831938CF28FA1C3.mvfrm
[191/240    0s] MovedFromExtractor-Combine Library/Bee/artifacts/1900b0aE.dag/UnityEngine.UI.dll.mvfrm
[           0s] Csc Library/Bee/artifacts/1900b0aE.dag/UnityEngine.UI.dll (+2 others) [CacheMiss 56e6dc6645548e6e17f51bc74c532eac00000000000000000000000000000006]
[192/240    3s] Csc Library/Bee/artifacts/1900b0aE.dag/UnityEngine.UI.dll (+2 others)
[           0s] Csc Library/Bee/artifacts/1900b0aE.dag/UnityEngine.UI.dll (+2 others) [CacheWrite 56e6dc6645548e6e17f51bc74c532eac00000000000000000000000000000006]
[193/240    0s] CopyFiles Library/ScriptAssemblies/UnityEngine.UI.pdb
[194/240    0s] CopyFiles Library/ScriptAssemblies/UnityEngine.UI.dll
[195/240    0s] MovedFromExtractor Library/Bee/artifacts/mvdfrm/UnityEngine.UI.ref.dll_08FEAA520A2EFD60.mvfrm
[196/240    0s] MovedFromExtractor-Combine Library/Bee/artifacts/1900b0aE.dag/UnityEditor.UI.dll.mvfrm
[           0s] Csc Library/Bee/artifacts/1900b0aE.dag/UnityEditor.UI.dll (+2 others) [CacheMiss 441e338bc4eba3756e49a5d6625ae96800000000000000000000000000000006]
[197/240    0s] Csc Library/Bee/artifacts/1900b0aE.dag/UnityEditor.UI.dll (+2 others)
[           0s] Csc Library/Bee/artifacts/1900b0aE.dag/UnityEditor.UI.dll (+2 others) [CacheWrite 441e338bc4eba3756e49a5d6625ae96800000000000000000000000000000006]
[198/240    0s] CopyFiles Library/ScriptAssemblies/UnityEditor.UI.pdb
[199/240    0s] MovedFromExtractor Library/Bee/artifacts/mvdfrm/UnityEditor.UI.ref.dll_4C98D3F7040CD4F5.mvfrm
[200/240    0s] MovedFromExtractor-Combine Library/Bee/artifacts/1900b0aE.dag/Unity.2D.Sprite.Editor.dll.mvfrm
[201/240    0s] MovedFromExtractor-Combine Library/Bee/artifacts/1900b0aE.dag/Unity.Multiplayer.Center.Common.dll.mvfrm
[202/240    0s] MovedFromExtractor-Combine Library/Bee/artifacts/1900b0aE.dag/Unity.InternalAPIEngineBridge.004.dll.mvfrm
[           0s] Csc Library/Bee/artifacts/1900b0aE.dag/Unity.2D.Sprite.Editor.dll (+2 others) [CacheMiss 5545fe26e7cad2adcf512a33397e523800000000000000000000000000000006]
[           0s] Csc Library/Bee/artifacts/1900b0aE.dag/Unity.Multiplayer.Center.Common.dll (+2 others) [CacheMiss 5ee2db5efbb99220a089d7e46ebf170900000000000000000000000000000006]
[           0s] Csc Library/Bee/artifacts/1900b0aE.dag/Unity.InternalAPIEngineBridge.004.dll (+2 others) [CacheMiss 74cdc16fcead0190266cee91387a391200000000000000000000000000000006]
[203/240    0s] CopyFiles Library/ScriptAssemblies/UnityEditor.UI.dll
[204/240    0s] Csc Library/Bee/artifacts/1900b0aE.dag/Unity.InternalAPIEngineBridge.004.dll (+2 others)
[205/240    0s] Csc Library/Bee/artifacts/1900b0aE.dag/Unity.Multiplayer.Center.Common.dll (+2 others)
[           0s] Csc Library/Bee/artifacts/1900b0aE.dag/Unity.InternalAPIEngineBridge.004.dll (+2 others) [CacheWrite 74cdc16fcead0190266cee91387a391200000000000000000000000000000006]
[           0s] Csc Library/Bee/artifacts/1900b0aE.dag/Unity.Multiplayer.Center.Common.dll (+2 others) [CacheWrite 5ee2db5efbb99220a089d7e46ebf170900000000000000000000000000000006]
[206/240    0s] CopyFiles Library/ScriptAssemblies/Unity.InternalAPIEngineBridge.004.dll
[207/240    0s] CopyFiles Library/ScriptAssemblies/Unity.InternalAPIEngineBridge.004.pdb
[208/240    0s] CopyFiles Library/ScriptAssemblies/Unity.Multiplayer.Center.Common.pdb
[209/240    0s] CopyFiles Library/ScriptAssemblies/Unity.Multiplayer.Center.Common.dll
[210/240    0s] MovedFromExtractor Library/Bee/artifacts/mvdfrm/Unity.Multiplayer.Center.Common.ref.dll_EE36537354EA42C8.mvfrm
[211/240    0s] MovedFromExtractor Library/Bee/artifacts/mvdfrm/Unity.InternalAPIEngineBridge.004.ref.dll_9F91F1CFF2D20E26.mvfrm
[212/240    0s] MovedFromExtractor-Combine Library/Bee/artifacts/1900b0aE.dag/Unity.Multiplayer.Center.Editor.dll.mvfrm
[           0s] Csc Library/Bee/artifacts/1900b0aE.dag/Unity.Multiplayer.Center.Editor.dll (+2 others) [CacheMiss 8ebaf75d5d33fd62fdd1e27e7b5552bd00000000000000000000000000000006]
[213/240    0s] MovedFromExtractor-Combine Library/Bee/artifacts/1900b0aE.dag/Unity.TextMeshPro.dll.mvfrm
[           0s] Csc Library/Bee/artifacts/1900b0aE.dag/Unity.TextMeshPro.dll (+2 others) [CacheMiss 820d74b56d97c97bb8aa7012edacfba500000000000000000000000000000006]
[214/240    1s] Csc Library/Bee/artifacts/1900b0aE.dag/Unity.2D.Sprite.Editor.dll (+2 others)
[           0s] Csc Library/Bee/artifacts/1900b0aE.dag/Unity.2D.Sprite.Editor.dll (+2 others) [CacheWrite 5545fe26e7cad2adcf512a33397e523800000000000000000000000000000006]
[215/240    0s] CopyFiles Library/ScriptAssemblies/Unity.2D.Sprite.Editor.pdb
[216/240    0s] CopyFiles Library/ScriptAssemblies/Unity.2D.Sprite.Editor.dll
[217/240    0s] Csc Library/Bee/artifacts/1900b0aE.dag/Unity.Multiplayer.Center.Editor.dll (+2 others)
[           0s] Csc Library/Bee/artifacts/1900b0aE.dag/Unity.Multiplayer.Center.Editor.dll (+2 others) [CacheWrite 8ebaf75d5d33fd62fdd1e27e7b5552bd00000000000000000000000000000006]
[218/240    0s] MovedFromExtractor Library/Bee/artifacts/mvdfrm/Unity.2D.Sprite.Editor.ref.dll_DDBAA27A82CE9E28.mvfrm
[219/240    0s] CopyFiles Library/ScriptAssemblies/Unity.Multiplayer.Center.Editor.pdb
[220/240    0s] CopyFiles Library/ScriptAssemblies/Unity.Multiplayer.Center.Editor.dll
[221/240    0s] MovedFromExtractor Library/Bee/artifacts/mvdfrm/Unity.Multiplayer.Center.Editor.ref.dll_EB1F4B6E56116D4A.mvfrm
[222/240    1s] Csc Library/Bee/artifacts/1900b0aE.dag/Unity.TextMeshPro.dll (+2 others)
[           0s] Csc Library/Bee/artifacts/1900b0aE.dag/Unity.TextMeshPro.dll (+2 others) [CacheWrite 820d74b56d97c97bb8aa7012edacfba500000000000000000000000000000006]
[223/240    0s] CopyFiles Library/ScriptAssemblies/Unity.TextMeshPro.pdb
[224/240    0s] CopyFiles Library/ScriptAssemblies/Unity.TextMeshPro.dll
[225/240    0s] MovedFromExtractor Library/Bee/artifacts/mvdfrm/Unity.TextMeshPro.ref.dll_84A4293DBDD182DB.mvfrm
[226/240    0s] MovedFromExtractor-Combine Library/Bee/artifacts/1900b0aE.dag/UnityEditor.UI.Analytics.dll.mvfrm
[227/240    0s] MovedFromExtractor-Combine Library/Bee/artifacts/1900b0aE.dag/Unity.TextMeshPro.Editor.dll.mvfrm
[           0s] Csc Library/Bee/artifacts/1900b0aE.dag/UnityEditor.UI.Analytics.dll (+2 others) [CacheMiss ed8291ed8de3aa66274efd9fd7ccb08400000000000000000000000000000006]
[           0s] Csc Library/Bee/artifacts/1900b0aE.dag/Unity.TextMeshPro.Editor.dll (+2 others) [CacheMiss 6e4196b533cbb57da6b646a4f7b11a2800000000000000000000000000000006]
[228/240    0s] Csc Library/Bee/artifacts/1900b0aE.dag/UnityEditor.UI.Analytics.dll (+2 others)
[           0s] Csc Library/Bee/artifacts/1900b0aE.dag/UnityEditor.UI.Analytics.dll (+2 others) [CacheWrite ed8291ed8de3aa66274efd9fd7ccb08400000000000000000000000000000006]
[229/240    0s] CopyFiles Library/ScriptAssemblies/UnityEditor.UI.Analytics.dll
[230/240    0s] CopyFiles Library/ScriptAssemblies/UnityEditor.UI.Analytics.pdb
[231/240    0s] MovedFromExtractor Library/Bee/artifacts/mvdfrm/UnityEditor.UI.Analytics.ref.dll_3B64A5A3A726AD5D.mvfrm
[232/240    0s] Csc Library/Bee/artifacts/1900b0aE.dag/Unity.TextMeshPro.Editor.dll (+2 others)
[           0s] Csc Library/Bee/artifacts/1900b0aE.dag/Unity.TextMeshPro.Editor.dll (+2 others) [CacheWrite 6e4196b533cbb57da6b646a4f7b11a2800000000000000000000000000000006]
[233/240    0s] CopyFiles Library/ScriptAssemblies/Unity.TextMeshPro.Editor.pdb
[234/240    0s] MovedFromExtractor Library/Bee/artifacts/mvdfrm/Unity.TextMeshPro.Editor.ref.dll_159E061D77A10B86.mvfrm
[235/240    0s] MovedFromExtractor-Combine Library/Bee/artifacts/1900b0aE.dag/Assembly-CSharp.dll.mvfrm
[236/240    0s] Csc Library/Bee/artifacts/1900b0aE.dag/Assembly-CSharp.dll (+2 others)
[237/240    0s] CopyFiles Library/ScriptAssemblies/Assembly-CSharp.dll
[238/240    0s] CopyFiles Library/ScriptAssemblies/Assembly-CSharp.pdb
[239/240    0s] CopyFiles Library/ScriptAssemblies/Unity.TextMeshPro.Editor.dll
*** Tundra build success (20.95 seconds), 238 items updated, 240 evaluated
Total cache size 40845628
Total cache size after purge 40845628, took 00:00:00.1206951
AssetDatabase: script compilation time: 26.926024s
Begin MonoManager ReloadAssembly
Importing 'GUID: 00000000000000002000000000000000 - Path: ProjectSettings/InputManager.asset' with importer (LibraryAssetImporter)
Imported 'GUID: 00000000000000002000000000000000' -> (Import Result ID: '066489c8afb6c38ba445ee068d1b1ddc') in 0.046 seconds [static dependencies only]. Details - ImportResultOutputID=0290babc70dea6fa2c98f564a251f1f8 DependenciesID=96b9d86faebbda27390899bf82e6a4fe StaticDependenciesID=a819cc153f9a909a1659e9d6be4ee3ff 
Importing 'GUID: 00000000000000003000000000000000 - Path: ProjectSettings/TagManager.asset' with importer (LibraryAssetImporter)
Imported 'GUID: 00000000000000003000000000000000' -> (Import Result ID: 'eeb9d4bf470b161a2cf8e20109674439') in 0.008 seconds [static dependencies only]. Details - ImportResultOutputID=fd6696bcbef029973bb12ace65e33982 DependenciesID=1ccd86afc6948f6c09f960734dfc23bc StaticDependenciesID=836c03b06352f1bcb942b7f7647232d9 
Importing 'GUID: 00000000000000004000000000000000 - Path: ProjectSettings/ProjectSettings.asset' with importer (LibraryAssetImporter)
Imported 'GUID: 00000000000000004000000000000000' -> (Import Result ID: '34242e2d390a175a5e7794be96b209d1') in 0.001 seconds [static dependencies only]. Details - ImportResultOutputID=276a810dac73e1f29404d5e5f692e214 DependenciesID=4e353853f2bd88c82e482c98b9f8d7d4 StaticDependenciesID=304d58d3f24d87bee032ec05bfb330fa 
Importing 'GUID: 00000000000000006000000000000000 - Path: ProjectSettings/AudioManager.asset' with importer (LibraryAssetImporter)
Imported 'GUID: 00000000000000006000000000000000' -> (Import Result ID: '267fe03007c6632b7379b56c633b722d') in 0.001 seconds [static dependencies only]. Details - ImportResultOutputID=acca44841ee8003c72d524064efb6e35 DependenciesID=a71a58753d87cd72fe767341614d2166 StaticDependenciesID=e96d5e218a01b19b3672dd88e6cf87a1 
Importing 'GUID: 00000000000000007000000000000000 - Path: ProjectSettings/TimeManager.asset' with importer (LibraryAssetImporter)
Imported 'GUID: 00000000000000007000000000000000' -> (Import Result ID: '0a60df3c20d93b723ae0b35ded6c2a63') in 0.001 seconds [static dependencies only]. Details - ImportResultOutputID=bcbe57e6eed4f14d697ceae3e9a4ee48 DependenciesID=50b65264b9bb240314e092a3620af00b StaticDependenciesID=47e7cd4ba931b595a0bce618b57fd01d 
Importing 'GUID: 00000000000000008000000000000000 - Path: ProjectSettings/DynamicsManager.asset' with importer (LibraryAssetImporter)
Imported 'GUID: 00000000000000008000000000000000' -> (Import Result ID: '02efe62c9ed3749ab9cec6d097892d59') in 0.001 seconds [static dependencies only]. Details - ImportResultOutputID=af765d07e318cf68f695edacf91778bd DependenciesID=2b45fcae813f302d806b4f1ec3374c4d StaticDependenciesID=ebc0a92d8af4bb518e7ae866ccaab55f 
Importing 'GUID: 00000000000000009000000000000000 - Path: ProjectSettings/QualitySettings.asset' with importer (LibraryAssetImporter)
Imported 'GUID: 00000000000000009000000000000000' -> (Import Result ID: '9a10a44ea2899d5322e76596960c0c12') in 0.002 seconds [static dependencies only]. Details - ImportResultOutputID=7b12711da11c94ad897442b4820d3f7b DependenciesID=4b9edf5a6fde83c7e59ce271cd623904 StaticDependenciesID=2d78082e6b042ac96c9e20b6e6e81f2d 
Importing 'GUID: 0000000000000000b000000000000000 - Path: ProjectSettings/EditorBuildSettings.asset' with importer (LibraryAssetImporter)
Imported 'GUID: 0000000000000000b000000000000000' -> (Import Result ID: '1976f1da007a54f5ec829fa181acae5a') in 0.001 seconds [static dependencies only]. Details - ImportResultOutputID=4647dd083cfc32cebcd7526e8846440c DependenciesID=48fa7c81d1dfcac113c1e020e921b4a8 StaticDependenciesID=ff4539931f826b5963d91bb0c7cd2573 
Importing 'GUID: 0000000000000000c000000000000000 - Path: ProjectSettings/EditorSettings.asset' with importer (LibraryAssetImporter)
Imported 'GUID: 0000000000000000c000000000000000' -> (Import Result ID: '74777b9fbb8d9bef482477788b7909c5') in 0.002 seconds [static dependencies only]. Details - ImportResultOutputID=fc08cc28cef36a03227c22ef67b54535 DependenciesID=bf11c21c87d9082b9d27cb8b4dce4cf3 StaticDependenciesID=9e8abf434be54674788470448c3b4c2b 
Importing 'GUID: 00000000000000004100000000000000 - Path: ProjectSettings/NavMeshAreas.asset' with importer (LibraryAssetImporter)
Imported 'GUID: 00000000000000004100000000000000' -> (Import Result ID: 'e31f50702c7b8e68dd2168fe8bd964ea') in 0.001 seconds [static dependencies only]. Details - ImportResultOutputID=90afd57cd2fd79df9534381ff5673272 DependenciesID=1ac24e485698ab387aef910ba13b9e8f StaticDependenciesID=a2a3ab8c7d0fbb3870236fae267ea2f9 
Importing 'GUID: 00000000000000005100000000000000 - Path: ProjectSettings/Physics2DSettings.asset' with importer (LibraryAssetImporter)
Imported 'GUID: 00000000000000005100000000000000' -> (Import Result ID: '6f6946c701cae6c8d3565647c9af0adb') in 0.001 seconds [static dependencies only]. Details - ImportResultOutputID=51a8098361d5b0c1ab07bfc06e51f152 DependenciesID=a3c6a2585dd089b2e6472ccf0702028e StaticDependenciesID=8fa4e4cbc19fa8820d725e5e587dba6b 
Importing 'GUID: 00000000000000006100000000000000 - Path: ProjectSettings/GraphicsSettings.asset' with importer (LibraryAssetImporter)
Imported 'GUID: 00000000000000006100000000000000' -> (Import Result ID: '8166d0f83121756178a753b9d2eb6114') in 0.001 seconds [static dependencies only]. Details - ImportResultOutputID=f9600466f06a676b7a4f639f6629ea48 DependenciesID=c70e9a83256eee76d439c4f363db000a StaticDependenciesID=b66d072863e3c1d67531de65e6538b50 
Importing 'GUID: 00000000000000007100000000000000 - Path: ProjectSettings/ClusterInputManager.asset' with importer (LibraryAssetImporter)
Imported 'GUID: 00000000000000007100000000000000' -> (Import Result ID: '98df8fe07f74a43636e12ba0b1dff325') in 0.001 seconds [static dependencies only]. Details - ImportResultOutputID=8ce0cedd10b8cd8471ed9838bfc872ed DependenciesID=301d2e79b9cea8c2e09ddfe7eb603702 StaticDependenciesID=a4e674332c32893975d6fb27021957ee 
Importing 'GUID: 0000000000000000a100000000000000 - Path: ProjectSettings/UnityConnectSettings.asset' with importer (LibraryAssetImporter)
Imported 'GUID: 0000000000000000a100000000000000' -> (Import Result ID: '2634e3eb62b3fca8d90b10940f3b2c5e') in 0.001 seconds [static dependencies only]. Details - ImportResultOutputID=1989c27f310e62ee2c72d63f16a698d0 DependenciesID=17dacb10d1b65a95821e1a79ebdbcde5 StaticDependenciesID=bc8eee46cb26771f9c0a8ef851e008b6 
Importing 'GUID: 0000000000000000b100000000000000 - Path: ProjectSettings/PresetManager.asset' with importer (LibraryAssetImporter)
Imported 'GUID: 0000000000000000b100000000000000' -> (Import Result ID: 'eff0b076cc50aa251a41c786a59fa98b') in 0.001 seconds [static dependencies only]. Details - ImportResultOutputID=d271a469f14af9d29dbd89abc966f7ef DependenciesID=c09356504a645f13590159c4dd0e0dde StaticDependenciesID=df9d007f7f046b433cd723615d666307 
Importing 'GUID: 0000000000000000c100000000000000 - Path: ProjectSettings/VFXManager.asset' with importer (LibraryAssetImporter)
Imported 'GUID: 0000000000000000c100000000000000' -> (Import Result ID: '71922488826273df871f003f093a936c') in 0.001 seconds [static dependencies only]. Details - ImportResultOutputID=d5b1cc1b236d3087c4a5fc9e9cb18618 DependenciesID=ed8958b0d19e15ae5904deb4308242d7 StaticDependenciesID=137e8b8e1996c5471f6058ca4efd87d7 
Importing 'GUID: 0000000000000000d100000000000000 - Path: ProjectSettings/VersionControlSettings.asset' with importer (LibraryAssetImporter)
Imported 'GUID: 0000000000000000d100000000000000' -> (Import Result ID: 'd27f353fbd4ff1f73b0687b74f5d991f') in 0.001 seconds [static dependencies only]. Details - ImportResultOutputID=0a19189542c4b1aa9afad4d76b36cbef DependenciesID=f00364dcb6cb50f2625ab809a5979749 StaticDependenciesID=311985edc9778dea0eea5a80fb8121ad 
Importing 'GUID: 0000000000000000f100000000000000 - Path: ProjectSettings/MemorySettings.asset' with importer (LibraryAssetImporter)
Imported 'GUID: 0000000000000000f100000000000000' -> (Import Result ID: '95a39557e038cf9d54aca77b3813f6d4') in 0.001 seconds [static dependencies only]. Details - ImportResultOutputID=078c9215d0d3f7dcc6c2ea9c2e21e93e DependenciesID=b6341840a03cd29036a25b7114cda0f3 StaticDependenciesID=939345b871cf3075b651cd238bb09279 
Importing 'GUID: 00000000000000000200000000000000 - Path: ProjectSettings/MultiplayerManager.asset' with importer (LibraryAssetImporter)
Imported 'GUID: 00000000000000000200000000000000' -> (Import Result ID: '4e5603154301120f727ec0f9b8e08b8c') in 0.001 seconds [static dependencies only]. Details - ImportResultOutputID=cc8bc420ff0fb13a9534be625b324364 DependenciesID=70ec0d979ef7f2aca9f1ace523af600d StaticDependenciesID=1be8fcd5061d1ac5c37e35dd053acd9c 
Importing 'GUID: 00000000000000001200000000000000 - Path: ProjectSettings/PhysicsCoreProjectSettings2D.asset' with importer (LibraryAssetImporter)
Imported 'GUID: 00000000000000001200000000000000' -> (Import Result ID: '2b34bb3d68c948220fc6148ebb8fd062') in 0.001 seconds [static dependencies only]. Details - ImportResultOutputID=07b8874da21d0d67c4347d012422ba62 DependenciesID=9ca899b70a0692e662271818c372f15c StaticDependenciesID=2c23969f5eba68823056cfe465056763 
Importing 'GUID: b136ee031888c9746af372658d067171 - Path: Assets/Personaje 1' with importer (DefaultImporter)
Imported 'GUID: b136ee031888c9746af372658d067171' -> (Import Result ID: 'cfe1c539418c9b4bd517b81665eb86d4') in 0.005 seconds [static dependencies only]. Details - ImportResultOutputID=41bfa677bbb847442a6bddb713a69439 DependenciesID=14b55468b605826f1240dd655ae80573 StaticDependenciesID=4b328763578ea16179818ff36646f23d 
Importing 'GUID: 1229d781143f9554fa7e799203edebb7 - Path: Assets/Scripts' with importer (DefaultImporter)
Imported 'GUID: 1229d781143f9554fa7e799203edebb7' -> (Import Result ID: '60ce1551b4376337fc5f0b44158f3479') in 0.005 seconds [static dependencies only]. Details - ImportResultOutputID=424a14147f52b8a38d088fb174376c98 DependenciesID=28c65e6dec57eca19b3bd35f3470c074 StaticDependenciesID=85de1dff958a350acfb08ef4cf5c8f55 
Importing 'GUID: e380d460a6826434db0aee0e06ee9eb8 - Path: Assets/3 PERSONAJES' with importer (DefaultImporter)
Imported 'GUID: e380d460a6826434db0aee0e06ee9eb8' -> (Import Result ID: '5e823166a41aae4294a5ee42cc1534f2') in 0.004 seconds [static dependencies only]. Details - ImportResultOutputID=3ff665d337f67a9c9722b44a3f7d0e9f DependenciesID=0cbba0373984dc9189b26f2d96d1f09c StaticDependenciesID=d589c9847940429dd91487aa1a85cb6f 
Importing 'GUID: b40f15c94bf09294fbf40ab09c66c4ca - Path: Assets/Scenes' with importer (DefaultImporter)
Imported 'GUID: b40f15c94bf09294fbf40ab09c66c4ca' -> (Import Result ID: 'edeb037c697bf93d8ff31835fb7094a4') in 0.014 seconds [static dependencies only]. Details - ImportResultOutputID=847fef8fd6829ba1d27665b565e5648f DependenciesID=3a9ec530064e04b749deed4660dd93e9 StaticDependenciesID=1d34e547371c8b463784eb2e31f8a000 
Importing 'GUID: 35dd2c3c68eb9e34fb7e001c18399185 - Path: Assets/Sistema de puntuacion' with importer (DefaultImporter)
Imported 'GUID: 35dd2c3c68eb9e34fb7e001c18399185' -> (Import Result ID: '8a6c66ed3d54e745a92dc2d17b9558dc') in 0.014 seconds [static dependencies only]. Details - ImportResultOutputID=285c5e5aa08e4dcfbc1b41e92b15f5f8 DependenciesID=fee651fcb20c3d8ddb7407cdc19644b3 StaticDependenciesID=eec3a5b15c9d0715131c4db2fc3c5832 
Importing 'GUID: 76aa884e8860d3943aa9a963621bb26c - Path: Assets/Suelos' with importer (DefaultImporter)
Imported 'GUID: 76aa884e8860d3943aa9a963621bb26c' -> (Import Result ID: 'd04a434f875df09e76a341c87a6ae5d1') in 0.004 seconds [static dependencies only]. Details - ImportResultOutputID=36e8cbee066b3482b056c9c546107f5a DependenciesID=dc27adb002579a86eb61f9b07dd4b4c6 StaticDependenciesID=8e85394a07c58e92a887355e1be6d51c 
Importing 'GUID: 58402955b43dbdf459dbf60fe9386aa8 - Path: Assets/Fondos' with importer (DefaultImporter)
Imported 'GUID: 58402955b43dbdf459dbf60fe9386aa8' -> (Import Result ID: 'bfe45914dd72e4ac9c4929ae75c0a888') in 0.004 seconds [static dependencies only]. Details - ImportResultOutputID=14f026c6a8fa0d45e0c8892236a36a34 DependenciesID=0e41a68e69807b6910ed9e28b18fc2f1 StaticDependenciesID=28533a9617c17fadf302c6b183e4c13b 
Importing 'GUID: d1a0a27327b54c3bac52a08929c33f81 - Path: Packages/com.unity.ugui/Editor Resources' with importer (DefaultImporter)
Imported 'GUID: d1a0a27327b54c3bac52a08929c33f81' -> (Import Result ID: '7d403d631c9e4f281435ff464bb75fe7') in 0.006 seconds [static dependencies only]. Details - ImportResultOutputID=695664e202fc795a75462811fbd33121 DependenciesID=4a9e73bbe944820b8fe816545a90643c StaticDependenciesID=58e8dd79501874321644eeb0665dff5b 
Importing 'GUID: 72aad6ae0dafb492cbf852432441bb38 - Path: Packages/com.unity.multiplayer.center/Editor' with importer (DefaultImporter)
Imported 'GUID: 72aad6ae0dafb492cbf852432441bb38' -> (Import Result ID: '6a434026fc8f574d24663d8ceb707253') in 0.003 seconds [static dependencies only]. Details - ImportResultOutputID=fd813adfe6f53e0e5a3fd1bde50dd9b3 DependenciesID=1b839f80b470a7b98ef7cbdb196420cd StaticDependenciesID=102b4185e3c2770b0e212b5c0cde022f 
Importing 'GUID: f247964bd405431fbd31840f97bef608 - Path: Packages/com.unity.multiplayer.center/Common' with importer (DefaultImporter)
Imported 'GUID: f247964bd405431fbd31840f97bef608' -> (Import Result ID: 'd02ca750b0d9e304bf3bff9ee8d90a24') in 0.004 seconds [static dependencies only]. Details - ImportResultOutputID=758923f3b917a744e934a49667168e4f DependenciesID=6d6b65b33feee46b57b63a25e6059a40 StaticDependenciesID=face2a1977c8e0a594dc36ea6c8848e8 
Importing 'GUID: 16fa2ad734f422245b86558310973ad1 - Path: Packages/com.unity.2d.sprite/Editor' with importer (DefaultImporter)
Imported 'GUID: 16fa2ad734f422245b86558310973ad1' -> (Import Result ID: 'beb1f14b38e678f8c2ea8acede662811') in 0.002 seconds [static dependencies only]. Details - ImportResultOutputID=ac55e04cd8a29cce981cbefa60af4073 DependenciesID=bfb3e5ff59c5fbfa295cdadc4cb53699 StaticDependenciesID=55c99b74c634e9a58967f6f15709b088 
Importing 'GUID: d850db319a63d2546932ff76fe55a498 - Path: Packages/com.unity.ugui/Tests' with importer (DefaultImporter)
Imported 'GUID: d850db319a63d2546932ff76fe55a498' -> (Import Result ID: '28f07714393753c2ee4d10da80ad82e1') in 0.003 seconds [static dependencies only]. Details - ImportResultOutputID=abceecebbc57ab2f2a42971575985de8 DependenciesID=9243362c5601554b754a1b304403be20 StaticDependenciesID=df2ada5100d06b422bc150cb4e83a162 
Importing 'GUID: aa14b70e6a58c5b4fa6663623e3dca91 - Path: Packages/com.unity.ugui/Runtime' with importer (DefaultImporter)
Imported 'GUID: aa14b70e6a58c5b4fa6663623e3dca91' -> (Import Result ID: '8ceb73813a6b9e355ebac1686659ef5e') in 0.003 seconds [static dependencies only]. Details - ImportResultOutputID=edf2cf7cc75f9be7b59d1670d0b363e4 DependenciesID=4dce0499bf8e01a25fe6c90fe71be6a1 StaticDependenciesID=fe8a033933024e95979fcbcbf61ada07 
Importing 'GUID: baf75c9d3de4941df9ee5f3dd1d3bc34 - Path: Packages/com.unity.multiplayer.center/Tests' with importer (DefaultImporter)
Imported 'GUID: baf75c9d3de4941df9ee5f3dd1d3bc34' -> (Import Result ID: 'f53d045b97215a2b3bbc124df5e82991') in 0.002 seconds [static dependencies only]. Details - ImportResultOutputID=472be40ede228cb93594a902416e88d6 DependenciesID=49d1713d4dbc26dd1692e3947f5cd9a8 StaticDependenciesID=e925d4732a68ad1b786eef8260a60209 
Importing 'GUID: 5ec95f4d5b2d1f14e9ff8682562553f9 - Path: Packages/com.unity.ugui/Package Resources' with importer (DefaultImporter)
Imported 'GUID: 5ec95f4d5b2d1f14e9ff8682562553f9' -> (Import Result ID: 'a0d79850b2d2f3d1b1ea0d098f20cbdb') in 0.003 seconds [static dependencies only]. Details - ImportResultOutputID=37d5f8fa3807d672ce79f5e231dfd943 DependenciesID=c76ebee28996ef292f8683d22e542b10 StaticDependenciesID=d3621d9d159e3f97ba57da2b4d18bb87 
Importing 'GUID: 7e2656e167a517b4d8552ba38f4b7bbe - Path: Packages/com.unity.2d.sprite/Tests' with importer (DefaultImporter)
Imported 'GUID: 7e2656e167a517b4d8552ba38f4b7bbe' -> (Import Result ID: 'b568fe56e687376c12030cf9d4d075ad') in 0.002 seconds [static dependencies only]. Details - ImportResultOutputID=2c7ee6764a8f07b4613ddcb6e70fe475 DependenciesID=55869346c627d008ca49fdf9133b5adc StaticDependenciesID=f7e97d76be117a5f4a0f3590db6b4811 
Importing 'GUID: bee384ad5b4d1a843a018082e7db53cd - Path: Packages/com.unity.ugui/Editor' with importer (DefaultImporter)
Imported 'GUID: bee384ad5b4d1a843a018082e7db53cd' -> (Import Result ID: 'c1ed074cd99b821b2b36c0cf0cdce2a7') in 0.001 seconds [static dependencies only]. Details - ImportResultOutputID=42520d36d104454aa16867d8198eb466 DependenciesID=58dbc7483cff6baebf5bcbc2b0e83ca5 StaticDependenciesID=cfd96ba95b6eafab94076599fb753236 
Importing 'GUID: 10d1425d9e87841d9a9deafe9e93a6f2 - Path: Packages/com.unity.ugui/Editor/TMP' with importer (DefaultImporter)
Imported 'GUID: 10d1425d9e87841d9a9deafe9e93a6f2' -> (Import Result ID: '5ce2390bc7bb45adb1e9f41a274310e7') in 0.003 seconds [static dependencies only]. Details - ImportResultOutputID=fcd24172dfd83eb509fc77e803a18eea DependenciesID=94e2248a992a635a7148778d240ddca2 StaticDependenciesID=7c41fd7c2aecc09690207cd9fc4454d1 
Importing 'GUID: 20c685e07fa93400e9c30b0326f57bfd - Path: Packages/com.unity.2d.sprite/Editor/Assets' with importer (DefaultImporter)
Imported 'GUID: 20c685e07fa93400e9c30b0326f57bfd' -> (Import Result ID: 'd7b0bb89aa230189da7ea97ec5c805e2') in 0.003 seconds [static dependencies only]. Details - ImportResultOutputID=ed745567ed8f3723d33290b1f6e8fd7e DependenciesID=a6584700bb53d36efba9111677778f51 StaticDependenciesID=b5a507da679eddbd76fab14fdeb977b4 
Importing 'GUID: 21f32d2f4add49b3b11fadb6889a2156 - Path: Packages/com.unity.multiplayer.center/Editor/Analytics' with importer (DefaultImporter)
Imported 'GUID: 21f32d2f4add49b3b11fadb6889a2156' -> (Import Result ID: 'cd3ec0f8761a3a1c862f85aae8e5ded7') in 0.004 seconds [static dependencies only]. Details - ImportResultOutputID=7627045f4445b3bccda132ac184a65c4 DependenciesID=57855af256b338f8e4c461f936f6c3ab StaticDependenciesID=6395898a1a92c88292aa1adc15e2b73a 
Importing 'GUID: 619aadd8f276341ca84d7ad5a9c6db21 - Path: Packages/com.unity.ugui/Runtime/TMP' with importer (DefaultImporter)
Imported 'GUID: 619aadd8f276341ca84d7ad5a9c6db21' -> (Import Result ID: '4683c525cee18785affabb81bfc69e44') in 0.001 seconds [static dependencies only]. Details - ImportResultOutputID=8ba3c278c33727d9fc8cf73ab4ee1324 DependenciesID=25e11673cf3cee41a6d8394b0c8d287c StaticDependenciesID=391fab0e282588edd8a8038203e344e6 
Importing 'GUID: b1c7f0c50b0c1d7458d2d0a50ebfefef - Path: Packages/com.unity.2d.sprite/Editor/Interface' with importer (DefaultImporter)
Imported 'GUID: b1c7f0c50b0c1d7458d2d0a50ebfefef' -> (Import Result ID: 'b183c6199a56a811d0804d8bd4cd190c') in 0.003 seconds [static dependencies only]. Details - ImportResultOutputID=2b48f4f685a243cc441b430bed4477ef DependenciesID=ebce53c5692cb2740575cc5c8da81fc0 StaticDependenciesID=84094cc6cc15641b85891a52b17f1629 
Importing 'GUID: 22d3dbf8d488d49d2b1130d698010dee - Path: Packages/com.unity.multiplayer.center/Editor/Features' with importer (DefaultImporter)
Imported 'GUID: 22d3dbf8d488d49d2b1130d698010dee' -> (Import Result ID: '7b05a0bd64eba63b346a5f38f9f3d60f') in 0.004 seconds [static dependencies only]. Details - ImportResultOutputID=fb074caa7d2abd29e270db3a9b71e3a9 DependenciesID=a8fc13cc24fdd7866a06d0f378f278d5 StaticDependenciesID=e4d2f9b1918cc148fff1997e40660a27 
Importing 'GUID: 93511675f113bf744a830b91761ead82 - Path: Packages/com.unity.2d.sprite/Editor/UI' with importer (DefaultImporter)
Imported 'GUID: 93511675f113bf744a830b91761ead82' -> (Import Result ID: '74ce59e764c806968eca62b7fd13d0d5') in 0.003 seconds [static dependencies only]. Details - ImportResultOutputID=ac08434c0f629cb63214b82f44db6617 DependenciesID=d2b896b286f14270ab5c66ee8db91b40 StaticDependenciesID=6597a411613eb3780ce80792304b1395 
Importing 'GUID: 936bea4b2545c4a4fad2e623b0f6371f - Path: Packages/com.unity.ugui/Tests/Editor' with importer (DefaultImporter)
Imported 'GUID: 936bea4b2545c4a4fad2e623b0f6371f' -> (Import Result ID: '140b27bfd3192c0e2e1f8f2564ba6e88') in 0.003 seconds [static dependencies only]. Details - ImportResultOutputID=6e7dd9e2a1aa209ff560d6a592335c7c DependenciesID=7cec2d8d3f3f1eafbe9719403b66af5f StaticDependenciesID=9d5c92affb8bbe031b093c93493c6ed4 
Importing 'GUID: d32377b23cb0c8b46a545d7014fff425 - Path: Packages/com.unity.2d.sprite/Editor/SpriteEditor' with importer (DefaultImporter)
Imported 'GUID: d32377b23cb0c8b46a545d7014fff425' -> (Import Result ID: 'd9ad79607d2b03c570b9d28c40d2589d') in 0.005 seconds [static dependencies only]. Details - ImportResultOutputID=ceddca0c9edf14f550d2bf06264b1b73 DependenciesID=5d7e4979ac89530a01ff32199d6f6c97 StaticDependenciesID=b46a58625aeebbbb41695617ead24456 
Importing 'GUID: c545241cf2e56ec4997d7677f01ef43d - Path: Packages/com.unity.ugui/Tests/Runtime' with importer (DefaultImporter)
Imported 'GUID: c545241cf2e56ec4997d7677f01ef43d' -> (Import Result ID: '4513a0010c72f067bd4e90a53b9427e2') in 0.002 seconds [static dependencies only]. Details - ImportResultOutputID=23714be275632e43abe8c1d7b3185e3f DependenciesID=5315206920ca1806877d75d92aa17f1f StaticDependenciesID=8898cc8d4026183c169ef0b378436382 
Importing 'GUID: c52726d811a9f66459355df6b0c3977b - Path: Packages/com.unity.ugui/Editor/Analytics' with importer (DefaultImporter)
Imported 'GUID: c52726d811a9f66459355df6b0c3977b' -> (Import Result ID: '6e5519b557f17573d4d686c962f5ac53') in 0.002 seconds [static dependencies only]. Details - ImportResultOutputID=a4fcbdcd7e8b14801fa5403679319dc4 DependenciesID=f1c547ef86e0923be1bc088eaf1225b4 StaticDependenciesID=476ef02c8f0de0cc11ceb2ee183eba81 
Importing 'GUID: 96c71b811fa50403690b154e216fe217 - Path: Packages/com.unity.multiplayer.center/Tests/Editor' with importer (DefaultImporter)
Imported 'GUID: 96c71b811fa50403690b154e216fe217' -> (Import Result ID: '4421fe99e7a32b32f5de4721203a63ba') in 0.002 seconds [static dependencies only]. Details - ImportResultOutputID=c9c8f2de7834bb2ffb0da4bb4f2955fa DependenciesID=901ccc90da3d8093cf4dc13f3cea285f StaticDependenciesID=61c681e6ee9d5cdd5c5338396582af54 
Importing 'GUID: 1726448925bf4bd1af6ca883bae8ff3f - Path: Packages/com.unity.multiplayer.center/Editor/OnBoarding' with importer (DefaultImporter)
Imported 'GUID: 1726448925bf4bd1af6ca883bae8ff3f' -> (Import Result ID: '33ae82e486b66c44dde8ee2f115396fb') in 0.003 seconds [static dependencies only]. Details - ImportResultOutputID=14950a62abf6548e54801ab788e1f49c DependenciesID=647338f8fd460fd8211042e9adae29ec StaticDependenciesID=02c24e83c491f5f39aa94747ab66ad54 
Importing 'GUID: 278b6073a5bdd4362acd72ca43ff9e0d - Path: Packages/com.unity.ugui/Editor/UGUI' with importer (DefaultImporter)
Imported 'GUID: 278b6073a5bdd4362acd72ca43ff9e0d' -> (Import Result ID: 'a5f7ec714fc60bc34a82c2ad513987f0') in 0.004 seconds [static dependencies only]. Details - ImportResultOutputID=32981cfd7c53e5ac7cdf5f6f6552ea5d DependenciesID=d51e761174eb25b95949021e54712dbd StaticDependenciesID=12e79707fa3207c08be03153e1832142 
Importing 'GUID: 97646f506bf040e9bd4568124c8b425e - Path: Packages/com.unity.multiplayer.center/Editor/Recommendations' with importer (DefaultImporter)
Imported 'GUID: 97646f506bf040e9bd4568124c8b425e' -> (Import Result ID: '88699c055c94997b75e0a598f16642f9') in 0.004 seconds [static dependencies only]. Details - ImportResultOutputID=56d8246ba8918c014e8884d34d60ce31 DependenciesID=183f4fe67cb5ba748b011aac5dc778d9 StaticDependenciesID=40bbad636520f9329e79cd866349f799 
Importing 'GUID: a7f089ed51c2345ffb7ac0bc3562453f - Path: Packages/com.unity.multiplayer.center/Editor/Questionnaire' with importer (DefaultImporter)
Imported 'GUID: a7f089ed51c2345ffb7ac0bc3562453f' -> (Import Result ID: '2a9b0df2b0abadff8920e069ba34d626') in 0.004 seconds [static dependencies only]. Details - ImportResultOutputID=961ee9ffe5dc2d5b9b5d9f6c51e99710 DependenciesID=bb245f5bc72d0b7a976b7eb4b833a60f StaticDependenciesID=2fac830d89dbfa842b551a9da9de2e90 
Importing 'GUID: 1817d28a5343b4ec19b4ec7903730e2c - Path: Packages/com.unity.ugui/Runtime/UGUI' with importer (DefaultImporter)
Imported 'GUID: 1817d28a5343b4ec19b4ec7903730e2c' -> (Import Result ID: '17ec632fca655165c9ba0d4cd7b03b55') in 0.001 seconds [static dependencies only]. Details - ImportResultOutputID=b06f593c5ff66d4aa68f7839745ff577 DependenciesID=725d92bf5a8b27ec27e61f928be66882 StaticDependenciesID=1424893586977fd7a8866b1ab3ae00ab 
Importing 'GUID: f8e6a2d47aba4c6c9b3c5a72d9f48da5 - Path: Packages/com.unity.ugui/Editor Resources/Textures' with importer (DefaultImporter)
Imported 'GUID: f8e6a2d47aba4c6c9b3c5a72d9f48da5' -> (Import Result ID: 'f7a449e3a9ef9af0feab300f811da99e') in 0.004 seconds [static dependencies only]. Details - ImportResultOutputID=8cf7045d5f9dd1aae7326268b1ec842f DependenciesID=849b42cfc62253cbebef02ebbfb182a3 StaticDependenciesID=c6bed30ec3da29de825e699aba80c11e 
Importing 'GUID: e93ec7eb6de342aabd156833e253f838 - Path: Packages/com.unity.ugui/Editor Resources/Gizmos' with importer (DefaultImporter)
Imported 'GUID: e93ec7eb6de342aabd156833e253f838' -> (Import Result ID: '7aa8e5ca290fce37c5c1c4b590445995') in 0.003 seconds [static dependencies only]. Details - ImportResultOutputID=743817b4d4f54461c188b303660a9ff3 DependenciesID=5199391e2134c0751d36d52892f3fa05 StaticDependenciesID=7786faf9218c659fa247910d0f05ab82 
Importing 'GUID: 7a102b8a65a8437b961da9f48269e876 - Path: Packages/com.unity.2d.sprite/Editor/Undo' with importer (DefaultImporter)
Imported 'GUID: 7a102b8a65a8437b961da9f48269e876' -> (Import Result ID: 'ddc1cde05eba91e81869956788c1e35e') in 0.003 seconds [static dependencies only]. Details - ImportResultOutputID=fa185a01a4532434ba3db898de91c2cf DependenciesID=fce4a0783f1eb3e7154e2c5beed04340 StaticDependenciesID=7d55368449ab315086e5db0ea828c889 
Importing 'GUID: 7a7dcde6448847648629a13d746ce966 - Path: Packages/com.unity.multiplayer.center/Editor/MultiplayerCenterWindow' with importer (DefaultImporter)
Imported 'GUID: 7a7dcde6448847648629a13d746ce966' -> (Import Result ID: 'a3b298dbf9b8c4fbfc51e21b4d1c5935') in 0.003 seconds [static dependencies only]. Details - ImportResultOutputID=f055dd0afc5a900e3f0e5d75be0487c5 DependenciesID=597ac372b294bf5ec2358007255e3d9b StaticDependenciesID=47936875031dae971519dfb707f69eb5 
Importing 'GUID: bab3a29ab4f214742a44add41efffb7d - Path: Packages/com.unity.ugui/Runtime/InternalBridge' with importer (DefaultImporter)
Imported 'GUID: bab3a29ab4f214742a44add41efffb7d' -> (Import Result ID: 'c22e8bf814441f0b1f4636ba6f24c695') in 0.003 seconds [static dependencies only]. Details - ImportResultOutputID=86a5c7933efe546e3f374d55a299b47f DependenciesID=b6610f9592478eab5ddcb76ac515aac6 StaticDependenciesID=b087b9518ff1eb98007d1c095f6b2195 
Importing 'GUID: ab4bbc8deeeb005438fa5034a454be7b - Path: Packages/com.unity.2d.sprite/Editor/SpriteEditorModule' with importer (DefaultImporter)
Imported 'GUID: ab4bbc8deeeb005438fa5034a454be7b' -> (Import Result ID: 'cad9d1843696e8fa8c79e79a789b0a7b') in 0.004 seconds [static dependencies only]. Details - ImportResultOutputID=fc2310c6f81e4931f0a40a61438d3d50 DependenciesID=ebe0e08010225871278534019525e0dc StaticDependenciesID=951b1a4f02a039ce632fc11678f07ae1 
Importing 'GUID: ccbbef892d435144aa8a0f9fd5ccee51 - Path: Packages/com.unity.2d.sprite/Editor/ShapeEditor' with importer (DefaultImporter)
Imported 'GUID: ccbbef892d435144aa8a0f9fd5ccee51' -> (Import Result ID: '5db11622584a0e1051b05db8019205c0') in 0.003 seconds [static dependencies only]. Details - ImportResultOutputID=3984e2b3eac0ddaa1ea65e388b57ad5e DependenciesID=f04364471573b516fe080cf8eaa6014b StaticDependenciesID=901fb53aec898234c1240faf65d2fac8 
Importing 'GUID: dcc63292bf8cfd543b11bfdebe99cd02 - Path: Packages/com.unity.2d.sprite/Tests/Editor' with importer (DefaultImporter)
Imported 'GUID: dcc63292bf8cfd543b11bfdebe99cd02' -> (Import Result ID: '9735a226a170f6ddd80cb3331c8d76fb') in 0.003 seconds [static dependencies only]. Details - ImportResultOutputID=e65176c621ecf82ea377f930c840e66f DependenciesID=af0066ecf091d17a05398f13a0e80218 StaticDependenciesID=d5ae0f23d0ebe074e0cc2ebaee9d2100 
Importing 'GUID: 2da27f5fe80a3a549ac7331d9f52f5f0 - Path: Packages/com.unity.ugui/Editor Resources/Shaders' with importer (DefaultImporter)
Imported 'GUID: 2da27f5fe80a3a549ac7331d9f52f5f0' -> (Import Result ID: 'e48185fd3e10b4023e799985503bb3ba') in 0.004 seconds [static dependencies only]. Details - ImportResultOutputID=c5ee6abea7cc760dbb172bf171dd2a5a DependenciesID=a9a757e7ec5a889f880cda4f6e4f0746 StaticDependenciesID=a3417d1ec7fa5bed953870f2fdcb490e 
Importing 'GUID: 8e4d240cf158245a9945c4df01d83bc1 - Path: Packages/com.unity.multiplayer.center/Tests/Runtime' with importer (DefaultImporter)
Imported 'GUID: 8e4d240cf158245a9945c4df01d83bc1' -> (Import Result ID: '23baa33bcbf8bf79b0dbc4a1ed2280f6') in 0.002 seconds [static dependencies only]. Details - ImportResultOutputID=8d471bf8668065aa423a9a6138166117 DependenciesID=7dab35e39aab99414b6ba9eca33d6052 StaticDependenciesID=ae880bb0f498cf5a1b2d45be4f557e93 
Importing 'GUID: ffc051df01eb64128a79b31b97748c4c - Path: Packages/com.unity.2d.sprite/Editor/ObjectMenuCreation' with importer (DefaultImporter)
Imported 'GUID: ffc051df01eb64128a79b31b97748c4c' -> (Import Result ID: '13aec1c284f130ce4b25a9482544ea19') in 0.004 seconds [static dependencies only]. Details - ImportResultOutputID=67fc41111afabe6106a4855dbc6b22ff DependenciesID=8b073d8440d63f24e29665443ca581d4 StaticDependenciesID=750fc1bd2cb5ea1e3b2d7f370bdd2690 
Importing 'GUID: 914613548ded44a43a59eb9852503f18 - Path: Packages/com.unity.ugui/Tests/Runtime/TMP' with importer (DefaultImporter)
Imported 'GUID: 914613548ded44a43a59eb9852503f18' -> (Import Result ID: '1ade8b6241367558cde73f50354ade63') in 0.002 seconds [static dependencies only]. Details - ImportResultOutputID=b500f95098bd8afbc140ba73b7eb0a49 DependenciesID=9b0a4f2d51575d1d85ed2ad67b2ead41 StaticDependenciesID=7fec4ba0d37acb06f1bf267e94c613ec 
Importing 'GUID: e1a3bd001331f2049913323736d02a48 - Path: Packages/com.unity.2d.sprite/Editor/SpriteEditorModule/SpriteFrameModule' with importer (DefaultImporter)
Imported 'GUID: e1a3bd001331f2049913323736d02a48' -> (Import Result ID: '47a0331f232bb49105ba79095d22315b') in 0.004 seconds [static dependencies only]. Details - ImportResultOutputID=d1e8730287633b5f5fafbc8605b6dbcd DependenciesID=ba9d13eb507aae97bb6f9c0c622d5270 StaticDependenciesID=f1dbf3f9f3ddc0ab507387d72199a81f 
Importing 'GUID: 32e2186f4598cff489784aae586f2215 - Path: Packages/com.unity.ugui/Runtime/UGUI/Properties' with importer (DefaultImporter)
Imported 'GUID: 32e2186f4598cff489784aae586f2215' -> (Import Result ID: 'e59f221378985a9739d35860146df97f') in 0.004 seconds [static dependencies only]. Details - ImportResultOutputID=a60620db748042d095a7e923ff9e81ec DependenciesID=56ba602dbc7506a8e22853e1535c12ef StaticDependenciesID=82ca048b9dc0dca710482e3de30b460c 
Importing 'GUID: 53caebc5909234b4ebe1fcaf3dc913a5 - Path: Packages/com.unity.ugui/Tests/Runtime/UGUI' with importer (DefaultImporter)
Imported 'GUID: 53caebc5909234b4ebe1fcaf3dc913a5' -> (Import Result ID: '1b80709094c74000b3c6a21f8e7dad4c') in 0.001 seconds [static dependencies only]. Details - ImportResultOutputID=95ad371b8cdb9a294da03dc87e76abaf DependenciesID=dab2a2f8e72777f0f026da82744699d6 StaticDependenciesID=5e7281ee272df06496b15c69eba81111 
Importing 'GUID: 742654cad2425334696ba6ed4495cfef - Path: Packages/com.unity.ugui/Runtime/UGUI/UI' with importer (DefaultImporter)
Imported 'GUID: 742654cad2425334696ba6ed4495cfef' -> (Import Result ID: 'f2fe749eb6ff6cdbd8a8c8f0059ebad3') in 0.002 seconds [static dependencies only]. Details - ImportResultOutputID=8f485f614be7a5de5c0d226177544e64 DependenciesID=c201d588bfff77ccc008d124d2c8a754 StaticDependenciesID=469871edded833f4f22d30c9bfde3504 
Importing 'GUID: 853edc343b78a7c4c81cbb3851d48c0a - Path: Packages/com.unity.ugui/Editor/UGUI/UI' with importer (DefaultImporter)
Imported 'GUID: 853edc343b78a7c4c81cbb3851d48c0a' -> (Import Result ID: 'de1fb79c011e011687b53dcfbc320b29') in 0.002 seconds [static dependencies only]. Details - ImportResultOutputID=817852a677c79b120ebfea9b2a6e2b87 DependenciesID=aea4a02c1ac5fe6ecb081d143a8747e1 StaticDependenciesID=54d398499c6f3f20132449bc5a661ba0 
Importing 'GUID: f525580684527b147b70cf94aaa70dbc - Path: Packages/com.unity.ugui/Editor/UGUI/EventSystem' with importer (DefaultImporter)
Imported 'GUID: f525580684527b147b70cf94aaa70dbc' -> (Import Result ID: 'b74a7c460fcf916adadcd4a1f4546697') in 0.004 seconds [static dependencies only]. Details - ImportResultOutputID=edff13cc3063d13a3ad3adc5db6eeaf3 DependenciesID=a176651a5e51b2b2b4e9c9e0f5a0729c StaticDependenciesID=4cfd7dc695cada86a4adfb178edabcdc 
Importing 'GUID: 77417b0f4cf6d334f916c64448d24133 - Path: Packages/com.unity.ugui/Editor/Analytics/IAnalytic' with importer (DefaultImporter)
Imported 'GUID: 77417b0f4cf6d334f916c64448d24133' -> (Import Result ID: '5d0fb558642804420ea84f9181ef1a45') in 0.005 seconds [static dependencies only]. Details - ImportResultOutputID=ece3f7a2bcd50b0789c1d53c4fb48926 DependenciesID=8b689660c4e3da7065b120a901c0f9b6 StaticDependenciesID=c53ed054a4e4c0f14420a47b9cd0fbd9 
Importing 'GUID: b8f7402084fe2cf4d884952adeac1114 - Path: Packages/com.unity.2d.sprite/Editor/UI/SpriteEditor' with importer (DefaultImporter)
Imported 'GUID: b8f7402084fe2cf4d884952adeac1114' -> (Import Result ID: '289fc92a63d4e8bead8bdd47b124f8d3') in 0.002 seconds [static dependencies only]. Details - ImportResultOutputID=d1b535dc3ba78ddc0f1a3d3e26050bb4 DependenciesID=5763cb34b507f8701fb566724b2efd83 StaticDependenciesID=0d0bba7cd557df1da57bff84b5cf1765 
Importing 'GUID: ea7c31b5b377c314db28ad3fabbbd38d - Path: Packages/com.unity.ugui/Editor/TMP/PropertyDrawers' with importer (DefaultImporter)
Imported 'GUID: ea7c31b5b377c314db28ad3fabbbd38d' -> (Import Result ID: '1d21ea91940a960bc2c9735e6073d0c7') in 0.003 seconds [static dependencies only]. Details - ImportResultOutputID=95a87702fc86b39cbacf451c7f177369 DependenciesID=c14f128020d9f6601582305beb39926a StaticDependenciesID=947854bb2137c843262b01d147c9a017 
Importing 'GUID: fae3ac1997e164d1eba5fa5c417cbefd - Path: Packages/com.unity.ugui/Tests/Editor/UGUI' with importer (DefaultImporter)
Imported 'GUID: fae3ac1997e164d1eba5fa5c417cbefd' -> (Import Result ID: '6cc7714ca7c0b911c6a22ac88ee674c4') in 0.001 seconds [static dependencies only]. Details - ImportResultOutputID=f15c9f61e52059636fa1bfea359a8585 DependenciesID=d127ea0049a197c0f43d6200b2d6f79b StaticDependenciesID=f5f2bba85b69165a8d84feff7669493b 
Importing 'GUID: 9bd34ec3fe8f4aed936c3a0cf2f32e56 - Path: Packages/com.unity.multiplayer.center/Editor/MultiplayerCenterWindow/UI' with importer (DefaultImporter)
Imported 'GUID: 9bd34ec3fe8f4aed936c3a0cf2f32e56' -> (Import Result ID: 'bf7ffe3807617d4a2264b934e0d7b57e') in 0.002 seconds [static dependencies only]. Details - ImportResultOutputID=ccc1a09d4a030f52c953d2f3937aac55 DependenciesID=a2d7120ff593a18c35f9709d423a5b7f StaticDependenciesID=9bbabab8f2eb9f8092c293739174f371 
Importing 'GUID: 5cebb8a885d4e4a6992c4fcd598b67c8 - Path: Packages/com.unity.2d.sprite/Editor/ObjectMenuCreation/DefaultAssets' with importer (DefaultImporter)
Imported 'GUID: 5cebb8a885d4e4a6992c4fcd598b67c8' -> (Import Result ID: '9b84e2aa916d8899eff49132edbf65ce') in 0.003 seconds [static dependencies only]. Details - ImportResultOutputID=8cead861f6c10063bb7f8fd049c3e8c6 DependenciesID=ff446ef59c7d4dfd9bf8564ba768d69d StaticDependenciesID=ba6aa835232abad7ef0b83a6bdb9ac24 
Importing 'GUID: 3ddaad49a7bcb4087b403f2225d54840 - Path: Packages/com.unity.ugui/Tests/Editor/TMP' with importer (DefaultImporter)
Imported 'GUID: 3ddaad49a7bcb4087b403f2225d54840' -> (Import Result ID: '65013dbc0c0db7055a1c7721fdd32130') in 0.002 seconds [static dependencies only]. Details - ImportResultOutputID=e22ab0a25656273b62edba6142a39ddb DependenciesID=c3d1faaafd109f0bca10212011e59f0b StaticDependenciesID=bf0a4ffdfe4b6ab380067943b6609bff 
Importing 'GUID: cd9c8fc1c8d64d54ab1e22aae9678d84 - Path: Packages/com.unity.ugui/Tests/Editor/Common' with importer (DefaultImporter)
Imported 'GUID: cd9c8fc1c8d64d54ab1e22aae9678d84' -> (Import Result ID: '91a1f334f00ba88e6ad1ce952c7a4efb') in 0.002 seconds [static dependencies only]. Details - ImportResultOutputID=ee82f341fd2cc14f6f5c118dd6183bd9 DependenciesID=2194a3dd1546557786a4f784053808e8 StaticDependenciesID=211a990d2a42f55177455a6c9a9a43e3 
Importing 'GUID: eecc124dc0b994047aac97ccf8c8ed0a - Path: Packages/com.unity.ugui/Editor/TMP/HDRP' with importer (DefaultImporter)
Imported 'GUID: eecc124dc0b994047aac97ccf8c8ed0a' -> (Import Result ID: 'b53eb19fa231414d65594f1061ab4528') in 0.004 seconds [static dependencies only]. Details - ImportResultOutputID=1fe5e75746ef34eb01ea21b850a03ce1 DependenciesID=0aae403b70db4f8a0058689f4a149e02 StaticDependenciesID=87b701a1b59fa428385a4c2afbb8b2b0 
Importing 'GUID: 7f27709c942d91541be1fd6aa5cb3d78 - Path: Packages/com.unity.ugui/Runtime/UGUI/EventSystem' with importer (DefaultImporter)
Imported 'GUID: 7f27709c942d91541be1fd6aa5cb3d78' -> (Import Result ID: 'e2d4666b360981c789790ebaf655ec6d') in 0.002 seconds [static dependencies only]. Details - ImportResultOutputID=43bd66607a2454aa18f8b68ac3e488a7 DependenciesID=fde5db1fd61e07841897b07856c31da0 StaticDependenciesID=5000815588e2e263614824ef1ec259b0 
Importing 'GUID: cf97e54bcd5479a46bdbade48da047cc - Path: Packages/com.unity.ugui/Editor/UGUI/Properties' with importer (DefaultImporter)
Imported 'GUID: cf97e54bcd5479a46bdbade48da047cc' -> (Import Result ID: '3989f3edee6b3d6584716687aac2b635') in 0.001 seconds [static dependencies only]. Details - ImportResultOutputID=4d90aedc7e855070ad84cb498caa8788 DependenciesID=1d094b77ec95df4127bc3e205b6e3cff StaticDependenciesID=d2a3e2d40a699ade4ffd77e3e2c79e54 
Importing 'GUID: 108014601e234997bd271b3b9a1991d0 - Path: Packages/com.unity.2d.sprite/Editor/SpriteEditorModule/SpriteFrameModule/Overlay' with importer (DefaultImporter)
Imported 'GUID: 108014601e234997bd271b3b9a1991d0' -> (Import Result ID: 'ff5d02c979d879abf37d3dabcc091ab0') in 0.003 seconds [static dependencies only]. Details - ImportResultOutputID=f233fd9760fc9dd0976e6136ebe11fbf DependenciesID=ad262ad24fd7ffa7518116f803d22540 StaticDependenciesID=75abd402c9fd45bd62dc9bf4e0723bf7 
Importing 'GUID: 1091bc2ad06e3234aac2b2fa2841c09d - Path: Packages/com.unity.ugui/Tests/Runtime/UGUI/Image' with importer (DefaultImporter)
Imported 'GUID: 1091bc2ad06e3234aac2b2fa2841c09d' -> (Import Result ID: 'd0102e84191ea1611f2ea76f690d0bcb') in 0.003 seconds [static dependencies only]. Details - ImportResultOutputID=ab87c4a4643da9977eacf38a9ec170a3 DependenciesID=886213e5c7bc96141cf6866ba8ac2681 StaticDependenciesID=c2963c88a669d3ac7cbd7a6629031fa7 
Importing 'GUID: 305ca32be1aa5504aa182f583895dfe4 - Path: Packages/com.unity.ugui/Tests/Editor/UGUI/RectMask2D' with importer (DefaultImporter)
Imported 'GUID: 305ca32be1aa5504aa182f583895dfe4' -> (Import Result ID: 'a7a9e92983b95acf88d4ab29529fc22a') in 0.003 seconds [static dependencies only]. Details - ImportResultOutputID=178aea4244a57395a1fc2ea9c0b74bc4 DependenciesID=210b977ff61f2cc60716b40adf7e4826 StaticDependenciesID=480dbabd0b02944f0864e143d9c131ab 
Importing 'GUID: c16c54fe03afb5740bcc0a2a295cb79d - Path: Packages/com.unity.ugui/Tests/Editor/UGUI/InputField' with importer (DefaultImporter)
Imported 'GUID: c16c54fe03afb5740bcc0a2a295cb79d' -> (Import Result ID: '4be57f622c8cd1f2312141435d2f0492') in 0.004 seconds [static dependencies only]. Details - ImportResultOutputID=8074335b50bd51817a71966b5917dc8c DependenciesID=2e85bb76af72db208933b279b90692cf StaticDependenciesID=dda2c7df4b4760f5281cdcd18dee5f03 
Importing 'GUID: 12c42068351bb084abde965d725b9887 - Path: Packages/com.unity.ugui/Runtime/UGUI/UI/Core' with importer (DefaultImporter)
Imported 'GUID: 12c42068351bb084abde965d725b9887' -> (Import Result ID: 'f01cb700554a10b74f4f528260e602b6') in 0.004 seconds [static dependencies only]. Details - ImportResultOutputID=317bf4c76346e7a88f5e1b45cd3b91f9 DependenciesID=3a93f2d8b087791c0daf3428198ae690 StaticDependenciesID=4d2bca6fb969ea332247de2c8d928cf4 
Importing 'GUID: e210c8bf2e9c6514d90a1bd77586af1f - Path: Packages/com.unity.ugui/Tests/Runtime/UGUI/Toggle' with importer (DefaultImporter)
Imported 'GUID: e210c8bf2e9c6514d90a1bd77586af1f' -> (Import Result ID: '20eced49155b605e834b1a5dd204c24d') in 0.003 seconds [static dependencies only]. Details - ImportResultOutputID=9448b0e9da76256a2e2f124cd7e1a042 DependenciesID=d5bce718f7047a39727c4d96c7ae05c6 StaticDependenciesID=e88b0274c6e028f0c4bdaf03e546a4cb 
Importing 'GUID: 239dd6edc8e5cd14585c03e09e86a747 - Path: Packages/com.unity.ugui/Tests/Runtime/UGUI/Button' with importer (DefaultImporter)
Imported 'GUID: 239dd6edc8e5cd14585c03e09e86a747' -> (Import Result ID: '73172ec4d056c11dad2f6ac846ba87f0') in 0.003 seconds [static dependencies only]. Details - ImportResultOutputID=2fbb41bc5748889d5aef3498cb1ad9a7 DependenciesID=5eca979a5f72d172c418a166488d9fc5 StaticDependenciesID=88d06c42fd834c009a63b4528bc1cd12 
Importing 'GUID: 43b1467da3d29ae4597a733828cdd84a - Path: Packages/com.unity.ugui/Tests/Runtime/UGUI/ScrollBar' with importer (DefaultImporter)
Imported 'GUID: 43b1467da3d29ae4597a733828cdd84a' -> (Import Result ID: 'dc37f89f033718a04743749904b54820') in 0.004 seconds [static dependencies only]. Details - ImportResultOutputID=3580236fa0b2481d906e782a804543f1 DependenciesID=039ceb5d11b340abf69c790de04dc18f StaticDependenciesID=8b2b10c0eaa3eaf1a189cdbc453e427d 
Importing 'GUID: 8313ea704470a264295ec9e09aec6ebc - Path: Packages/com.unity.ugui/Tests/Runtime/UGUI/Graphic' with importer (DefaultImporter)
Imported 'GUID: 8313ea704470a264295ec9e09aec6ebc' -> (Import Result ID: 'b37f1c1a580002d8007b89744385df56') in 0.003 seconds [static dependencies only]. Details - ImportResultOutputID=1d33c468ea3c9340793582932e6840f7 DependenciesID=363eafbfac43393c8ac15bbe28b404cd StaticDependenciesID=a2ff09553736b40073cc37bc052c634d 
Importing 'GUID: b3cdabf2f1e76854d8aab5930305d70d - Path: Packages/com.unity.ugui/Runtime/UGUI/EventSystem/EventData' with importer (DefaultImporter)
Imported 'GUID: b3cdabf2f1e76854d8aab5930305d70d' -> (Import Result ID: '80b549935666a9be30485fa54b675e8c') in 0.004 seconds [static dependencies only]. Details - ImportResultOutputID=c9d722ac87bb07ad64c80480bc0c3487 DependenciesID=dda193d446c5ae01b9ac867c07e359ac StaticDependenciesID=72c01c491c40883b73d68f9c1cb30f9c 
Importing 'GUID: 34a09eb4d6e8d44989194a25525c5147 - Path: Packages/com.unity.multiplayer.center/Editor/MultiplayerCenterWindow/UI/Icons' with importer (DefaultImporter)
Imported 'GUID: 34a09eb4d6e8d44989194a25525c5147' -> (Import Result ID: '5aed842538157339d3f8dbe91bff4a56') in 0.003 seconds [static dependencies only]. Details - ImportResultOutputID=09fc5dce3344b58f3587b00bf4b13d7d DependenciesID=5bae5e6847250f10eddf2637b09e7e94 StaticDependenciesID=35e562a8bea71ac1130ad593aa17746b 
Importing 'GUID: 5472815444de2ce45bf2053a4af04b9d - Path: Packages/com.unity.ugui/Runtime/UGUI/UI/Animation' with importer (DefaultImporter)
Imported 'GUID: 5472815444de2ce45bf2053a4af04b9d' -> (Import Result ID: 'd868e9359720203e6b15313a7094436d') in 0.004 seconds [static dependencies only]. Details - ImportResultOutputID=02387668f373194356ec29799a11d5d0 DependenciesID=f342bd86add634b997700dc0a1db6256 StaticDependenciesID=f766efbc2e7b66161368c00d369fbbd2 
Importing 'GUID: 850af9f3bf6d14143baf2ecfbf25db52 - Path: Packages/com.unity.ugui/Tests/Runtime/UGUI/Slider' with importer (DefaultImporter)
Imported 'GUID: 850af9f3bf6d14143baf2ecfbf25db52' -> (Import Result ID: '7c2a6dacff110731547c72fbba352dd5') in 0.003 seconds [static dependencies only]. Details - ImportResultOutputID=417451072301af04851224ed30accd20 DependenciesID=196cd1ef829881ab905603f75fa3be2c StaticDependenciesID=7b9382f775c8a0674c341c092cca60b5 
Importing 'GUID: 46646a5562f14984690c85ee7b946bc9 - Path: Packages/com.unity.ugui/Runtime/UGUI/EventSystem/Raycasters' with importer (DefaultImporter)
Imported 'GUID: 46646a5562f14984690c85ee7b946bc9' -> (Import Result ID: '01ea861e80ec5dde1e57c43762ff3bec') in 0.003 seconds [static dependencies only]. Details - ImportResultOutputID=db9398800965861d01f2bd43cf496132 DependenciesID=8a92059ab07c89c2f437f0743ffb8c21 StaticDependenciesID=2e7ba87f8e4bdd68741a0568e9fd58aa 
Importing 'GUID: a69b08936f9f74179ae333a4bebe7c54 - Path: Packages/com.unity.ugui/Tests/Runtime/UGUI/CanvasRenderer' with importer (DefaultImporter)
Imported 'GUID: a69b08936f9f74179ae333a4bebe7c54' -> (Import Result ID: '14d274a39b1b87314828aaf5ba9c4fa8') in 0.003 seconds [static dependencies only]. Details - ImportResultOutputID=efdc4229cbf0a99a099ceae7028c9b0e DependenciesID=70d52e726c8611c07f5a68e19852065b StaticDependenciesID=3c232be222f5191c25ef60ec1c57805a 
Importing 'GUID: e7689eda3a8b1a847a8b197dbe90d9a6 - Path: Packages/com.unity.ugui/Tests/Editor/UGUI/UI' with importer (DefaultImporter)
Imported 'GUID: e7689eda3a8b1a847a8b197dbe90d9a6' -> (Import Result ID: '0619ad400a408474d23b4e90a1ddf439') in 0.003 seconds [static dependencies only]. Details - ImportResultOutputID=0619e96954c1117a1ee94a507e80202d DependenciesID=40dedfd9c5749df8c4c3da9488aceccc StaticDependenciesID=e902caa0cbffcd71d402325ae567d664 
Importing 'GUID: 98d14ab1acf42df4f88a0561822ac807 - Path: Packages/com.unity.ugui/Tests/Editor/UGUI/EventSystem' with importer (DefaultImporter)
Imported 'GUID: 98d14ab1acf42df4f88a0561822ac807' -> (Import Result ID: '9acb7f8dff0d086d28ed8b4302990b96') in 0.002 seconds [static dependencies only]. Details - ImportResultOutputID=6603dd8da4d7905c6bd3055da0051439 DependenciesID=3e82baee37b78341f727581dcc24df00 StaticDependenciesID=a10b2c2910b360a9644fd3d88885d049 
Importing 'GUID: b86b117346968ac4d9cc63e4385becb7 - Path: Packages/com.unity.ugui/Tests/Editor/UGUI/Canvas' with importer (DefaultImporter)
Imported 'GUID: b86b117346968ac4d9cc63e4385becb7' -> (Import Result ID: '87b7d8055737e09d64947d21442267a5') in 0.004 seconds [static dependencies only]. Details - ImportResultOutputID=8e476afd0593550eb88e8c6624d87515 DependenciesID=ea76e18476e7836a17b1c67ada5ddfae StaticDependenciesID=497f9f6c800fe1407c5b2aea73454c53 
Importing 'GUID: e90cc37a5ccf4a44dbecc5b7172ec512 - Path: Packages/com.unity.ugui/Tests/Editor/UGUI/UnityEvent' with importer (DefaultImporter)
Imported 'GUID: e90cc37a5ccf4a44dbecc5b7172ec512' -> (Import Result ID: 'ff20c170fc23e6f7baba5e57c5ad4ff9') in 0.005 seconds [static dependencies only]. Details - ImportResultOutputID=a0bc94d63c9e6f6a4b020ee487fe309b DependenciesID=40835b8e86cfc78688f3a5e379a71789 StaticDependenciesID=395b84b40683206c1da48c8c02a7f2de 
Importing 'GUID: 2a28c2fab6b1bb745a844ef6b908e7ee - Path: Packages/com.unity.ugui/Tests/Runtime/UGUI/InputField' with importer (DefaultImporter)
Imported 'GUID: 2a28c2fab6b1bb745a844ef6b908e7ee' -> (Import Result ID: 'e1e7a4850acb2566cda7bd0e2eddb822') in 0.002 seconds [static dependencies only]. Details - ImportResultOutputID=e58836774379c95673eb78fae8afcfc0 DependenciesID=ff4d4f217e0818b6fbd70e3fe5eb9eec StaticDependenciesID=4f76fdcdc1373557e48eddecc488efa1 
Importing 'GUID: 9a3557da07c729b4eb774b8e30e157a4 - Path: Packages/com.unity.ugui/Tests/Runtime/UGUI/Canvas' with importer (DefaultImporter)
Imported 'GUID: 9a3557da07c729b4eb774b8e30e157a4' -> (Import Result ID: '402fc5364170b60f6bac4c3b7944aabe') in 0.002 seconds [static dependencies only]. Details - ImportResultOutputID=7d088037bf937e0424a9d6b638c327bc DependenciesID=ebd7cdbd2cd9ccfc1a1448d39e1d91a8 StaticDependenciesID=6c121ebcf2c1ce49e7a1831e4a3b0801 
Importing 'GUID: bae197be297529d4fa735fbe7c91828d - Path: Packages/com.unity.ugui/Tests/Runtime/UGUI/Dropdown' with importer (DefaultImporter)
Imported 'GUID: bae197be297529d4fa735fbe7c91828d' -> (Import Result ID: 'bcae77c8830d49621f6ee89fa3384b23') in 0.003 seconds [static dependencies only]. Details - ImportResultOutputID=6965364a0d1585b32a69589405f69568 DependenciesID=ce738931fc8d0c5fb182e65c7cf6543e StaticDependenciesID=e5dcc69f4101baeeec378ed19b0e9909 
Importing 'GUID: eab7f42d361b483aaa760c5909002312 - Path: Packages/com.unity.multiplayer.center/Editor/MultiplayerCenterWindow/UI/RecommendationView' with importer (DefaultImporter)
Imported 'GUID: eab7f42d361b483aaa760c5909002312' -> (Import Result ID: '4f3c1cabc691206d3187a2e6b7c50fda') in 0.003 seconds [static dependencies only]. Details - ImportResultOutputID=378cb1e8c5b18b814304dca778da9b61 DependenciesID=dd6e584ad30fbcf92d08752555385d8a StaticDependenciesID=1241887c9cd9fb3d78f56b20b5506c3a 
Importing 'GUID: 2bc8a181dfd9de24388de89bb8db7713 - Path: Packages/com.unity.ugui/Tests/Runtime/UGUI/MaskClipping' with importer (DefaultImporter)
Imported 'GUID: 2bc8a181dfd9de24388de89bb8db7713' -> (Import Result ID: '3607c64cdc372288a5700b7a7837e460') in 0.004 seconds [static dependencies only]. Details - ImportResultOutputID=cf24f9eca233f2ba4f2d58fafaa1207b DependenciesID=211a8620842bae5f87396fa9ad3b4059 StaticDependenciesID=bba60ed1216902eac1c1cf24bcc0c803 
Importing 'GUID: 9bedab6f9886aee42b33e424bffdb640 - Path: Packages/com.unity.ugui/Tests/Runtime/UGUI/ScrollRect' with importer (DefaultImporter)
Imported 'GUID: 9bedab6f9886aee42b33e424bffdb640' -> (Import Result ID: 'cdb2f8d218226e4d0fadb611cfec594b') in 0.003 seconds [static dependencies only]. Details - ImportResultOutputID=1e1e42b1ee74118f6935739ac2a182ad DependenciesID=fcf8a5cf4e58271dde1d458c13b2bd84 StaticDependenciesID=7d7159d0dd8f85779092003b3f4892e2 
Importing 'GUID: ab93e1a81defc3243a6e9cd0df3cb443 - Path: Packages/com.unity.ugui/Tests/Runtime/UGUI/EventSystem' with importer (DefaultImporter)
Imported 'GUID: ab93e1a81defc3243a6e9cd0df3cb443' -> (Import Result ID: 'b7e2925e125b1391a78b163716c95074') in 0.002 seconds [static dependencies only]. Details - ImportResultOutputID=b30f8b8e5eb481e24f93b908a7a0420f DependenciesID=de0061ec11fa0e37cfef6556732f44ce StaticDependenciesID=65bddfe4db32a0b05eb61053f5c38774 
Importing 'GUID: bbde88425e2d4dbfbcdd8d11d5002c3a - Path: Packages/com.unity.2d.sprite/Editor/SpriteEditorModule/SpriteFrameModule/UndoObject' with importer (DefaultImporter)
Imported 'GUID: bbde88425e2d4dbfbcdd8d11d5002c3a' -> (Import Result ID: 'bf4b04833bcb5fe1dd0b7144f6d498d8') in 0.004 seconds [static dependencies only]. Details - ImportResultOutputID=7d0b9e66bb289e6a2bb01e08dbc08f5b DependenciesID=c8810dced411d2bcdeff95b8ce4678b3 StaticDependenciesID=e6610af63c1d36609ddba0d0a9631a88 
Importing 'GUID: eb4d405ba54724ef89c2fce638946c5d - Path: Packages/com.unity.2d.sprite/Editor/ObjectMenuCreation/DefaultAssets/Textures' with importer (DefaultImporter)
Imported 'GUID: eb4d405ba54724ef89c2fce638946c5d' -> (Import Result ID: '1129f5b5a5a00fd1368d15ffbe9d43a6') in 0.002 seconds [static dependencies only]. Details - ImportResultOutputID=2c8de6c173d4aba1e6aed289de29965b DependenciesID=d74ad78bfa91ffbd58ce6370e66e96bb StaticDependenciesID=8a43bada97f8f76378f1e8cfc3d119d0 
Importing 'GUID: eb7e44c5cec24463ab95d52834898a3b - Path: Packages/com.unity.ugui/Tests/Runtime/UGUI/RawImage' with importer (DefaultImporter)
Imported 'GUID: eb7e44c5cec24463ab95d52834898a3b' -> (Import Result ID: '1e0101ee95dc8bc003f574f25a453c06') in 0.005 seconds [static dependencies only]. Details - ImportResultOutputID=5f3dd41893760011c03943e595e0e2b9 DependenciesID=690bea54786db61339a1ed1f2da3ee08 StaticDependenciesID=1687f3bd8e8d17f575ca2bfab6be125e 
Importing 'GUID: 4cfe5ade9a1375e40aed87618b92bd12 - Path: Packages/com.unity.ugui/Tests/Editor/UGUI/Slider' with importer (DefaultImporter)
Imported 'GUID: 4cfe5ade9a1375e40aed87618b92bd12' -> (Import Result ID: '8db96b8b5645786e677eb171b4383c5a') in 0.002 seconds [static dependencies only]. Details - ImportResultOutputID=e22ecf5b6dbe3e62a296c4d455bdc050 DependenciesID=96cfee06dd9a34415ce5a073ada08618 StaticDependenciesID=023efe3bac328acb4fb81ca7963daab6 
Importing 'GUID: bc9aa6d5a7945f34882c442e9e201537 - Path: Packages/com.unity.ugui/Editor/UGUI/UI/PropertyDrawers' with importer (DefaultImporter)
Imported 'GUID: bc9aa6d5a7945f34882c442e9e201537' -> (Import Result ID: 'd372c744a4e899d1d26e57757985bbc5') in 0.002 seconds [static dependencies only]. Details - ImportResultOutputID=63c8cf390e7a4e4d540c9298ab92bed8 DependenciesID=3d279c32b39a5ec92ed8dda20a6fcddc StaticDependenciesID=06a8ee09fa45feec180dd91faba65100 
Importing 'GUID: cc313cc004395df4a9884390556690a5 - Path: Packages/com.unity.ugui/Tests/Runtime/UGUI/Layout' with importer (DefaultImporter)
Imported 'GUID: cc313cc004395df4a9884390556690a5' -> (Import Result ID: '6096a30a0b90b448db28e65681e8a520') in 0.004 seconds [static dependencies only]. Details - ImportResultOutputID=60415242162df86570f1c45c1cd3de97 DependenciesID=296b9f4f8eb21ed8ba8a199aa3190d63 StaticDependenciesID=6bef436e448a130f303513ebbc78ddc5 
Importing 'GUID: cce7e34ecb3cc43ebabe7154ebe11414 - Path: Packages/com.unity.ugui/Tests/Runtime/UGUI/RaycastReceiver' with importer (DefaultImporter)
Imported 'GUID: cce7e34ecb3cc43ebabe7154ebe11414' -> (Import Result ID: 'da193d03561d23a99d9e344dd6e80128') in 0.004 seconds [static dependencies only]. Details - ImportResultOutputID=93b7fb6b6bb40adb488bc0f68fc48255 DependenciesID=a69e0c7bb87c0c553626756e35ff2398 StaticDependenciesID=9186a87cd53a1087dca8e3c29fed19c0 
Importing 'GUID: 2d68391cb3f74b2c93616b2a26d7b85f - Path: Packages/com.unity.2d.sprite/Editor/SpriteEditorModule/SpriteFrameModule/SpriteFrameEditor' with importer (DefaultImporter)
Imported 'GUID: 2d68391cb3f74b2c93616b2a26d7b85f' -> (Import Result ID: '3112273d5150670a09ba603718a23d99') in 0.003 seconds [static dependencies only]. Details - ImportResultOutputID=a7f68e79ae8f06933cdf7d585751145b DependenciesID=c7b61dd941a413b0f0baf3a7781076da StaticDependenciesID=337fcb8d42654e09379326d8867ec51e 
Importing 'GUID: 2d9b6ff056b6f484ba6500aa8e06bcf3 - Path: Packages/com.unity.ugui/Tests/Runtime/UGUI/LayoutGroup' with importer (DefaultImporter)
Imported 'GUID: 2d9b6ff056b6f484ba6500aa8e06bcf3' -> (Import Result ID: '3d24085dc6cc7d9ad0ac96b9601fffaf') in 0.004 seconds [static dependencies only]. Details - ImportResultOutputID=c2f016a97ca6b758214e30a50ac04dd1 DependenciesID=1634830eb04ce20aed62fe18b2090ead StaticDependenciesID=046d6ff420a371c6cff6b1d04c861e9e 
Importing 'GUID: 5dc64c943466a44498be3b620c743b45 - Path: Packages/com.unity.ugui/Runtime/UGUI/EventSystem/UIElements' with importer (DefaultImporter)
Imported 'GUID: 5dc64c943466a44498be3b620c743b45' -> (Import Result ID: '5e3c19d44b7985fdd584b11640f24c1a') in 0.003 seconds [static dependencies only]. Details - ImportResultOutputID=fd828e0499fcd47e19fa0a0b494b1491 DependenciesID=8bda987c44c96007ab4ebab6226f3ce0 StaticDependenciesID=acb05d7501aa5efaa189c75b2569095b 
Importing 'GUID: 8e78f8a8575e4a04f8337a54e241cdc5 - Path: Packages/com.unity.ugui/Runtime/UGUI/EventSystem/InputModules' with importer (DefaultImporter)
Imported 'GUID: 8e78f8a8575e4a04f8337a54e241cdc5' -> (Import Result ID: 'f21dd7ffed4ea0d9c1610fd3a91d9b45') in 0.003 seconds [static dependencies only]. Details - ImportResultOutputID=84df937fc484b7ab7b594c4d33eb072c DependenciesID=8436af1fa826d984eb0f0112125445ee StaticDependenciesID=322ad9033ce0110f83964c76e69a9e4f 
Importing 'GUID: ae242449e9279d44789513b922d3178a - Path: Packages/com.unity.ugui/Tests/Editor/UGUI/CanvasRenderer' with importer (DefaultImporter)
Imported 'GUID: ae242449e9279d44789513b922d3178a' -> (Import Result ID: '281030c7690c063a2d9e2e60608501a2') in 0.002 seconds [static dependencies only]. Details - ImportResultOutputID=e5bf496d94443ae3ec9c556233743fcb DependenciesID=eb700368d7262700cf1deaa7417c8392 StaticDependenciesID=09b157f1e336aa2960a95e2e4fa7c04d 
Importing 'GUID: 1f71aeacc4a9f1a40b22a1a590331f6b - Path: Packages/com.unity.ugui/Tests/Editor/UGUI/Dropdown' with importer (DefaultImporter)
Imported 'GUID: 1f71aeacc4a9f1a40b22a1a590331f6b' -> (Import Result ID: '69f4f7eb8475e1b13edd0d28120d868c') in 0.001 seconds [static dependencies only]. Details - ImportResultOutputID=9c7b3a89084fcba7d2db4de1536c8b5e DependenciesID=e6f1eba60ceae79cc607e69547e5bee4 StaticDependenciesID=320c56a8ea10394c61312a261569fc0c 
Importing 'GUID: 4f9ac6e545d53f94b9f09c85b9576f36 - Path: Packages/com.unity.ugui/Tests/Editor/UGUI/Text' with importer (DefaultImporter)
Imported 'GUID: 4f9ac6e545d53f94b9f09c85b9576f36' -> (Import Result ID: 'a2086046ad23114e5587ddae53f6814c') in 0.003 seconds [static dependencies only]. Details - ImportResultOutputID=0a6c93c4388846596449e13fb9ee76e4 DependenciesID=2d47d61af142458d8ecad0e67be1c719 StaticDependenciesID=c1a0e7f68da577e58a4385cc82c85311 
Importing 'GUID: af30a361ab68260438b6ec3fb7e64500 - Path: Packages/com.unity.ugui/Tests/Runtime/UGUI/Util' with importer (DefaultImporter)
Imported 'GUID: af30a361ab68260438b6ec3fb7e64500' -> (Import Result ID: '6d5175fff580a5712984dddc6bbeb0b9') in 0.003 seconds [static dependencies only]. Details - ImportResultOutputID=62ba854b2b9d1dd6ed122b47ebaa7e4a DependenciesID=4834dc9ff5f5ab916e338ef1bec0a8fc StaticDependenciesID=968f02b9959befec93f5f4d4377dd4b1 
Importing 'GUID: efad3ddb7270ac241b9b1357ec5ee2f2 - Path: Packages/com.unity.ugui/Tests/Runtime/UGUI/NestedLayout' with importer (DefaultImporter)
Imported 'GUID: efad3ddb7270ac241b9b1357ec5ee2f2' -> (Import Result ID: '28ac28190fbb614320ab5f7aa7290bc7') in 0.004 seconds [static dependencies only]. Details - ImportResultOutputID=6ea828bc1b4844d62080f5a23272f6ef DependenciesID=b2164f9aab9a8e686aff4a9d37fc3023 StaticDependenciesID=22d332238304d9eef65060475a29bd14 
Importing 'GUID: 24333a116497b144f9782b1160984b57 - Path: Packages/com.unity.ugui/Tests/Editor/UGUI/UI/PropertyDrawers' with importer (DefaultImporter)
Imported 'GUID: 24333a116497b144f9782b1160984b57' -> (Import Result ID: '5bfbcc2dc385f3102f9428cb0aaab032') in 0.002 seconds [static dependencies only]. Details - ImportResultOutputID=ecae9bd5d0156d4f227ceb9a1d09b3a1 DependenciesID=8a9eb64775c22854c6990646d90e0922 StaticDependenciesID=5824498eb7f5c5a14691c87b8d4a1e26 
Importing 'GUID: d63dd1a776d383248a21ec2a8a6e7868 - Path: Packages/com.unity.ugui/Runtime/UGUI/UI/Core/Utility' with importer (DefaultImporter)
Imported 'GUID: d63dd1a776d383248a21ec2a8a6e7868' -> (Import Result ID: '03ad89fb7af3de75eb3ba4462f97488b') in 0.003 seconds [static dependencies only]. Details - ImportResultOutputID=c238abcbd70b2a0dc4dc3ba9d2c6093d DependenciesID=d65afec321a60de95cd29135ca057f7f StaticDependenciesID=a071628c7f816ba32bd0483bed948845 
Importing 'GUID: 172f9a5627fbd495e9b469d54bed367a - Path: Packages/com.unity.2d.sprite/Editor/ObjectMenuCreation/DefaultAssets/Textures/v2' with importer (DefaultImporter)
Imported 'GUID: 172f9a5627fbd495e9b469d54bed367a' -> (Import Result ID: 'cdfddf406c1314fabc28d39936422552') in 0.003 seconds [static dependencies only]. Details - ImportResultOutputID=62e654a418af28ef00a394fcd782e869 DependenciesID=495f1b6c0b2fc350965b86256b852c6f StaticDependenciesID=3ea0828d1c13b250fb322d76f8a51efb 
Importing 'GUID: 27ed3e221887b3544bd9d6505d4a789f - Path: Packages/com.unity.ugui/Runtime/UGUI/UI/Core/Culling' with importer (DefaultImporter)
Imported 'GUID: 27ed3e221887b3544bd9d6505d4a789f' -> (Import Result ID: '88eada3cb89cbb1629f747408ba8cacb') in 0.003 seconds [static dependencies only]. Details - ImportResultOutputID=56abe916306638a477b6ac3ba6307677 DependenciesID=aefa927053c1c89aad36d4726c392559 StaticDependenciesID=8095b2d61cfc77d9459d2aa9aafb77c5 
Importing 'GUID: f8ed4321a98682942b9980996131cf26 - Path: Packages/com.unity.ugui/Runtime/UGUI/UI/Core/SpecializedCollections' with importer (DefaultImporter)
Imported 'GUID: f8ed4321a98682942b9980996131cf26' -> (Import Result ID: 'a3cb1e05eef4be20dc03d18ee02f123c') in 0.004 seconds [static dependencies only]. Details - ImportResultOutputID=d35aeaf4a8cadeb54cb7cfa1c1e01dd1 DependenciesID=61aebc4e1b192c18b3af6922c4b58371 StaticDependenciesID=28987b331096aaf57e89f1fc60496025 
Importing 'GUID: 1999349e7f492c947bb6eb70f624382e - Path: Packages/com.unity.ugui/Runtime/UGUI/UI/Core/Layout' with importer (DefaultImporter)
Imported 'GUID: 1999349e7f492c947bb6eb70f624382e' -> (Import Result ID: 'c45384dcf29a0e1ff3261c8e50a32ce4') in 0.002 seconds [static dependencies only]. Details - ImportResultOutputID=1a984b17ea58808f819e522d983d3a34 DependenciesID=ee610f9d5e5f3aa3a92b66a582915538 StaticDependenciesID=be8ea11acd1341ed13561f1786267a9d 
Importing 'GUID: 7a892c920c8ad2848b469ec9579c5219 - Path: Packages/com.unity.ugui/Tests/Runtime/UGUI/EventSystem/InputModuleTests' with importer (DefaultImporter)
Imported 'GUID: 7a892c920c8ad2848b469ec9579c5219' -> (Import Result ID: '93f659652b8332dca5fef0d91b9db736') in 0.008 seconds [static dependencies only]. Details - ImportResultOutputID=65fc0fa1452fdf4535fd027d3e85177b DependenciesID=85818025e997cc3fffacd06a88fa332d StaticDependenciesID=e45b45a5a9a2754c79bec60f0f94eaa3 
Importing 'GUID: 7c6295db74da28645bf49db58b7c9c65 - Path: Packages/com.unity.ugui/Runtime/UGUI/UI/Core/MaterialModifiers' with importer (DefaultImporter)
Imported 'GUID: 7c6295db74da28645bf49db58b7c9c65' -> (Import Result ID: '9fe0cf839e40a4f1185766fb78246437') in 0.005 seconds [static dependencies only]. Details - ImportResultOutputID=d3c51eb5e7281175d51c01db2a8fe935 DependenciesID=a121ded6c27bc09a0b5f2a490948849b StaticDependenciesID=d08e3ab5f8be8029be797df0d92c89ef 
Importing 'GUID: cfa73a847eeff06448bb50a8ac6a94e0 - Path: Packages/com.unity.ugui/Runtime/UGUI/UI/Core/VertexModifiers' with importer (DefaultImporter)
Imported 'GUID: cfa73a847eeff06448bb50a8ac6a94e0' -> (Import Result ID: '48ff3ba0369cc3a62b404bc918a55136') in 0.004 seconds [static dependencies only]. Details - ImportResultOutputID=ba0a329ea4dd35886e4a78d8110278b1 DependenciesID=008f9a4a5037604eb737c15414e27409 StaticDependenciesID=f5f1fe5ddd34ecda2591643e4d1a4819 
Importing 'GUID: 6055be8ebefd69e48b49212b09b47b2f - Path: Packages/com.unity.ugui/Runtime/TMP/Unity.TextMeshPro.asmdef' with importer (AssemblyDefinitionImporter)
Imported 'GUID: 6055be8ebefd69e48b49212b09b47b2f' -> (Import Result ID: '4ad8578cdb82cc8fbf22d2cad10d0b33') in 0.006 seconds [static dependencies only]. Details - ImportResultOutputID=04e78680d92ae53c2ef91e8e7d21753b DependenciesID=f6417e846017ef6cbf87f5c59fdc83e9 StaticDependenciesID=861501996a0c145bbb3f591cb540cb01 
Importing 'GUID: 52648b72c7bef2040bf0cfa8dd0f74da - Path: Packages/com.unity.2d.sprite/Tests/Editor/Unity.2D.Sprite.Package.EditorTests.asmdef' with importer (AssemblyDefinitionImporter)
Imported 'GUID: 52648b72c7bef2040bf0cfa8dd0f74da' -> (Import Result ID: '22b49757acdb0c2e2acb67074fdaad56') in 0.005 seconds [static dependencies only]. Details - ImportResultOutputID=41fa4137b0e8768fb4f886e8a8f0bca3 DependenciesID=dc2153c37bb130d0971e267f943bcc8d StaticDependenciesID=205f621c773a33b31c4af47ea4c44fa6 
Importing 'GUID: 43b111c4a445f446abd2c02e77750ff5 - Path: Packages/com.unity.ugui/Runtime/InternalBridge/Unity.InternalAPIEngineBridge.004.asmdef' with importer (AssemblyDefinitionImporter)
Imported 'GUID: 43b111c4a445f446abd2c02e77750ff5' -> (Import Result ID: '3cb8b6e68abb89902475761f360f660c') in 0.004 seconds [static dependencies only]. Details - ImportResultOutputID=2b83692e53fb979f4a582decb5edcde9 DependenciesID=2f61bf4c087181ae9c25175bd47e6792 StaticDependenciesID=6f0dee26fabcd0a118117ed75c0966bc 
Importing 'GUID: 8394c018a82352f41ae354f7bdad54e3 - Path: Packages/com.unity.ugui/Editor/Analytics/UnityEditor.UI.Analytics.asmdef' with importer (AssemblyDefinitionImporter)
Imported 'GUID: 8394c018a82352f41ae354f7bdad54e3' -> (Import Result ID: '3d4c613b5e9ff88a185b82bc097724c7') in 0.006 seconds [static dependencies only]. Details - ImportResultOutputID=004593555f1098e686d5ef9d7f7077b4 DependenciesID=ccf52d5dbd491d5d74b005ffb44754cb StaticDependenciesID=06aa4b9af2c97cd57001246af3b40bca 
Importing 'GUID: 343deaaf83e0cee4ca978e7df0b80d21 - Path: Packages/com.unity.ugui/Editor/UGUI/UnityEditor.UI.asmdef' with importer (AssemblyDefinitionImporter)
Imported 'GUID: 343deaaf83e0cee4ca978e7df0b80d21' -> (Import Result ID: '5bdbfba1e454edd7cc65c09960f64028') in 0.004 seconds [static dependencies only]. Details - ImportResultOutputID=80f05667bf02ba97735e00fb392e42b7 DependenciesID=de4ab746b3da1509b7c1f590cc80d3e4 StaticDependenciesID=5990926dbcf2aafc7669ad4e75a87e8e 
Importing 'GUID: 84abd2ab34a74600a33a3bb9d72859fe - Path: Packages/com.unity.multiplayer.center/Common/Unity.Multiplayer.Center.Common.asmdef' with importer (AssemblyDefinitionImporter)
Imported 'GUID: 84abd2ab34a74600a33a3bb9d72859fe' -> (Import Result ID: 'e0e12b5838c9e21157eec2b22fbb1b99') in 0.004 seconds [static dependencies only]. Details - ImportResultOutputID=074c7bcbf4704bfd191b80587115b786 DependenciesID=5d74206c5877c93ca63c8bb08bdfa670 StaticDependenciesID=92cc525a33f461d776d78274e84e831c 
Importing 'GUID: 05242c3d99f24a74f99cc20369fcb344 - Path: Packages/com.unity.ugui/Tests/Editor/Common/UnityEditor.UI.Common.Tests.asmdef' with importer (AssemblyDefinitionImporter)
Imported 'GUID: 05242c3d99f24a74f99cc20369fcb344' -> (Import Result ID: '2922f0381103eb3be465b0ea1d3f1544') in 0.004 seconds [static dependencies only]. Details - ImportResultOutputID=49449fe43af05f8da33d9c8648db66c7 DependenciesID=125010c896aad7474e82edc99b3d14ed StaticDependenciesID=99a5dd5d8bea0ba4050bcc75024d2754 
Importing 'GUID: 6546d7765b4165b40850b3667f981c26 - Path: Packages/com.unity.ugui/Editor/TMP/Unity.TextMeshPro.Editor.asmdef' with importer (AssemblyDefinitionImporter)
Imported 'GUID: 6546d7765b4165b40850b3667f981c26' -> (Import Result ID: '57da575922cf352c1e6ff6147eb28346') in 0.005 seconds [static dependencies only]. Details - ImportResultOutputID=9642938b35a80b00aa8a6c0fe946b175 DependenciesID=4437d60feadaf69a8ff20dd731354ac9 StaticDependenciesID=3983faf8f201304b867eeccbfc6ea083 
Importing 'GUID: 656e461844099ae43a609ff6109b0877 - Path: Packages/com.unity.ugui/Tests/Editor/TMP/Unity.TextMeshPro.Editor.Tests.asmdef' with importer (AssemblyDefinitionImporter)
Imported 'GUID: 656e461844099ae43a609ff6109b0877' -> (Import Result ID: 'e924d50ce401972fcafa23a827da240e') in 0.005 seconds [static dependencies only]. Details - ImportResultOutputID=09a1114f1f72be3aa87cfff4b296effa DependenciesID=31389ab2e2849cc6b2b52cbe3dff1d21 StaticDependenciesID=3c6dfe9bdbff04772438869daa766766 
Importing 'GUID: 2664430aff4254d79887d32c3fc1e221 - Path: Packages/com.unity.multiplayer.center/Tests/Runtime/Unity.Multiplayer.Center.Tests.asmdef' with importer (AssemblyDefinitionImporter)
Imported 'GUID: 2664430aff4254d79887d32c3fc1e221' -> (Import Result ID: 'c381e7920a26099969be5dd9506dd3bf') in 0.005 seconds [static dependencies only]. Details - ImportResultOutputID=6aed226e9e8d25d5f11c10c40c3b3338 DependenciesID=21de726eecd519f671e31b8a62ff332f StaticDependenciesID=8d0302fb12202d1aaa6cd2067545c3fa 
Importing 'GUID: 787ec048daec145b580d1134da5dd278 - Path: Packages/com.unity.multiplayer.center/Tests/Editor/Unity.Multiplayer.Center.Editor.Tests.asmdef' with importer (AssemblyDefinitionImporter)
Imported 'GUID: 787ec048daec145b580d1134da5dd278' -> (Import Result ID: '79dbf4cbd98c0e05c62a5f3a68c94e9b') in 0.005 seconds [static dependencies only]. Details - ImportResultOutputID=2b4a75fdc4ab9b176ff99a8a03c6ced0 DependenciesID=6c997474c008feb6243d4c9f3d73075b StaticDependenciesID=a5172bd3cccf4b8fd8dcec3cc0e8e460 
Importing 'GUID: e9745f6a32442194c8dc5a43e9ab86f9 - Path: Packages/com.unity.ugui/Tests/Runtime/UGUI/UnityEngine.UI.Tests.asmdef' with importer (AssemblyDefinitionImporter)
Imported 'GUID: e9745f6a32442194c8dc5a43e9ab86f9' -> (Import Result ID: '10306dba019afa5a72c3cb771305e5d1') in 0.005 seconds [static dependencies only]. Details - ImportResultOutputID=0f7ab5c1101f262183838303c1e0c882 DependenciesID=ddf8d1c51b86f63894fa25982d472c38 StaticDependenciesID=55a5ea293108aad7b4d0f3ab4d952772 
Importing 'GUID: 2bafac87e7f4b9b418d9448d219b01ab - Path: Packages/com.unity.ugui/Runtime/UGUI/UnityEngine.UI.asmdef' with importer (AssemblyDefinitionImporter)
Imported 'GUID: 2bafac87e7f4b9b418d9448d219b01ab' -> (Import Result ID: 'c1c21c506839d956a0366ecb2ec0b75f') in 0.006 seconds [static dependencies only]. Details - ImportResultOutputID=929b7ae0a28ad4066927b6e0eb877152 DependenciesID=b9cbfb292b88228d1743fdf950376f6c StaticDependenciesID=8da958f0a530cd6abb84496b6d1b1f24 
Importing 'GUID: bb05cab7d802aa5468f8f2f86840d984 - Path: Packages/com.unity.ugui/Tests/Runtime/TMP/Unity.TextMeshPro.Tests.asmdef' with importer (AssemblyDefinitionImporter)
Imported 'GUID: bb05cab7d802aa5468f8f2f86840d984' -> (Import Result ID: 'eb7e5d99d3fdf8d5614b9306a0cea70a') in 0.008 seconds [static dependencies only]. Details - ImportResultOutputID=b8aeaa1f00819b0109ca00e04dc8ea90 DependenciesID=d3a0e0295ce05695eef33298e2929abd StaticDependenciesID=f5f23d1b3be64945c655a77930b9b248 
Importing 'GUID: 2c573e6b271651846a79655161004c5b - Path: Packages/com.unity.2d.sprite/Editor/Unity.2D.Sprite.Editor.asmdef' with importer (AssemblyDefinitionImporter)
Imported 'GUID: 2c573e6b271651846a79655161004c5b' -> (Import Result ID: '22cd159622bc206272729ebbbc87d7ee') in 0.005 seconds [static dependencies only]. Details - ImportResultOutputID=2b6730ebef15caa06f131740f166ff23 DependenciesID=8da7c65874cd36e7c2741bbc87a9bd73 StaticDependenciesID=88211cdb3ec168da8bd34c43fc0dbf19 
Importing 'GUID: 7c04f0dfa9243c04681a55d90d3ff3fc - Path: Packages/com.unity.ugui/Tests/Editor/UGUI/UnityEditor.UI.EditorTests.asmdef' with importer (AssemblyDefinitionImporter)
Imported 'GUID: 7c04f0dfa9243c04681a55d90d3ff3fc' -> (Import Result ID: 'bd67c7928ce674207d049309d336b83b') in 0.004 seconds [static dependencies only]. Details - ImportResultOutputID=e621a91fa5d0bde41e8f6705df7a6e9c DependenciesID=9378b0a16acf65f1e0651a68f967bc60 StaticDependenciesID=df23d56e355654fb3990aa0e177b37ea 
Importing 'GUID: be17709716f1648caa5de6d0c38103ed - Path: Packages/com.unity.multiplayer.center/Editor/Unity.Multiplayer.Center.Editor.asmdef' with importer (AssemblyDefinitionImporter)
Imported 'GUID: be17709716f1648caa5de6d0c38103ed' -> (Import Result ID: '3271c94ed7551471637b8340ef949f84') in 0.005 seconds [static dependencies only]. Details - ImportResultOutputID=f1b57a95e9481ee41c681b783de65d2d DependenciesID=65c2274ce37767ff62884a1c70c6e9ea StaticDependenciesID=10fee42254f1c09b28b9afd4af527242 
Importing 'GUID: 51fa60bb2bd1e5bc74e8cc95a7bfd5b7 - Path: Packages/com.unity.modules.ui/package.ModuleCompilationTrigger' with importer (DefaultImporter)
Imported 'GUID: 51fa60bb2bd1e5bc74e8cc95a7bfd5b7' -> (Import Result ID: 'da7146f36f38740ef799f0a8ef745d23') in 0.063 seconds [static dependencies only]. Details - ImportResultOutputID=97b097896283fafd162f5103b6da9350 DependenciesID=4055109e607a57d2f1170335fea6f5b6 StaticDependenciesID=5848334a9c3afd485e2598f9889c3997 
Importing 'GUID: 71136fc5cf34f2cc10be0e33c0b08019 - Path: Packages/com.unity.modules.unityanalytics/package.ModuleCompilationTrigger' with importer (DefaultImporter)
Imported 'GUID: 71136fc5cf34f2cc10be0e33c0b08019' -> (Import Result ID: 'c2cc8d44df7f5af9e1e985f1d9865d62') in 0.002 seconds [static dependencies only]. Details - ImportResultOutputID=aad00463857b0f3e239972e5a10e3f79 DependenciesID=a25355b1f61f4e9b345bac29fd9b08e8 StaticDependenciesID=41146bf4729f508cca7dacdbd0e1a276 
Importing 'GUID: a1c42005fe7c5d78585a77ce396a5eea - Path: Packages/com.unity.modules.tilemap/package.ModuleCompilationTrigger' with importer (DefaultImporter)
Imported 'GUID: a1c42005fe7c5d78585a77ce396a5eea' -> (Import Result ID: '9c3c1d0ba83a16e4c4a83a2f41692d08') in 0.002 seconds [static dependencies only]. Details - ImportResultOutputID=7c7d529048f5d74f6d499dae097a185f DependenciesID=5f8ce6bc7974e56dfdddc39a261f477e StaticDependenciesID=277d2b2428c983744b7499182ac4ba84 
Importing 'GUID: d104359075a97392b803d3d5aebc77f7 - Path: Packages/com.unity.modules.hierarchycore/package.ModuleCompilationTrigger' with importer (DefaultImporter)
Imported 'GUID: d104359075a97392b803d3d5aebc77f7' -> (Import Result ID: '8b98a5fe5858dc93826cc9182b55b8d6') in 0.001 seconds [static dependencies only]. Details - ImportResultOutputID=8ec3343e917ef007d455acfe45d3ee72 DependenciesID=d008787e17d87cb605ed1ccbc581003a StaticDependenciesID=94821274a794f23a96a8ba01e4b49dee 
Importing 'GUID: 222fc39b0c85d800342910da2cd64781 - Path: Packages/com.unity.modules.assetbundle/package.ModuleCompilationTrigger' with importer (DefaultImporter)
Imported 'GUID: 222fc39b0c85d800342910da2cd64781' -> (Import Result ID: '1101de849aa6e1f7c98985896880952a') in 0.002 seconds [static dependencies only]. Details - ImportResultOutputID=a4749f3da6b6adf8eaabf6e5477b2b7c DependenciesID=8b04f1ddbfa7431f89658cd91664d885 StaticDependenciesID=500cfa9f4f7e5cbc078b469ac6501081 
Importing 'GUID: d2ec2d1228c8e67cdd913cb5609176a2 - Path: Packages/com.unity.modules.unitywebrequest/package.ModuleCompilationTrigger' with importer (DefaultImporter)
Imported 'GUID: d2ec2d1228c8e67cdd913cb5609176a2' -> (Import Result ID: '296c61c72fc18aae62e029680fdf1f70') in 0.002 seconds [static dependencies only]. Details - ImportResultOutputID=37747859ed12efda2a92d3d840e79b06 DependenciesID=867908489ffc67ae501fabe328861d70 StaticDependenciesID=750bd098b18a5b61d3f5f7418463389e 
Importing 'GUID: e2d09a26ce46dc617b54e49a534ace20 - Path: Packages/com.unity.modules.ai/package.ModuleCompilationTrigger' with importer (DefaultImporter)
Imported 'GUID: e2d09a26ce46dc617b54e49a534ace20' -> (Import Result ID: 'e44138a037f95ae0f3555e190bed5c99') in 0.002 seconds [static dependencies only]. Details - ImportResultOutputID=01c973ad27769bdd61dcc3de2d8629ac DependenciesID=b69e40e5c70883eb0dd101c93a7ccd24 StaticDependenciesID=bbdbf9d032ba6d01cfa4bce94e2d803d 
Importing 'GUID: 23032f4383e95e772bce465c5896d0fd - Path: Packages/com.unity.modules.terrain/package.ModuleCompilationTrigger' with importer (DefaultImporter)
Imported 'GUID: 23032f4383e95e772bce465c5896d0fd' -> (Import Result ID: '7f50f6641b8329ddc918445dedab9710') in 0.001 seconds [static dependencies only]. Details - ImportResultOutputID=43caf76539e87b0b5e506fce22b32e8c DependenciesID=94d485d7451611581239c6468571fe1f StaticDependenciesID=0a97893ec1eeb18c8663bae8572305fa 
Importing 'GUID: 830a36a23cf3ab1e61fa47940a6dc35e - Path: Packages/com.unity.modules.imageconversion/package.ModuleCompilationTrigger' with importer (DefaultImporter)
Imported 'GUID: 830a36a23cf3ab1e61fa47940a6dc35e' -> (Import Result ID: 'c66208759bd0d44fd4d2a27542eefb33') in 0.001 seconds [static dependencies only]. Details - ImportResultOutputID=1312c79305670b6aa3bce9ff3efd03b9 DependenciesID=f8cb08a20abc734962c2341d4974f066 StaticDependenciesID=8d04c7f3854d2da2a085adb5c4d3be84 
Importing 'GUID: a31a332ce3485f00f7df8d987302a29c - Path: Packages/com.unity.modules.unitywebrequesttexture/package.ModuleCompilationTrigger' with importer (DefaultImporter)
Imported 'GUID: a31a332ce3485f00f7df8d987302a29c' -> (Import Result ID: 'f15c9af3d2039aaf9ce01f0bf8ff71ff') in 0.001 seconds [static dependencies only]. Details - ImportResultOutputID=54d1731c77f760b5355a2b1bfa92527b DependenciesID=d91119666f9007d1f765712f56c16fa4 StaticDependenciesID=dee0dcfd3ef57403565228da4125b8de 
Importing 'GUID: 042dc296246916648e55a43d0eeb2036 - Path: Packages/com.unity.modules.audio/package.ModuleCompilationTrigger' with importer (DefaultImporter)
Imported 'GUID: 042dc296246916648e55a43d0eeb2036' -> (Import Result ID: '825ada01a22a932fe6b253644dbb5f47') in 0.001 seconds [static dependencies only]. Details - ImportResultOutputID=ab0921e937c1d9c2d7fbdebe7091d6c2 DependenciesID=6049530c758a625436c89437f1cf97e1 StaticDependenciesID=533919d559210c186a6980f973acb706 
Importing 'GUID: 14e86f88e9a8c9c448d7e7df92f2aeec - Path: Packages/com.unity.modules.physicscore2d/package.ModuleCompilationTrigger' with importer (DefaultImporter)
Imported 'GUID: 14e86f88e9a8c9c448d7e7df92f2aeec' -> (Import Result ID: '57b94c8d74fb31e5fa0f6f1202ac525e') in 0.002 seconds [static dependencies only]. Details - ImportResultOutputID=94d25b776bc28f679880cb17bd31ec6c DependenciesID=e5cdb9462863a08cee65b2047c50d60b StaticDependenciesID=68c17c68593ed5e98174e1cf37065536 
Importing 'GUID: 553737203d61a8109f9544a97201e1aa - Path: Packages/com.unity.modules.unitywebrequestaudio/package.ModuleCompilationTrigger' with importer (DefaultImporter)
Imported 'GUID: 553737203d61a8109f9544a97201e1aa' -> (Import Result ID: '7ca73d9034ac45ff1e0197fdf35e08a3') in 0.001 seconds [static dependencies only]. Details - ImportResultOutputID=ab514c5cded186b91986c4c830fcf71c DependenciesID=34850208eb119edf5d6622a5c610c106 StaticDependenciesID=247311b246c100a80666508820f68acb 
Importing 'GUID: e5c46c19ce0ce2e0103aa6f82df1043a - Path: Packages/com.unity.modules.vehicles/package.ModuleCompilationTrigger' with importer (DefaultImporter)
Imported 'GUID: e5c46c19ce0ce2e0103aa6f82df1043a' -> (Import Result ID: 'f77e4bccb0b3567a5c46f6fdc6f99ed9') in 0.001 seconds [static dependencies only]. Details - ImportResultOutputID=7ed92368dde83c4f4274e94d1167c911 DependenciesID=27d2964b74dc34c14b0189b826737101 StaticDependenciesID=58c585336f8155249eb983aaea149696 
Importing 'GUID: 7610600f5c83e01041a6fe849d39279f - Path: Packages/com.unity.modules.unitywebrequestassetbundle/package.ModuleCompilationTrigger' with importer (DefaultImporter)
Imported 'GUID: 7610600f5c83e01041a6fe849d39279f' -> (Import Result ID: 'bfef23b9481899930568bcc1f4643467') in 0.001 seconds [static dependencies only]. Details - ImportResultOutputID=8003247251fb87c113fccdf168b06d46 DependenciesID=30f2e91d26e25092783770b9c887ec1e StaticDependenciesID=c2c7775d2cb060c8f328513614b8d3d0 
Importing 'GUID: e6a135e3ea9cb46795d1b0e05ac3e1e5 - Path: Packages/com.unity.modules.jsonserialize/package.ModuleCompilationTrigger' with importer (DefaultImporter)
Imported 'GUID: e6a135e3ea9cb46795d1b0e05ac3e1e5' -> (Import Result ID: '4cdab18d31f425b5b000c178ce4411d7') in 0.001 seconds [static dependencies only]. Details - ImportResultOutputID=16fe18d7d4fb3289b89d1d866fdd26db DependenciesID=13fef97da21472d8b844ad9b278d33c8 StaticDependenciesID=4a0c3cda941c34f53512e620dc71b2ee 
Importing 'GUID: f62135e79edb837b2d2ee3c524da864c - Path: Packages/com.unity.modules.video/package.ModuleCompilationTrigger' with importer (DefaultImporter)
Imported 'GUID: f62135e79edb837b2d2ee3c524da864c' -> (Import Result ID: 'b1c90bbcac1740bfef19081eb2624ac9') in 0.001 seconds [static dependencies only]. Details - ImportResultOutputID=f343425462c7ecc24009b61dff957b85 DependenciesID=0b41a7c0880be7c0cfc3123e3cc9df88 StaticDependenciesID=3ed9b40a0b2b3c1dc15c737a860738bd 
Importing 'GUID: 17f093324b67f5bd57e55b546736750e - Path: Packages/com.unity.modules.particlesystem/package.ModuleCompilationTrigger' with importer (DefaultImporter)
Imported 'GUID: 17f093324b67f5bd57e55b546736750e' -> (Import Result ID: '0d2ddc786bdac7bda467072911da8e98') in 0.001 seconds [static dependencies only]. Details - ImportResultOutputID=0355b1352b2efc29f8c3d4c7ae63c7f1 DependenciesID=2958690ec73685b53b2fcd9cfd0b1254 StaticDependenciesID=85089510f0b3bed9d5698cc35811e520 
Importing 'GUID: 4745d06d5a7ca576dcf9e5e67b417652 - Path: Packages/com.unity.modules.accessibility/package.ModuleCompilationTrigger' with importer (DefaultImporter)
Imported 'GUID: 4745d06d5a7ca576dcf9e5e67b417652' -> (Import Result ID: '9f46fc08ebc806e148b3028026b922b2') in 0.001 seconds [static dependencies only]. Details - ImportResultOutputID=532470ed0227c311b25c8c9e8ba79400 DependenciesID=503091816945cb75b8aff54ef6e48dc4 StaticDependenciesID=2a1163b04495b287eee3f28aa095c5e4 
Importing 'GUID: c7a8b0317f4e68556d7509828e9e211e - Path: Packages/com.unity.modules.xr/package.ModuleCompilationTrigger' with importer (DefaultImporter)
Imported 'GUID: c7a8b0317f4e68556d7509828e9e211e' -> (Import Result ID: '3aae1004c356c0174b1d2014ff417205') in 0.001 seconds [static dependencies only]. Details - ImportResultOutputID=ae1b559a8646648d57c418658f22c1c3 DependenciesID=2a40ad50e5d83660c4346aa85c6f1fd5 StaticDependenciesID=e650a17c51a74b75b8ae09276ca1089c 
Importing 'GUID: 082fbee38a82835433261a5e9c00e267 - Path: Packages/com.unity.modules.cloth/package.ModuleCompilationTrigger' with importer (DefaultImporter)
Imported 'GUID: 082fbee38a82835433261a5e9c00e267' -> (Import Result ID: '68fe0adc66ccdd7718aefeef9e3899e7') in 0.001 seconds [static dependencies only]. Details - ImportResultOutputID=4484322f1fd307127a580e9b17cedb30 DependenciesID=b765e8dda1143a901b43862a90264c61 StaticDependenciesID=ef9fa225c23aecc2cc2d8ab5316d82e8 
Importing 'GUID: c82e859b16636ddd2ca4a1f63fd34938 - Path: Packages/com.unity.modules.androidjni/package.ModuleCompilationTrigger' with importer (DefaultImporter)
Imported 'GUID: c82e859b16636ddd2ca4a1f63fd34938' -> (Import Result ID: '1f7bd7b9ff84e0c63a1f30c0158813f6') in 0.001 seconds [static dependencies only]. Details - ImportResultOutputID=6a7f1eafcdb81a627586a74a505019b9 DependenciesID=7588d1a84adbbe84b3d276918e369fb4 StaticDependenciesID=00e8d98cc8487c72fc0bb1d83327e9f8 
Importing 'GUID: c88e90bad18cceb5d182d0c805883056 - Path: Packages/com.unity.modules.director/package.ModuleCompilationTrigger' with importer (DefaultImporter)
Imported 'GUID: c88e90bad18cceb5d182d0c805883056' -> (Import Result ID: '692b721ebaf01bf42014eff7cc287474') in 0.001 seconds [static dependencies only]. Details - ImportResultOutputID=5d286ef98cbac13e3d0e345aac901e4f DependenciesID=94ff21374e1176d68a537fdc52c3a414 StaticDependenciesID=02cee57ef9a66eaa5c0a5baea26241f2 
Importing 'GUID: 1af35a910338381f753e8a985eb5daab - Path: Packages/com.unity.modules.adaptiveperformance/package.ModuleCompilationTrigger' with importer (DefaultImporter)
Imported 'GUID: 1af35a910338381f753e8a985eb5daab' -> (Import Result ID: 'cce3e3bb6c2e43a4c05545493add7f67') in 0.001 seconds [static dependencies only]. Details - ImportResultOutputID=949634ab36822f8ff6168fc8c25e1508 DependenciesID=a86133a3cbf7d81a9d34c70dc70d412d StaticDependenciesID=72d9c9e598d42b502a015ca49e111ab5 
Importing 'GUID: 2adec19fac7df68adf1fd6eb83197bb1 - Path: Packages/com.unity.modules.wind/package.ModuleCompilationTrigger' with importer (DefaultImporter)
Imported 'GUID: 2adec19fac7df68adf1fd6eb83197bb1' -> (Import Result ID: '6a2f4ddbbdd2cee0e833c8e9b60c4930') in 0.002 seconds [static dependencies only]. Details - ImportResultOutputID=d94addc5fcd1dcd16d8a4aeff6e7315b DependenciesID=90bea73b66bc5a3ec0ae4d79132e1e3f StaticDependenciesID=5c1313ac4c6fbfe87cf9835fd6ebbe0d 
Importing 'GUID: 8a752aaaadd2410dd9a84e01c1bace9f - Path: Packages/com.unity.modules.uielements/package.ModuleCompilationTrigger' with importer (DefaultImporter)
Imported 'GUID: 8a752aaaadd2410dd9a84e01c1bace9f' -> (Import Result ID: 'f5a6218cbaa15cada75203b875739241') in 0.001 seconds [static dependencies only]. Details - ImportResultOutputID=f40b7d6a35d44b9d0813e881de9232d1 DependenciesID=ae9d6671a8106c6b2fa0b26490f56329 StaticDependenciesID=4de3b68478c6fcd93c95f2488f338125 
Importing 'GUID: 1b6246f2248883964991eac9e9b4817c - Path: Packages/com.unity.modules.umbra/package.ModuleCompilationTrigger' with importer (DefaultImporter)
Imported 'GUID: 1b6246f2248883964991eac9e9b4817c' -> (Import Result ID: 'c2593cc550babef9c4ef15c744157af8') in 0.001 seconds [static dependencies only]. Details - ImportResultOutputID=007489b112d859d85ac111b51d2b96fd DependenciesID=10afff1fecbc2b084ea0602712887ed3 StaticDependenciesID=b0e764f8a48c9617485bdd19a3be1f5f 
Importing 'GUID: cbb1a39d56ce4d9ac1a46ac505893fa7 - Path: Packages/com.unity.modules.terrainphysics/package.ModuleCompilationTrigger' with importer (DefaultImporter)
Imported 'GUID: cbb1a39d56ce4d9ac1a46ac505893fa7' -> (Import Result ID: 'c4e7922eced96fe170efe150661d1ab0') in 0.001 seconds [static dependencies only]. Details - ImportResultOutputID=62cb9b240430335886efec9a08c66b57 DependenciesID=ae5984d24878f2f9077435a5c18e04f6 StaticDependenciesID=ba12fc2658ed2d75c63a988a6e36bf9c 
Importing 'GUID: db8e609a39b9b231fccc54e5fa4cbd1b - Path: Packages/com.unity.modules.animation/package.ModuleCompilationTrigger' with importer (DefaultImporter)
Imported 'GUID: db8e609a39b9b231fccc54e5fa4cbd1b' -> (Import Result ID: 'c7dc61610ffe66c8b2c450fffe021fd6') in 0.001 seconds [static dependencies only]. Details - ImportResultOutputID=288139cac869a1d040c89eaede133db4 DependenciesID=acfd7624339c3516e2c486656c526f65 StaticDependenciesID=13c33991cd0835ecf3f1eb8d54af3532 
Importing 'GUID: 3cc1ebf2abb7fef6871ad48f499b6e21 - Path: Packages/com.unity.modules.vectorgraphics/package.ModuleCompilationTrigger' with importer (DefaultImporter)
Imported 'GUID: 3cc1ebf2abb7fef6871ad48f499b6e21' -> (Import Result ID: 'ec299a4f0aae8a8e3bbfb324e4cfef53') in 0.001 seconds [static dependencies only]. Details - ImportResultOutputID=a4c87958b226c4f900fbf4d18311cf6f DependenciesID=a316c13e63a531aea7592a16adcf5e4d StaticDependenciesID=d424393493e3c0a7c18d61c53795eace 
Importing 'GUID: 5c1ee4056d0ac7ad3c5a16597fcaa38a - Path: Packages/com.unity.modules.physics/package.ModuleCompilationTrigger' with importer (DefaultImporter)
Imported 'GUID: 5c1ee4056d0ac7ad3c5a16597fcaa38a' -> (Import Result ID: '55275c48f2a6e4d48c8aa1eeb75f6ed2') in 0.001 seconds [static dependencies only]. Details - ImportResultOutputID=47c1ddfb4cd3ec43bc350d5b06504d59 DependenciesID=48f26736b494d81c81a6df45682d2d56 StaticDependenciesID=bdc9ac5cc7a083ce43d55389511396dd 
Importing 'GUID: 8d4bc6bfa28760b29f13174d6b6ea710 - Path: Packages/com.unity.modules.subsystems/package.ModuleCompilationTrigger' with importer (DefaultImporter)
Imported 'GUID: 8d4bc6bfa28760b29f13174d6b6ea710' -> (Import Result ID: 'a3011318500a17343fe70ef583a7a064') in 0.001 seconds [static dependencies only]. Details - ImportResultOutputID=498ca2a2c24aa041ab5e98f608209a1b DependenciesID=877ad71b259b1853ca3cbcd22dbeced1 StaticDependenciesID=8f5974be53fcdb5273b9ca84be24fb20 
Importing 'GUID: cd561f5f687aed43bf280c27a84f79e3 - Path: Packages/com.unity.modules.screencapture/package.ModuleCompilationTrigger' with importer (DefaultImporter)
Imported 'GUID: cd561f5f687aed43bf280c27a84f79e3' -> (Import Result ID: '40aa626f7f34fb94afc221a2df05fb54') in 0.001 seconds [static dependencies only]. Details - ImportResultOutputID=3eb1964e8afbff2c421e099475927610 DependenciesID=932a9ff0221b28edb200a972ce2652f5 StaticDependenciesID=cb7d0a479851b0ff42d76c80e71ee100 
Importing 'GUID: ae87256f29d9c8b50490f4caf75b2c41 - Path: Packages/com.unity.modules.unitywebrequestwww/package.ModuleCompilationTrigger' with importer (DefaultImporter)
Imported 'GUID: ae87256f29d9c8b50490f4caf75b2c41' -> (Import Result ID: 'cf780f352da2f408d3699135526f8105') in 0.001 seconds [static dependencies only]. Details - ImportResultOutputID=79dda7a6ac07c59209ba94225ee33d24 DependenciesID=f5cac70939bf0516a32dd3f985297119 StaticDependenciesID=721e253293ef645f167612dcbc81e8bf 
Importing 'GUID: be13c398521e3c1ad21fb9da30ab2ab6 - Path: Packages/com.unity.modules.imgui/package.ModuleCompilationTrigger' with importer (DefaultImporter)
Imported 'GUID: be13c398521e3c1ad21fb9da30ab2ab6' -> (Import Result ID: 'b271e59c9cc378c98b4a96aa59e0c678') in 0.001 seconds [static dependencies only]. Details - ImportResultOutputID=68bbcc9e8372c6860b60d924cb4f595c DependenciesID=0f048d2c25447920d8aee15b7f46bdba StaticDependenciesID=c60d30096816420cf21f408d2eaffbc8 
Importing 'GUID: fe6a6957b37b61417b457a1e0541791d - Path: Packages/com.unity.modules.physics2d/package.ModuleCompilationTrigger' with importer (DefaultImporter)
Imported 'GUID: fe6a6957b37b61417b457a1e0541791d' -> (Import Result ID: 'bf99c7c3fa8aead1b3b167c8bea112f4') in 0.001 seconds [static dependencies only]. Details - ImportResultOutputID=007ff8c01aa675f4b695ba99a36210ad DependenciesID=88b918f05d5ac819ead3a3b060478b14 StaticDependenciesID=111770f12ca0822f165f44c14271bd5e 
Native extension for WindowsStandalone target not found
ScheduleIndexationOnStartup MainProcess:True IndexOnStartup:True
Mono: successfully reloaded assembly
- Finished resetting the current domain, in  0.636 seconds
Domain Reload Profiling: 1299ms
	BeginReloadAssembly (334ms)
		DisableScriptedObjects (47ms)
		CreateAndSetChildDomain (63ms)
	RebuildCommonClasses (16ms)
	RebuildNativeTypeToScriptingClass (20ms)
	initialDomainReloadingComplete (51ms)
	LoadAllAssembliesAndSetupDomain (237ms)
		LoadAssemblies (220ms)
		AnalyzeDomain (36ms)
			TypeCache.Refresh (19ms)
				TypeCache.ScanAssembly (11ms)
			BuildScriptInfoCaches (10ms)
			ResolveRequiredComponents (3ms)
	FinalizeReload (640ms)
		SetupLoadedEditorAssemblies (0ms)
			BeforeProcessingInitializeOnLoad (118ms)
			ProcessInitializeOnLoadAttributes (155ms)
			ProcessInitializeOnLoadMethodAttributes (125ms)
			AfterProcessingInitializeOnLoad (8ms)
		AwakeInstancesAfterBackupRestoration (32ms)
Importing 'GUID: 14b27b7246eff854dadc2f73a3fbc69a - Path: Assets/MenuPrincipal.unity' with importer (DefaultImporter)
Imported 'GUID: 14b27b7246eff854dadc2f73a3fbc69a' -> (Import Result ID: '9e135e2a8dce3a98b6ff400f0dd01317') in 0.004 seconds [static dependencies only]. Details - ImportResultOutputID=b3f72738d9925e66b48caa4971b2d852 DependenciesID=a588e34515626ce9f03bd00410014bbb StaticDependenciesID=526b2e7572656e02d2562877f2f8259f 
Importing 'GUID: 6d80ddc6e593cd64db0ab2136b82fe05 - Path: Assets/Nivel 1.unity' with importer (DefaultImporter)
Imported 'GUID: 6d80ddc6e593cd64db0ab2136b82fe05' -> (Import Result ID: '98e3d1b6389f8ca3294fbfb053781a31') in 0.005 seconds [static dependencies only]. Details - ImportResultOutputID=3e8ff5ebde786a207796b54c223af9fb DependenciesID=957ee0d11a9d156a6aadd88c2817333b StaticDependenciesID=b9875a792b35539684a3318f12a62cdc 
Importing 'GUID: 5312039f7d992ba45b519fcd6bef2a62 - Path: Assets/Fondos/Nivel 1.unity' with importer (DefaultImporter)
Imported 'GUID: 5312039f7d992ba45b519fcd6bef2a62' -> (Import Result ID: 'a6c864192d1d432fbc99f35bf6e09483') in 0.002 seconds [static dependencies only]. Details - ImportResultOutputID=f294e099210d3148ab3af9696acb094e DependenciesID=020e377ff505017ede3d42d934a3aaa1 StaticDependenciesID=4e93f82ac319c5d57fcad4242b8ff84a 
Importing 'GUID: bc00e25696e4132499f56528d3fed2e3 - Path: Packages/com.unity.ugui/Package Resources/TMP Examples & Extras.unitypackage' with importer (DefaultImporter)
Imported 'GUID: bc00e25696e4132499f56528d3fed2e3' -> (Import Result ID: 'ab936c09cf1475037b0d6cd1df93de87') in 0.026 seconds [static dependencies only]. Details - ImportResultOutputID=5e64def7f760c9c68f91d0f7e63b32d7 DependenciesID=af94dc8a56a3f6c4c33d6d9d601d3d51 StaticDependenciesID=981a6beda88cef29fafa5b35bf70d72b 
Importing 'GUID: ce4ff17ca867d2b48b5c8a4181611901 - Path: Packages/com.unity.ugui/Package Resources/TMP Essential Resources.unitypackage' with importer (DefaultImporter)
Imported 'GUID: ce4ff17ca867d2b48b5c8a4181611901' -> (Import Result ID: 'd379dcbdb3165dbc71eb8191f0e4c1e7') in 0.005 seconds [static dependencies only]. Details - ImportResultOutputID=1b08adab5828572d6bd38dd46d26db87 DependenciesID=8c5aea944bec4d4f7e06330a55b73dc0 StaticDependenciesID=f7b321b1040d7ed48b52a4df6f0da1c4 
Importing 'GUID: a659150180ae3489ba41c71780ba3779 - Path: Packages/com.unity.multiplayer.center/Editor/Questionnaire/Questionnaire.questionnaire' with importer (DefaultImporter)
Imported 'GUID: a659150180ae3489ba41c71780ba3779' -> (Import Result ID: 'c05cd9a77ea163a8f1b2d151d057faec') in 0.006 seconds [static dependencies only]. Details - ImportResultOutputID=d0013f3317022cee9d3e980e4260305c DependenciesID=675749447f3b189baeafcd5121d4189d StaticDependenciesID=0887c324baf9cbb6e47a735ab144fea1 
Importing 'GUID: b66d076cdcfe3b14388de66307a0e7ff - Path: Packages/com.unity.multiplayer.center/Editor/Recommendations/RecommendationData_6000.0.recommendations' with importer (DefaultImporter)
Imported 'GUID: b66d076cdcfe3b14388de66307a0e7ff' -> (Import Result ID: '3894fd853b59c55ec94db77eac586ce7') in 0.009 seconds [static dependencies only]. Details - ImportResultOutputID=c9abb0b20a8e8219707b06aa304df842 DependenciesID=223072da6617f723e72236d56d8f735b StaticDependenciesID=5580a86bc0d10aa66e3cdb190ec9e6da 
Importing 'GUID: 6d70958817ddd43678a10b02a1aa4cdd - Path: Packages/com.unity.2d.sprite/Editor/Assets/SpriteEditorWindowDefault.overlay' with importer (DefaultImporter)
Imported 'GUID: 6d70958817ddd43678a10b02a1aa4cdd' -> (Import Result ID: 'f429b3528c06c54e7d063ffb5fea99a4') in 0.007 seconds [static dependencies only]. Details - ImportResultOutputID=abe2dfbf305810836db72a243c4b3230 DependenciesID=208b979e42f13d6d14397073215e324b StaticDependenciesID=96acf68afb3fab3594f991ab397d1183 
Importing 'GUID: 207ee8102dd4143d288186ef0be518ee - Path: Packages/com.unity.2d.sprite/Editor/ObjectMenuCreation/DefaultAssets/Textures/v2/Capsule.png' with importer (TextureImporter)
Imported 'GUID: 207ee8102dd4143d288186ef0be518ee' -> (Import Result ID: '3f7c0550194c6ef642b0ac168e4cfe96') in 0.039 seconds [static and dynamic dependencies]. Details - ImportResultOutputID=8897c1e2831dd251c31dd1918d197466 DependenciesID=07136d6488b6b1a4e5a7c9efb62d70f4 StaticDependenciesID=7ef35d7ac1e49c1c292d955134cb612d 
Importing 'GUID: 40bde776259d14327bcda6275f7c21b3 - Path: Packages/com.unity.2d.sprite/Editor/Assets/d_LockedOptions.png' with importer (TextureImporter)
Imported 'GUID: 40bde776259d14327bcda6275f7c21b3' -> (Import Result ID: 'ee8fd066ead6b635df536a96e6516701') in 0.006 seconds [static and dynamic dependencies]. Details - ImportResultOutputID=408196548d7239b58f812d1d8e9b9127 DependenciesID=814c30cb9d730f32511a163a7a6ad55b StaticDependenciesID=5023660f11539916429c4d17b9ec9038 
Importing 'GUID: 7013f35dfb10340ecbb956ca7e17de0d - Path: Packages/com.unity.2d.sprite/Editor/Assets/SpriteEditor@2x.png' with importer (TextureImporter)
Imported 'GUID: 7013f35dfb10340ecbb956ca7e17de0d' -> (Import Result ID: '5bc241425b28176cff841c615a4eceb6') in 0.005 seconds [static and dynamic dependencies]. Details - ImportResultOutputID=fd167f6bf8eb66d26f4093f86a2c6849 DependenciesID=5ae14be817acabb1b2c8cb8e0f6f07c1 StaticDependenciesID=f9488d92d1ca65f973b2ffaf67d26740 
Importing 'GUID: e05ace3bd15740cda0bad60d89092a5b - Path: Packages/com.unity.ugui/Editor Resources/Textures/btn_AlignRight_Light.psd' with importer (TextureImporter)
Imported 'GUID: e05ace3bd15740cda0bad60d89092a5b' -> (Import Result ID: '925c2eb6dfc48745a2e8c7d585136c77') in 0.011 seconds [static and dynamic dependencies]. Details - ImportResultOutputID=a229af3b5010fa0147b7e41b87f8b5f1 DependenciesID=ead96f3ef2a060c89ebe245c68d9ea9e StaticDependenciesID=52e615b0a2f09c51de5171dea5c71318 
Importing 'GUID: 311925a002f4447b3a28927169b83ea6 - Path: Packages/com.unity.2d.sprite/Editor/ObjectMenuCreation/DefaultAssets/Textures/v2/Square.png' with importer (TextureImporter)
Imported 'GUID: 311925a002f4447b3a28927169b83ea6' -> (Import Result ID: 'c5a15353dab8c3b14dcc2268c3dbb555') in 0.013 seconds [static and dynamic dependencies]. Details - ImportResultOutputID=72d011b1477e376434b4dc147d009ad6 DependenciesID=47f4907ec8a0ac393b6336047b5e7e10 StaticDependenciesID=577588c99af566bd90cab7aa00a01a12 
Importing 'GUID: 318df756abab5463e9aa361360784865 - Path: Packages/com.unity.multiplayer.center/Editor/MultiplayerCenterWindow/UI/Icons/d_PackageInstalled@2x.png' with importer (TextureImporter)
Imported 'GUID: 318df756abab5463e9aa361360784865' -> (Import Result ID: '6f01abe9f14265dc74cf20d94194c008') in 0.006 seconds [static and dynamic dependencies]. Details - ImportResultOutputID=db30f9493944bd8db7b9ead014f68ceb DependenciesID=ade3558e4f65e27b7fc708bf4220cf02 StaticDependenciesID=7a38b840ab808290a1cae3553afa9b9c 
Importing 'GUID: 41b96614b2e6494ba995ddcd252d11ae - Path: Packages/com.unity.ugui/Editor Resources/Textures/btn_AlignMiddle.psd' with importer (TextureImporter)
Imported 'GUID: 41b96614b2e6494ba995ddcd252d11ae' -> (Import Result ID: '9f961e55abdbd48aa71f8d4c6720ef8a') in 0.005 seconds [static and dynamic dependencies]. Details - ImportResultOutputID=b38c5c4b03712d9e30dc9b459f1ceaf3 DependenciesID=809f1b369e1be5704c5b6d66103e0cda StaticDependenciesID=75890bc2920ec12bfbb3d3fed3fa4be2 
Importing 'GUID: 71ebafeef3c03457483266a33ab2b270 - Path: Packages/com.unity.2d.sprite/Editor/ObjectMenuCreation/DefaultAssets/Textures/9-Sliced.png' with importer (TextureImporter)
Imported 'GUID: 71ebafeef3c03457483266a33ab2b270' -> (Import Result ID: 'f6cb055f4070d199aa1bb7aa75977d19') in 0.009 seconds [static and dynamic dependencies]. Details - ImportResultOutputID=68a2ae7bc47593255d04ba05ca40e9e0 DependenciesID=85683800218005c439b91c693085461c StaticDependenciesID=6b5891303c7b000ccbb3814a0b05630c 
Importing 'GUID: 81ed8c76d2bc4a4c95d092c98af4e58f - Path: Packages/com.unity.ugui/Editor Resources/Textures/btn_AlignCenter.psd' with importer (TextureImporter)
Imported 'GUID: 81ed8c76d2bc4a4c95d092c98af4e58f' -> (Import Result ID: '83b0b7d4960618554cd4edf178ae3dcc') in 0.009 seconds [static and dynamic dependencies]. Details - ImportResultOutputID=c2b44cb03f452f87f5ab1cf554fe1cf1 DependenciesID=6ff08ec1ed9a94410beb672687bb9c8f StaticDependenciesID=cb20c6ab9bc2807e097ca45ec06de52d 
Importing 'GUID: a11d1252397454e6d90d7a5514e76ce5 - Path: Packages/com.unity.2d.sprite/Editor/Assets/SpriteFrameToggle@32.png' with importer (TextureImporter)
Imported 'GUID: a11d1252397454e6d90d7a5514e76ce5' -> (Import Result ID: 'aeb8d4f8a76864a86b9fb6d87e8b625b') in 0.007 seconds [static and dynamic dependencies]. Details - ImportResultOutputID=7acd9514084e1c5cc39d2f7dac24c416 DependenciesID=91c7fc554f93906861f98a495310d17b StaticDependenciesID=17d9df4f0916bea049392c267491cb18 
Importing 'GUID: d1a4629d5a3d147978a3fe8af3b6a935 - Path: Packages/com.unity.2d.sprite/Editor/Assets/d_LockedOptions@2x.png' with importer (TextureImporter)
Imported 'GUID: d1a4629d5a3d147978a3fe8af3b6a935' -> (Import Result ID: '25d2ddcb3934f51b6ec7af8023bc7aa4') in 0.007 seconds [static and dynamic dependencies]. Details - ImportResultOutputID=a19bc0b7b52974f479879a57de50eb5e DependenciesID=b0310d006a35a6210d0892efefc26971 StaticDependenciesID=7883d7b0269e77572552002da66a4543 
Importing 'GUID: 12736c98af174f91827a26b66d2b01b9 - Path: Packages/com.unity.ugui/Editor Resources/Textures/btn_AlignLeft_Light.psd' with importer (TextureImporter)
Imported 'GUID: 12736c98af174f91827a26b66d2b01b9' -> (Import Result ID: '1e00b35c7e9ebc87f3d294864cb34c8b') in 0.007 seconds [static and dynamic dependencies]. Details - ImportResultOutputID=2ac4f4f3cb224304354550257cad106c DependenciesID=536b2711f88099569d830615242a2c4e StaticDependenciesID=f81da072b45a456616021decc16960dc 
Importing 'GUID: 424a8de5def3b46dcb08edd00ad1c7bd - Path: Packages/com.unity.multiplayer.center/Editor/MultiplayerCenterWindow/UI/Icons/Loading.png' with importer (TextureImporter)
Imported 'GUID: 424a8de5def3b46dcb08edd00ad1c7bd' -> (Import Result ID: 'f35f73bbd6e9584f03641834f1cb5520') in 0.007 seconds [static and dynamic dependencies]. Details - ImportResultOutputID=466ed2d140107ef8f75f3d811bce8edd DependenciesID=44ae2c91f63591885500e09715992d38 StaticDependenciesID=3d973c5e286d0bcd58e82e84c1cf154c 
Importing 'GUID: 525a6cca8dd9a4d28875a8fe824710d9 - Path: Packages/com.unity.multiplayer.center/Editor/MultiplayerCenterWindow/UI/Icons/d_Package.png' with importer (TextureImporter)
Imported 'GUID: 525a6cca8dd9a4d28875a8fe824710d9' -> (Import Result ID: '01a1022d9ce257e830e7c493142d17f6') in 0.007 seconds [static and dynamic dependencies]. Details - ImportResultOutputID=ea4a85379db69851648496b826b2dbc6 DependenciesID=00feaa879fea56a2cd9bf68cf4b3ae6f StaticDependenciesID=543b3cee32ba7b119dfe316c8c766265 
Importing 'GUID: 92027f7f8cfc4feaa477da0dc38d3d46 - Path: Packages/com.unity.ugui/Editor Resources/Textures/btn_AlignJustified.psd' with importer (TextureImporter)
Imported 'GUID: 92027f7f8cfc4feaa477da0dc38d3d46' -> (Import Result ID: 'e0246fe1e57fbec654c1291063429c50') in 0.006 seconds [static and dynamic dependencies]. Details - ImportResultOutputID=556e8a56f6e919eb180530019938d010 DependenciesID=4566945112ecb386e322ef523f44ea65 StaticDependenciesID=35f558d8ad7f927aa3df799ff574fdd2 
Importing 'GUID: 9288066c33474b94b6ee5465f4df1cc0 - Path: Packages/com.unity.ugui/Editor Resources/Textures/btn_AlignLeft.psd' with importer (TextureImporter)
Imported 'GUID: 9288066c33474b94b6ee5465f4df1cc0' -> (Import Result ID: 'be293f7a95b31c1c1cedcf5bea51dfdd') in 0.007 seconds [static and dynamic dependencies]. Details - ImportResultOutputID=7d85fc9205bc0ed4ceee655c3b2c3cce DependenciesID=1082037c0e7709f807211974d058ae80 StaticDependenciesID=280831aa417c44bf382b38d78beb5902 
Importing 'GUID: a23c0dd570fd44b57a03a8880002fcca - Path: Packages/com.unity.multiplayer.center/Editor/MultiplayerCenterWindow/UI/Icons/CloudCode@2x.png' with importer (TextureImporter)
Imported 'GUID: a23c0dd570fd44b57a03a8880002fcca' -> (Import Result ID: '1b5b546d4a901ce2fd8275189d4182c8') in 0.006 seconds [static and dynamic dependencies]. Details - ImportResultOutputID=cb039323097108a83c98371068eb3231 DependenciesID=4343e6d7d1f5ae62e795b0990b3655d1 StaticDependenciesID=293c5e3f082ccff55cc0a33a8523582d 
Importing 'GUID: b2bd41a7c30fc4ad796e452d755dbfb5 - Path: Packages/com.unity.2d.sprite/Editor/Assets/d_SpriteFrameToggle@32.png' with importer (TextureImporter)
Imported 'GUID: b2bd41a7c30fc4ad796e452d755dbfb5' -> (Import Result ID: '62ee28ec3f3e6af6eadae8205fbcef9a') in 0.006 seconds [static and dynamic dependencies]. Details - ImportResultOutputID=0d3b40850e4daaeb972d866505d5302c DependenciesID=33fc53d52a0672ca718b37c0b09d8470 StaticDependenciesID=7203790bc5bc12e749e03a93a632e63e 
Importing 'GUID: b2ce704e56cc84fb3b347499263c6244 - Path: Packages/com.unity.multiplayer.center/Editor/MultiplayerCenterWindow/UI/Icons/ClientHosted.png' with importer (TextureImporter)
Imported 'GUID: b2ce704e56cc84fb3b347499263c6244' -> (Import Result ID: 'b3994bd91d7861696ebc2511271863f1') in 0.007 seconds [static and dynamic dependencies]. Details - ImportResultOutputID=8543dfcab3d33c5b757ae8aac672f535 DependenciesID=83443464ab01beec594ae2b5fe75286c StaticDependenciesID=074d025a46d8f1fabd92061a26ad828b 
Importing 'GUID: c2f7f6a88b4c4f20a53deb72f3d9144c - Path: Packages/com.unity.ugui/Editor Resources/Textures/btn_AlignMidLine.psd' with importer (TextureImporter)
Imported 'GUID: c2f7f6a88b4c4f20a53deb72f3d9144c' -> (Import Result ID: 'f3928758ebeb178b788ebebf46af8390') in 0.007 seconds [static and dynamic dependencies]. Details - ImportResultOutputID=60efec1956b072c106cd57152f9c114b DependenciesID=6161cf4b4c6fc51652ad88192c68bd7b StaticDependenciesID=71137f27da294f6f45968a72c3b6e758 
Importing 'GUID: 0354877031b64465ea7e5cafea1a2653 - Path: Packages/com.unity.multiplayer.center/Editor/MultiplayerCenterWindow/UI/Icons/DistributedAuthority@2x.png' with importer (TextureImporter)
Imported 'GUID: 0354877031b64465ea7e5cafea1a2653' -> (Import Result ID: 'a638e3334b6a48a048b604a4298c4665') in 0.006 seconds [static and dynamic dependencies]. Details - ImportResultOutputID=f4846d451daca11866d0a84a75402e74 DependenciesID=8555ada5911c56b50f9e69e70399d57e StaticDependenciesID=ec6cfb73202e24da6b2a59ea70899910 
Importing 'GUID: 83b28bcaaf34b4fd580114fb05d9f160 - Path: Packages/com.unity.multiplayer.center/Editor/MultiplayerCenterWindow/UI/Icons/NGO@2x.png' with importer (TextureImporter)
Imported 'GUID: 83b28bcaaf34b4fd580114fb05d9f160' -> (Import Result ID: 'f4701100dee24e204009b2c83a43a284') in 0.006 seconds [static and dynamic dependencies]. Details - ImportResultOutputID=ad7a6a16792a75b2d5bdf4ccc143f0c2 DependenciesID=108873298e59bd969b6314caa6e1c6da StaticDependenciesID=af52a056b009845ca437d0bd1f0d7602 
Importing 'GUID: e3b0f810fdea84e40ab4ba20f256f7e8 - Path: Packages/com.unity.ugui/Editor Resources/Textures/SectionHeader_Light.psd' with importer (TextureImporter)
Imported 'GUID: e3b0f810fdea84e40ab4ba20f256f7e8' -> (Import Result ID: '0911d8e09db8ff9f8028cc9e326322c4') in 0.006 seconds [static and dynamic dependencies]. Details - ImportResultOutputID=a9923641f45f2bb5b8a3110d4d1cacde DependenciesID=f737dfdee6cdb6ba2d056f8d76649c3e StaticDependenciesID=ddc5761e03b581a80f4ebf8b96a70935 
Importing 'GUID: 0423146d9f51c4563a0f2a8200b6cd38 - Path: Packages/com.unity.multiplayer.center/Editor/MultiplayerCenterWindow/UI/Icons/PackageInstalled@2x.png' with importer (TextureImporter)
Imported 'GUID: 0423146d9f51c4563a0f2a8200b6cd38' -> (Import Result ID: 'a675c69f32c8b0903989196fefa522d5') in 0.006 seconds [static and dynamic dependencies]. Details - ImportResultOutputID=969587fa5cf326d9ec8a8111b75f7ac4 DependenciesID=898156b28db4f5eac3c73fa65769f179 StaticDependenciesID=ac75fdd5ba76ca461c399c0bf64a9d06 
Importing 'GUID: 045b15ec09bba42448d89db77fa6f20a - Path: Packages/com.unity.2d.sprite/Editor/ObjectMenuCreation/DefaultAssets/Textures/IsometricDiamond.png' with importer (TextureImporter)
Imported 'GUID: 045b15ec09bba42448d89db77fa6f20a' -> (Import Result ID: '3b00d290dc37031329ef8f654497ab56') in 0.008 seconds [static and dynamic dependencies]. Details - ImportResultOutputID=74e8a72653715bb74c5f58b364ed035d DependenciesID=d1a9dd9114078294558c442c9087dae3 StaticDependenciesID=68579bf6f8904f103c7e1576ec8cb7c0 
Importing 'GUID: 34587324d412940a79d530020c957dc0 - Path: Packages/com.unity.2d.sprite/Editor/ObjectMenuCreation/DefaultAssets/Textures/CapsuleWithBorder.png' with importer (TextureImporter)
Imported 'GUID: 34587324d412940a79d530020c957dc0' -> (Import Result ID: '08edd02def60fb89fedb878ee542fb7c') in 0.011 seconds [static and dynamic dependencies]. Details - ImportResultOutputID=3b4a8a3d4a0a6db891d8bb8d8c3f3ce3 DependenciesID=1412a31ae6e194526893f46e237c9c44 StaticDependenciesID=401637679c3bbe53f22b16aace506f95 
Importing 'GUID: 342a0f8aca7f4f0691338912faec0494 - Path: Packages/com.unity.ugui/Editor Resources/Textures/btn_AlignRight.psd' with importer (TextureImporter)
Imported 'GUID: 342a0f8aca7f4f0691338912faec0494' -> (Import Result ID: 'f4b9add5d61600e82626171a190d977c') in 0.008 seconds [static and dynamic dependencies]. Details - ImportResultOutputID=8346911a928d5462bcd7f594b4b8246c DependenciesID=c29e0f5d33de97195a92c2742a4c1298 StaticDependenciesID=daf26c172b96d666577d1b57c2a35ec1 
Importing 'GUID: 64b9fad609434c489c32b1cdf2004a1c - Path: Packages/com.unity.ugui/Editor Resources/Textures/btn_AlignFlush_Light.psd' with importer (TextureImporter)
Imported 'GUID: 64b9fad609434c489c32b1cdf2004a1c' -> (Import Result ID: 'f0e832d105b6063f5baa6d18517f8927') in 0.006 seconds [static and dynamic dependencies]. Details - ImportResultOutputID=06fa58f761b54fae695a49da5341696f DependenciesID=dd52a3d5a903735574c02f50212d37e9 StaticDependenciesID=a45b2adb20ec5e5b8f4534bab07c5d87 
Importing 'GUID: 741761e72e6f24446bd8ba03ea3d0261 - Path: Packages/com.unity.multiplayer.center/Editor/MultiplayerCenterWindow/UI/Icons/d_Questionnaire.png' with importer (TextureImporter)
Imported 'GUID: 741761e72e6f24446bd8ba03ea3d0261' -> (Import Result ID: 'dc7f0ee6d020a401f32a831910407d14') in 0.005 seconds [static and dynamic dependencies]. Details - ImportResultOutputID=a5c17e9348711047638049f222e0f15d DependenciesID=fdaee37170630aa97e953c7981272bfd StaticDependenciesID=24dc796a6432cba411ecfc2294782b98 
Importing 'GUID: 74d9036aa1bb14ccfafb89d639870288 - Path: Packages/com.unity.2d.sprite/Editor/Assets/d_SpriteEditor@2x.png' with importer (TextureImporter)
Imported 'GUID: 74d9036aa1bb14ccfafb89d639870288' -> (Import Result ID: '3f9c22157f33534e29423131d1d81830') in 0.006 seconds [static and dynamic dependencies]. Details - ImportResultOutputID=cf1ab13ac198a884b6a4ee5b9b5e2e7b DependenciesID=0d51cbf3fdb78634bd96a16d0d9f3294 StaticDependenciesID=b0c241d74af35aab6211436b5882509b 
Importing 'GUID: 84e4bbd00035e4671bf14e0380a89001 - Path: Packages/com.unity.multiplayer.center/Editor/MultiplayerCenterWindow/UI/Icons/EmptyViewIcon.png' with importer (TextureImporter)
Imported 'GUID: 84e4bbd00035e4671bf14e0380a89001' -> (Import Result ID: 'dc14f2ab1850d078c699f308064f8419') in 0.010 seconds [static and dynamic dependencies]. Details - ImportResultOutputID=bcbf5c2d4dcd7a8cf70efc04863cd80c DependenciesID=423aaede3ce8a7e5eb421bd9cdc77f8d StaticDependenciesID=2528f2fa3b74d00a6813af19c8c5b28e 
Importing 'GUID: 9431e8221045c4af189b2fa7174b9e9f - Path: Packages/com.unity.multiplayer.center/Editor/MultiplayerCenterWindow/UI/Icons/PackageManager@2x.png' with importer (TextureImporter)
Imported 'GUID: 9431e8221045c4af189b2fa7174b9e9f' -> (Import Result ID: '28e25db75dd273a519e560275363e215') in 0.006 seconds [static and dynamic dependencies]. Details - ImportResultOutputID=810eee99b1c59dc7120f2ae2b307b2ed DependenciesID=4eae0f685083d6cecd662dfbc5fec258 StaticDependenciesID=00e005be138e74958344ac05f1a34c63 
Importing 'GUID: 35ff0937876540d3bd4b6a941df62a92 - Path: Packages/com.unity.ugui/Editor Resources/Textures/btn_AlignCenterGeo_Light.psd' with importer (TextureImporter)
Imported 'GUID: 35ff0937876540d3bd4b6a941df62a92' -> (Import Result ID: 'a6f1ee8e441a4bdd8e6911a13415f15f') in 0.006 seconds [static and dynamic dependencies]. Details - ImportResultOutputID=d33d6ed5dd12b5829705f2845c603899 DependenciesID=333b15c193076125ac2389f55389903f StaticDependenciesID=964a6fa2f7078ac436dc6ed7d3911877 
Importing 'GUID: 75f5f34dc1b5347e0b8351032682f224 - Path: Packages/com.unity.2d.sprite/Editor/ObjectMenuCreation/DefaultAssets/Textures/v2/Triangle.png' with importer (TextureImporter)
Imported 'GUID: 75f5f34dc1b5347e0b8351032682f224' -> (Import Result ID: 'c551d8177d27e769e8d59e8d28d798e1') in 0.009 seconds [static and dynamic dependencies]. Details - ImportResultOutputID=7602c4082a8491f6ff5579b9e054b6d7 DependenciesID=ecfe93c1dcdffb7bec64df8b6f6b06f5 StaticDependenciesID=06e18dab9e5a180b2dbf08db3bcc6298 
Importing 'GUID: b58a826ca804e4c67bab4283ad5a6102 - Path: Packages/com.unity.multiplayer.center/Editor/MultiplayerCenterWindow/UI/Icons/NoNetcode@2x.png' with importer (TextureImporter)
Imported 'GUID: b58a826ca804e4c67bab4283ad5a6102' -> (Import Result ID: 'e28b9ec353388390b65f071a69627990') in 0.007 seconds [static and dynamic dependencies]. Details - ImportResultOutputID=f046d0791ab60c2837f19e982d97466f DependenciesID=672462f732d3f902c70f5d7103215d28 StaticDependenciesID=fdf64f2a96672159f3dfcd52614b85cb 
Importing 'GUID: 0674d53d05456e240be7a39abb2789cc - Path: Assets/Suelos/ChatGPT Image 18 jun 2026, 13_24_04.png' with importer (TextureImporter)
Imported 'GUID: 0674d53d05456e240be7a39abb2789cc' -> (Import Result ID: 'fb43c8be31a463d9e4e4462f537f08b1') in 0.120 seconds [static and dynamic dependencies]. Details - ImportResultOutputID=68a1ef73b144c6536af87fd5435426ec DependenciesID=b41e00d03e7cacada126a0b773dcb36f StaticDependenciesID=0d11ea40904c54b80bb02e18516c5162 
Importing 'GUID: 066619c9c9c84f89acb1b48c11a7efe2 - Path: Packages/com.unity.ugui/Editor Resources/Textures/btn_AlignMiddle_Light.psd' with importer (TextureImporter)
Imported 'GUID: 066619c9c9c84f89acb1b48c11a7efe2' -> (Import Result ID: 'c0699744931e6a20aa273dca4eef9113') in 0.008 seconds [static and dynamic dependencies]. Details - ImportResultOutputID=274cde89f5e476065cf1635fae9320c7 DependenciesID=4a76404d1635e6ce6e814d3c53628833 StaticDependenciesID=94bef68371d88cc0f41d33ef154a91d5 
Importing 'GUID: 16037dbd798344f57a526d53d48f5ead - Path: Packages/com.unity.2d.sprite/Editor/ObjectMenuCreation/DefaultAssets/Textures/HexagonFlatTop.png' with importer (TextureImporter)
Imported 'GUID: 16037dbd798344f57a526d53d48f5ead' -> (Import Result ID: '8553a01f56e93ecf67e50bc6124eec7b') in 0.009 seconds [static and dynamic dependencies]. Details - ImportResultOutputID=dd6132413dfa91123071573df0286bac DependenciesID=c99df99da007a6916dd2943cfd57860b StaticDependenciesID=7fbd99b11e72b23fcabd1fc64663d3bf 
Importing 'GUID: 4616b2fa4acd1429e931835b80966c2a - Path: Packages/com.unity.multiplayer.center/Editor/MultiplayerCenterWindow/UI/Icons/PackageInstalled.png' with importer (TextureImporter)
Imported 'GUID: 4616b2fa4acd1429e931835b80966c2a' -> (Import Result ID: 'b929f189b355e4cf44529ca92e4ad726') in 0.006 seconds [static and dynamic dependencies]. Details - ImportResultOutputID=525dca153737c52caec77c056354d568 DependenciesID=061c9723311b0a60c3d371985e4e0362 StaticDependenciesID=341998e0be4d7f0e2024e560f6697afc 
Importing 'GUID: a6fd0c627f5aa48fa81512221e70a11e - Path: Packages/com.unity.multiplayer.center/Editor/MultiplayerCenterWindow/UI/Icons/d_PackageManager@2x.png' with importer (TextureImporter)
Imported 'GUID: a6fd0c627f5aa48fa81512221e70a11e' -> (Import Result ID: '217dd46926bd3a2b0cae78e7521548b2') in 0.007 seconds [static and dynamic dependencies]. Details - ImportResultOutputID=774fb98183e49d50cbd0e04310e9d423 DependenciesID=02b49e8a3680eef2339f28bd41c45dfd StaticDependenciesID=3e8aa24d0b9fa12f910bfe8458579c80 
Importing 'GUID: b670ab75dde984907b8570040daa08c5 - Path: Packages/com.unity.2d.sprite/Editor/ObjectMenuCreation/DefaultAssets/Textures/v2/HexagonFlatTop.png' with importer (TextureImporter)
Imported 'GUID: b670ab75dde984907b8570040daa08c5' -> (Import Result ID: '4db1b0c9b9fa2d24d4ec0301dba01fca') in 0.009 seconds [static and dynamic dependencies]. Details - ImportResultOutputID=ac51f2b654e011d3f10ce623687b9a02 DependenciesID=6001a7a0ed1b60f4b116b0f5b2b495c5 StaticDependenciesID=01d73750e16eb81d34699863bcfff309 
Importing 'GUID: d63245ece6d8f476c8c7ca24da9937f6 - Path: Packages/com.unity.multiplayer.center/Editor/MultiplayerCenterWindow/UI/Icons/DistributedAuthority.png' with importer (TextureImporter)
Imported 'GUID: d63245ece6d8f476c8c7ca24da9937f6' -> (Import Result ID: '15cfced37bcf778639774dd43f7739ad') in 0.007 seconds [static and dynamic dependencies]. Details - ImportResultOutputID=670060d839eab7f6b207724b14e21c6b DependenciesID=24fc10aa71665f64a4812bdae59443d5 StaticDependenciesID=041ceaeaf3e92b36b7f42f8505244294 
Importing 'GUID: 476369828d55a4032beead7444495b69 - Path: Packages/com.unity.2d.sprite/Editor/Assets/SpriteEditorOn.png' with importer (TextureImporter)
Imported 'GUID: 476369828d55a4032beead7444495b69' -> (Import Result ID: 'cdd5c1719eede0df55a3b762ac8ff3d0') in 0.006 seconds [static and dynamic dependencies]. Details - ImportResultOutputID=358c91c7031ab6e7d0d7dc9e611678bc DependenciesID=c761c22dde68131c7860f369359220eb StaticDependenciesID=9b786a4de2962a0aa381deb84dbbdaf8 
Importing 'GUID: 679f9999c6f8f497e806a2d5d0511879 - Path: Packages/com.unity.multiplayer.center/Editor/MultiplayerCenterWindow/UI/Icons/PackageManager.png' with importer (TextureImporter)
Imported 'GUID: 679f9999c6f8f497e806a2d5d0511879' -> (Import Result ID: 'ed6d1bf0c2f66286efaa0b15cf70e8b3') in 0.007 seconds [static and dynamic dependencies]. Details - ImportResultOutputID=604513f5b2b249e8bf26cead5f0fd1f0 DependenciesID=46343b095ff5fe33204f8590ea501dcf StaticDependenciesID=c5c52a6b960c91618a649a6ce28ded7d 
Importing 'GUID: 77be953cf28de42a4ad8532539fef3f5 - Path: Packages/com.unity.multiplayer.center/Editor/MultiplayerCenterWindow/UI/Icons/d_PackageInstalled.png' with importer (TextureImporter)
Imported 'GUID: 77be953cf28de42a4ad8532539fef3f5' -> (Import Result ID: '819d15c097b5a946a2b134d226843c69') in 0.006 seconds [static and dynamic dependencies]. Details - ImportResultOutputID=cdb5dbb263d96f553866fd9bfea7ee7e DependenciesID=736df7f0656ed224cf64812de962a9be StaticDependenciesID=e81fb45e14a58b61f6332de5e6c8a4c0 
Importing 'GUID: 87aaca0a643d54397ba969dab4fc8875 - Path: Packages/com.unity.2d.sprite/Editor/ObjectMenuCreation/DefaultAssets/Textures/CircleMask.png' with importer (TextureImporter)
Imported 'GUID: 87aaca0a643d54397ba969dab4fc8875' -> (Import Result ID: '4015d181c0a7114c3188991b948edd3b') in 0.013 seconds [static and dynamic dependencies]. Details - ImportResultOutputID=399371e34366821374e7354f17d15f7b DependenciesID=8308fe0244986fb6e1f52e6e002b7c2b StaticDependenciesID=c68f18ba0bf4f3cd1b2f74d420692936 
Importing 'GUID: a7ec9e7ad8b847b7ae4510af83c5d868 - Path: Packages/com.unity.ugui/Editor Resources/Gizmos/TMP - Dropdown Icon.psd' with importer (TextureImporter)
Imported 'GUID: a7ec9e7ad8b847b7ae4510af83c5d868' -> (Import Result ID: '7a26d6b2168caa4c77bedfe43d36c8c7') in 0.006 seconds [static and dynamic dependencies]. Details - ImportResultOutputID=c2213d370bd4d602ca4fcec2465bafb1 DependenciesID=ec06dd30e498cee3d3102e301f953b8e StaticDependenciesID=2ca693630941b1f2f69a3017c6ba3cf8 
Importing 'GUID: b7784190913354d4fb9b7f77888f915f - Path: Packages/com.unity.2d.sprite/Editor/Assets/d_SpriteEditor.png' with importer (TextureImporter)
Imported 'GUID: b7784190913354d4fb9b7f77888f915f' -> (Import Result ID: 'e30620738446f3e4ec23a6fdcfc8ddb7') in 0.005 seconds [static and dynamic dependencies]. Details - ImportResultOutputID=2cb3929370c35e0c7ee129625d736079 DependenciesID=e06e0582f2aa896e83982f1349ae22f0 StaticDependenciesID=d8dd2f0f81cd56d4fee0805075ff0cbc 
Importing 'GUID: c7a38e6eccbfc49778cb8b77f594a971 - Path: Packages/com.unity.multiplayer.center/Editor/MultiplayerCenterWindow/UI/Icons/ClientHosted@2x.png' with importer (TextureImporter)
Imported 'GUID: c7a38e6eccbfc49778cb8b77f594a971' -> (Import Result ID: 'fad2bb4c88206af03b874d96e1c41055') in 0.007 seconds [static and dynamic dependencies]. Details - ImportResultOutputID=a7a17ac502c60a3e59b032656c8397bd DependenciesID=c5af426a359956de33cc572b9fb0b6db StaticDependenciesID=0643e5ee6d6aa4ee46728ff7fc04b05a 
Importing 'GUID: c76700ea0062413d9f69409b4e9e151b - Path: Packages/com.unity.ugui/Editor Resources/Textures/btn_AlignCenterGeo.psd' with importer (TextureImporter)
Imported 'GUID: c76700ea0062413d9f69409b4e9e151b' -> (Import Result ID: '9090c5bef326f1850a9e8d61118a1383') in 0.008 seconds [static and dynamic dependencies]. Details - ImportResultOutputID=81774207d2d6eb1abb366093865b6b45 DependenciesID=9b9480ff393793a07fcb048fa1728a4b StaticDependenciesID=b76c2ac1888265c0c5ab2b5c921a56e2 
Importing 'GUID: d7711b0cc806d430b8a95f1e33ec3649 - Path: Packages/com.unity.multiplayer.center/Editor/MultiplayerCenterWindow/UI/Icons/CustomNetcode@2x.png' with importer (TextureImporter)
Imported 'GUID: d7711b0cc806d430b8a95f1e33ec3649' -> (Import Result ID: '03b1fc63ccd11dde77d6e873fd6ebc3e') in 0.007 seconds [static and dynamic dependencies]. Details - ImportResultOutputID=e41007894bacefc4df5082db3fdd1c9e DependenciesID=97be77ec69de0d3e919608427f1e0ea4 StaticDependenciesID=875afa0034186faf11ae570003da413f 
Importing 'GUID: 18775b51e3bd42299fd30bd036ea982f - Path: Packages/com.unity.ugui/Editor Resources/Textures/btn_AlignBaseLine_Light.psd' with importer (TextureImporter)
Imported 'GUID: 18775b51e3bd42299fd30bd036ea982f' -> (Import Result ID: 'f499a05eeae2337d53bafea4a4f6dd5e') in 0.006 seconds [static and dynamic dependencies]. Details - ImportResultOutputID=8dc94930ba8826d7650b1a3ad34e010c DependenciesID=5edb50ab41d7c481fcd89e5832052a0c StaticDependenciesID=5a8ba952462062a7ba229284efc18539 
Importing 'GUID: 38b78df4a34c94fa6a52c90239606ff1 - Path: Packages/com.unity.multiplayer.center/Editor/MultiplayerCenterWindow/UI/Icons/DedicatedServer@2x.png' with importer (TextureImporter)
Imported 'GUID: 38b78df4a34c94fa6a52c90239606ff1' -> (Import Result ID: 'c22e3d898831d92158b615b3c72d9dae') in 0.008 seconds [static and dynamic dependencies]. Details - ImportResultOutputID=48e76bbae99391d58e7be37245455e7a DependenciesID=a7c68169cd13c56bceb2468a28623734 StaticDependenciesID=92a932e08b222d068036cdc415f10937 
Importing 'GUID: 48d034c499ee4697af9dd6e327110249 - Path: Packages/com.unity.ugui/Editor Resources/Textures/btn_AlignTop.psd' with importer (TextureImporter)
Imported 'GUID: 48d034c499ee4697af9dd6e327110249' -> (Import Result ID: '2e5206efa1680a3f6cdae850352d2d98') in 0.006 seconds [static and dynamic dependencies]. Details - ImportResultOutputID=d586cc6ea8c01f7af95f9fc6c438db53 DependenciesID=93a5133a10f6200917b049eaa52ffb2c StaticDependenciesID=4c1c81d0dd4f01a61ca3a4f1af0351ed 
Importing 'GUID: 48e93eef0688c4a259cb0eddcd8661f7 - Path: Packages/com.unity.2d.sprite/Editor/ObjectMenuCreation/DefaultAssets/Textures/Square.png' with importer (TextureImporter)
Imported 'GUID: 48e93eef0688c4a259cb0eddcd8661f7' -> (Import Result ID: 'bd78186657f54e01b25f621d6c530a77') in 0.009 seconds [static and dynamic dependencies]. Details - ImportResultOutputID=dd72d0517214c274df0997442a4cb993 DependenciesID=dcb880bb7286a9e442acdb4ba425fce6 StaticDependenciesID=5562915c05daa677b792b8e73a2a496e 
Importing 'GUID: 585b70cb75dd43efbfead809c30a1731 - Path: Packages/com.unity.ugui/Editor Resources/Textures/btn_AlignBottom_Light.psd' with importer (TextureImporter)
Imported 'GUID: 585b70cb75dd43efbfead809c30a1731' -> (Import Result ID: 'f098519ff5128f8be8ac4353f9cafb39') in 0.006 seconds [static and dynamic dependencies]. Details - ImportResultOutputID=cfd6fde3290bf04e003043afd7cf0769 DependenciesID=48eb42d44f0a11fcad37fcbe3dfd38ba StaticDependenciesID=3576069ce4560aa71ef0a7397498fe9b 
Importing 'GUID: 8884154dfe85442a3a3578be807dbcdf - Path: Packages/com.unity.2d.sprite/Editor/ObjectMenuCreation/DefaultAssets/Textures/v2/9Sliced.png' with importer (TextureImporter)
Imported 'GUID: 8884154dfe85442a3a3578be807dbcdf' -> (Import Result ID: 'eaa45e3378b0a8151f88c28d50bc9fc2') in 0.009 seconds [static and dynamic dependencies]. Details - ImportResultOutputID=afaa6d6730309db10729967b3e0803f6 DependenciesID=4faff47955c5fe156f50c2234970bead StaticDependenciesID=bd17e101ce5ec96e14c1642843e37627 
Importing 'GUID: a86470a33a6bf42c4b3595704624658b - Path: Packages/com.unity.2d.sprite/Editor/ObjectMenuCreation/DefaultAssets/Textures/v2/Circle.png' with importer (TextureImporter)
Imported 'GUID: a86470a33a6bf42c4b3595704624658b' -> (Import Result ID: 'b4fbde284914457131558fc1df3e5c69') in 0.010 seconds [static and dynamic dependencies]. Details - ImportResultOutputID=afaa8d6f6f8500ac4ae1a9e0e5327a24 DependenciesID=6dde05afc67ef55358adf6dd5b3604f1 StaticDependenciesID=df50756511679fd4083b5640395e6658 
Importing 'GUID: 19fb86013d8c24d6cb8410c0aadf30fa - Path: Packages/com.unity.2d.sprite/Editor/ObjectMenuCreation/DefaultAssets/Textures/v2/IsometricDiamond.png' with importer (TextureImporter)
Imported 'GUID: 19fb86013d8c24d6cb8410c0aadf30fa' -> (Import Result ID: '15a940d0fb3d9b1f5db62f2e7431e09c') in 0.009 seconds [static and dynamic dependencies]. Details - ImportResultOutputID=cafb44cd20e7fc108d512a1443750e0f DependenciesID=3d84924ca3144bfbbf2e7905fd231494 StaticDependenciesID=ae026c0aff52b7db7a7298558b5b1826 
Importing 'GUID: 29395f0639574c1fbc8b729aa257fb84 - Path: Packages/com.unity.multiplayer.center/Editor/MultiplayerCenterWindow/UI/Icons/d_Check.png' with importer (TextureImporter)
Imported 'GUID: 29395f0639574c1fbc8b729aa257fb84' -> (Import Result ID: '6719dc4ab17df69417bc904fec35a365') in 0.005 seconds [static and dynamic dependencies]. Details - ImportResultOutputID=6e577340bc5656c5c1e6c99487634c1e DependenciesID=545811ef986088453fb189a20193882b StaticDependenciesID=1d683426188fcfee00f711594e020a6c 
Importing 'GUID: 49679f302ac6408697f6b9314a38985c - Path: Packages/com.unity.ugui/Editor Resources/Textures/btn_AlignCapLine_Light.psd' with importer (TextureImporter)
Imported 'GUID: 49679f302ac6408697f6b9314a38985c' -> (Import Result ID: '1d8ef5d943351341f369165627c83bb4') in 0.007 seconds [static and dynamic dependencies]. Details - ImportResultOutputID=10983419734de9da7cbb72e17d4ba54f DependenciesID=bdbd6a20111a5dab4af39a54112220b1 StaticDependenciesID=da56f1d8e6cb0153a1bd428796ef1c93 
Importing 'GUID: 492c70ec0e6ff4af48a6886e4e1608f8 - Path: Packages/com.unity.2d.sprite/Editor/Assets/LockedOptions.png' with importer (TextureImporter)
Imported 'GUID: 492c70ec0e6ff4af48a6886e4e1608f8' -> (Import Result ID: '3f2c2aa5a56bff5adc93e39a60cf9d93') in 0.007 seconds [static and dynamic dependencies]. Details - ImportResultOutputID=6da21fb41d0db3ea48ae07d586d4d7c0 DependenciesID=38ddd9682fe7a2b9e2e2068f098759c1 StaticDependenciesID=c73c53a4f9c44cae2d38a520064c4467 
Importing 'GUID: 691475c57a824010be0c6f474caeb7e1 - Path: Packages/com.unity.ugui/Editor Resources/Textures/btn_AlignFlush.psd' with importer (TextureImporter)
Imported 'GUID: 691475c57a824010be0c6f474caeb7e1' -> (Import Result ID: 'f022278056a8933153b2ad1a981a5970') in 0.006 seconds [static and dynamic dependencies]. Details - ImportResultOutputID=d0ca6edd42b828ecc958e09e3445969e DependenciesID=27bacefee63bbbfa38b016b6d7f05b8d StaticDependenciesID=b317d6d348f267de52816a45a337ab12 
Importing 'GUID: 99da7b3894f364efdb5fa1443952a55d - Path: Packages/com.unity.multiplayer.center/Editor/MultiplayerCenterWindow/UI/Icons/NGO.png' with importer (TextureImporter)
Imported 'GUID: 99da7b3894f364efdb5fa1443952a55d' -> (Import Result ID: '06af7167025ca94e3c42a54df0162563') in 0.005 seconds [static and dynamic dependencies]. Details - ImportResultOutputID=e99dc57094e020fc616870b978812aa0 DependenciesID=4bf087d61e6d693679c75905a486e0d1 StaticDependenciesID=00da5f5ea57569b6bca8eaa3fb62e8ae 
Importing 'GUID: a9716c16a44a94eed9b5c90fbf4d9bdd - Path: Packages/com.unity.2d.sprite/Editor/ObjectMenuCreation/DefaultAssets/Textures/HexagonFlatTopWithBorder.png' with importer (TextureImporter)
Imported 'GUID: a9716c16a44a94eed9b5c90fbf4d9bdd' -> (Import Result ID: '302fba6ab024d41862d07d72a930804f') in 0.014 seconds [static and dynamic dependencies]. Details - ImportResultOutputID=f0a03c71841f9a26cc30ad1e7753fe34 DependenciesID=01d9e46dad7356767211f478c156be49 StaticDependenciesID=a992520d09bc7bea20b4cd97cb78b816 
Importing 'GUID: e9669051ff70449b5923861e0e0b8838 - Path: Packages/com.unity.multiplayer.center/Editor/MultiplayerCenterWindow/UI/Icons/N4E.png' with importer (TextureImporter)
Imported 'GUID: e9669051ff70449b5923861e0e0b8838' -> (Import Result ID: '2edc9b6a95b3712ed984f6953ee208a0') in 0.015 seconds [static and dynamic dependencies]. Details - ImportResultOutputID=dc0bb491d45ad49492ed2d74d9fce3ed DependenciesID=27e5befd9a48022c47e509f6eb1ad030 StaticDependenciesID=8a76cfa33d6b6ff2637c249529fdda7d 
Importing 'GUID: 2adffcc506285402aa795dee6f3166d0 - Path: Packages/com.unity.multiplayer.center/Editor/MultiplayerCenterWindow/UI/Icons/EmptyViewIcon@2x.png' with importer (TextureImporter)
Imported 'GUID: 2adffcc506285402aa795dee6f3166d0' -> (Import Result ID: '96f35e7dc299248dabba932e3bbef04f') in 0.024 seconds [static and dynamic dependencies]. Details - ImportResultOutputID=4906696f09c947c156cdce1d641c264a DependenciesID=e926000d6514d51f9971e21c5f4df1d4 StaticDependenciesID=68215fbeae309f7cadd9b0c60327e8b4 
Importing 'GUID: 4adeaf2d2b1c7417e89f026626d8264f - Path: Packages/com.unity.2d.sprite/Editor/ObjectMenuCreation/DefaultAssets/Textures/CircleWithBorder.png' with importer (TextureImporter)
Imported 'GUID: 4adeaf2d2b1c7417e89f026626d8264f' -> (Import Result ID: '3a010005a2ef08f4e6a649eccdb02eb6') in 0.009 seconds [static and dynamic dependencies]. Details - ImportResultOutputID=a55772cefaad08f8c4ba2e70007a809f DependenciesID=4d7b7113c99719368d10d2b019693927 StaticDependenciesID=a4566c0803fd9e439bb35ad78bc87a51 
Importing 'GUID: 5aa8b770bc43046bc8d993d0d5b7f4a5 - Path: Packages/com.unity.2d.sprite/Editor/ObjectMenuCreation/DefaultAssets/Textures/v2/HexagonPointTop.png' with importer (TextureImporter)
Imported 'GUID: 5aa8b770bc43046bc8d993d0d5b7f4a5' -> (Import Result ID: '5a248be0cf799691b6dacce0db250c90') in 0.009 seconds [static and dynamic dependencies]. Details - ImportResultOutputID=8b4e1b150916d05fd5907315d95b48e6 DependenciesID=f81e41e5388518463f4a5c55f2ff6d7d StaticDependenciesID=1d1e331b6f74459149024c886442b482 
Importing 'GUID: 6ace62d30f494c948b71d5594afce11d - Path: Packages/com.unity.ugui/Editor Resources/Textures/btn_AlignCenter_Light.psd' with importer (TextureImporter)
Imported 'GUID: 6ace62d30f494c948b71d5594afce11d' -> (Import Result ID: '8690d2890f27424b99f284d485d1bc99') in 0.007 seconds [static and dynamic dependencies]. Details - ImportResultOutputID=3cbcc66c70982070b4c5e6611bb976e3 DependenciesID=198f8577605327979ec34c3bce278853 StaticDependenciesID=675eb4853cdbfc8ac87dd4810356b6d5 
Importing 'GUID: ca51b19024094d1b87f3e07edb0a75fb - Path: Packages/com.unity.ugui/Editor Resources/Textures/btn_AlignBottom.psd' with importer (TextureImporter)
Imported 'GUID: ca51b19024094d1b87f3e07edb0a75fb' -> (Import Result ID: '882e922d8f161e451572fac254a05b75') in 0.007 seconds [static and dynamic dependencies]. Details - ImportResultOutputID=fc2b97cd0e6bbe790aa9341cf2cf8875 DependenciesID=32f9f72fb4f6cd9e6bcf65a730a60517 StaticDependenciesID=81464d67ac4867c282e5d55df9dd3613 
Importing 'GUID: dab91f148d99946e7b3c3a87ecf4b973 - Path: Packages/com.unity.multiplayer.center/Editor/MultiplayerCenterWindow/UI/Icons/d_Loading.png' with importer (TextureImporter)
Imported 'GUID: dab91f148d99946e7b3c3a87ecf4b973' -> (Import Result ID: '81b595eb195391292472c6c6ad8cac6a') in 0.006 seconds [static and dynamic dependencies]. Details - ImportResultOutputID=dccfb92cf2df7bd49966d045ebe14e97 DependenciesID=ae191fefecd6da8ef0f04ee765f7b823 StaticDependenciesID=6d9714efe8921ac66ced613825ad3d35 
Importing 'GUID: da5aa6ed6c9fc4b049dffa3da57eaf7b - Path: Packages/com.unity.2d.sprite/Editor/Assets/LockedOptions@2x.png' with importer (TextureImporter)
Imported 'GUID: da5aa6ed6c9fc4b049dffa3da57eaf7b' -> (Import Result ID: '9a801edfe0a90ed7f0e31b3fb117433a') in 0.007 seconds [static and dynamic dependencies]. Details - ImportResultOutputID=82cb800463a2f29bba616131249ae1c4 DependenciesID=03b785a4f8a35b7831b2f17ea82bf54f StaticDependenciesID=4ee59fd5e3ec261d460f69d075f2403b 
Importing 'GUID: fa6bd40a216346b783a4cce741d277a5 - Path: Packages/com.unity.ugui/Editor Resources/Textures/btn_AlignJustified_Light.psd' with importer (TextureImporter)
Imported 'GUID: fa6bd40a216346b783a4cce741d277a5' -> (Import Result ID: '9a61a45cf422aa427f7b1027f07c8e6b') in 0.010 seconds [static and dynamic dependencies]. Details - ImportResultOutputID=32e4300f1918b119a9851eb373a5b68f DependenciesID=b2b719fc763e8f4f69c9396983eb20b2 StaticDependenciesID=4a5c7c7f1e39ceb0ea5b18233fc73a29 
Importing 'GUID: 1b4c88814ec6241eb8e327515399c006 - Path: Packages/com.unity.multiplayer.center/Editor/MultiplayerCenterWindow/UI/Icons/d_PackageManager.png' with importer (TextureImporter)
Imported 'GUID: 1b4c88814ec6241eb8e327515399c006' -> (Import Result ID: '007404e40b0fc7a700f988a29a4e46f3') in 0.006 seconds [static and dynamic dependencies]. Details - ImportResultOutputID=1b8330a91fc0bcb458537e0616d195a0 DependenciesID=96258374b303210feb4def73b0804a5c StaticDependenciesID=b3cf3ce9dc202d58aaea6cf38460bb42 
Importing 'GUID: 4b2a04fdbe0ef4d8da8f90eaca817cd1 - Path: Packages/com.unity.2d.sprite/Editor/ObjectMenuCreation/DefaultAssets/Textures/HexagonPointTopWithBorder.png' with importer (TextureImporter)
Imported 'GUID: 4b2a04fdbe0ef4d8da8f90eaca817cd1' -> (Import Result ID: '8bd18480958ef87b6929783ef1987e7a') in 0.009 seconds [static and dynamic dependencies]. Details - ImportResultOutputID=fc8c4db0db839f1ad5d939d4a98125a7 DependenciesID=89f238d292a988a47da64c165bd4916f StaticDependenciesID=f0203cc24c14b65a5f73cae5869b0569 
Importing 'GUID: 8bc445bb79654bf496c92d0407840a92 - Path: Packages/com.unity.ugui/Editor Resources/Textures/btn_AlignBaseLine.psd' with importer (TextureImporter)
Imported 'GUID: 8bc445bb79654bf496c92d0407840a92' -> (Import Result ID: '9d6f8ec487a059cc3672630ef552a86a') in 0.006 seconds [static and dynamic dependencies]. Details - ImportResultOutputID=2b63d30b6f3e4a087599212249181e4a DependenciesID=8c8df90acf66a2530a4a1447b2b471f8 StaticDependenciesID=5b14d76a0f288037d0a4f5c2263aef09 
Importing 'GUID: 9b243bd8491a24b2cbe5231468a93813 - Path: Packages/com.unity.2d.sprite/Editor/Assets/SpriteEditor.png' with importer (TextureImporter)
Imported 'GUID: 9b243bd8491a24b2cbe5231468a93813' -> (Import Result ID: '23a55afc44db1361b3bf99eadab75ab9') in 0.005 seconds [static and dynamic dependencies]. Details - ImportResultOutputID=d17c0354afecb47a24e6f10c4e3fa278 DependenciesID=380edd83e1cf4a6a54fd0838233cae97 StaticDependenciesID=f55fb1177db3f6dd07e03513c470d957 
Importing 'GUID: bb42b2d967d6427983c901a4ffc8ecd9 - Path: Packages/com.unity.ugui/Editor Resources/Textures/btn_AlignMidline_Light.psd' with importer (TextureImporter)
Imported 'GUID: bb42b2d967d6427983c901a4ffc8ecd9' -> (Import Result ID: 'c2f54a3a8f4c57ee87f2a098eab7979f') in 0.007 seconds [static and dynamic dependencies]. Details - ImportResultOutputID=62f6d6621d0caeedab94ed0e9304d23b DependenciesID=fa4a2d33c4b4b4ca9730044cefe94c5d StaticDependenciesID=6082ab8427e880102e17ba41ac61fc76 
Importing 'GUID: db750325989564987a34393247d883b4 - Path: Packages/com.unity.2d.sprite/Editor/ObjectMenuCreation/DefaultAssets/Textures/SquareWithBorder.png' with importer (TextureImporter)
Imported 'GUID: db750325989564987a34393247d883b4' -> (Import Result ID: '9fa95ce4e08bbc9039d9b543fe836886') in 0.010 seconds [static and dynamic dependencies]. Details - ImportResultOutputID=9394156af53b990c36f508d9079586d3 DependenciesID=b9a294d27e756c3e3945b45ddd8d19bb StaticDependenciesID=f514e4d190bad34a1e76568356c0a430 
Importing 'GUID: ebe73ca9363db456bacf42c025bb4847 - Path: Packages/com.unity.2d.sprite/Editor/ObjectMenuCreation/DefaultAssets/Textures/Circle.png' with importer (TextureImporter)
Imported 'GUID: ebe73ca9363db456bacf42c025bb4847' -> (Import Result ID: 'd0bfb862c6385182d1b407a55d1260b9') in 0.010 seconds [static and dynamic dependencies]. Details - ImportResultOutputID=85aae44bced26d4fcacfe882bd01ce49 DependenciesID=fb1781a86226e5a998805f924b703336 StaticDependenciesID=6e34097c728ddd846207022b693204eb 
Importing 'GUID: fb5730e24283d0c489e5c7d0bee023d9 - Path: Packages/com.unity.ugui/Editor Resources/Textures/SectionHeader_Dark.psd' with importer (TextureImporter)
Imported 'GUID: fb5730e24283d0c489e5c7d0bee023d9' -> (Import Result ID: 'bb927b4f3e383fd509797aca0fa841dd') in 0.006 seconds [static and dynamic dependencies]. Details - ImportResultOutputID=73e39860f08594ba96e2e6a192ea49c9 DependenciesID=9e84b37e81343088a32c1730deaba952 StaticDependenciesID=c60dc8ad8e40e0101415368e85807c7b 
Importing 'GUID: 2cb589d4e01184d928bb698f06e77561 - Path: Packages/com.unity.multiplayer.center/Editor/MultiplayerCenterWindow/UI/Icons/N4E@2x.png' with importer (TextureImporter)
Imported 'GUID: 2cb589d4e01184d928bb698f06e77561' -> (Import Result ID: '8d7474d28a0ba0c674b31a348cc5ccba') in 0.007 seconds [static and dynamic dependencies]. Details - ImportResultOutputID=e25b9c4fa659d06565399c8d3ff46781 DependenciesID=bdc5a0a1c0346d3ee7b4b5265dd1e23f StaticDependenciesID=4a9d6aac3bd2994af6bef29dfed0ee23 
Importing 'GUID: cc35afd292fc349128b36a291fb3a165 - Path: Packages/com.unity.2d.sprite/Editor/ObjectMenuCreation/DefaultAssets/Textures/9-SlicedWithBorder.png' with importer (TextureImporter)
Imported 'GUID: cc35afd292fc349128b36a291fb3a165' -> (Import Result ID: '939488cc5c7165f93b1fee3d11a1cb27') in 0.009 seconds [static and dynamic dependencies]. Details - ImportResultOutputID=9b9417950d4a6a124f1a6211d81a50d8 DependenciesID=8769755c5aa52b7d3ba9075b27595125 StaticDependenciesID=1f72a04191b963f2abaaac32f652e096 
Importing 'GUID: dce12af736e0a4a1ba35d6424f897dc9 - Path: Packages/com.unity.multiplayer.center/Editor/MultiplayerCenterWindow/UI/Icons/CustomNetcode.png' with importer (TextureImporter)
Imported 'GUID: dce12af736e0a4a1ba35d6424f897dc9' -> (Import Result ID: '77c64cc751d1ed24b863b3455d0f2fbd') in 0.005 seconds [static and dynamic dependencies]. Details - ImportResultOutputID=dfb3581fd2446a1635f2b742fe1c2516 DependenciesID=e68d04b77f38c9157462ff05465a35be StaticDependenciesID=7a34cb32d810312a8f244de5bb7a059e 
Importing 'GUID: ec7c645d93308c04d8840982af12101e - Path: Packages/com.unity.ugui/Editor Resources/Gizmos/TMP - Sprite Asset Icon.psd' with importer (TextureImporter)
Imported 'GUID: ec7c645d93308c04d8840982af12101e' -> (Import Result ID: '4e5f85cbfe08ed8753c697f2b4997a04') in 0.006 seconds [static and dynamic dependencies]. Details - ImportResultOutputID=9071c4828f82f1de0327c30d57be7e91 DependenciesID=b099eecaa26830fc9edb776edeb91e38 StaticDependenciesID=5d1ea9c61c6e09c08aa79995b340dd0f 
Importing 'GUID: 0d267bc78a0864eb48358689b29ed20a - Path: Packages/com.unity.2d.sprite/Editor/ObjectMenuCreation/DefaultAssets/Textures/IsometricDiamondWithBorder.png' with importer (TextureImporter)
Imported 'GUID: 0d267bc78a0864eb48358689b29ed20a' -> (Import Result ID: '77d3f23720b652f245f1547226ef968e') in 0.006 seconds [static and dynamic dependencies]. Details - ImportResultOutputID=25915e79e2266489359c31d49d3576b8 DependenciesID=79da0314a7b8056a515a95e71d27a0fd StaticDependenciesID=7ebe8e0b5c5954f8c35a093bd13a85f0 
Importing 'GUID: 0d9a36012a224080966c7b55896aa0f9 - Path: Packages/com.unity.ugui/Editor Resources/Textures/btn_AlignCapLine.psd' with importer (TextureImporter)
Imported 'GUID: 0d9a36012a224080966c7b55896aa0f9' -> (Import Result ID: 'dabf66f4a80f380d4d307282222b89e3') in 0.006 seconds [static and dynamic dependencies]. Details - ImportResultOutputID=ae207cfba64a8301badb7412e6d6f5d2 DependenciesID=f88b18a79cfcb99426c2780949c47a8c StaticDependenciesID=c48bddf7be276b341a687288167637f8 
Importing 'GUID: 1daed49eec0f94f7ebb36dfef6159884 - Path: Packages/com.unity.multiplayer.center/Editor/MultiplayerCenterWindow/UI/Icons/NoNetcode.png' with importer (TextureImporter)
Imported 'GUID: 1daed49eec0f94f7ebb36dfef6159884' -> (Import Result ID: 'a88f96f869f692c89e7627f7fc8f0df2') in 0.006 seconds [static and dynamic dependencies]. Details - ImportResultOutputID=dd1f716c9c495ba6e655769519f7157e DependenciesID=451eac37c76d248617b3031b1595e6fa StaticDependenciesID=6e22aebc6ced6f7cba7870fe57543e0d 
Importing 'GUID: 9d9689eab72c8480c90679f4dcf18820 - Path: Packages/com.unity.multiplayer.center/Editor/MultiplayerCenterWindow/UI/Icons/Package.png' with importer (TextureImporter)
Imported 'GUID: 9d9689eab72c8480c90679f4dcf18820' -> (Import Result ID: '59068b64a86cd0ac7786fff92c1f4c36') in 0.006 seconds [static and dynamic dependencies]. Details - ImportResultOutputID=84507ea5dd90c429abc9195dba8e76b2 DependenciesID=3e4ccb7eab705e0a1e6523b6b8985315 StaticDependenciesID=6dc7fe692ef52ad2486af0790d44f070 
Importing 'GUID: ad1d29f4654194951a3c8bf507914d05 - Path: Packages/com.unity.multiplayer.center/Editor/MultiplayerCenterWindow/UI/Icons/CloudCode.png' with importer (TextureImporter)
Imported 'GUID: ad1d29f4654194951a3c8bf507914d05' -> (Import Result ID: 'f431853c039e2c686d0a65e902861546') in 0.007 seconds [static and dynamic dependencies]. Details - ImportResultOutputID=2c568ae44d632b1419403f44aae6fd11 DependenciesID=9af6084a169a3e04f731cad16b0f1e25 StaticDependenciesID=32f66afe82bc7ff486768ee49fb175c0 
Importing 'GUID: bd3cb4af8406d4436a2ae8c2aafe1f8d - Path: Packages/com.unity.2d.sprite/Editor/ObjectMenuCreation/DefaultAssets/Textures/Capsule.png' with importer (TextureImporter)
Imported 'GUID: bd3cb4af8406d4436a2ae8c2aafe1f8d' -> (Import Result ID: '7e58fc58d24005ec7faaeda3a8756df4') in 0.014 seconds [static and dynamic dependencies]. Details - ImportResultOutputID=ea096487ee3135dbc806688af173aad3 DependenciesID=a9ae3bad78d1fd3a44570e21dd427aba StaticDependenciesID=313c3da1f0f241db5b1f787ed62b6078 
Importing 'GUID: dd70cd654275d47db807e918055e004f - Path: Packages/com.unity.multiplayer.center/Editor/MultiplayerCenterWindow/UI/Icons/Questionnaire.png' with importer (TextureImporter)
Imported 'GUID: dd70cd654275d47db807e918055e004f' -> (Import Result ID: '14b4e7a99c969e0929dc9fd07ad74063') in 0.005 seconds [static and dynamic dependencies]. Details - ImportResultOutputID=158c557e3e785297cb68b5c7d3b225a8 DependenciesID=398721770b85f7bb838a3c361a4e30fd StaticDependenciesID=292716c51d83f4e8816d9e2e06717abc 
Importing 'GUID: ed041e68439749a69d0efa0e3d896c2e - Path: Packages/com.unity.ugui/Editor Resources/Textures/btn_AlignTop_Light.psd' with importer (TextureImporter)
Imported 'GUID: ed041e68439749a69d0efa0e3d896c2e' -> (Import Result ID: '4ef847412feada2d017e52f1bf076320') in 0.007 seconds [static and dynamic dependencies]. Details - ImportResultOutputID=6d533b6f0b98db9bc47da5a392606fad DependenciesID=41b22078d54f29b6848014a0a9222767 StaticDependenciesID=69c103dc5320a9c3879cd8700cb0f174 
Importing 'GUID: 3ee40aa79cd242a5b53b0b0ca4f13f0f - Path: Packages/com.unity.ugui/Editor Resources/Gizmos/TMP - Input Field Icon.psd' with importer (TextureImporter)
Imported 'GUID: 3ee40aa79cd242a5b53b0b0ca4f13f0f' -> (Import Result ID: 'e5f206b5484ccea9c84ea4ae9cbaaae5') in 0.006 seconds [static and dynamic dependencies]. Details - ImportResultOutputID=2ce306adce7f67451b39c112a27afd5b DependenciesID=1e725faf8cc956b8e47cd8d97d74d9a2 StaticDependenciesID=22a771d70d0bf88444fc89cd560861b4 
Importing 'GUID: ee148e281f3c41c5b4ff5f8a5afe5a6c - Path: Packages/com.unity.ugui/Editor Resources/Gizmos/TMP - Font Asset Icon.psd' with importer (TextureImporter)
Imported 'GUID: ee148e281f3c41c5b4ff5f8a5afe5a6c' -> (Import Result ID: '6b89cd51ddc5c8477225d7e3172a71fe') in 0.007 seconds [static and dynamic dependencies]. Details - ImportResultOutputID=3d68fe10b88ec561accde4267dcc18a0 DependenciesID=635123d4f1940d1a0e63c31f804b0371 StaticDependenciesID=68cfb075304d1a281b5a8c4ab06bfd87 
Importing 'GUID: eed45a33cd08446c8b88325cf82fc52f - Path: Packages/com.unity.2d.sprite/Editor/ObjectMenuCreation/DefaultAssets/Textures/HexagonPointTop.png' with importer (TextureImporter)
Imported 'GUID: eed45a33cd08446c8b88325cf82fc52f' -> (Import Result ID: '59dc1050d0da99e816c43543cdfe36c1') in 0.010 seconds [static and dynamic dependencies]. Details - ImportResultOutputID=3cb9b1ffa45e65f2fb08bee399c6ee94 DependenciesID=facbf203018ca4b295d23934020a599c StaticDependenciesID=d3dfaba8ab30395a7b13871b77dad416 
Importing 'GUID: 1fb0e05a5ca5a42ba8ffafe439520b8e - Path: Packages/com.unity.2d.sprite/Editor/Assets/SpriteEditorOn@2x.png' with importer (TextureImporter)
Imported 'GUID: 1fb0e05a5ca5a42ba8ffafe439520b8e' -> (Import Result ID: 'fb120722464fa0e800829fa59ed111e3') in 0.005 seconds [static and dynamic dependencies]. Details - ImportResultOutputID=0940415424263a3d7404e126db71649b DependenciesID=ec57732cb8b996e0fb1efc0c95bb824f StaticDependenciesID=6c6e80822252d33ed0fa40d95749defb 
Importing 'GUID: 2fd6421f253b4ef1a19526541f9ffc0c - Path: Packages/com.unity.ugui/Editor Resources/Gizmos/TMP - Text Component Icon.psd' with importer (TextureImporter)
Imported 'GUID: 2fd6421f253b4ef1a19526541f9ffc0c' -> (Import Result ID: '182eb91411988c2938425b375e5d7436') in 0.007 seconds [static and dynamic dependencies]. Details - ImportResultOutputID=6676a7ff42669b4e910efa4b273aee84 DependenciesID=465b5fe424bbe45fdfe9fbd3b995729c StaticDependenciesID=e618ecb72a7940b94c50fe934c954d80 
Importing 'GUID: 3fe892784421e47f5aa40c2784a6cb3e - Path: Packages/com.unity.multiplayer.center/Editor/MultiplayerCenterWindow/UI/Icons/DedicatedServer.png' with importer (TextureImporter)
Imported 'GUID: 3fe892784421e47f5aa40c2784a6cb3e' -> (Import Result ID: '8628599b1c8d96d98235dce14405dda1') in 0.006 seconds [static and dynamic dependencies]. Details - ImportResultOutputID=b0b0df5abddb7164f2afcd9dcacc2c93 DependenciesID=80f84dec0ddf23cc9feebde243931d8a StaticDependenciesID=908bd5c404feb3b65b6da38bb0d2b57e 
Importing 'GUID: 4f78a544322c742b89e63fb68557b1d2 - Path: Packages/com.unity.multiplayer.center/Editor/MultiplayerCenterWindow/UI/Icons/Check.png' with importer (TextureImporter)
Imported 'GUID: 4f78a544322c742b89e63fb68557b1d2' -> (Import Result ID: '4f9106a69185f5be29d4f85baf7f4ed2') in 0.006 seconds [static and dynamic dependencies]. Details - ImportResultOutputID=ced2b25cdf5b1bb67347e69a9cfe561b DependenciesID=1c5d0dae7482a47d0d30d0e4611a9e1c StaticDependenciesID=23e322eecf8345b7ce9db2b570601261 
Importing 'GUID: abe6991365a27d341a10580f3b7c0f44 - Path: Packages/com.unity.ugui/Editor Resources/Shaders/TMP_SDF_SSD.cginc' with importer (ShaderIncludeImporter)
Imported 'GUID: abe6991365a27d341a10580f3b7c0f44' -> (Import Result ID: 'c4980aad84d523a0b83c7cfbf97fd508') in 0.007 seconds [static dependencies only]. Details - ImportResultOutputID=e2ffcc5f3f3567bf2339dee0e44b2a1a DependenciesID=b02e6c529263bddfabcfbe2229a641a0 StaticDependenciesID=18724b8927d4f9e7fd361200e5d9cee6 
Importing 'GUID: 3c6c403084eacec478a1129ce20061ea - Path: Packages/com.unity.ugui/Editor Resources/Shaders/TMP_Properties.cginc' with importer (ShaderIncludeImporter)
Imported 'GUID: 3c6c403084eacec478a1129ce20061ea' -> (Import Result ID: '8066ee3c9912a23663b0b7981d48c842') in 0.004 seconds [static dependencies only]. Details - ImportResultOutputID=3f1c6854e6ecba6bc6f0c8f9f359ecd4 DependenciesID=04df061805870a3be9dcd829705ef79b StaticDependenciesID=b1fc3b37097adef34938cc428312b006 
Importing 'GUID: 9c442dc870b456e48b615cd8add0e9ef - Path: Packages/com.unity.ugui/Editor Resources/Shaders/TMP_SDF Internal Editor.shader' with importer (ShaderImporter)
Launched and connected shader compiler UnityShaderCompiler.exe after 0.06 seconds
Imported 'GUID: 9c442dc870b456e48b615cd8add0e9ef' -> (Import Result ID: '241ac0044228bf1c31ee0f4b7bee3a89') in 0.341 seconds [static and dynamic dependencies]. Details - ImportResultOutputID=6493dbbd5887a2d861604936deedae64 DependenciesID=0b4f2fe0bb292f025ec0cce380aa1fd4 StaticDependenciesID=88295efda756eb1f02bc365ece19fb08 
Importing 'GUID: 3d59ad6cc35022341ba44ddb16c28116 - Path: Assets/Personaje 1/spritesheet - P1 Jorge +_0 1.controller' with importer (NativeFormatImporter)
Imported 'GUID: 3d59ad6cc35022341ba44ddb16c28116' -> (Import Result ID: 'eeab4cdd0d4bd541ad321e1621a1c6d4') in 0.019 seconds [static dependencies only]. Details - ImportResultOutputID=93112305562e41e5f46f1f925a6bf5d1 DependenciesID=7b1704bd77617664b0f2f8d878fca538 StaticDependenciesID=2d9adf738d8b3a68e8894aed566d73fa 
Importing 'GUID: 20ef7441e2dc7954c9ba3a12ffbac4d9 - Path: Packages/com.unity.2d.sprite/LICENSE.md' with importer (TextScriptImporter)
Imported 'GUID: 20ef7441e2dc7954c9ba3a12ffbac4d9' -> (Import Result ID: '1949db7437e60a96b6ab633828faa02d') in 0.004 seconds [static dependencies only]. Details - ImportResultOutputID=44826a7e95b40574fff03ea665bd3fdc DependenciesID=86ddcd48fb13443dcaf17ed97c06da25 StaticDependenciesID=9ae9ff716b8ad908ea32a34906205cd7 
Importing 'GUID: 30b312a167534621b316172253b08723 - Path: Packages/com.unity.modules.subsystems/package.json' with importer (PackageManifestImporter)
Imported 'GUID: 30b312a167534621b316172253b08723' -> (Import Result ID: '2290f9d934f33e62be13bbd3fdc0d894') in 0.003 seconds [static dependencies only]. Details - ImportResultOutputID=5d4e1d411c6d1280fee0fd81da9b9a41 DependenciesID=63113174ad40ae01bc799d569a124dc0 StaticDependenciesID=0b3c946e6a717f46169f33cffddbb142 
Importing 'GUID: 40bf3cec17fa0b49fe04443c8332d638 - Path: Packages/com.unity.modules.jsonserialize/package.json' with importer (PackageManifestImporter)
Imported 'GUID: 40bf3cec17fa0b49fe04443c8332d638' -> (Import Result ID: '56127e54790525077309a2beaad3f2df') in 0.002 seconds [static dependencies only]. Details - ImportResultOutputID=891918617c984cf929da287de3b28243 DependenciesID=7bfe4dceb37474cd2d98b63ecbdb8ab5 StaticDependenciesID=0fad0e8ea03e14690264ad9077aad7bf 
Importing 'GUID: 70554f6c9e4114e1084bb38f9ea400ce - Path: Packages/com.unity.multiplayer.center/LICENSE.md' with importer (TextScriptImporter)
Imported 'GUID: 70554f6c9e4114e1084bb38f9ea400ce' -> (Import Result ID: 'e00e54431015a39b69d8d2da080d328c') in 0.004 seconds [static dependencies only]. Details - ImportResultOutputID=78bb88f49d27d0101051f0d5acc27c69 DependenciesID=26a62e0df737f94a06fe659fc12ce0a9 StaticDependenciesID=e91008c721760c56ac2e3de528deff67 
Importing 'GUID: 80beef77cb19e713c7c2d481b65ed485 - Path: Packages/com.unity.modules.screencapture/package.json' with importer (PackageManifestImporter)
Imported 'GUID: 80beef77cb19e713c7c2d481b65ed485' -> (Import Result ID: '8399d7953d89162a801adf299f92f12f') in 0.002 seconds [static dependencies only]. Details - ImportResultOutputID=983250a2dc621a762e73ead2ce94efd8 DependenciesID=cd27286d2f172dfb89fe5f824cd12ba3 StaticDependenciesID=a2621168487c401a654f3474b01da22d 
Importing 'GUID: 906c12bc9cd95d3963c6d58f62522c78 - Path: Packages/com.unity.modules.cloth/package.json' with importer (PackageManifestImporter)
Imported 'GUID: 906c12bc9cd95d3963c6d58f62522c78' -> (Import Result ID: 'd3e35d6d88beb2c90e2267f89fd7d86c') in 0.003 seconds [static dependencies only]. Details - ImportResultOutputID=516616d488b80658f1bc6d39e6323fe4 DependenciesID=ff0aa0f6822ba147490b518ab6e7aefb StaticDependenciesID=87e01a0fbf610bba8029356c2f3cedbd 
Importing 'GUID: d0e3ad91972c66f5238f5b9b7d5ae58a - Path: Packages/com.unity.modules.unitywebrequesttexture/package.json' with importer (PackageManifestImporter)
Imported 'GUID: d0e3ad91972c66f5238f5b9b7d5ae58a' -> (Import Result ID: 'd6d72679e42ca103d4645ce2f0e43d1a') in 0.002 seconds [static dependencies only]. Details - ImportResultOutputID=50532d8986b57e8cf0f67d010ae5faa9 DependenciesID=e74a26a437e640c3e212ea62ffe5da53 StaticDependenciesID=ca8a80c7d78ea3e4b0ab56943918e7c0 
Importing 'GUID: e0ae6629cc70b514889df37fccb76832 - Path: Packages/com.unity.ugui/README.md' with importer (TextScriptImporter)
Imported 'GUID: e0ae6629cc70b514889df37fccb76832' -> (Import Result ID: 'a0872b1d1ab8b3c6c240a43b30983ce3') in 0.004 seconds [static dependencies only]. Details - ImportResultOutputID=3ad58754097387d260c1346b6969f70b DependenciesID=f9dcc4546a3e9c4bc84d2038f2887c0a StaticDependenciesID=678286e3db2d79eedaf787d60eff1053 
Importing 'GUID: f0f13f2ab3d6d13cfc6e4656824bfca8 - Path: Packages/com.unity.modules.ai/package.json' with importer (PackageManifestImporter)
Imported 'GUID: f0f13f2ab3d6d13cfc6e4656824bfca8' -> (Import Result ID: 'd21d8b91722d950b213ede438d6a0c8f') in 0.002 seconds [static dependencies only]. Details - ImportResultOutputID=084f1efaf4086fe15fda68049aa031a1 DependenciesID=239bf73ab3d2e0ad7170fc85a0c83181 StaticDependenciesID=0161f2dfa4bc46519bbc28afedb2fabd 
Importing 'GUID: 319b8889f363f5947acf209c17a94149 - Path: Packages/com.unity.ugui/package.json' with importer (PackageManifestImporter)
Imported 'GUID: 319b8889f363f5947acf209c17a94149' -> (Import Result ID: '1f461e561d73f2c7199172d58870f6b3') in 0.003 seconds [static dependencies only]. Details - ImportResultOutputID=f648ef75b33216134db610a3258aa581 DependenciesID=23f735c36e0740a88dde7958ed801bc4 StaticDependenciesID=bfdbe15ace657444abaf9558f617e030 
Importing 'GUID: e1ef8466c8fd01a549f10baa4d51fa17 - Path: Packages/com.unity.modules.assetbundle/package.json' with importer (PackageManifestImporter)
Imported 'GUID: e1ef8466c8fd01a549f10baa4d51fa17' -> (Import Result ID: 'b01306af10f4c4b92494c5bc6c7e348e') in 0.003 seconds [static dependencies only]. Details - ImportResultOutputID=c14d0c80429a1b2e07a8aa59da3e090e DependenciesID=3c306160928aad0d9b7fa7d629ca8141 StaticDependenciesID=4b560b67df264fafdca5463edecabd37 
Importing 'GUID: 42fe78c8fe682715a2cb531422e6ccb3 - Path: Packages/com.unity.modules.imgui/package.json' with importer (PackageManifestImporter)
Imported 'GUID: 42fe78c8fe682715a2cb531422e6ccb3' -> (Import Result ID: '735a12665b6273579c88ece974c1fa3d') in 0.002 seconds [static dependencies only]. Details - ImportResultOutputID=f3517442a7b9f2e47ee8fa5d575508d6 DependenciesID=db4a5b9676313a5113b8c3d58a8af841 StaticDependenciesID=823f2faa0588685f2bad41f521df6600 
Importing 'GUID: 92a378669877c05c6071d0fed687bb95 - Path: Packages/com.unity.modules.tilemap/package.json' with importer (PackageManifestImporter)
Imported 'GUID: 92a378669877c05c6071d0fed687bb95' -> (Import Result ID: 'f7d9350e31074f14f70f1ddd6d023915') in 0.005 seconds [static dependencies only]. Details - ImportResultOutputID=f33f95d07119304837f09eeace9783ca DependenciesID=0cf31c2ba1eef756cfbc3fec246b3f7f StaticDependenciesID=b3ad988b545dbe8c855c0bf6ede7b3f7 
Importing 'GUID: 43674d438e19b89d7fe6af07234f3252 - Path: Packages/com.unity.modules.accessibility/package.json' with importer (PackageManifestImporter)
Imported 'GUID: 43674d438e19b89d7fe6af07234f3252' -> (Import Result ID: 'acb1710fbbdf52c324683dab184cda06') in 0.002 seconds [static dependencies only]. Details - ImportResultOutputID=e23a5c5d7d61ce365f1d19ca6a223a88 DependenciesID=2b7af2474c462b27836c85cd0ee19d66 StaticDependenciesID=2c5e7916f13467e8dbe69dc274e8943a 
Importing 'GUID: c359bcaf4a0bc4040aac650bf14ec619 - Path: Packages/com.unity.multiplayer.center/README.md' with importer (TextScriptImporter)
Imported 'GUID: c359bcaf4a0bc4040aac650bf14ec619' -> (Import Result ID: 'e5073ff16c0ec7c1764c259d24b74674') in 0.004 seconds [static dependencies only]. Details - ImportResultOutputID=831480381b02aa5119aabcfe7c5eaa60 DependenciesID=d3534beffbbd033829c5fb7a841a1eaa StaticDependenciesID=da4a6e244893039b1dc5a4216935d27a 
Importing 'GUID: d3cbe921f7b3d9a3257e7c61a5761796 - Path: Packages/com.unity.modules.terrainphysics/package.json' with importer (PackageManifestImporter)
Imported 'GUID: d3cbe921f7b3d9a3257e7c61a5761796' -> (Import Result ID: '4d4972b7a7be72bca5faaa9db94b6b19') in 0.002 seconds [static dependencies only]. Details - ImportResultOutputID=4293423a982649a317eebc9f11bbd1b8 DependenciesID=6fc5860360b5f6a5eb722e68bee0aa5a StaticDependenciesID=836e5f5f7685ec9e9975a08e071fa4b7 
Importing 'GUID: e31c136ab48c1194184380e435f3936d - Path: Packages/com.unity.2d.sprite/README.md' with importer (TextScriptImporter)
Imported 'GUID: e31c136ab48c1194184380e435f3936d' -> (Import Result ID: '6f8a0f629136d309cc2703db1c2ba5e0') in 0.005 seconds [static dependencies only]. Details - ImportResultOutputID=e4d378ed1605757919aa20d15822c9c0 DependenciesID=b59d173f25177fd05b4feef0768263fe StaticDependenciesID=74248160082c591f05e9de5ba71c4e37 
Importing 'GUID: 05f5bfd584002f948982a1498890f9a9 - Path: Packages/com.unity.ugui/PackageConversionData.json' with importer (TextScriptImporter)
Imported 'GUID: 05f5bfd584002f948982a1498890f9a9' -> (Import Result ID: '22468e48ffde6c98976454b23fdd7ffb') in 0.006 seconds [static dependencies only]. Details - ImportResultOutputID=9c1f3a69a784d44e99e01cfae17af14f DependenciesID=2c8cb0d90f31142efcfdf6ba3d1c14fd StaticDependenciesID=6d35cf57675b07b3ad2cc5ecdb4aeebd 
Importing 'GUID: 05f7f519769978b79b31d063a7fc6fa1 - Path: Packages/com.unity.modules.unitywebrequestassetbundle/package.json' with importer (PackageManifestImporter)
Imported 'GUID: 05f7f519769978b79b31d063a7fc6fa1' -> (Import Result ID: '2215c69886089bb8dfd38dc5d451733e') in 0.002 seconds [static dependencies only]. Details - ImportResultOutputID=a676fdc87741fdb3d4562c9b189a12fc DependenciesID=50b399ec4c379a368f8d1b3d730b7425 StaticDependenciesID=ecf490569469904b045877a673f52c07 
Importing 'GUID: 953fab16d15d5885b3600fcd6388b2ad - Path: Packages/com.unity.modules.imageconversion/package.json' with importer (PackageManifestImporter)
Imported 'GUID: 953fab16d15d5885b3600fcd6388b2ad' -> (Import Result ID: 'ca90e3ddc4614fb97ef10d5096a2d3bf') in 0.003 seconds [static dependencies only]. Details - ImportResultOutputID=21af7c3c6098e54697c36eeb0f93f731 DependenciesID=70222f72007a9bb6226effc8d39c0cc4 StaticDependenciesID=feabfdcc1f02151e8ff93f9e08fed3d3 
Importing 'GUID: b5930dbc378b45d406aeb881f06b6dfa - Path: Packages/com.unity.modules.physicscore2d/package.json' with importer (PackageManifestImporter)
Imported 'GUID: b5930dbc378b45d406aeb881f06b6dfa' -> (Import Result ID: '84fc2e68613f85c090fb5e31cc7e56c6') in 0.002 seconds [static dependencies only]. Details - ImportResultOutputID=17eebdd45c9292f6cb08e3796d0e3496 DependenciesID=ac1ebfb9ea3c9a4efb466d7e19a0a2f2 StaticDependenciesID=bb50167113d4de5bff4146669470e354 
Importing 'GUID: 26a4f29db434fd79025c91f6126382cc - Path: Packages/com.unity.modules.unityanalytics/package.json' with importer (PackageManifestImporter)
Imported 'GUID: 26a4f29db434fd79025c91f6126382cc' -> (Import Result ID: '170bb55fb25883039fcb7415aac06564') in 0.003 seconds [static dependencies only]. Details - ImportResultOutputID=64cd0125ffa27280e42f5bc3480004c0 DependenciesID=afed83ba2a9d3ced17a37e981cbe40c1 StaticDependenciesID=20a03214bd46c6bfedea9af7a0b0d9e2 
Importing 'GUID: 96d14b71b907bb52333b2886e665aba6 - Path: Packages/com.unity.modules.video/package.json' with importer (PackageManifestImporter)
Imported 'GUID: 96d14b71b907bb52333b2886e665aba6' -> (Import Result ID: '5c651af831b936ffa6e09fdfd6390917') in 0.002 seconds [static dependencies only]. Details - ImportResultOutputID=97331c0a394344b81f304a267aa0ee32 DependenciesID=f4a54713681ca05bcf8d6d7c16c4deeb StaticDependenciesID=ece420845877feca0120aeff1843c27f 
Importing 'GUID: 87d720faa37005c08600090e04d8c739 - Path: Packages/com.unity.modules.particlesystem/package.json' with importer (PackageManifestImporter)
Imported 'GUID: 87d720faa37005c08600090e04d8c739' -> (Import Result ID: '33d9320326ab0bc0dd0097296520297b') in 0.001 seconds [static dependencies only]. Details - ImportResultOutputID=ab3ee686cd4ed15f5f20d2c8a27562c1 DependenciesID=4f1dbf60b5dd1c4a66cd4423394ab7cd StaticDependenciesID=f4e87ab5606ff6321b39dbeab3d19a29 
Importing 'GUID: b7007d815829e7644bb81d1f8004a340 - Path: Packages/com.unity.2d.sprite/CHANGELOG.md' with importer (TextScriptImporter)
Imported 'GUID: b7007d815829e7644bb81d1f8004a340' -> (Import Result ID: 'c19e95332c8c8189aef67085ac274555') in 0.003 seconds [static dependencies only]. Details - ImportResultOutputID=ed8c7b193dfad6fa4e425f0c62bea4de DependenciesID=8f60cbb0741d0f303ba7f3d2d3acd130 StaticDependenciesID=da7269bd13bc2f92d9f2ec316bd816cc 
Importing 'GUID: f7a8357347c80dc69c08d0b1a05e2122 - Path: Packages/com.unity.modules.physics2d/package.json' with importer (PackageManifestImporter)
Imported 'GUID: f7a8357347c80dc69c08d0b1a05e2122' -> (Import Result ID: '5ebbd41dcd3cd20e8242664cbba98c45') in 0.002 seconds [static dependencies only]. Details - ImportResultOutputID=3a04855755475345d4cf773a999a0d2a DependenciesID=88cb6c2cea9de879c9c89343ced955ce StaticDependenciesID=cba81a34de43558b85d840f864b2858e 
Importing 'GUID: 78e5667e52329c3ceef41288763404ae - Path: Packages/com.unity.modules.vectorgraphics/package.json' with importer (PackageManifestImporter)
Imported 'GUID: 78e5667e52329c3ceef41288763404ae' -> (Import Result ID: '85331052923557e7939e551d51b77ff6') in 0.003 seconds [static dependencies only]. Details - ImportResultOutputID=4ecdabad2dfa4bdbd05a32eab7720e4f DependenciesID=49107cbf11f872cdbb7e480a2dba9fe9 StaticDependenciesID=0dad77f0a6e31e50e95afd8fb4182240 
Importing 'GUID: b83f06ac0c0696e9563230865ca72b81 - Path: Packages/com.unity.modules.wind/package.json' with importer (PackageManifestImporter)
Imported 'GUID: b83f06ac0c0696e9563230865ca72b81' -> (Import Result ID: 'e627a48c71cdb2b59a8ea035b900e4cc') in 0.002 seconds [static dependencies only]. Details - ImportResultOutputID=48a5258515ca15f6f7f90d7b79f1d94b DependenciesID=1e607ce05811be43638b97e5747a55d3 StaticDependenciesID=94020142ee02491aee138f8fd0b6a32d 
Importing 'GUID: c851bee4305bddf438cc6ffc515991ce - Path: Packages/com.unity.ugui/CHANGELOG.md' with importer (TextScriptImporter)
Imported 'GUID: c851bee4305bddf438cc6ffc515991ce' -> (Import Result ID: '6ccbbaa6f4274a8ba4a8201ef58d2a67') in 0.005 seconds [static dependencies only]. Details - ImportResultOutputID=59ce90010f4efd83a4273456e6ac1bf5 DependenciesID=3b2468aed843a416fd462f41b38ec3b5 StaticDependenciesID=d08fe75fbfaf6ac0a76a8fc0eb0e62fd 
Importing 'GUID: c8f6fa942856442b8bd72594d3ce7363 - Path: Packages/com.unity.multiplayer.center/Third Party Notices.md' with importer (TextScriptImporter)
Imported 'GUID: c8f6fa942856442b8bd72594d3ce7363' -> (Import Result ID: '5df316bcb70455554a972f6d9379df06') in 0.002 seconds [static dependencies only]. Details - ImportResultOutputID=03ddb98ad266806dbd104aeb58230d0c DependenciesID=054d0e6cea3698eb5499f29cd3fff1a7 StaticDependenciesID=d3afef492f52186b546e32506b017d80 
Importing 'GUID: d85e5eeaf8f135aeaaebdc8aa3cff6c3 - Path: Packages/com.unity.modules.umbra/package.json' with importer (PackageManifestImporter)
Imported 'GUID: d85e5eeaf8f135aeaaebdc8aa3cff6c3' -> (Import Result ID: '2629799bcc3cd0dc132bde42d394156b') in 0.003 seconds [static dependencies only]. Details - ImportResultOutputID=4d25716d6c3e24bf1a7a8cbf11399c74 DependenciesID=dc7d5f7de08e37a81e35f6684c74c06d StaticDependenciesID=7f6e42ed398911ce66d5999a7426829c 
Importing 'GUID: e9df95f53f1c1d0c9199e235d6c42b50 - Path: Packages/com.unity.modules.audio/package.json' with importer (PackageManifestImporter)
Imported 'GUID: e9df95f53f1c1d0c9199e235d6c42b50' -> (Import Result ID: '8770f2708177991f7bde600f5c7b4d5a') in 0.002 seconds [static dependencies only]. Details - ImportResultOutputID=7bff69c037aa519a654c229c1b6809dd DependenciesID=66220fce1dcba53fc6dd73d780cdfbfe StaticDependenciesID=813f78202562c10aaf2125f84cf31d49 
Importing 'GUID: 1a4266815e998967becf686f9c71f0a6 - Path: Packages/com.unity.modules.physics/package.json' with importer (PackageManifestImporter)
Imported 'GUID: 1a4266815e998967becf686f9c71f0a6' -> (Import Result ID: 'dfea013900fff6eb4694d3ebf064bfb6') in 0.002 seconds [static dependencies only]. Details - ImportResultOutputID=2c72742771a2c41ecd040e5a25968787 DependenciesID=957f7387fa947e4ad8b4742ec482885e StaticDependenciesID=24f161716ed4c67af2a5b4c6528c75af 
Importing 'GUID: 6afb166a156df2d20433d981f4bb2832 - Path: Packages/com.unity.modules.vehicles/package.json' with importer (PackageManifestImporter)
Imported 'GUID: 6afb166a156df2d20433d981f4bb2832' -> (Import Result ID: 'ebbb3659261e067ebb04bcd1a0ba1de6') in 0.001 seconds [static dependencies only]. Details - ImportResultOutputID=b9584b21688236880549537b502bc979 DependenciesID=0e700e00a9d59e25daf7f60ded68340a StaticDependenciesID=49493533e51bc12d7160bed570f9a5ef 
Importing 'GUID: fa27413e9edb06a6058d6c894eca0338 - Path: Packages/com.unity.modules.unitywebrequestwww/package.json' with importer (PackageManifestImporter)
Imported 'GUID: fa27413e9edb06a6058d6c894eca0338' -> (Import Result ID: 'bd7a98124d8a2bbed25cd45a821d3a34') in 0.002 seconds [static dependencies only]. Details - ImportResultOutputID=ef4111052f639e700ab30e1188cae7f8 DependenciesID=15608abf2fb0a10d2865567c82c998c4 StaticDependenciesID=58ec5c7678b3127dd11109c2d0e2f0f2 
Importing 'GUID: 3bbd27b3dd7be4a74aeab8da6b0af5cc - Path: Packages/com.unity.multiplayer.center/CHANGELOG.md' with importer (TextScriptImporter)
Imported 'GUID: 3bbd27b3dd7be4a74aeab8da6b0af5cc' -> (Import Result ID: '8b7b323a1569783efd1c83cf177bb057') in 0.003 seconds [static dependencies only]. Details - ImportResultOutputID=aa74ecc46bd2967dbcade4b1f59c963e DependenciesID=532d4584d637d9f409c915a5952ab60d StaticDependenciesID=61b248d073caad946b8f845a524b75bf 
Importing 'GUID: 4b518b37798c97b0f860962cbf615533 - Path: Packages/com.unity.modules.unitywebrequestaudio/package.json' with importer (PackageManifestImporter)
Imported 'GUID: 4b518b37798c97b0f860962cbf615533' -> (Import Result ID: 'df482174fbd19c87903e603c9e6ad934') in 0.002 seconds [static dependencies only]. Details - ImportResultOutputID=91f22434b9ab55a5c83f3c60940e8474 DependenciesID=e8d1f16f15fc7081c3251ac74a84f919 StaticDependenciesID=a3492277739ba1dccfc7f10390a8b9dc 
Importing 'GUID: 9b1a5759726ef9d39a0ab82047b615f1 - Path: Packages/com.unity.modules.hierarchycore/package.json' with importer (PackageManifestImporter)
Imported 'GUID: 9b1a5759726ef9d39a0ab82047b615f1' -> (Import Result ID: 'ee8ea21bd93292678a48ce4766c2e710') in 0.003 seconds [static dependencies only]. Details - ImportResultOutputID=1299c778185973c2d3f2bb276cd8d0e7 DependenciesID=98a21fad7d41971e4310fea91ae32714 StaticDependenciesID=9dcf09b82df3995db524b3ce8e7aa3f7 
Importing 'GUID: 2c814623cb42764d304be0c5ddd03ceb - Path: Packages/com.unity.modules.xr/package.json' with importer (PackageManifestImporter)
Imported 'GUID: 2c814623cb42764d304be0c5ddd03ceb' -> (Import Result ID: '85fdfa0e897fbed40d266d673eac89b4') in 0.002 seconds [static dependencies only]. Details - ImportResultOutputID=7f441ac2d6a687e067f2d83f9a07d6bb DependenciesID=38b7912d75c6f6fe69ccf76717f5873e StaticDependenciesID=cfddea70f917e548051eef47e704d41d 
Importing 'GUID: 4c413a81cadcce7038e446e56570117e - Path: Packages/com.unity.modules.adaptiveperformance/package.json' with importer (PackageManifestImporter)
Imported 'GUID: 4c413a81cadcce7038e446e56570117e' -> (Import Result ID: '38d5f13da591b075808a87bc993efbd1') in 0.002 seconds [static dependencies only]. Details - ImportResultOutputID=e58e4e674ae30d7b75f4a6d1a5cb9032 DependenciesID=60ce3f76dcff82bf9c2132bad61b1a2c StaticDependenciesID=f40caed91777ad0561bb48a11627df03 
Importing 'GUID: ec02776fe29df900b897106d61977735 - Path: Packages/com.unity.modules.director/package.json' with importer (PackageManifestImporter)
Imported 'GUID: ec02776fe29df900b897106d61977735' -> (Import Result ID: '45d2b7f78cc1413d0d66528a311c8e20') in 0.002 seconds [static dependencies only]. Details - ImportResultOutputID=d3cc052d8f895db30a66424de2b1783d DependenciesID=d4954ffd7d21b03c60ad292abc3cdc8a StaticDependenciesID=fe424b160d552a2d3c3d99e3e61f4ab8 
Importing 'GUID: 4d3d51749e989f747b2674e0b4d9b3d7 - Path: Packages/com.unity.ugui/LICENSE.md' with importer (TextScriptImporter)
Imported 'GUID: 4d3d51749e989f747b2674e0b4d9b3d7' -> (Import Result ID: '5df1027368afae96d047c87b80a57816') in 0.005 seconds [static dependencies only]. Details - ImportResultOutputID=bbee634a49f68f02c7db27acfab1c2b2 DependenciesID=e1200f8075a2a911a72ddf50c3ecdf71 StaticDependenciesID=69ed6aa11ad9bd3ce745fb58cc9bcdbd 
Importing 'GUID: 6d56244f8c39a851975d3c0bd432c66f - Path: Packages/com.unity.modules.terrain/package.json' with importer (PackageManifestImporter)
Imported 'GUID: 6d56244f8c39a851975d3c0bd432c66f' -> (Import Result ID: '3043b3f8745df379486354c3896f0cdb') in 0.002 seconds [static dependencies only]. Details - ImportResultOutputID=0147ed4a7bf27ee69660cd49b175a05f DependenciesID=d8bf239b38da7a5e1d23a9ddd0948469 StaticDependenciesID=68633397afc44d8ea348831b529962cf 
Importing 'GUID: 7dc5f1e5d04ac8549ac21802071e983b - Path: Packages/com.unity.2d.sprite/package.json' with importer (PackageManifestImporter)
Imported 'GUID: 7dc5f1e5d04ac8549ac21802071e983b' -> (Import Result ID: '67114b95c3ccaee8ab8379f60439f4e6') in 0.004 seconds [static dependencies only]. Details - ImportResultOutputID=20b391f03310622a45a3739291269636 DependenciesID=1f1c96f85cfa7efdef9722bf940d7083 StaticDependenciesID=0fa9edbdad2a96a34b830b33bde403e7 
Importing 'GUID: bd1af0a6633ee94ae21c7d1d702cdc12 - Path: Packages/com.unity.modules.androidjni/package.json' with importer (PackageManifestImporter)
Imported 'GUID: bd1af0a6633ee94ae21c7d1d702cdc12' -> (Import Result ID: '3522a935f29e97e8b099b4387089fef3') in 0.003 seconds [static dependencies only]. Details - ImportResultOutputID=1c61f45893a1fee872977b6b58a759e0 DependenciesID=e63877a3e4fa00db49d20e13546d5634 StaticDependenciesID=1387d9c3d51128c1d9fe3938764c02c9 
Importing 'GUID: 0e0afa652c0031c48896a97b424d027b - Path: Packages/com.unity.ugui/PackageConversionData_Assets.json' with importer (TextScriptImporter)
Imported 'GUID: 0e0afa652c0031c48896a97b424d027b' -> (Import Result ID: '5ec2074ff4fd64a645fc7198c838b2df') in 0.005 seconds [static dependencies only]. Details - ImportResultOutputID=b26d1665927d5ce04b306343cfa402db DependenciesID=d19c438cb4ed0e9e522b1073f9839ed5 StaticDependenciesID=d2b6c9182ece9b320b6e84e65c322ab7 
Importing 'GUID: 7ef8348b8ea834d7e1bc214b07f7fb87 - Path: Packages/com.unity.modules.animation/package.json' with importer (PackageManifestImporter)
Imported 'GUID: 7ef8348b8ea834d7e1bc214b07f7fb87' -> (Import Result ID: 'e66ebcc0a773b806b6d5f36ceaa36060') in 0.002 seconds [static dependencies only]. Details - ImportResultOutputID=71365924848c115c14d4e8a430945e5d DependenciesID=d9b95bd7f4828077a7dd4323583ec0c4 StaticDependenciesID=7d3c24e24c75b94c5210b5cf3054341f 
Importing 'GUID: 3fdd83b151eb8d25c5e2f82fc39dcb04 - Path: Packages/com.unity.modules.unitywebrequest/package.json' with importer (PackageManifestImporter)
Imported 'GUID: 3fdd83b151eb8d25c5e2f82fc39dcb04' -> (Import Result ID: '856d04f0c98ca3317533eef24c427365') in 0.003 seconds [static dependencies only]. Details - ImportResultOutputID=609e642c4d5fd6e0b6d325d2f170eb1c DependenciesID=038fe96aff53d8d465856fc2b027013f StaticDependenciesID=6564a188256b4b690a91e3db8dba97c1 
Importing 'GUID: 4f0f9b9f3ed97ad2b9ba8f1a8e4666c2 - Path: Packages/com.unity.modules.uielements/package.json' with importer (PackageManifestImporter)
Imported 'GUID: 4f0f9b9f3ed97ad2b9ba8f1a8e4666c2' -> (Import Result ID: 'ace4520e7b42cfad78b6f4f7f691e93d') in 0.002 seconds [static dependencies only]. Details - ImportResultOutputID=36590aca09d64a139fa9e993302e17eb DependenciesID=d4232f2fe1d76c5f5f29d81fd6f15345 StaticDependenciesID=0c937e3b743965d943649a6bc92e49c5 
Importing 'GUID: bfd567a3d1631a761bca9e99fa53d86d - Path: Packages/com.unity.modules.ui/package.json' with importer (PackageManifestImporter)
Imported 'GUID: bfd567a3d1631a761bca9e99fa53d86d' -> (Import Result ID: '5476e87972b831b8580d17d936061bf6') in 0.004 seconds [static dependencies only]. Details - ImportResultOutputID=7bb9b76f93faf76244e454a1fca49870 DependenciesID=5672e654b1200575666ab69c28794a5b StaticDependenciesID=671879968490d6f3d4db40a6a6b1efd2 
Importing 'GUID: df0857f6a11054383be91b1f8e1b5800 - Path: Packages/com.unity.multiplayer.center/package.json' with importer (PackageManifestImporter)
Imported 'GUID: df0857f6a11054383be91b1f8e1b5800' -> (Import Result ID: '2d6a3e74e535262528382795477b350d') in 0.006 seconds [static dependencies only]. Details - ImportResultOutputID=a4f654672cb55ec9581b1a0eec4a5388 DependenciesID=be8cc1d85d5bb536e73cba385233edbd StaticDependenciesID=a64ca5742d4ab2c52d106c60553e5dd5 
Importing 'GUID: 715b0b9b9a7a6c04cb5167d82049df34 - Path: Assets/3 PERSONAJES/Jugador.prefab' with importer (PrefabImporter)
Imported 'GUID: 715b0b9b9a7a6c04cb5167d82049df34' -> (Import Result ID: 'f52560731d016f492ed487f0eff52f41') in 0.029 seconds [static dependencies only]. Details - ImportResultOutputID=30c76c0a50bac3eb0f54b284719507af DependenciesID=f8e85980699bfb999727714f25cbfa28 StaticDependenciesID=0d5d4d7f6d470aeafb88c07e14dc6666 
Importing 'GUID: 5dddb93bae82cdd48a5cd000a541a0ed - Path: Assets/Sistema de puntuacion/GameManager.prefab' with importer (PrefabImporter)
Imported 'GUID: 5dddb93bae82cdd48a5cd000a541a0ed' -> (Import Result ID: '93512794e57e9705048b1b2b139cc8e3') in 0.008 seconds [static and dynamic dependencies]. Details - ImportResultOutputID=bfc22c0777e82df2906c876605ae8459 DependenciesID=b0397be28e77f543b89835c2e82f567d StaticDependenciesID=a42accb744ca797af7b7d8e989bc8e0d 
Importing 'GUID: f1ac2efb1bcd4dfd95dc196ed3c11367 - Path: Packages/com.unity.multiplayer.center/Editor/MultiplayerCenterWindow/UI/light.uss' with importer (ScriptedImporter : UnityEditor.CoreModule:UnityEditor.UIElements.StyleSheets:StyleSheetImporter)
Imported 'GUID: f1ac2efb1bcd4dfd95dc196ed3c11367' -> (Import Result ID: '13027c1e53e4a26fc35881efe09df928') in 0.108 seconds [static and dynamic dependencies]. Details - ImportResultOutputID=f472d58d43cbfe555d29f8a59adfacf2 DependenciesID=df7c63f24a55f62e132a2cf0934219be StaticDependenciesID=95edcbe8994348a24ffc7369d9309b36 
Importing 'GUID: 5370dc6919bc441a9e079e659b067930 - Path: Packages/com.unity.2d.sprite/Editor/UI/SpriteEditor/SpriteEditorHelpBox.uss' with importer (ScriptedImporter : UnityEditor.CoreModule:UnityEditor.UIElements.StyleSheets:StyleSheetImporter)
Imported 'GUID: 5370dc6919bc441a9e079e659b067930' -> (Import Result ID: '19f473a8974c0b73392cae7d50fd3322') in 0.015 seconds [static and dynamic dependencies]. Details - ImportResultOutputID=ec44ddc8658a286503db17c64c54fa70 DependenciesID=398140efb520aee947eb901e0c9eacfa StaticDependenciesID=c49ce9e05d8812e749231238e22d7ae5 
Importing 'GUID: 35f4ee23cc5e408190298151beab219a - Path: Packages/com.unity.2d.sprite/Editor/UI/SpriteEditor/SpriteEditorToolbar.uss' with importer (ScriptedImporter : UnityEditor.CoreModule:UnityEditor.UIElements.StyleSheets:StyleSheetImporter)
Imported 'GUID: 35f4ee23cc5e408190298151beab219a' -> (Import Result ID: '453ea2e584e824b10532c642c7e92e18') in 0.025 seconds [static and dynamic dependencies]. Details - ImportResultOutputID=118170dbdb541e19ad512bd60553b792 DependenciesID=d4ca5fac230e7c482c2331584dd79c5e StaticDependenciesID=dd0b8ab20e1a46f8abcd70c07bf7206a 
Importing 'GUID: 453cfcbf89b424ad9a293b19d1e3d4bb - Path: Packages/com.unity.2d.sprite/Editor/UI/SpriteEditor/SpriteOutlineToolOverlayPanelStyle.uss' with importer (ScriptedImporter : UnityEditor.CoreModule:UnityEditor.UIElements.StyleSheets:StyleSheetImporter)
Imported 'GUID: 453cfcbf89b424ad9a293b19d1e3d4bb' -> (Import Result ID: 'abed7e2c25cd9d9655043263e60cc198') in 0.014 seconds [static and dynamic dependencies]. Details - ImportResultOutputID=de77ee96461bf55626a71cc392c52ee3 DependenciesID=6e8c17a0f6f0085c95e821bfe3303585 StaticDependenciesID=ef67d425c2f7648ab308e69ee9154957 
Importing 'GUID: 1984cd07fe96417f9e88f5771f6b4b32 - Path: Packages/com.unity.multiplayer.center/Editor/MultiplayerCenterWindow/UI/dark.uss' with importer (ScriptedImporter : UnityEditor.CoreModule:UnityEditor.UIElements.StyleSheets:StyleSheetImporter)
Imported 'GUID: 1984cd07fe96417f9e88f5771f6b4b32' -> (Import Result ID: '04db045ca9e598cce771e0e8485fa3aa') in 0.017 seconds [static and dynamic dependencies]. Details - ImportResultOutputID=511f53ee3964bca2a5fb61fcee3bfd0f DependenciesID=cc2b91e599e0a91ae690b9eaea80f033 StaticDependenciesID=fc8f817f20f496db06a4593ff5ace24b 
Importing 'GUID: bac00d6e07f0b4305bb395363c89d92b - Path: Packages/com.unity.multiplayer.center/Editor/MultiplayerCenterWindow/UI/MultiplayerCenterWindow.uss' with importer (ScriptedImporter : UnityEditor.CoreModule:UnityEditor.UIElements.StyleSheets:StyleSheetImporter)
Imported 'GUID: bac00d6e07f0b4305bb395363c89d92b' -> (Import Result ID: '2b002230e80642261df1086524ec50ab') in 0.051 seconds [static and dynamic dependencies]. Details - ImportResultOutputID=5a794cfa049bff833a19e6de0123f1da DependenciesID=25f797d2f8e4225f61c9af8dbe07d570 StaticDependenciesID=9988d14ade456474ed0db8c4ea88eb8a 
Importing 'GUID: 6c7e9115f7d147358afe5f37134801db - Path: Packages/com.unity.2d.sprite/Editor/UI/SpriteEditor/SpriteFrameCapabilityWindow.uss' with importer (ScriptedImporter : UnityEditor.CoreModule:UnityEditor.UIElements.StyleSheets:StyleSheetImporter)
Imported 'GUID: 6c7e9115f7d147358afe5f37134801db' -> (Import Result ID: '32756276b1c4633d6cbe2deb7815d017') in 0.015 seconds [static and dynamic dependencies]. Details - ImportResultOutputID=b1d6b2f9423c4a28734c92dfca884ba5 DependenciesID=16ce04b826ba160f3de848deef1a09e3 StaticDependenciesID=343643c2857d52928e1462fa71cfe02c 
Importing 'GUID: fd3d7c275a0958b4fa0f26a0ee9b8481 - Path: Packages/com.unity.2d.sprite/Editor/UI/SpriteEditor/SpriteEditor.uss' with importer (ScriptedImporter : UnityEditor.CoreModule:UnityEditor.UIElements.StyleSheets:StyleSheetImporter)
Imported 'GUID: fd3d7c275a0958b4fa0f26a0ee9b8481' -> (Import Result ID: '0968960a0556d415eddc132670f846cf') in 0.017 seconds [static and dynamic dependencies]. Details - ImportResultOutputID=d30bcfbf32dce6d0833683fb0be6b317 DependenciesID=d00d8cde9e35b4d3f9d06f6fc8401cbe StaticDependenciesID=a983b93118e7ffe6dfec8214bd823812 
Importing 'GUID: d02b5650e6e0b4c45ab18d5a1d1fce97 - Path: Packages/com.unity.2d.sprite/Editor/UI/SpriteEditor/SpriteFrameModuleInspector.uxml' with importer (ScriptedImporter : UnityEditor.UIElementsModule:UnityEditor.UIElements:UIElementsViewImporter)
Imported 'GUID: d02b5650e6e0b4c45ab18d5a1d1fce97' -> (Import Result ID: '93c16ee7cfcbefd6d693104bf35a46b1') in 0.057 seconds [static and dynamic dependencies]. Details - ImportResultOutputID=a0ad4745df83e46b5e5296aab829906a DependenciesID=51aa3fdafa411b4160b9e7d0a4fc3168 StaticDependenciesID=087bf3b2ee282f8e38bdc2cbf3c6c115 
Importing 'GUID: 822efcfdd5f5a45e99513239c9c1859f - Path: Packages/com.unity.2d.sprite/Editor/UI/SpriteEditor/SpriteOutlineToolOverlayPanel.uxml' with importer (ScriptedImporter : UnityEditor.UIElementsModule:UnityEditor.UIElements:UIElementsViewImporter)
Imported 'GUID: 822efcfdd5f5a45e99513239c9c1859f' -> (Import Result ID: '0b3c221861e3bc561f943aa44081a2f1') in 0.023 seconds [static and dynamic dependencies]. Details - ImportResultOutputID=6a5306b66bafe44de497c7ca401a3a17 DependenciesID=3d8113fa58ae94cdaec82586ee365eb2 StaticDependenciesID=3b4f814955381a9325c6a9572a975c74 
Importing 'GUID: ad9baf3ac3e35c948bf6a50e91e91473 - Path: Packages/com.unity.2d.sprite/Editor/UI/SpriteEditor/PolygonChangeShapeWindow.uxml' with importer (ScriptedImporter : UnityEditor.UIElementsModule:UnityEditor.UIElements:UIElementsViewImporter)
Imported 'GUID: ad9baf3ac3e35c948bf6a50e91e91473' -> (Import Result ID: 'beddb2a5eaebb4ad158efd6b668a2860') in 0.010 seconds [static and dynamic dependencies]. Details - ImportResultOutputID=0a47265a90fd7d1babd693574572e3a4 DependenciesID=a8a39f548f0a0534e3f608bf285be6a8 StaticDependenciesID=694f9eebf98e3c8c99fced2424e044ed 
Importing 'GUID: dde790a688b0426aa8b203f14ba9ced2 - Path: Packages/com.unity.2d.sprite/Editor/UI/SpriteEditor/SpriteFrameCapabilityWindow.uxml' with importer (ScriptedImporter : UnityEditor.UIElementsModule:UnityEditor.UIElements:UIElementsViewImporter)
Imported 'GUID: dde790a688b0426aa8b203f14ba9ced2' -> (Import Result ID: '2202492edcf2a275dc2c45d567c2b9a7') in 0.010 seconds [static and dynamic dependencies]. Details - ImportResultOutputID=ec8528544960c29ebb97d0f97ac2d23d DependenciesID=859453e721a1448daab6594f588f5192 StaticDependenciesID=47a46e3d4cbff6d388523ddf9dc4ce30 
Starting new worker id: 0 with log in C:/Users/Oswel Cardona/OneDrive/Documents/GitHub/scape-from-utp-juego/Logs/AssetImportWorkerHW0.log

Asset Pipeline Refresh (id=abe80a2024487ed40a1686706dbc738f): Total: 39.534 seconds - Initiated by InitialRefreshV2(ForceSynchronousImport)
	(Values over 0.05ms)
	Summary:
		Imports: total=365 (actual=365, local cache=0, cache server=0)
		Asset DB Process Time: managed=64 ms, native=9000 ms
		Asset DB Callback time: managed=365 ms, native=2457 ms
		Scripting: domain reloads=1, domain reload time=702 ms, compile time=26931 ms, other=12 ms
		Project Asset Count: scripts=234, non-scripts=227
		Asset File Changes: new=5, changed=842, moved=0, deleted=0
		Scan Filter Count: 0
	InvokePackagesCallback: 1354.683ms
	ApplyChangesToAssetFolders: 1.669ms
	Scan: 3114.811ms
	Collect global state as custom dependencies: 5.847ms
	OnSourceAssetsModified: 6.156ms
	CategorizeScriptCompilationAssets: 4.961ms
	ProcessAssetsWithTransientArtifactChanges: 17.700ms
	CategorizeAssets: 18.740ms
	CompileScripts: 26930.590ms
	ImportOutOfDateAssets: 4275.096ms (656.939ms without children)
		ImportManagerImport: 3574.761ms (748.730ms without children)
			UpdateCategorizedAssets: 1.642ms
		UnloadImportedAssets: 2.532ms
		ReloadImportedAssets: 3.585ms
		EnsureUptoDateAssetsAreRegisteredWithGuidPM: 0.256ms
		ImportSchedulerStart: 40.588ms
	PostProcessAllAssets: 1520.265ms
		ShaderAssetModifiedCallback 964.166ms
		VCAutoAddAssetPostprocess 5.316ms
		PostProcessCallbackCreateDeferredMaterials 5.256ms
		AssemblyValidation.PostprocessAllAssets 4.823ms
		ComputeShaderImportPostprocess 2.192ms
		RaytracingShaderImportPostprocess 2.169ms
		SpeedTreeImporter.PostprocessAllAssets 1.694ms
		VersionControlSettings.HiddenFilePostprocess 1.092ms
		Canvas.OnAllAssetImport 0.886ms
		BlockShaderImporter.PostprocessAllAssets 0.701ms
		LocalizationDatabase.AssetDatabasePostprocessCallback 0.649ms
		MonoPostProcessAllAssets: 361.411ms
			SpriteSlicePostprocessor.OnPostprocessAllAssets 100.551ms
			RetainedModeAssetPostprocessor.OnPostprocessAllAssets 89.995ms
			AssetPostprocessor.OnPostprocessAllAssets 33.815ms
			StyleCatalogPostProcessor.OnPostprocessAllAssets 32.789ms
			WindowAssetPostprocessingWatcher.OnPostprocessAllAssets 28.211ms
			AssetChangedListener.OnPostprocessAllAssets 19.044ms
			BuilderAssetPostprocessor.OnPostprocessAllAssets 15.089ms
			TextAssetPostProcessor.OnPostprocessAllAssets 7.317ms
			SyncVS.PostprocessSyncProject 6.519ms
			SpeedTree9Postprocessor.OnPostprocessAllAssets 2.872ms
			TMPro_TexturePostProcessor.OnPostprocessAllAssets 1.267ms
			ArtifactBrowserPostProcessor.OnPostprocessAllAssets 1.049ms
			SpriteEditorTexturePostprocessor.OnPostprocessAllAssets 0.965ms
			AudioMixerPostprocessor.OnPostprocessAllAssets 0.539ms
			ReferencedClipsPostProcessor.OnPostprocessAllAssets 0.522ms
			TerrainToolbarOverlayPostProcessor.OnPostprocessAllAssets 0.481ms
			SpeedTreePostProcessor.OnPostprocessAllAssets 0.464ms
			AssetEvents.OnPostprocessAllAssets 0.310ms
			AssetDatabaseCallbacks.OnPostprocessAllAssets 0.270ms
			RenderPipelineGlobalSettingsPostprocessor.OnPostprocessAllAssets 0.200ms
			ScenarioDriftAssetsTracker.OnPostprocessAllAssets 0.200ms
			ConfigAssetsTracker.OnPostprocessAllAssets 0.192ms
			AudioContainerPostProcessor.OnPostprocessAllAssets 0.174ms
	PostAssetChangesProfiler: 6.421ms
	UnloadStreamsBegin: 2.294ms
	PersistCurrentRevisions: 1.438ms
	GenerateScriptTypeHashes: 1.290ms
	GenerateScriptTypeSerializationHashes: 2.425ms
	Untracked: 2260.899ms

Application.AssetDatabase Initial Refresh End
Scanning for USB devices : 3.919ms
Initializing Unity extensions:
[MODES] ModeService[none].Initialize
[MODES] ModeService[none].LoadModes
[MODES] Loading mode Default (0) for mode-current-id-scape-from-utp-juego
Unloading 107 Unused Serialized files (Serialized files now loaded: 0)
Loaded scene 'Assets/Nivel 1.unity'
	Deserialize:            6.700 ms
	Integration:            57.634 ms
	Integration of assets:  0.020 ms
	Thread Wait Time:       0.014 ms
	Total Operation Time:   64.369 ms
Unloading 606 unused Assets / (0.9 MB). Loaded Objects now: 1210.
Memory consumption went from 223.0 MB to 222.1 MB.
Total: 10.603900 ms (FindLiveObjects: 0.130900 ms CreateObjectMapping: 0.104400 ms MarkObjects: 9.260400 ms  DeleteObjects: 0.945000 ms)

[LAYOUT] About to load UserSettings\Layouts\default-6000.dwlt, keepMainWindow=False
[LAYOUT] About to save layout C:\Users\Oswel Cardona\OneDrive\Documents\GitHub\scape-from-utp-juego\UserSettings\Layouts\default-6000.dwlt
[LAYOUT] About to save layout C:/Users/Oswel Cardona/AppData/Roaming/Unity/Editor-5.x/Preferences\Layouts\current\default-6000.dwlt
[MODES] ModeService[default].InitializeCurrentMode
[MODES] ModeService[default].RaiseModeChanged(default, default)
This project uses Input Manager, which is marked for deprecation. To manage input in your project, use the <a href="https://docs.unity3d.com/Packages/com.unity.inputsystem@latest">Input System package</a> instead.
<RI> Initializing input.
<RI> Input initialized.
[Project] Loading completed in 68.884 seconds
	Project init time: 				66.477 seconds
		Template init time: 		0.000 seconds
		Package Manager init time: 		6.672 seconds
		Asset Database init time: 		0.910 seconds
		Global illumination init time: 	0.036 seconds
		Assemblies load time: 			15.565 seconds
		Unity extensions init time: 	0.002 seconds
		Asset Database refresh time: 	39.535 seconds
	Scene opening time: 			1.860 seconds
##utp:{"type":"ProjectInfo","version":2,"phase":"Immediate","time":1783209377421,"processId":3016,"projectLoad":68.8839833,"projectInit":66.477099,"templateInit":0.0,"packageManagerInit":6.6720557,"assetDatabaseInit":0.9096813,"globalIlluminationInit":0.0364476,"assembliesLoad":15.5653613,"unityExtensionsInit":0.0021012,"assetDatabaseRefresh":39.5349039,"sceneOpening":1.8595247}
##utp:{"type":"EditorInfo","version":2,"phase":"Immediate","time":1783209377423,"processId":3016,"editorVersion":"6000.5.0f1 (88b47c5e7076)","branch":"6000.5/staging","buildType":"Release","platform":"Windows"}
Asset Pipeline Refresh (id=5bb26feb8211ff14cafab2cb7a3b7159): Total: 0.019 seconds - Initiated by RefreshV2(AllowForceSynchronousImport)
Worker ready: AssetImportWorkerHW0 0
[Licensing::Client] Successfully resolved entitlement details
[MODES] ModeService[default].LoadModes
[Licensing::Client] Successfully resolved entitlement details
Dynamic Batching is deprecated and will be removed in a future release. Use GPU Instancing instead. Disable Dynamic Batching in Project Settings > Player > Other Settings to remove this warning.
UnityEngine.Debug:ExtractStackTraceNoAlloc (byte*,int,string)
UnityEngine.StackTraceUtility:ExtractStackTrace ()
UnityEngine.DebugLogHandler:Internal_Log (UnityEngine.LogType,UnityEngine.LogOption,string,UnityEngine.Object)
UnityEngine.DebugLogHandler:LogFormat (UnityEngine.LogType,UnityEngine.Object,string,object[])
UnityEngine.Logger:Log (UnityEngine.LogType,object)
UnityEngine.Debug:LogWarning (object)
UnityEditor.PlayerSettingsBatchingWarning:WarnIfDynamicBatchingEnabled ()
UnityEditor.EditorApplication:Internal_CallUpdateFunctions ()

Start Indexing on Editor startup
[Indexing] Starting Initial Indexing for Assets
Created GICache directory at C:/Users/Oswel Cardona/AppData/LocalLow/Unity/Caches/GiCache. Took: 0.036s, timestamps: [73.841 - 73.877]
[Licensing::Client] Successfully resolved entitlement details
[Licensing::Client] Successfully resolved entitlement details
[Licensing::Client] Successfully updated the access token
[Licensing::Module] Successfully updated access token: "Nlo8Jxhe"... (expires: 2026-07-05T01:17:23Z)
Starting new worker id: 1 with log in C:/Users/Oswel Cardona/OneDrive/Documents/GitHub/scape-from-utp-juego/Logs/AssetImportWorkerHW1.log
[Worker0] Imported GUID: 76aa884e8860d3943aa9a963621bb26c - Path: Assets/Suelos - Importer: ScriptedImporter/UnityEditor.QuickSearchModule:UnityEditor.Search:ASIAI0B -> (ImportResultId: 'f903f6a756b2fa117a939cdbfbde7ca5') in 0.1541468 seconds
[Worker0] Imported GUID: 715b0b9b9a7a6c04cb5167d82049df34 - Path: Assets/3 PERSONAJES/Jugador.prefab - Importer: ScriptedImporter/UnityEditor.QuickSearchModule:UnityEditor.Search:ASIAI0B -> (ImportResultId: '3774f356fdd8c95a497845958241c451') in 0.205611 seconds
[Worker0] Imported GUID: 5312039f7d992ba45b519fcd6bef2a62 - Path: Assets/Fondos/Nivel 1.unity - Importer: ScriptedImporter/UnityEditor.QuickSearchModule:UnityEditor.Search:ASIAI0B -> (ImportResultId: 'f2d44e352fae4b0fcb3f6301ac33987c') in 0.0106998 seconds
[Worker0] Imported GUID: a6ceef44ff97b074e9be789ef54db1c7 - Path: Assets/Sistema de puntuacion/ScorePorTiempo.cs - Importer: ScriptedImporter/UnityEditor.QuickSearchModule:UnityEditor.Search:ASIAI0B -> (ImportResultId: '72fa5c3d58cd55b0f8dbc61b631977f9') in 0.0476433 seconds
[Worker0] Imported GUID: 20bb298b3b106544eb5b8645de149110 - Path: Assets/CamaraSeguir.cs - Importer: ScriptedImporter/UnityEditor.QuickSearchModule:UnityEditor.Search:ASIAI0B -> (ImportResultId: 'a980dbcff8d7bd50524571bd5566ed0d') in 0.0231468 seconds
[Worker0] Imported GUID: b40f15c94bf09294fbf40ab09c66c4ca - Path: Assets/Scenes - Importer: ScriptedImporter/UnityEditor.QuickSearchModule:UnityEditor.Search:ASIAI0B -> (ImportResultId: '3c6e397321c750ae9ff0002ffe53b5cb') in 0.0322888 seconds
[Worker0] Imported GUID: 58402955b43dbdf459dbf60fe9386aa8 - Path: Assets/Fondos - Importer: ScriptedImporter/UnityEditor.QuickSearchModule:UnityEditor.Search:ASIAI0B -> (ImportResultId: '0f19054a1d40be637974f32c504ff9b9') in 0.051001 seconds
[Worker0] Imported GUID: 3d59ad6cc35022341ba44ddb16c28116 - Path: Assets/Personaje 1/spritesheet - P1 Jorge +_0 1.controller - Importer: ScriptedImporter/UnityEditor.QuickSearchModule:UnityEditor.Search:ASIAI0B -> (ImportResultId: '2a7b06fbfdc6471bb99c7414299e01be') in 0.0544772 seconds
[Worker0] Imported GUID: 35dd2c3c68eb9e34fb7e001c18399185 - Path: Assets/Sistema de puntuacion - Importer: ScriptedImporter/UnityEditor.QuickSearchModule:UnityEditor.Search:ASIAI0B -> (ImportResultId: '1a0926308ef69ba8f6e3ae91610ee53b') in 0.0108149 seconds
[Worker0] Imported GUID: b136ee031888c9746af372658d067171 - Path: Assets/Personaje 1 - Importer: ScriptedImporter/UnityEditor.QuickSearchModule:UnityEditor.Search:ASIAI0B -> (ImportResultId: '942f5790bcbf6af4ec1ec23659bc7966') in 0.0459647 seconds
[Worker0] Imported GUID: 0674d53d05456e240be7a39abb2789cc - Path: Assets/Suelos/ChatGPT Image 18 jun 2026, 13_24_04.png - Importer: ScriptedImporter/UnityEditor.QuickSearchModule:UnityEditor.Search:ASIAI0B -> (ImportResultId: '3c4941ced61ec14f5bb2d902800de197') in 0.1238169 seconds
[Worker0] Imported GUID: ee82384af2bf5fb4792d71539549d94f - Path: Assets/Sistema de puntuacion/ScoreManager.cs - Importer: ScriptedImporter/UnityEditor.QuickSearchModule:UnityEditor.Search:ASIAI0B -> (ImportResultId: 'dab9ad39d8ca8faaf8e7ab61c6a88200') in 0.0142939 seconds
[Worker0] Imported GUID: 5dddb93bae82cdd48a5cd000a541a0ed - Path: Assets/Sistema de puntuacion/GameManager.prefab - Importer: ScriptedImporter/UnityEditor.QuickSearchModule:UnityEditor.Search:ASIAI0B -> (ImportResultId: '5f5d91daa6936d2ea5487254c5058622') in 0.0702314 seconds
[Worker0] Imported GUID: 1229d781143f9554fa7e799203edebb7 - Path: Assets/Scripts - Importer: ScriptedImporter/UnityEditor.QuickSearchModule:UnityEditor.Search:ASIAI0B -> (ImportResultId: '597a30cd31e9f53d310ed2b7430cd63d') in 0.0157506 seconds
[Worker0] Imported GUID: 6d80ddc6e593cd64db0ab2136b82fe05 - Path: Assets/Nivel 1.unity - Importer: ScriptedImporter/UnityEditor.QuickSearchModule:UnityEditor.Search:ASIAI0B -> (ImportResultId: '468a17f337a72888d84df00dd6d3f834') in 0.0299551 seconds
[Worker0] Imported GUID: e380d460a6826434db0aee0e06ee9eb8 - Path: Assets/3 PERSONAJES - Importer: ScriptedImporter/UnityEditor.QuickSearchModule:UnityEditor.Search:ASIAI0B -> (ImportResultId: '9f03f838e1305c12a6d97257051a39c1') in 0.0226695 seconds
[Worker0] Imported GUID: 14b27b7246eff854dadc2f73a3fbc69a - Path: Assets/MenuPrincipal.unity - Importer: ScriptedImporter/UnityEditor.QuickSearchModule:UnityEditor.Search:ASIAI0B -> (ImportResultId: 'a424ec5858fc9a62d7724cc3c65d7388') in 0.0450555 seconds
Worker ready: AssetImportWorkerHW1 1
TrimDiskCacheJob: Current cache size 0mb
Reloading assemblies for play mode.
Reloading assemblies after forced synchronous recompile.
Begin MonoManager ReloadAssembly
Native extension for WindowsStandalone target not found
ScheduleIndexationOnStartup MainProcess:True IndexOnStartup:True
[MODES] ModeService[none].Initialize
[MODES] ModeService[none].LoadModes
Mono: successfully reloaded assembly
- Finished resetting the current domain, in  1.254 seconds
Domain Reload Profiling: 2019ms
	BeginReloadAssembly (585ms)
		DisableScriptedObjects (220ms)
		CreateAndSetChildDomain (152ms)
	RebuildCommonClasses (10ms)
	RebuildNativeTypeToScriptingClass (19ms)
	initialDomainReloadingComplete (50ms)
	LoadAllAssembliesAndSetupDomain (99ms)
		LoadAssemblies (120ms)
		AnalyzeDomain (8ms)
			TypeCache.Refresh (4ms)
	FinalizeReload (1254ms)
		SetupLoadedEditorAssemblies (0ms)
			BeforeProcessingInitializeOnLoad (100ms)
			ProcessInitializeOnLoadAttributes (80ms)
			ProcessInitializeOnLoadMethodAttributes (97ms)
			AfterProcessingInitializeOnLoad (8ms)
		AwakeInstancesAfterBackupRestoration (614ms)

Asset Pipeline Refresh (id=519e3b02baee78a41abf1e797aade477): Total: 2.282 seconds - Initiated by StopAssetImportingV2(ForceSynchronousImport | ForceDomainReload)
	(Values over 0.05ms)
	Summary:
		Imports: total=0 (actual=0, local cache=0, cache server=0)
		Asset DB Process Time: managed=0 ms, native=1331 ms
		Asset DB Callback time: managed=70 ms, native=58 ms
		Scripting: domain reloads=1, domain reload time=818 ms, compile time=4 ms, other=0 ms
		Project Asset Count: scripts=234, non-scripts=227
		Asset File Changes: new=0, changed=0, moved=0, deleted=0
		Scan Filter Count: 0
	InvokePackagesCallback: 3.485ms
	ApplyChangesToAssetFolders: 0.455ms
	Collect global state as custom dependencies: 0.268ms
	ProcessAssetsWithTransientArtifactChanges: 13.476ms
	CategorizeAssets: 3.324ms
	CompileScripts: 3.821ms
	ImportOutOfDateAssets: 1261.286ms (1256.949ms without children)
		UnloadImportedAssets: 1.799ms
		EnsureUptoDateAssetsAreRegisteredWithGuidPM: 0.100ms
		ImportSchedulerStart: 2.412ms
	PostProcessAllAssets: 122.669ms
		PostProcessCallbackCreateDeferredMaterials 2.020ms
		ShaderAssetModifiedCallback 1.548ms
		PostprocessAssetsUpdateCachedIcon 0.886ms
		SpeedTreeImporter.PostprocessAllAssets 0.732ms
		RaytracingShaderImportPostprocess 0.692ms
		ComputeShaderImportPostprocess 0.569ms
		LocalizationDatabase.AssetDatabasePostprocessCallback 0.268ms
		BlockShaderImporter.PostprocessAllAssets 0.244ms
		AssemblyValidation.PostprocessAllAssets 0.225ms
		MonoPostProcessAllAssets: 67.361ms
			WindowAssetPostprocessingWatcher.OnPostprocessAllAssets 12.927ms
			BuilderAssetPostprocessor.OnPostprocessAllAssets 9.309ms
			AssetPostprocessor.OnPostprocessAllAssets 8.693ms
			SpriteSlicePostprocessor.OnPostprocessAllAssets 5.114ms
			SyncVS.PostprocessSyncProject 4.302ms
			AssetChangedListener.OnPostprocessAllAssets 4.297ms
			RetainedModeAssetPostprocessor.OnPostprocessAllAssets 2.347ms
			TextAssetPostProcessor.OnPostprocessAllAssets 1.649ms
			SpeedTree9Postprocessor.OnPostprocessAllAssets 1.149ms
			ArtifactBrowserPostProcessor.OnPostprocessAllAssets 0.990ms
			SpriteEditorTexturePostprocessor.OnPostprocessAllAssets 0.655ms
			TMPro_TexturePostProcessor.OnPostprocessAllAssets 0.650ms
			ReferencedClipsPostProcessor.OnPostprocessAllAssets 0.570ms
			AudioMixerPostprocessor.OnPostprocessAllAssets 0.510ms
			AssetEvents.OnPostprocessAllAssets 0.450ms
			StyleCatalogPostProcessor.OnPostprocessAllAssets 0.384ms
			TerrainToolbarOverlayPostProcessor.OnPostprocessAllAssets 0.248ms
			SpeedTreePostProcessor.OnPostprocessAllAssets 0.223ms
			AssetDatabaseCallbacks.OnPostprocessAllAssets 0.189ms
			ConfigAssetsTracker.OnPostprocessAllAssets 0.140ms
			ScenarioDriftAssetsTracker.OnPostprocessAllAssets 0.132ms
			RenderPipelineGlobalSettingsPostprocessor.OnPostprocessAllAssets 0.116ms
			AudioContainerPostProcessor.OnPostprocessAllAssets 0.113ms
	PostAssetChangesProfiler: 5.232ms
	UnloadStreamsBegin: 3.094ms
	GenerateScriptTypeHashes: 0.635ms
	GenerateScriptTypeSerializationHashes: 1.440ms
	Untracked: 859.674ms

Loaded scene 'Temp/__Backupscenes/0.backup'
	Deserialize:            1.425 ms
	Integration:            50.280 ms
	Integration of assets:  0.003 ms
	Thread Wait Time:       0.013 ms
	Total Operation Time:   51.722 ms
[Licensing::Client] Successfully resolved entitlement details
Unloading 1 Unused Serialized files (Serialized files now loaded: 0)
Loaded scene 'Temp/__Backupscenes/0.backup'
	Deserialize:            1.441 ms
	Integration:            10.039 ms
	Integration of assets:  0.003 ms
	Thread Wait Time:       0.075 ms
	Total Operation Time:   11.558 ms
Unloading 394 unused Assets / (17.2 MB). Loaded Objects now: 2293.
Memory consumption went from 385.4 MB to 368.2 MB.
Total: 21.007500 ms (FindLiveObjects: 0.222200 ms CreateObjectMapping: 0.159300 ms MarkObjects: 15.285500 ms  DeleteObjects: 5.334100 ms)

[Licensing::Client] Successfully resolved entitlement details
[Worker0] Imported GUID: 5dddb93bae82cdd48a5cd000a541a0ed - Path: Assets/Sistema de puntuacion/GameManager.prefab - Importer: PreviewImporter -> (ImportResultId: 'e55b639eece891493192ab9caaebd7c5') in 0.0520734 seconds
Asset Pipeline Refresh (id=9737861a80a63134392301cfc1517f1b): Total: 0.170 seconds - Initiated by RefreshV2(AllowForceSynchronousImport)
Asset Pipeline Refresh (id=5c4877823319f0541b15218539987ffb): Total: 0.015 seconds - Initiated by RefreshV2(AllowForceSynchronousImport)
Asset Pipeline Refresh (id=c077088e026c8d145bb928af53e1247a): Total: 0.046 seconds - Initiated by RefreshV2(AllowForceSynchronousImport)
Asset Pipeline Refresh (id=36bb8c0dc2c6d7e4ba15669f2d1293a7): Total: 0.009 seconds - Initiated by RefreshV2(AllowForceSynchronousImport)
Asset Pipeline Refresh (id=d26c74f88d6963b44ab69aec1da9310e): Total: 0.018 seconds - Initiated by RefreshV2(AllowForceSynchronousImport)
Asset Pipeline Refresh (id=c7439a61d6020d64d80fd9de6fd83679): Total: 0.010 seconds - Initiated by RefreshV2(AllowForceSynchronousImport)
[Worker0] Imported GUID: b136ee031888c9746af372658d067171 - Path: Assets/Personaje 1 - Importer: PreviewImporter -> (ImportResultId: '8b92f6dc7a403c02cd212014015590ee') in 0.115351 seconds
Asset Pipeline Refresh (id=2d6a0818636a37940830d01ebaf23c38): Total: 0.012 seconds - Initiated by RefreshV2(AllowForceSynchronousImport)
[Worker0] Imported GUID: ee82384af2bf5fb4792d71539549d94f - Path: Assets/Sistema de puntuacion/ScoreManager.cs - Importer: PreviewImporter -> (ImportResultId: '4df57c308d4c27b221a54f26298f5bda') in 0.0057129 seconds

Asset Pipeline Refresh (id=400868ee30b1f194484396802faf0e54): Total: 0.388 seconds - Initiated by RefreshV2(AllowForceSynchronousImport)
	(Values over 0.05ms)
	Summary:
		Imports: total=0 (actual=0, local cache=0, cache server=0)
		Asset DB Process Time: managed=0 ms, native=299 ms
		Asset DB Callback time: managed=0 ms, native=88 ms
		Scripting: domain reloads=0, domain reload time=0 ms, compile time=0 ms, other=0 ms
		Project Asset Count: scripts=234, non-scripts=227
		Asset File Changes: new=0, changed=0, moved=0, deleted=0
		Scan Filter Count: 0
	InvokePackagesCallback: 60.067ms
	ApplyChangesToAssetFolders: 32.075ms
	Collect global state as custom dependencies: 70.709ms
	GatherAllCurrentPrimaryImportResultRevisions: 13.810ms
	UnloadStreamsBegin: 96.397ms
	Untracked: 85.988ms

[Worker0] Imported GUID: a6ceef44ff97b074e9be789ef54db1c7 - Path: Assets/Sistema de puntuacion/ScorePorTiempo.cs - Importer: PreviewImporter -> (ImportResultId: 'fab3f5d752071eb681e9a1f7fb89bade') in 0.035386 seconds
Asset Pipeline Refresh (id=ec1906d9b41b88843a3182be41903a46): Total: 0.039 seconds - Initiated by RefreshV2(AllowForceSynchronousImport)
Asset Pipeline Refresh (id=ba5e4e6ee6834d048b915f5037971014): Total: 0.136 seconds - Initiated by RefreshV2(AllowForceSynchronousImport)
[Licensing::Client] Successfully resolved entitlement details
[Licensing::Client] Successfully resolved entitlement details
warn: Microsoft.AspNetCore.Server.Kestrel[22]
      As of "07/05/2026 03:28:00 +00:00", the heartbeat has been running for "00:00:02.9087171" which is longer than "00:00:01". This could be caused by thread pool starvation.
[Licensing::Client] Successfully updated the access token
[Licensing::Module] Successfully updated access token: "tfIP-4dS"... (expires: 2026-07-05T05:27:17Z)
warn: Microsoft.AspNetCore.Server.Kestrel[22]
      As of "07/05/2026 03:28:18 +00:00", the heartbeat has been running for "00:00:01.5816130" which is longer than "00:00:01". This could be caused by thread pool starvation.
UnityConnectWebRequestException: Token Exchange failed due a failure with the web request.
  at UnityEditor.Connect.TokenExchange.VerifyTokenExchangeResponse (UnityEngine.Networking.UnityWebRequest exchangeRequest) [0x00014] in <cd9a5dfa62e34daeb7c2d29ef5f4929b>:0 
  at UnityEditor.Connect.TokenExchange.TokenExchangeRequestAsync (UnityEditor.Connect.TokenExchangeRequest tokenExchangeRequest, System.Threading.CancellationToken cancellationToken) [0x00195] in <cd9a5dfa62e34daeb7c2d29ef5f4929b>:0 
  at UnityEditor.Connect.TokenExchange.GetServiceTokenAsync (System.String genesisToken, System.Threading.CancellationToken cancellationToken) [0x0007b] in <cd9a5dfa62e34daeb7c2d29ef5f4929b>:0 
  at UnityEditor.Connect.ServiceToken.GetServiceTokenAsync (System.String genesisToken, System.Threading.CancellationToken cancellationToken) [0x000f3] in <cd9a5dfa62e34daeb7c2d29ef5f4929b>:0 
  at UnityEditor.Connect.UnityConnect.RequestNewServiceToken () [0x00080] in <cd9a5dfa62e34daeb7c2d29ef5f4929b>:0 
  at System.Runtime.CompilerServices.AsyncMethodBuilderCore+<>c.<ThrowAsync>b__7_0 (System.Object state) [0x00000] in <816f70bc2a9c4332b0bd119906a8d40e>:0 
  at UnityEngine.UnitySynchronizationContext+WorkRequest.Invoke () [0x00000] in <baf9d421e5ac43acaf162d71aef6a04c>:0 
  at UnityEngine.UnitySynchronizationContext.Exec () [0x00052] in <baf9d421e5ac43acaf162d71aef6a04c>:0 
  at UnityEngine.UnitySynchronizationContext.ExecuteTasks () [0x0000e] in <baf9d421e5ac43acaf162d71aef6a04c>:0 

Asset Pipeline Refresh (id=4563c2ef977656a4b83c9cbe9bbcd5cd): Total: 0.185 seconds - Initiated by RefreshV2(AllowForceSynchronousImport)
MonoPathRemapper: Attempts to remap: 4603; Successful remaps: 0
Serialized file version minimum: 22, current 23
[LAYOUT] About to save layout C:\Users\Oswel Cardona\OneDrive\Documents\GitHub\scape-from-utp-juego\UserSettings\Layouts\default-6000.dwlt
[LAYOUT] About to save layout C:/Users/Oswel Cardona/AppData/Roaming/Unity/Editor-5.x/Preferences\Layouts\current\default-6000.dwlt
[Physics::Module] Cleanup current backend.
[Physics::Module] Id: 0xf2b8ea05
Input System module state changed to: ShutdownInProgress.
Input Polling Thread exited.
Input System module state changed to: Shutdown.
[Licensing::IpcConnector] LicenseClient-Oswel Cardona-6000.5.0-notifications channel disconnected successfully.
[Licensing::IpcConnector] LicenseClient-Oswel Cardona-6000.5.0 channel disconnected successfully.
Shut down.
AcceleratorClientConnectionCallback - disconnected - :0
Cleanup mono
CodeReloadManager destroyed
debugger-agent: Unable to listen on 3408
Checking for leaked weakptr:
  Found no leaked weakptrs.
[Package Manager] Server process was shutdown
##utp:{"type":"MemoryLeaks","version":2,"phase":"Immediate","time":1783223574325,"processId":3016,"allocatedMemory":46985146,"memoryLabels":[{"Default":190486},{"Permanent":15516},{"NewDelete":68957},{"Thread":4206200},{"Manager":31432},{"VertexData":8},{"Geometry":816},{"Texture":24},{"Shader":850027},{"Material":24},{"GfxDevice":143384},{"GfxThread":3072},{"Animation":20408},{"Audio":1168},{"FreeType":8},{"FontEngine":736},{"Physics":2146},{"Physics2D":16},{"Serialization":249144},{"Input":42840},{"JobScheduler":256},{"TextLib":14742},{"Mono":48},{"ScriptingNativeRuntime":674964},{"BaseObject":1724426},{"Resource":1208},{"Renderer":3080},{"Transform":4685},{"File":6974},{"WebCam":616},{"Culling":32},{"Terrain":11442},{"Wind":24},{"STL":40},{"String":9947},{"StaticString":3808},{"Utility":2673083},{"Curl":48},{"PoolAlloc":2168},{"AI":80},{"TypeTree":14869},{"CodeReload":448},{"RuntimeInitializeOnLoadManager":64},{"Sprites":102},{"SpriteAtlas":120},{"GI":7816},{"CloudService":7240},{"WebRequest":4708},{"VR":47114},{"SceneManager":608},{"Video":208},{"LazyScriptCache":32},{"NativeArray":33056048},{"Camera":24161},{"Secure":265},{"SerializationCache":1576},{"APIUpdating":10320},{"Subsystems":336},{"VirtualTexturing":57888},{"StaticSafetyDebugInfo":278528},{"Analytics":552},{"Hierarchy":1176},{"UIElements":1116496},{"CoreStats":13688},{"Identifiers":13536},{"Gui":267760},{"EditorUtility":267620},{"VersionControl":8},{"Undo":931},{"AssetDatabase":792211},{"AssetImporter":40},{"EditorGi":328},{"UnityConnect":35345},{"Upm":1988},{"UpmDiagnostics":8},{"AssetCompliance":64},{"DrivenProperties":72},{"LocalIPC":219},{"ProfilerEditor":9746},{"CoreBusinessMetrics":2904},{"Windowing":456},{"Licensing":664},{"AssetReference":32},{"IPCStream":32}]}
